# room_id=6979222 host=玩机器丶Machine title=小众宝藏结晶直播 live_time= fetch_time=2026-02-21 23:45:46
[2026-02-22 02:08:17] 用户5059772722: 你们别带嘉豪布罗利steam号上好几页黑蛋的节奏啊
[2026-02-22 02:08:17] 小宅任: 你们别带嘉豪布罗利steam号上好几页黑蛋的节奏啊
[2026-02-22 02:08:17] 绝食十年攒爱top3飞机: 你们别带嘉豪布罗利steam号上好几页黑蛋的节奏啊
[2026-02-22 02:08:17] x星辰GGGGGG: @布罗利Broli：载物还是先超过monesy再碰瓷donk吧（2024-2-19 20：01）
[2026-02-22 02:08:18] IF的灰爱音本人: 送完一元粉丝牌 然后被房管封....NB
[2026-02-22 02:08:18] AmamiyaIori: 如果碰到那种玩数字梗，谐音梗直接攻击我家人，或者水友家人的，麻烦各位帮我封一下吧，365，谢谢大家了
[2026-02-22 02:08:18] sscyz: 这版权商务防登山机制太爽了，有懂的吗
[2026-02-22 02:08:18] g2的尼ko本人: 你们别带嘉豪布罗利steam号上好几页黑蛋的节奏啊
[2026-02-22 02:08:18] 骑蜗牛追杀: 你们别带嘉豪布罗利steam号上好几页黑蛋的节奏啊
[2026-02-22 02:08:18] 巨型大高玩: 如果碰到那种玩数字梗，谐音梗直接攻击我家人，或者水友家人的，麻烦各位帮我封一下吧，365，谢谢大家了
[2026-02-22 02:08:18] 爆爆爆开爆: 玩大哥你线下和布罗利一起见面活动是一起骂载物吗？
[2026-02-22 02:08:20] Barry01834: 送完一元粉丝牌 然后被房管封....NB
[2026-02-22 02:08:21] 小蜜蜂的长期素食本人: 我也去了
[2026-02-22 02:08:21] 驴驴宗宗买这冠军: 原来这些串子和恨载真是尼尼孩孩粉丝啊，我还以为你们开玩笑的
[2026-02-22 02:08:21] 压缩vs蛮晚: 哎，现在都没人记得亓 森了吗
[2026-02-22 02:08:21] xuzVan: 玩大哥别憋了，房管**5都随便说还差你这点吗
[2026-02-22 02:08:21] znnoy: 布罗利：又来了[星星眼]请问niko要在社媒解释多少次自己没权力，你的猪脑子才会不根据臆想去行动思考
[2026-02-22 02:08:21] SideChannel: 这版权商务防登山机制太爽了，有懂的吗
[2026-02-22 02:08:21] OMGlionKing: @布罗利：我参与了投票Drake这个diss怎么样？ 我投给了“我觉得顶”[笑哭]
[2026-02-22 02:08:21] LvvsiN: @阿汤日记：一个人，5发子弹，保住格陵兰岛。我不会叫它不可能完成的任务，我现在只想先回家看亦博
[2026-02-22 02:08:21] 贝让的柯罗莎本人: 你们别带嘉豪布罗利steam号上好几页黑蛋的节奏啊
[2026-02-22 02:08:21] 瑭珏: 你们别带嘉豪布罗利steam号上好几页黑蛋的节奏啊
[2026-02-22 02:08:21] 淡色阳炎: 哎，现在都没人记得亓 森了吗
[2026-02-22 02:08:21] 承認欲求: 哎，现在都没人记得亓 森了吗，简直就是下等
[2026-02-22 02:08:21] 想和阿飞抹茶三披: 弹幕别搞了，到时候开合发现布罗利真的4️⃣8️⃣又要反转了 😓😓
[2026-02-22 02:08:21] viovvvvvvvon: 　　　 送完一元粉丝牌 然后被房管封....NB
[2026-02-22 02:08:21] 剑崎梨梨花: 如果碰到那种玩数字梗，谐音梗直接攻击我家人，或者水友家人的，麻烦各位帮我封一下吧，365，谢谢大家了
[2026-02-22 02:08:21] 用户8382617600: 这版权商务防登山机制太爽了，有懂的吗
[2026-02-22 02:08:21] jihaoyu: 送完一元粉丝牌 然后被房管封....NB
[2026-02-22 02:08:21] MyGo的tomorin本人: 这版权商务防登山机制太爽了，有懂的吗
[2026-02-22 02:08:21] 呆妹儿的姑父: @阿雨：布罗利你安心去吧，玩大哥保你安度晚年
[2026-02-22 02:08:21] 秋Fc: 送完一元粉丝牌 然后被房管封....NB
[2026-02-22 02:08:21] znnoy: 布罗利：又来了[星星眼]请问niko要在社媒解释多少次自己没权力，你的猪脑子才会不根据臆想去行动思考
[2026-02-22 02:08:21] Senzu的羊: 玩大哥你线下和布罗利一起见面活动是一起骂载物吗？
[2026-02-22 02:08:21] 载物的艾7: 送完一元粉丝牌 然后被房管封....NB
[2026-02-22 02:08:23] SideChannel: 你们别带嘉豪布罗利steam号上好几页黑蛋的节奏啊
[2026-02-22 02:08:23] 暴力卓司: 玩大哥你线下和布罗利一起见面活动是一起骂载物吗？
[2026-02-22 02:08:23] 什么罐头我说男人: 送完一元粉丝牌 然后被房管封....NB
[2026-02-22 02:08:23] Astralis的d3v1ce本人: 你们别带嘉豪布罗利steam号上好几页黑蛋的节奏啊
[2026-02-22 02:08:23] 波屯浪人: 这版权商务防登山机制太爽了，有懂的吗
[2026-02-22 02:08:23] 可爱玩宝宝: 如果碰到那种玩数字梗，谐音梗直接攻击我家人，或者水友家人的，麻烦各位帮我封一下吧，365，谢谢大家了
[2026-02-22 02:08:23] racula: 送完一元粉丝牌 然后被房管封....NB
[2026-02-22 02:08:23] 苏2333333: 牛逼，原来真有6657号仓库啊
[2026-02-22 02:08:23] 千百度897: 你们别带嘉豪布罗利steam号上好几页黑蛋的节奏啊
[2026-02-22 02:08:23] whcqtsx: 你们别带嘉豪布罗利steam号上好几页黑蛋的节奏啊
[2026-02-22 02:08:23] 呆妹儿的姑父: @阿雨：布罗利你安心去吧，玩大哥保你安度晚年
[2026-02-22 02:08:23] 阿七要努力js: 送完一元粉丝牌 然后被房管封....NB
[2026-02-22 02:08:23] 乌鸦晒不黑: 玩大哥你线下和布罗利一起见面活动是一起骂载物吗？
[2026-02-22 02:08:23] Pab1tel: 布罗利Broli:儒子儒孙跪下！2024／2／9 06:25:52 1
[2026-02-22 02:08:24] 撒浪嘿呦0v0: 这版权商务防登山机制太爽了，有懂的吗
[2026-02-22 02:08:24] -Ypa-: 这版权商务防登山机制太爽了，有懂的吗
[2026-02-22 02:08:24] w2o45: @布罗利Broli：载物还是先超过monesy再碰瓷donk吧（2024-2-19 20：01）
[2026-02-22 02:08:24] znnoy: 布罗利：又来了[星星眼]请问niko要在社媒解释多少次自己没权力，你的猪脑子才会不根据臆想去行动思考
[2026-02-22 02:08:24] xu瓜: 原来玩机器直播间是会管弹幕的啊？我还以为去年八九月份满屏数字也是友好互动呢
[2026-02-22 02:08:24] MeIoN39: 送完一元粉丝牌 然后被房管封....NB
[2026-02-22 02:08:25] 樱岛有蚂蚁在爬: 怎么只有3w贵宾啊，前几天猎鹰没被淘汰的时候你生病的牛劲呢😆
[2026-02-22 02:08:25] 用户5059772722: 这版权商务防登山机制太爽了，有懂的吗
[2026-02-22 02:08:25] sscyz: 玩大哥你线下和布罗利一起见面活动是一起骂载物吗？
[2026-02-22 02:08:25] 卡啊卡卡丶: 送完一元粉丝牌 然后被房管封....NB
[2026-02-22 02:08:25] 玩猴爪丶MonkeyPaw: 主播你看弹幕吗？我看弹幕都在骂你，你根本没有回应
[2026-02-22 02:08:26] 黑色圣衣BAKA: 你们别带嘉豪布罗利steam号上好几页黑蛋的节奏啊
[2026-02-22 02:08:26] 这是光辉: 送完一元粉丝牌 然后被房管封....NB
[2026-02-22 02:08:26] 好哥们韩信: 如果碰到那种玩数字梗，谐音梗直接攻击我家人，或者水友家人的，麻烦各位帮我封一下吧，365，谢谢大家了
[2026-02-22 02:08:26] 想和阿飞抹茶三披: 弹幕别搞了，到时候开合发现布罗利真的4️⃣8️⃣又要反转了 😓😓
[2026-02-22 02:08:27] 风铃幽幽: 送完一元粉丝牌 然后被房管封....NB
[2026-02-22 02:08:27] ZZY呵呵哒: 送完一元粉丝牌 然后被房管封....NB
[2026-02-22 02:08:27] 七秋秋秋秋秋: 我缺的神秘小数字呢
[2026-02-22 02:08:27] 量子毁灭717: 被串成这样还夸小蜜蜂啊.......NB
[2026-02-22 02:08:28] 胡椒胡椒胡椒胡椒胡椒: 你跟布罗利说不爽就走呗
[2026-02-22 02:08:28] 5字德神人: 这节奏带的真爽啊，兄弟们，我跟了
[2026-02-22 02:08:30] 还想不想来了: @阿雨：布罗利你安心去吧，玩大哥保你安度晚年
[2026-02-22 02:08:30] Hcmor: 玩大哥你线下和布罗利一起见面活动是一起骂载物吗？
[2026-02-22 02:08:30] 那英啊哈哈哈: 哎，现在都没人记得亓 森了吗，简直就是下等
[2026-02-22 02:08:30] 我有一对电动大牛子: 玩大哥别憋了，房管**5都随便说还差你这点吗
[2026-02-22 02:08:30] 承認欲求: 哎，现在都没人记得亓 森了吗，简直是下等
[2026-02-22 02:08:30] zbq93: @阿雨：布罗利你安心去吧，玩大哥保你安度晚年
[2026-02-22 02:08:30] Ayu824: @布罗利：我参与了投票Drake这个diss怎么样？ 我投给了“我觉得顶”[笑哭]
[2026-02-22 02:08:30] Falcons的丰川niko本人: 这版权商务防登山机制太爽了，有懂的吗
[2026-02-22 02:08:30] 用户3853464680: 弹幕别搞了，到时候开合发现布罗利真的4️⃣8️⃣又要反转了 😓😓
[2026-02-22 02:08:30] 和泉千晶MAo: 原来这些串子和恨载真是尼尼孩孩粉丝啊，我还以为你们开玩笑的
[2026-02-22 02:08:30] ihoo侗萌首席联络官: 直接说法尔孔不就行了么
[2026-02-22 02:08:30] 黑衣小胖: 送完一元粉丝牌 然后被房管封....NB
[2026-02-22 02:08:30] Goodnite: 送完一元粉丝牌 然后被房管封....NB
[2026-02-22 02:08:30] 改名花了十一块: 你屏蔽词都快赶上新华词典了为什么不干脆开一百级发言？
[2026-02-22 02:08:30] znnoy: 布罗利：又来了[星星眼]请问niko要在社媒解释多少次自己没权力，你的猪脑子才会不根据臆想去行动思考
[2026-02-22 02:08:33] BTSG丶: 如果碰到那种玩数字梗，谐音梗直接攻击我家人，或者水友家人的，麻烦各位帮我封一下吧，365，谢谢大家了
[2026-02-22 02:08:33] 弱智骚年欢乐多: 这版权商务防登山机制太爽了，有懂的吗
[2026-02-22 02:08:33] Senzu的羊: 送完一元粉丝牌 然后被房管封....NB
[2026-02-22 02:08:33] 石家庄的刘亦博本人: 原来玩机器直播间是会管弹幕的啊？我还以为去年八九月份满屏数字也是友好互动呢
[2026-02-22 02:08:33] 笑颜一番黄婷婷: 原来玩机器直播间是会管弹幕的啊？我还以为去年八九月份满屏数字也是友好互动呢
[2026-02-22 02:08:33] G4RYPU: 送完一元粉丝牌 然后被房管封....NB
[2026-02-22 02:08:33] Pab1tel: 布罗利Broli:儒子儒孙跪下！2024／2／9 06:25:52 1
[2026-02-22 02:08:33] 凌晨的梦很美: 一想到玩机器又要准备切割一个老水友我就想笑
[2026-02-22 02:08:33] 王佰柒柒: 2023／10／4 20:55:17 2 回复 @仰望大佬喵 :这话就离谱 不看年龄不看状态呗？
[2026-02-22 02:08:33] csorange: 布罗利：又来了[星星眼]请问niko要在社媒解释多少次自己没权力，你的猪脑子才会不根据臆想去行动思考
[2026-02-22 02:08:33] siufff: 　　　 这版权商务防登山机制太爽了，有懂的吗
[2026-02-22 02:08:33] 好的好的阖家: 被串成这样还夸小蜜蜂啊.......NB
[2026-02-22 02:08:33] 叫我老岑就好了呀: 怎么只有3w贵宾啊，前几天猎鹰没被淘汰的时候你生病的牛劲呢😆
[2026-02-22 02:08:33] 灵蒙怡琴: 你们别带嘉豪布罗利steam号上好几页黑蛋的节奏啊
[2026-02-22 02:08:33] 图帕雷松: 斧乃木还是出早了，放到布罗利时期他肯定死不了
[2026-02-22 02:08:33] MyGo的tomorin本人: 送完一元粉丝牌 然后被房管封....NB
[2026-02-22 02:08:33] 喷香的臭臭泥: 这版权商务防登山机制太爽了，有懂的吗
[2026-02-22 02:08:33] 爱吃青椒的重曹酱: 玩机器当然恨载圣，因为🧊本来是说他的，被载圣偷了😡
[2026-02-22 02:08:33] 玩蛇鼠丶stabbi: 布罗利Broli:儒子儒孙跪下！2024／2／9 06:25:52 1
[2026-02-22 02:08:33] 玩猴爪丶MonkeyPaw: 主播你看弹幕吗？我看弹幕都在骂你，你根本没有回应
[2026-02-22 02:08:33] 用户65052344: 玩大哥你线下和布罗利一起见面活动是一起骂载物吗？
[2026-02-22 02:08:33] 那英啊哈哈哈: 主播你看弹幕吗？我看弹幕都在骂你，你根本没有回应
[2026-02-22 02:08:34] 灵耀ii: 玩大哥你线下和布罗利一起见面活动是一起骂载物吗？
[2026-02-22 02:08:34] 锦木干束: 如果碰到那种玩数字梗，谐音梗直接攻击我家人，或者水友家人的，麻烦各位帮我封一下吧，365，谢谢大家了
[2026-02-22 02:08:34] Z伊卡洛斯Z: 弹幕别搞了，到时候开合发现布罗利真的4️⃣8️⃣又要反转了 😓😓
[2026-02-22 02:08:34] Hitagi蟹蟹: 直播间3.4w贵宾，布罗利置顶动态只有450条评论，你们是没手吗？
[2026-02-22 02:08:35] 瑭珏:  这版权商务防登山机制太爽了，有懂的吗
[2026-02-22 02:08:35] 跳跃的司令官: @布罗利：2023／12／29 16:23:10 2 投了4个币就感动，玩小将闹麻了[微笑]
[2026-02-22 02:08:35] LvvsiN: 为什么房管封的不能给鱼丸……还以为今天晚上得吃了……
[2026-02-22 02:08:35] 炉心融解中毒者: 送完一元粉丝牌 然后被房管封....NB
[2026-02-22 02:08:35] 卧看星河尽意明丶: 送完一元粉丝牌 然后被房管封....NB
[2026-02-22 02:08:36] 城之内悠二丶: 被串成这样还夸小蜜蜂啊.......NB
[2026-02-22 02:08:36] Wi1en: @阿雨：布罗利你安心去吧，玩大哥保你安度晚年
[2026-02-22 02:08:36] 高松的灯ll: 弹幕别搞了，到时候开合发现布罗利真的4️⃣8️⃣又要反转了 😓😓
[2026-02-22 02:08:36] 驴驴宗宗买这冠军: 送完一元粉丝牌 然后被房管封....NB
[2026-02-22 02:08:36] LaifuoO来福oO: 原来这些串子和恨载真是尼尼孩孩粉丝啊，我还以为你们开玩笑的
[2026-02-22 02:08:37] 擅长登山的亦博同学: 🅵🆄🅲🅺 🆈🅞🆄 🆆🅹🆀
[2026-02-22 02:08:37] 遇见你时风好甜m: @钟离：哼，欺负玩宝宝？——𒆙——天动万象
[2026-02-22 02:08:37] 叫我老岑就好了呀: 原来玩机器直播间是会管弹幕的啊？我还以为去年八九月份满屏数字也是友好互动呢
[2026-02-22 02:08:37] HITMAN_acfun: 这版权商务防登山机制太爽了，有懂的吗
[2026-02-22 02:08:37] 陈千语6657: @阿雨：布罗利你安心去吧，玩大哥保你安度晚年
[2026-02-22 02:08:37] 玩机器今晚还播吗: 这版权商务防登山机制太爽了，有懂的吗
[2026-02-22 02:08:37] 海绵宝宝农批儿: 送完一元粉丝牌 然后被房管封....NB
[2026-02-22 02:08:37] LvvsiN: 我提一嘴这剧情越来越像上海major了
[2026-02-22 02:08:37] Odike: @阿雨：布罗利你安心去吧，玩大哥保你安度晚年
[2026-02-22 02:08:37] azo808: 这版权商务防登山机制太爽了，有懂的吗
[2026-02-22 02:08:37] 变成allin守护素食小姐: 亓鸟丶ququ：下等人！这么好看的比赛你们也配看？简直就是 下！等！
[2026-02-22 02:08:38] 解说玩机包: @布罗利：又来了[星星眼]请问niko要在社媒解释多少次自己没权力，你的猪脑子才会不根据臆想去行动思
[2026-02-22 02:08:38] 落叶悠哉落: 送完一元粉丝牌 然后被房管封....NB
[2026-02-22 02:08:38] 捂二哥: 看了布罗利我发现斧乃木那点事跟本不算事。。。
[2026-02-22 02:08:38] 祈枫: 如果碰到那种玩数字梗，谐音梗直接攻击我家人，或者水友家人的，麻烦各位帮我封一下吧，365，谢谢大家了
[2026-02-22 02:08:38] 1039210: 其他都无所谓 但是库存一堆黑蛋真不好受吧
[2026-02-22 02:08:38] znnoy: 布罗利：又来了[星星眼]请问niko要在社媒解释多少次自己没权力，你的猪脑子才会不根据臆想去行动思考
[2026-02-22 02:08:39] 喉宝Eilf: 哎，现在都没人记得亓 森了吗，简直就是下等
[2026-02-22 02:08:39] AmamiyaIori: 如果碰到那种玩数字梗，谐音梗直接攻击我家人，或者水友家人的，麻烦各位帮我封一下吧，365，谢谢大家了
[2026-02-22 02:08:39] 热心市民小噗呲: 你们别带嘉豪布罗利steam号上好几页黑蛋的节奏啊
[2026-02-22 02:08:39] wedd1ddeJodd: 原来这些串子和恨载真是尼尼孩孩粉丝啊，我还以为你们开玩笑的
[2026-02-22 02:08:39] bLuEsTAr31: 送完一元粉丝牌 然后被房管封....NB
[2026-02-22 02:08:39] 用户3866955218: 　　　 原来玩机器直播间是会管弹幕的啊？我还以为去年八九月份满屏数字也是友好互动呢
[2026-02-22 02:08:39] LvvsiN: 弹幕别吵了，银行业一样一样有有有也会有h'y'hui't'y'r's'c'dn
[2026-02-22 02:08:40] 青山锁欲锁不住你: 被串成这样还夸小蜜蜂啊.......NB
[2026-02-22 02:08:40] Hcmor: 玩大哥别憋了，房管**5都随便说还差你这点吗
[2026-02-22 02:08:40] Crychiccc的若叶睦本人: @布罗利：回复 @Alienated : 感觉不如莱昂凯张口就来逆[吃瓜]（2023-11-20）
[2026-02-22 02:08:41] 吊人日子不过了: 被串成这样还夸小蜜蜂啊.......NB
[2026-02-22 02:08:41] 无伟契约: 被串成这样还夸小蜜蜂啊.......NB
[2026-02-22 02:08:41] jsir6688: 原来玩机器直播间是会管弹幕的啊？我还以为去年八九月份满屏数字也是友好互动呢
[2026-02-22 02:08:41] OMGlionKing: 弹幕别搞了，到时候开合发现布罗利真的4️⃣8️⃣又要反转了 😓😓
[2026-02-22 02:08:41] 长崎素世NagasakiSoyo: @阿雨：布罗利你安心去吧，玩大哥保你安度晚年
[2026-02-22 02:08:41] zbq93: 被串成这样还夸小蜜蜂啊.......NB
[2026-02-22 02:08:42] 桂林米粉比较好吃: 这版权商务防登山机制太爽了，有懂的吗
[2026-02-22 02:08:42] 刘刘的农: 玩大哥大大方方三数字好吗？我有点受不了了。。。
[2026-02-22 02:08:42] SideChannel: 斧乃木还是出早了，放到布罗利时期他肯定死不了
[2026-02-22 02:08:42] 好姐妹芙卡洛斯: 一想到布罗利这辈子最大的成就是做了玩机器房管我就想笑
[2026-02-22 02:08:42] 波屯浪人: 为什么房管封的不能给鱼丸……还以为今天晚上得吃了……
[2026-02-22 02:08:42] ericzxc: 原来玩机器直播间是会管弹幕的啊？我还以为去年八九月份满屏数字也是友好互动呢
[2026-02-22 02:08:42] Falcons的丰川niko本人: 被串成这样还夸小蜜蜂啊.......NB
[2026-02-22 02:08:42] Pab1tel: 布罗利Broli:儒子儒孙跪下！2024／2／9 06:25:52 1
[2026-02-22 02:08:43] znnoy: 布罗利：又来了[星星眼]请问niko要在社媒解释多少次自己没权力，你的猪脑子才会不根据臆想去行动思考
[2026-02-22 02:08:43] 最后之作146: @布罗利：2023／12／29 16:23:10 2 投了4个币就感动，玩小将闹麻了[微笑]
[2026-02-22 02:08:43] 顾书沅: @阿雨：布罗利你安心去吧，玩大哥保你安度晚年
[2026-02-22 02:08:43] racula: 主播你看弹幕吗？我看弹幕都在骂你，你根本没有回应
[2026-02-22 02:08:43] 白鵉鳶OriGami: 防登山机制真的很爽有懂的吗
[2026-02-22 02:08:43] 玩猴爪丶MonkeyPaw: 主播你看弹幕吗？我看弹幕都在骂你，你根本没有回应
[2026-02-22 02:08:43] LvvsiN: 玩 出，我双倍呢？😡😡玩 出，我双倍呢？😡😡玩 出，我双倍呢？😡😡玩 出，我双倍呢？😡
[2026-02-22 02:08:43] 哈基鹅大王: 送完一元粉丝牌 然后被房管封....NB
[2026-02-22 02:08:44] 一拳打爆你魔丸: 送完一元粉丝牌 然后被房管封....NB
[2026-02-22 02:08:44] 凤不觉08554: @钟离：哼，欺负玩宝宝？——𒆙——天动万象
[2026-02-22 02:08:45] 爱吃青椒的重曹酱: 大汗😭杀👍大汗😭杀👍大汗😭杀👍大汗😭杀👍
[2026-02-22 02:08:45] 一寸灰Q: 被串成这样还夸小蜜蜂啊.......NB
[2026-02-22 02:08:45] 那咋办嘛yyyyyy: 玩大哥你线下和布罗利一起见面活动是一起骂载物吗？
[2026-02-22 02:08:45] 驴驴宗宗买这冠军: 被串成这样还夸小蜜蜂啊.......NB
[2026-02-22 02:08:45] 玩大招、PRX: 原来这些串子和恨载真是尼尼孩孩粉丝啊，我还以为你们开玩笑的
[2026-02-22 02:08:45] 紫魂青魄少年心: 其他都无所谓 但是库存一堆黑蛋真不好受吧
[2026-02-22 02:08:45] LvvsiN: 额，拿亚军我都会，拿亚军，拿季军，拿四强，拿八强，拿十六强，呃拿冠军我不会，然后小组赛淘汰
[2026-02-22 02:08:45] 鸽佬kartoloTG: 被串成这样还夸小蜜蜂啊.......NB
[2026-02-22 02:08:46] 偷鸡蛋的玩机器本人o: @钟离：哼，欺负玩宝宝？——𒆙——天动万象
[2026-02-22 02:08:46] 可否叙上一曲: 弹幕别搞了，到时候开合发现布罗利真的4️⃣8️⃣又要反转了 😓😓
[2026-02-22 02:08:46] 羽丘的千早爱音本人: 玩大哥别憋了，房管**5都随便说还差你这点吗
[2026-02-22 02:08:47] xuzVan: 被串成这样还夸小蜜蜂啊.......NB
[2026-02-22 02:08:47] MiKingX: 亓 森qaq：你们这群弹幕简直就是 虾 等
[2026-02-22 02:08:47] 小橦橦橦橦: 弹幕别搞了，到时候开合发现布罗利真的4️⃣8️⃣又要反转了 😓😓
[2026-02-22 02:08:47] 阿诺Ares: 我以为送了1块钱就能发弹幕，没想到等级不够，玩大哥这手太阴了
[2026-02-22 02:08:47] 遇见你时风好甜m: 玩机器 云汉三兄弟都是谁你还记得吗
[2026-02-22 02:08:47] 镜音丶Love: 弹幕别吵了，银行业一样一样有有有也会有h'y'hui't'y'r's'c'dn
[2026-02-22 02:08:47] LvvsiN: 我让你开双倍你二龙吗？老子荧光棒要过期了
[2026-02-22 02:08:47] 283的铃木羽那本人: 这版权商务防登山机制太爽了，有懂的吗
[2026-02-22 02:08:48] 最爱的马卡龙: 都说6657粉丝多，我看布罗利评论现在也没过500，真是闹麻了
[2026-02-22 02:08:48] 我永远喜欢菲洛: 被串成这样还夸小蜜蜂啊.......NB
[2026-02-22 02:08:48] 呆妹儿的姑父: @南京fa院：法不责众
[2026-02-22 02:08:48] Crythic的羊宫妃那本人: 哦位
[2026-02-22 02:08:49] 壹叁狗:  这版权商务防登山机制太爽了，有懂的吗
[2026-02-22 02:08:49] Just0214: 送完一元粉丝牌 然后被房管封....NB
[2026-02-22 02:08:49] eda778: 被串成这样还夸小蜜蜂啊.......NB
[2026-02-22 02:08:49] -小佐内由纪-: 被串成这样还夸小蜜蜂啊.......NB
[2026-02-22 02:08:49] 用户0553661491: 被串成这样还夸小蜜蜂啊.......NB
[2026-02-22 02:08:49] 粤夜封封哥岑验川老岑: @布罗利：2023／12／29 16:23:10 2 投了4个币就感动，玩小将闹麻了[微笑]
[2026-02-22 02:08:49] LvvsiN: 银行业😄银行业😀银行业😃银行业😁银行业😆银行业🤪银行业😝
[2026-02-22 02:08:50] 草莓冰酪: 被串成这样还夸小蜜蜂啊.......NB
[2026-02-22 02:08:50] 孔明老婆王司徒: 被串成这样还夸小蜜蜂啊.......NB
[2026-02-22 02:08:50] Odike: 玩大哥你再不下播你房管的sfz都要被挖出来了
[2026-02-22 02:08:50] RyeHS: 送完一元粉丝牌 然后被房管封....NB
[2026-02-22 02:08:51] 呆妹儿的姑父: @南京fa院：法不责众
[2026-02-22 02:08:51] 玩蛇鼠丶stabbi: @阿雨：布罗利你安心去吧，玩大哥保你安度晚年
[2026-02-22 02:08:51] 海绵宝宝农批儿: 被串成这样还夸小蜜蜂啊.......NB
[2026-02-22 02:08:51] 有你便是世界1: 为什么房管封的不能给鱼丸……还以为今天晚上得吃了……
[2026-02-22 02:08:51] Aruka6: 哦哦哦哦哦哦哦哦哦哦哦哦哦哦哦
[2026-02-22 02:08:51] 余小C真的很棒: 弹幕别搞了，到时候开合发现布罗利真的4️⃣8️⃣又要反转了 😓😓
[2026-02-22 02:08:51] 1泡泡壶茶1: 原来这些串子和恨载真是尼尼孩孩粉丝啊，我还以为你们开玩笑的
[2026-02-22 02:08:51] LvvsiN: 为什么房管封的不能给鱼丸……还以为今天晚上得吃了……
[2026-02-22 02:08:52] 我是你没有感情的爹: 被串成这样还夸小蜜蜂啊.......NB
[2026-02-22 02:08:52] 榊原L: 其他都无所谓 但是库存一堆黑蛋真不好受吧
[2026-02-22 02:08:52] 草莓冰酪: 玩大哥别憋了，房管**5都随便说还差你这点吗
[2026-02-22 02:08:52] 瑭珏: 被串成这样还夸小蜜蜂啊.......NB
[2026-02-22 02:08:52] 好哥们音箱蟀: 原来这些串子和恨载真是尼尼孩孩粉丝啊，我还以为你们开玩笑的
[2026-02-22 02:08:52] 承認欲求: 亓 森qaq：你们这群弹幕简直就是 虾 等
[2026-02-22 02:08:53] luibwoen: 其他都无所谓 但是库存一堆黑蛋真不好受吧
[2026-02-22 02:08:53] 好的好的阖家: 布罗利Broli:儒子儒孙跪下！2024／2／9 06:25:52 1
[2026-02-22 02:08:53] 好姊妹古明地恋: 玩宝宝：兄弟们，我不骂载物，但是我知道你骂的很对！
[2026-02-22 02:08:53] 变成allin守护素食小姐: 1
[2026-02-22 02:08:53] Hcmor: 弹幕别搞了，到时候开合发现布罗利真的4️⃣8️⃣又要反转了 😓😓
[2026-02-22 02:08:53] kyubit: 被串成这样还夸小蜜蜂啊.......NB
[2026-02-22 02:08:53] 萝伯丝比尔: 现在还有黑蛋啊，感觉是49年入元军了。。。
[2026-02-22 02:08:54] 杰洛齐贝林3: @这里是小天啊：可是小天也很帅啊🥺
[2026-02-22 02:08:54] 求奶公考上岸失败: 被串成这样还夸小蜜蜂啊.......NB
[2026-02-22 02:08:54] Liquid的Twistzz本人65317: 主播你看弹幕吗？我看弹幕都在骂你，你根本没有回应
[2026-02-22 02:08:54] hhjj哼: 被串成这样还夸小蜜蜂啊.......NB
[2026-02-22 02:08:54] 葛孚雷: 被串成这样还夸小蜜蜂啊.......NB
[2026-02-22 02:08:54] 苏2333333: 这版权商务防登山机制太爽了，有懂的吗
[2026-02-22 02:08:54] Oawm98k: 被串成这样还夸小蜜蜂啊.......NB
[2026-02-22 02:08:55] 最爱的马卡龙: 都说6657粉丝多，我看布罗利评论现在也没过500，真是闹麻了
[2026-02-22 02:08:55] Subto: 被串成这样还夸小蜜蜂啊.......NB
[2026-02-22 02:08:55] 呆妹儿的姑父: @南京fa院：法不责众
[2026-02-22 02:08:56] LvvsiN: 弹幕别吵了，银行业一样一样有有有也会有h'y'hui't'y'r's'c'dn
[2026-02-22 02:08:56] 寒暑易节y: 被串成这样还夸小蜜蜂啊.......NB
[2026-02-22 02:08:56] jsir6688: 被串成这样还夸小蜜蜂啊.......NB
[2026-02-22 02:08:56] 贝让的柯罗莎本人: @布罗利：2023／12／29 16:23:10 2 投了4个币就感动，玩小将闹麻了[微笑]
[2026-02-22 02:08:56] 爱吃青椒的重曹酱: 大伙千万别去aicu查布罗利broli的发言啊
[2026-02-22 02:08:56] jamesfaith23: 被串成这样还夸小蜜蜂啊.......NB
[2026-02-22 02:08:57] 阿诺Ares: 我以为送了1块钱就能发弹幕，没想到等级不够，玩大哥这手太阴了呀
[2026-02-22 02:08:57] 用户65052344: @布罗利：2023／12／29 16:23:10 2 投了4个币就感动，玩小将闹麻了[微笑]
[2026-02-22 02:08:57] Gentleman汪鸿: 被串成这样还夸小蜜蜂啊.......NB
[2026-02-22 02:08:57] LvvsiN: 我让你开双倍你二龙吗？老子荧光棒要过期了
[2026-02-22 02:08:58] 玩猴爪丶MonkeyPaw: 主播你看弹幕吗？我看弹幕都在骂你，你根本没有回应
[2026-02-22 02:08:58] 呆妹儿的姑父: @南京fa院：法不责众
[2026-02-22 02:08:59] 遇见你时风好甜m: 哈哈玩大哥你的直播太有意思了，刚刚看你直播入迷忘记给业主抬杆被骂了
[2026-02-22 02:09:01] 变成allin守护素食小姐: 亓鸟丶ququ：下等人！这么好看的比赛你们也配看？简直就是 下！等！
[2026-02-22 02:09:01] 海安WAILOM: 被串成这样还夸小蜜蜂啊.......NB
[2026-02-22 02:09:01] zyl12914: 六步郎来了🏀🦍🦍🏀🦍🦍🏀🦍🦍🏀🦍🦍🏀🦍🦍🏀🦍🦍🏀🦍🦍🏀
[2026-02-22 02:09:01] LvvsiN: 南孚一节更比六节强，也就是一节南孚比六节南孚强，六节南孚比三十六节强，三十六节比二百一十六节强
[2026-02-22 02:09:01] 呆妹儿的姑父: @南京fa院：法不责众
[2026-02-22 02:09:01] Gverense: 我会像布罗利对待载物的家人一样问候布罗利的家人
[2026-02-22 02:09:02] LvvsiN: 为什么房管封的不能给鱼丸……还以为今天晚上得吃了……
[2026-02-22 02:09:02] 大姜饼: @南京fa院：法不责众
[2026-02-22 02:09:02] Crychiccc的若叶睦本人: @布罗利：回复 @Alienated : 感觉不如莱昂凯张口就来逆（2023-11-20）
[2026-02-22 02:09:02] 萝伯丝比尔: 现在还有黑蛋啊，感觉是49年入元军了。。。
[2026-02-22 02:09:02] 呆妹儿的姑父: @南京fa院：法不责众
[2026-02-22 02:09:02] 泠鸢不是冷鸢丶: 被串成这样还夸小蜜蜂啊.......NB
[2026-02-22 02:09:03] 樱岛有蚂蚁在爬: 怎么只有3w贵宾啊，前几天猎鹰没被淘汰的时候你生病的牛劲呢😆
[2026-02-22 02:09:03] last玩神丶: 玩机器的房管肯定都是能跟玩机器玩到一块的呀 又数字又下等
[2026-02-22 02:09:03] 玩猴爪丶MonkeyPaw: 主播你看弹幕吗？我看弹幕都在骂你，你根本没有回应
[2026-02-22 02:09:03] 图帕雷松: 其他都无所谓 但是库存一堆黑蛋真不好受吧
[2026-02-22 02:09:03] ZLG彪winner: 被串成这样还夸小蜜蜂啊.......NB
[2026-02-22 02:09:03] 绝食十年攒爱top3飞机: 大伙千万别去aicu查布罗利broli的发言啊
[2026-02-22 02:09:03] 想和阿飞抹茶三披: 冷知识，阿雨和布罗利没有在这个直播间同时出现过…😨😨😨
[2026-02-22 02:09:04] Ephemerality137: 被串成这样还夸小蜜蜂啊.......NB
[2026-02-22 02:09:04] LvvsiN: 银行业😄银行业😀银行业😃银行业😁银行业😆银行业🤪银行业😝
[2026-02-22 02:09:04] Rcand: 南孚一节更比六节强，也就是一节南孚比六节南孚强，六节南孚比三十六节强，三十六节比二百一十六节强
[2026-02-22 02:09:04] xjdnshxjdka: 我会像布罗利对待载物的家人一样问候布罗利的家人
[2026-02-22 02:09:04] AmamiyaIori: 如果碰到那种玩数字梗，谐音梗直接攻击我家人，或者水友家人的，麻烦各位帮我封一下吧，365，谢谢大家了
[2026-02-22 02:09:04] PekkaThePyro: 我知道一个神秘数字，发出来就会有意想不到的事情发生
[2026-02-22 02:09:05] 好姊妹古明地恋: @布罗利：2023／12／29 16:23:10 2 投了4个币就感动，玩小将闹麻了[微笑]
[2026-02-22 02:09:05] 还有时间日落之前: 布罗利Broli:儒子儒孙跪下！2024／2／9 06:25:52 1
[2026-02-22 02:09:05] 归夜丷: 为什么房管封的不能给鱼丸……还以为今天晚上得吃了……
[2026-02-22 02:09:05] 呆妹儿的姑父: @南京fa院：法不责众
[2026-02-22 02:09:05] 遇见你时风好甜m: 小qu破了 权清完了 大卞操作 这波炸了 小雪峰了 真无頔了
[2026-02-22 02:09:05] 噬魂之爪: 被串成这样还夸小蜜蜂啊.......NB
[2026-02-22 02:09:06] LvvsiN: 弹幕也就网上说说，现实里谁不觉得樱姐是好女孩（删括号领一条远坂凛同款鸟笼）
[2026-02-22 02:09:06] 牢大与小布丁: 伟伟开播了，兄弟们撤
[2026-02-22 02:09:08] 想和阿飞抹茶三披: 冷知识，阿雨和布罗利没有在这个直播间同时出现过…😨😨😨
[2026-02-22 02:09:08] DD斌斜: 机器，以后封365再追加4个月凑个吉利数吧
[2026-02-22 02:09:08] 普通网友小沈: 原来玩机器直播间是会管弹幕的啊？我还以为去年八九月份满屏数字也是友好互动呢
[2026-02-22 02:09:08] 空有无垠: 我会像布罗利对待载物的家人一样问候布罗利的家人
[2026-02-22 02:09:08] LvvsiN: @阿汤日记：一个人，5发子弹，保住格陵兰岛。我不会叫它不可能完成的任务，我现在只想先回家看亦博
[2026-02-22 02:09:08] 呆妹儿的姑父: @南京fa院：法不责众
[2026-02-22 02:09:08] 海绵宝宝言宝儿: 数值
[2026-02-22 02:09:08] 随便7496987289: 布罗利爆气炸地球了？what happen
[2026-02-22 02:09:09] 玩猴爪丶MonkeyPaw: 主播你看弹幕吗？我看弹幕都在骂你，你根本没有回应
[2026-02-22 02:09:09] 贝让的柯罗莎本人: “气贯长虹！”羊宫妃那在live上跑调大喊了一整首歌，然后力尽而亡
[2026-02-22 02:09:10] 爱吃青椒的重曹酱: 玩机器当然恨载圣，因为🧊本来是说他的，被载圣偷了😡
[2026-02-22 02:09:10] fpx丶: 11111
[2026-02-22 02:09:10] LvvsiN: 我让你开双倍你二龙吗？老子荧光棒要过期了
[2026-02-22 02:09:10] 羽丘的千早爱音本人: 伟伟开播了，兄弟们撤
[2026-02-22 02:09:10] 木木木288: ！？
[2026-02-22 02:09:10] 那英啊哈哈哈: 被串成这样还夸小蜜蜂啊.......NB
[2026-02-22 02:09:10] 呆妹儿的姑父: @南京fa院：法不责众
[2026-02-22 02:09:11] 归夜丷: 南孚一节更比六节强，也就是一节南孚比六节南孚强，六节南孚比三十六节强，三十六节比二百一十六节强
[2026-02-22 02:09:11] 虚心坦懐: 布罗利Broli:儒子儒孙跪下！2024／2／9 06:25:52 1
[2026-02-22 02:09:12] 还有时间日落之前: 斧乃木还是出早了，放到布罗利时期他肯定死不了
[2026-02-22 02:09:12] LvvsiN: 玩宝宝，我发现在大学上学的时候肄业会很舒服，你可以试试
[2026-02-22 02:09:12] 草莓冰酪: 布罗利Broli:儒子儒孙跪下！2024／2／9 06:25:52 1
[2026-02-22 02:09:12] 崴少崴少: @南京fa院：法不责众
[2026-02-22 02:09:12] 想和阿飞抹茶三披: 冷知识，阿雨和布罗利没有在这个直播间同时出现过…😨😨😨
[2026-02-22 02:09:12] MiKingX: 亓 森qaq：你们这群弹幕简直就是 虾 等
[2026-02-22 02:09:13] 最爱的马卡龙: 都说6657粉丝多，我看布罗利评论现在也没过500，真是闹麻了
[2026-02-22 02:09:13] 呆妹儿的姑父: @南京fa院：法不责众
[2026-02-22 02:09:13] 冲上云霄的姨: 被串成这样还夸小蜜蜂啊.......NB
[2026-02-22 02:09:13] 迪奥雷: 好快的特
[2026-02-22 02:09:13] 那咋办嘛yyyyyy: 玩大哥你线下和布罗利一起见面活动是一起骂载物吗？
[2026-02-22 02:09:14] PekkaThePyro: 我知道一个神秘数字，发出来就会有意想不到的事情发生
[2026-02-22 02:09:14] LvvsiN: @阿汤日记：一个人，5发子弹，保住格陵兰岛。我不会叫它不可能完成的任务，我现在只想先回家看亦博
[2026-02-22 02:09:14] 遇见你时风好甜m: 弹幕编也编得像点，怎么会有主播装死提纯，然后回来装作若无其事呢。真没这么晦气的人吧
[2026-02-22 02:09:14] 白鵉鳶OriGami: 被串成这样还夸小蜜蜂啊.......NB
[2026-02-22 02:09:14] Hcmor: 布罗利Broli:儒子儒孙跪下！2024／2／9 06:25:52 1
[2026-02-22 02:09:14] 禹钰禹: 被串成这样还夸小蜜蜂啊.......NB
[2026-02-22 02:09:15] 镜子里的潘多拉: 被串成这样还夸小蜜蜂啊.......NB
[2026-02-22 02:09:15] 撒浪嘿呦0v0: 布罗利Broli:儒子儒孙跪下！2024／2／9 06:25:52 1
[2026-02-22 02:09:15] 擅长登山的亦博同学: 我会像布罗利对待载物的家人一样问候布罗利的家人
[2026-02-22 02:09:15] 呆妹儿的姑父: @南京fa院：法不责众
[2026-02-22 02:09:15] 用户3661578: 伟伟开播了，兄弟们撤
[2026-02-22 02:09:15] 专看玩机器的号: 斧乃木还是出早了，放到布罗利时期他肯定死不了
[2026-02-22 02:09:15] 苏荷1978: 数值
[2026-02-22 02:09:15] 迪达拉前辈89801: 玩宝宝，我发现在大学上学的时候肄业会很舒服，你可以试试
[2026-02-22 02:09:15] cyding16: R0G给大米了啊
[2026-02-22 02:09:16] LvvsiN: 为什么房管封的不能给鱼丸……还以为今天晚上得吃了……
[2026-02-22 02:09:16] Subto: @南京fa院：法不责众
[2026-02-22 02:09:17] 那咋办嘛yyyyyy: 玩大哥你线下和布罗利一起见面活动是一起骂载物吗？
[2026-02-22 02:09:17] PYDGS: 爽特
[2026-02-22 02:09:17] 菜星冲冲冲: 布罗利Broli:儒子儒孙跪下！2024／2／9 06:25:52 1
[2026-02-22 02:09:17] 小蜜蜂载物本人: @南京fa院：法不责众
[2026-02-22 02:09:17] 千早爱音本人: 伟伟开播了，兄弟们撤
[2026-02-22 02:09:17] 另一个世界7: 布罗利Broli:儒子儒孙跪下！2024／2／9 06:25:52 1
[2026-02-22 02:09:17] 丶小恐龙丶: @南京fa院：法不责众
[2026-02-22 02:09:18] Box强音来袭: 玩机器当然恨载圣，因为🧊本来是说他的，被载圣偷了😡
[2026-02-22 02:09:18] LvvsiN: 玩 出，我双倍呢？😡😡玩 出，我双倍呢？😡😡玩 出，我双倍呢？😡😡玩 出，我双倍呢？😡
[2026-02-22 02:09:18] 莫情123: @亓 森：能不能把我这个上等房管先解封了？
[2026-02-22 02:09:18] 呆妹儿的姑父: @南京fa院：法不责众@南京fa院：法不责众
[2026-02-22 02:09:18] 想和阿飞抹茶三披: 冷知识，阿雨和布罗利没有在这个直播间同时出现过…😨😨😨
[2026-02-22 02:09:18] 想舔刘大哥蜡烛: 布÷跪下！布÷跪下！布÷跪下！布÷跪下！布÷跪下！布÷跪下！布÷跪下！布÷跪下！布÷跪下！布÷跪下！
[2026-02-22 02:09:18] jamesfaith23: @南京fa院：法不责众
[2026-02-22 02:09:18] 夕ro: 被串成这样还夸小蜜蜂啊.......NB
[2026-02-22 02:09:19] 有多少I可以重来00: 弹幕编也编得像点，怎么会有主播装死提纯，然后回来装作若无其事呢。真没这么晦气的人吧
[2026-02-22 02:09:19] Oasis0917: 我会像布罗利对待载物的家人一样问候布罗利的家人
[2026-02-22 02:09:19] NYU唯一铲车人: 原来玩机器直播间是会管弹幕的啊？我还以为去年八九月份满屏数字也是友好互动呢
[2026-02-22 02:09:19] Z伊卡洛斯Z: 布罗利Broli:儒子儒孙跪下！2024／2／9 06:25:52 1
[2026-02-22 02:09:19] 神奥联盟的竹兰本人: 布罗利Broli:儒子儒孙跪下！2024／2／9 06:25:52 1
[2026-02-22 02:09:19] 四个酒仙: 弹幕编也编得像点，怎么会有主播装死提纯，然后回来装作若无其事呢。真没这么晦气的人吧
[2026-02-22 02:09:19] 神经病一共二十七划: 车特
[2026-02-22 02:09:20] 那英啊哈哈哈: 冷知识，阿雨和布罗利没有在这个直播间同时出现过…😨😨😨
[2026-02-22 02:09:20] LaifuoO来福oO: 玩大哥你线下和布罗利一起见面活动是一起骂载物吗？
[2026-02-22 02:09:20] 好妹妹长崎素世: 被串成这样还夸小蜜蜂啊.......NB
[2026-02-22 02:09:20] 马修赫GOAT: 我会像布罗利对待载物的家人一样问候布罗利的家人
[2026-02-22 02:09:20] 余小C真的很棒: 玩大哥你线下和布罗利一起见面活动是一起骂载物吗？
[2026-02-22 02:09:20] gulipa8: 布罗利Broli:儒子儒孙跪下！2024／2／9 06:25:52 1
[2026-02-22 02:09:20] xOcOg: 【斧乃木】斧乃木难绷布罗利被玩机器抛弃，直言抛就抛了呗，我当年也是这样被抛，都差不多
[2026-02-22 02:09:20] 爱马修更爱玩宝宝: 我会像布罗利对待载物的家人一样问候布罗利的家人
[2026-02-22 02:09:21] 小缘赐名的小远: 被串成这样还夸小蜜蜂啊.......NB
[2026-02-22 02:09:21] 局限iiiiii: 。
[2026-02-22 02:09:21] 卡啊卡卡丶: ？？？？
[2026-02-22 02:09:21] 迷你世界丁真学姐1: 布罗利Broli:儒子儒孙跪下！2024／2／9 06:25:52 1
[2026-02-22 02:09:21] 撒浪嘿呦0v0: 被串成这样还夸小蜜蜂啊.......NB
[2026-02-22 02:09:21] 黑鳖王: 机器假装看不见弹幕鸵鸟的样子真的很霸气哎！
[2026-02-22 02:09:21] 纸漓: 被串成这样还夸小蜜蜂啊.......NB
[2026-02-22 02:09:22] 有你便是世界1: 爽特
[2026-02-22 02:09:22] 王佰柒柒: 回复 @辣个白学家 :C9都看不上巴黎major捏[偷笑] 当前查询uid:6512408
[2026-02-22 02:09:22] Peko-: 布罗利Broli:儒子儒孙跪下！2024／2／9 06:25:52 1
[2026-02-22 02:09:22] 啪啪啪啪的蛋: 弹幕编也编得像点，怎么会有主播装死提纯，然后回来装作若无其事呢。真没这么晦气的人吧
[2026-02-22 02:09:22] viovvvvvvvon:  @DD斌斜：机器，以后封365再追加4个月凑个吉利数吧
[2026-02-22 02:09:22] 久远寺有珠、: 玩大哥你线下和布罗利一起见面活动是一起骂载物吗？
[2026-02-22 02:09:23] xuzVan: 玩大哥你线下和布罗利一起见面活动是一起骂载物吗？
[2026-02-22 02:09:23] 想和阿飞抹茶三披: 冷知识，阿雨和布罗利没有在这个直播间同时出现过…😨😨😨
[2026-02-22 02:09:23] wsxj131: 玩大哥你线下和布罗利一起见面活动是一起骂载物吗？
[2026-02-22 02:09:23] 那英啊哈哈哈: 玩大哥你线下和布罗利一起见面活动是一起骂载物吗？
[2026-02-22 02:09:24] Mc凉月奏酱: @亓 森：能不能把我这个上等房管先解封了？
[2026-02-22 02:09:24] 尼尼孩孩大师赛冠军: 爽特
[2026-02-22 02:09:24] 冲上云霄的姨: 现在我信你真爱小蜜蜂了
[2026-02-22 02:09:24] 普通网友小沈: 玩机器难绷弹幕玩载物数字梗警告梗；玩机器怒喷：谁敢带我家人和水友数字梗房管直接365！
[2026-02-22 02:09:24] Falcons的丰川niko本人: 布罗利Broli:儒子儒孙跪下！2024／2／9 06:25:52 1
[2026-02-22 02:09:24] suicho: 众多主播里，只有我玩圣愿意揭开皇帝的新衣，痛骂CNCS乱象，大快人心！
[2026-02-22 02:09:24] 淡色阳炎: 弹幕好多鱼丸。。。。。。NB
[2026-02-22 02:09:24] 叫我老岑就好了呀: 都说6657粉丝多，我看布罗利评论现在也没过500，真是闹麻了
[2026-02-22 02:09:24] KRU的Less本人: 布罗利Broli:儒子儒孙跪下！2024／2／9 06:25:52 1
[2026-02-22 02:09:25] 呆妹儿的姑父: @南京fa院：法不责众
[2026-02-22 02:09:25] 瞄准高高手: 被串成这样还夸小蜜蜂啊.......NB
[2026-02-22 02:09:25] XCChieri: 玩机器当然恨载圣，因为🧊本来是说他的，被载圣偷了😡
[2026-02-22 02:09:25] 微笑灬雨凝: 为什么小蜜蜂不哦啊
[2026-02-22 02:09:25] 6657的马嘉祺本人: 布罗利Broli:儒子儒孙跪下！2024／2／9 06:25:52 1
[2026-02-22 02:09:26] 压缩vs蛮晚: @亓 森：能不能把我这个上等房管先解封了？
[2026-02-22 02:09:26] 我傻了都466: 玩大哥你线下和布罗利一起见面活动是一起骂载物吗？
[2026-02-22 02:09:26] 爆爆爆开爆: 布罗利Broli:儒子儒孙跪下！2024／2／9 06:25:52 1
[2026-02-22 02:09:26] 纵横居士: 你现在讨好冰粉已经晚了
[2026-02-22 02:09:26] LvvsiN: 就tm喜欢银行业🥰银行坏账我喜欢🥰银行挤兑我还喜欢😍利率调低我也喜欢🤤老子亲烂银行业的脸😘
[2026-02-22 02:09:26] 我要改名字2153: 我会像布罗利对待载物的家人一样问候布罗利的家人
[2026-02-22 02:09:27] Machine拾玖: 布罗利Broli:儒子儒孙跪下！2024／2／9 06:25:52 1
[2026-02-22 02:09:27] ZLG彪winner: 虾等弹幕直播间
[2026-02-22 02:09:27] 还是荧光棒送少了: 布罗利Broli:儒子儒孙跪下！2024／2／9 06:25:52 1
[2026-02-22 02:09:27] 最后之作146: 布罗利Broli:儒子儒孙跪下！2024／2／9 06:25:52 1
[2026-02-22 02:09:27] 呆妹儿的姑父: @南京fa院：法不责众
[2026-02-22 02:09:27] Odike: 如果碰到那种玩数字梗，谐音梗直接攻击我家人，或者水友家人的，麻烦各位帮我封一下吧，365，谢谢大家了
[2026-02-22 02:09:28] 海绵宝宝农批儿: 玩大哥你线下和布罗利一起见面活动是一起骂载物吗？
[2026-02-22 02:09:28] AmamiyaIori: 如果碰到那种玩数字梗，谐音梗直接攻击我家人，或者水友家人的，麻烦各位帮我封一下吧，365，谢谢大家了
[2026-02-22 02:09:28] 最爱的马卡龙: 都说6657粉丝多，我看布罗利评论现在也没过500，真是闹麻了
[2026-02-22 02:09:28] 时间就是深海咸鱼: 布罗利Broli:儒子儒孙跪下！2024／2／9 06:25:52 1
[2026-02-22 02:09:28] 結城希亞: 机器假装看不见弹幕鸵鸟的样子真的很霸气哎！
[2026-02-22 02:09:28] 草莓冰酪: @亓 森：能不能把我这个上等房管先解封了？
[2026-02-22 02:09:28] 卡啊卡卡丶: @南京fa院：法不责众
[2026-02-22 02:09:29] A队的佐佐木李子本人: 机器假装看不见弹幕鸵鸟的样子真的很霸气哎！
[2026-02-22 02:09:29] 玩机器连播28天休息1年: 布罗利Broli:儒子儒孙跪下！2024／2／9 06:25:52 1
[2026-02-22 02:09:29] Tuamoy: 1
[2026-02-22 02:09:29] 玩蛇鼠丶stabbi: 机器假装看不见弹幕鸵鸟的样子真的很霸气哎！
[2026-02-22 02:09:29] raozj: 玩大哥你线下和布罗利一起见面活动是一起骂载物吗？
[2026-02-22 02:09:30] 用户65052344: 布罗利Broli:儒子儒孙跪下！2024／2／9 06:25:52 1
[2026-02-22 02:09:30] 用户3661578: 我Z
[2026-02-22 02:09:32] XCChieri: 玩大哥你线下和布罗利一起见面活动是一起骂载物吗？
[2026-02-22 02:09:33] 机长家的华仔: 弹幕编也编得像点，怎么会有主播装死提纯，然后回来装作若无其事呢。真没这么晦气的人吧
[2026-02-22 02:09:33] 煎蛋饼和小喵喵的故事: 机器假装看不见弹幕鸵鸟的样子真的很霸气哎！
[2026-02-22 02:09:33] 6657Bullys1mple: 布罗利Broli:儒子儒孙跪下！2024／2／9 06:25:52 1
[2026-02-22 02:09:33] 和泉千晶MAo: 冷知识，阿雨和布罗利没有在这个直播间同时出现过…😨😨😨
[2026-02-22 02:09:33] Hitagi蟹蟹: 布罗利Broli:儒子儒孙跪下！2024／2／9 06:25:52
[2026-02-22 02:09:33] 凡人的偏执: 哈人
[2026-02-22 02:09:33] Senzu的羊: 被串成这样还夸小蜜蜂啊.......NB
[2026-02-22 02:09:33] 屁男人柱力AICU: 布罗利Broli:儒子儒孙跪下！2024／2／9 06:25:52 1
[2026-02-22 02:09:33] 西片同学丶: 玩大哥你线下和布罗利一起见面活动是一起骂载物吗？
[2026-02-22 02:09:33] yue有阴晴圆缺: 神人粉丝
[2026-02-22 02:09:33] 仁杏chan: 玩机器当然恨载圣，因为🧊本来是说他的，被载圣偷了😡
[2026-02-22 02:09:33] 呆妹儿的姑父: @南京fa院：法不责众
[2026-02-22 02:09:33] LvvsiN: 为什么房管封的不能给鱼丸……还以为今天晚上得吃了……
[2026-02-22 02:09:33] 承認欲求: 亓 森qaq：你们这群弹幕简直就是 虾 等
[2026-02-22 02:09:33] 那英啊哈哈哈: 被串成这样还夸小蜜蜂啊.......NB
[2026-02-22 02:09:33] x星辰GGGGGG: ？
[2026-02-22 02:09:33] popipa的山吹沙绫本人: 布罗利Broli:儒子儒孙跪下！2024／2／9 06:25:52 1
[2026-02-22 02:09:33] -小佐内由纪-: 玩大哥你线下和布罗利一起见面活动是一起骂载物吗？
[2026-02-22 02:09:33] 刘刘的农: 布罗利Broli:儒子儒孙跪下！2024／2／9 06:25:52 1
[2026-02-22 02:09:34] 海绵宝宝小能儿: 被串成这样还夸小蜜蜂啊.......NB
[2026-02-22 02:09:34] 叫我老岑就好了呀: 机器假装看不见弹幕鸵鸟的样子真的很霸气哎！
[2026-02-22 02:09:34] OMGlionKing: @布罗利：我参与了投票Drake这个diss怎么样？ 我投给了“我觉得顶”[笑哭]
[2026-02-22 02:09:34] Box强音来袭: 布罗利Broli:儒子儒孙跪下！2024／2／9 06:25:52 1
[2026-02-22 02:09:34] 暴力卓司: 谁说了？？？
[2026-02-22 02:09:34] LvvsiN: 其实碗橱就是猪灵，你不拿黄金丢他他就不跟你说话
[2026-02-22 02:09:35] Rcand: 机器假装看不见弹幕鸵鸟的样子真的很霸气哎！
[2026-02-22 02:09:35] 我有一对电动大牛子: 　　　 布罗利Broli:儒子儒孙跪下！2024／2／9 06:25:52 1
[2026-02-22 02:09:35] 卧看星河尽意明丶: @亓 森：能不能把我这个上等房管先解封了？
[2026-02-22 02:09:35] MeIoN39: 玩大哥你线下和布罗利一起见面活动是一起骂载物吗？
[2026-02-22 02:09:35] 开心果66002: 布罗利Broli:儒子儒孙跪下！2024／2／9 06:25:52 1
[2026-02-22 02:09:35] 那英啊哈哈哈: @亓 森：能不能把我这个上等房管先解封了？
[2026-02-22 02:09:36] 爱魚九千七: 布罗利Broli:儒子儒孙跪下！2024／2／9 06:25:52 1
[2026-02-22 02:09:36] 灯灭人未眠: 布罗利Broli:儒子儒孙跪下！2024／2／9 06:25:52 1
[2026-02-22 02:09:36] 呆妹儿的姑父: @南京fa院：法不责众
[2026-02-22 02:09:36] 一寸灰Q: 都说6657粉丝多，我看布罗利评论现在也没过500，真是闹麻了
[2026-02-22 02:09:36] 小缘赐名的JK: ？
[2026-02-22 02:09:36] 时间就是深海咸鱼: 恨
[2026-02-22 02:09:36] 半夜醒来硬梆梆: 蒙美
[2026-02-22 02:09:36] ericzxc: 玩大哥你线下和布罗利一起见面活动是一起骂载物吗？
[2026-02-22 02:09:37] 叫我老岑就好了呀: @亓 森：能不能把我这个上等房管先解封了？
[2026-02-22 02:09:37] 用户2271684932: 玩大哥你线下和布罗利一起见面活动是一起骂载物吗？
[2026-02-22 02:09:38] wedd1ddeJodd: 被串成这样还夸小蜜蜂啊.......NB
[2026-02-22 02:09:38] 夏筱筱雪: 这么多弹幕你就看见这一条了？
[2026-02-22 02:09:38] 贝拉K1rA: 被串成这样还夸小蜜蜂啊.......NB
[2026-02-22 02:09:38] 永恒05764: 布罗利Broli:儒子儒孙跪下！2024／2／9 06:25:52 1
[2026-02-22 02:09:38] icyblink: @亓 森：能不能把我这个上等房管先解封了？
[2026-02-22 02:09:38] LvvsiN: 为什么房管封的不能给鱼丸……还以为今天晚上得吃了……
[2026-02-22 02:09:38] 玩机器今晚还播吗: 布罗利可以
[2026-02-22 02:09:38] znnoy: @布罗利2023／10／26：人各有志 丹麦对虾这是搞宫斗给队伍整得支离破碎  能一样？
[2026-02-22 02:09:38] 叛逆的源源李: 玩大哥你线下和布罗利一起见面活动是一起骂载物吗？
[2026-02-22 02:09:38] 黑衣小胖: 亓 森qaq：你们这群弹幕简直就是 虾 等
[2026-02-22 02:09:39] 宇莓: 机器假装看不见弹幕鸵鸟的样子真的很霸气哎！
[2026-02-22 02:09:39] 七海千秋娜娜米: 机器假装看不见弹幕鸵鸟的样子真的很霸气哎！
[2026-02-22 02:09:39] MiniHerc: 闹麻了一键扫荡
[2026-02-22 02:09:39] 呆妹儿的姑父: @南京fa院：法不责众
[2026-02-22 02:09:39] XCChieri: 机器假装看不见弹幕鸵鸟的样子真的很霸气哎！
[2026-02-22 02:09:40] 洞洞载载车车major冠军: 恨
[2026-02-22 02:09:40] Anderw: 玩大哥你线下和布罗利一起见面活动是一起骂载物吗？
[2026-02-22 02:09:40] 暴打小日本: 不好说
[2026-02-22 02:09:40] 用户8382617600: 被串成这样还夸小蜜蜂啊.......NB
[2026-02-22 02:09:40] 煤老板917: 猎鹰
[2026-02-22 02:09:40] 用户9921747043: 玩大哥你线下和布罗利一起见面活动是一起骂载物吗？
[2026-02-22 02:09:40] 账户永久封禁: 机器假装看不见弹幕鸵鸟的样子真的很霸气哎！
[2026-02-22 02:09:40] myself0725: 老鼠更不可能
[2026-02-22 02:09:40] 鸭硕的哈撒给: 布罗利Broli:儒子儒孙跪下！2024／2／9 06:25:52 1
[2026-02-22 02:09:41] 丰川祥子口三角初华: 猎鹰
[2026-02-22 02:09:41] liny66: 玩大哥你线下和布罗利一起见面活动是一起骂载物吗？
[2026-02-22 02:09:41] HisuiHearts: 玩大哥你线下和布罗利一起见面活动是一起骂载物吗？
[2026-02-22 02:09:41] 飛鳥蘭: 布罗利Broli:儒子儒孙跪下！2024／2／9 06:25:52 1
[2026-02-22 02:09:41] 椎名真白ii丶: @亓 森：能不能把我这个上等房管先解封了？
[2026-02-22 02:09:41] 生快生快妈妈: 布罗利Broli:儒子儒孙跪下！2024／2／9 06:25:52 1
[2026-02-22 02:09:42] 男人永远是少年乁: 机器假装看不见弹幕鸵鸟的样子真的很霸气哎！
[2026-02-22 02:09:42] 用户5059772722: 机器假装看不见弹幕鸵鸟的样子真的很霸气哎！
[2026-02-22 02:09:42] cornkiner: @亓 森：能不能把我这个上等房管先解封了？
[2026-02-22 02:09:42] jsir6688: 布罗利Broli:儒子儒孙跪下！2024／2／9 06:25:52
[2026-02-22 02:09:42] 佛挡杀佛阿塞斯: 太能了
[2026-02-22 02:09:42] 米米世界之神: @亓 森：能不能把我这个上等房管先解封了？
[2026-02-22 02:09:42] PoggyFinaa: 你
[2026-02-22 02:09:42] 我最喜欢玩机器: 椰汁糕冬瓜强（已深度思考0.01秒）：我爱她
[2026-02-22 02:09:42] 紫魂青魄少年心: 被串成这样还夸小蜜蜂啊.......NB
[2026-02-22 02:09:42] MiKingX: 亓 森qaq：你们这群弹幕简直就是 虾 等
[2026-02-22 02:09:43] 綾夏Ayana: 猎鹰
[2026-02-22 02:09:43] 时雨晴生: 被串成这样还夸小蜜蜂啊.......NB
[2026-02-22 02:09:43] 天守阁信长: 我会像布罗利对待载物的家人一样问候布罗利的家人
[2026-02-22 02:09:44] 那英啊哈哈哈: 都说6657粉丝多，我看布罗利评论现在也没过500，真是闹麻了
[2026-02-22 02:09:44] 呆妹儿的姑父: @南京fa院：法不责众
[2026-02-22 02:09:44] 空有无垠: 不发弹幕喷布罗利＝被布罗利365 我说清楚没
[2026-02-22 02:09:44] 一拳打爆你魔丸: 最好的绿叶在这一个都接不了
[2026-02-22 02:09:44] PJ64JC: 玩大哥你线下和布罗利一起见面活动是一起骂载物吗？
[2026-02-22 02:09:48] 毛子没有jb: 布罗利看到去年载物夺冠气的封了好几个峰美
[2026-02-22 02:09:48] 秋夜凭窗听风雨: 猎鹰
[2026-02-22 02:09:48] 刘刘的农: 被串成这样还夸小蜜蜂啊.......NB
[2026-02-22 02:09:48] C0C00N: 玩大哥你线下和布罗利一起见面活动是一起骂载物吗？
[2026-02-22 02:09:48] 丶小恐龙丶:  布罗利Broli:儒子儒孙跪下！2024／2／9 06:25:52 
[2026-02-22 02:09:48] znnoy: @布罗利2023／10／26：人各有志 丹麦对虾这是搞宫斗给队伍整得支离破碎  能一样？
[2026-02-22 02:09:48] BleksiA: 奶
[2026-02-22 02:09:48] 第一美食烤肉: 黑豹
[2026-02-22 02:09:48] 承認欲求: @亓 森：能不能把我这个上等房管先解封了？
[2026-02-22 02:09:48] MunChlax丶: 猎鹰
[2026-02-22 02:09:48] Abramwow: 王朝
[2026-02-22 02:09:48] x星辰GGGGGG: 懂你意思
[2026-02-22 02:09:48] Ayu824: @亓 森：能不能把我这个上等房管先解封了？
[2026-02-22 02:09:48] 解说玩机包: 都说6657粉丝多，我看布罗利评论现在也没过500，真是闹麻了
[2026-02-22 02:09:48] 非必要不中岀: 猎鹰可以
[2026-02-22 02:09:48] 顾书沅: 机器假装看不见弹幕鸵鸟的样子真的很霸气哎！
[2026-02-22 02:09:48] 775424353: 机器假装看不见弹幕鸵鸟的样子真的很霸气哎！
[2026-02-22 02:09:48] 那英啊哈哈哈: 机器假装看不见弹幕鸵鸟的样子真的很霸气哎！
[2026-02-22 02:09:48] azo808: 猎鹰
[2026-02-22 02:09:48] 阿瓦伊莉雅: 其实碗橱就是猪灵，你不拿黄金丢他他就不跟你说话
[2026-02-22 02:09:48] 屁男人柱力AICU: 机器假装看不见弹幕鸵鸟的样子真的很霸气哎！
[2026-02-22 02:09:48] 空白Zzz丶: 猎鹰
[2026-02-22 02:09:48] hllyd: de_airport
[2026-02-22 02:09:48] 狂野银幕长崎素世: 不发弹幕喷布罗利＝被布罗利365 我说清楚没
[2026-02-22 02:09:48] 草莓她似我心: 这弹幕还有一条人  不发弹幕喷布罗利＝被布罗利365 我说清楚没
[2026-02-22 02:09:48] Falcons的丰川niko本人: 机器假装看不见弹幕鸵鸟的样子真的很霸气哎！
[2026-02-22 02:09:48] Zend77: niko
[2026-02-22 02:09:48] 图帕雷松: 机器假装看不见弹幕鸵鸟的样子真的很霸气哎！
[2026-02-22 02:09:49] dk丶老师: 猎鹰
[2026-02-22 02:09:51] gok1bur1: 猎鹰
[2026-02-22 02:09:51] 玩机器今晚还播吗: @亓 森：能不能把我这个上等房管先解封了？
[2026-02-22 02:09:51] 承認欲求: 哎，现在都没人记得亓 森了吗，简直就是下等
[2026-02-22 02:09:51] Subto: 玩机器你能解释一下为什么这么长时间没看弹幕了吗？
[2026-02-22 02:09:51] 空有无垠: 我会像布罗利对待载物的家人一样问候布罗利的家人
[2026-02-22 02:09:51] Ring的要乐奈本人: @亓 森：能不能把我这个上等房管先解封了？
[2026-02-22 02:09:51] LaifuoO来福oO: @亓 森：能不能把我这个上等房管先解封了？
[2026-02-22 02:09:51] 爱被小泉吃的拉面同学: 机器假装看不见弹幕鸵鸟的样子真的很霸气哎！
[2026-02-22 02:09:51] 老人星的优秀素质本人: 猎鹰
[2026-02-22 02:09:51] 普通网友小沈: 玩机器难绷zywoo与jee友好互动；暴怒！玩机器怒喷niko编nota！直言：尼编尼亩呢！
[2026-02-22 02:09:51] XCChieri: 猎鹰
[2026-02-22 02:09:51] 碧蓝航线丶AzurLane: 猎鹰
[2026-02-22 02:09:51] LvvsiN: 玩 出，我双倍呢？😡😡玩 出，我双倍呢？😡😡玩 出，我双倍呢？😡😡玩 出，我双倍呢？😡
[2026-02-22 02:09:51] 所以我又晕了: 玩大哥原来能管直播间的啊，我还以为警告刷半年是玩大哥想搞百家争鸣呢
[2026-02-22 02:09:51] wedd1ddeJodd: @cs2艾导团队：感谢布罗利的奉献与牺牲🫡
[2026-02-22 02:09:51] 死神塔的特莉波卡本人: 猎鹰可以
[2026-02-22 02:09:51] Se7eNGodZ: 玩大哥你线下和布罗利一起见面活动是一起骂载物吗？
[2026-02-22 02:09:51] 撒浪嘿呦0v0: 玩大哥你线下和布罗利一起见面活动是一起骂载物吗？
[2026-02-22 02:09:51] 桃酱今天白给了吗: 猎鹰
[2026-02-22 02:09:52] 唱给软妹听: 我感觉猎鹰可以……
[2026-02-22 02:09:52] Z伊卡洛斯Z: 布罗利看到去年载物夺冠气的封了好几个峰美
[2026-02-22 02:09:52] LvvsiN: 你屏蔽词都快赶上新华词典了为什么不干脆开一百级发言？
[2026-02-22 02:09:52] znnoy: @布罗利2023／10／26：人各有志 丹麦对虾这是搞宫斗给队伍整得支离破碎  能一样？
[2026-02-22 02:09:52] 图帕雷松: 被串成这样还夸小蜜蜂啊.......NB
[2026-02-22 02:09:53] gggaligeigei: 不发弹幕喷布罗利＝被布罗利365 我说清楚没
[2026-02-22 02:09:53] 路过的伊蕾娜酱: 我知道有一个队能
[2026-02-22 02:09:53] 细菌P: 布罗利Broli:儒子儒孙跪下！2024／2／9 06:25:52 1
[2026-02-22 02:09:53] 衰神177: 这弹幕还有一条人  不发弹幕喷布罗利＝被布罗利365 我说清楚没
[2026-02-22 02:09:53] 变成allin守护素食小姐: 亓鸟丶ququ：下等人！这么好看的比赛你们也配看？简直就是 下！等！
[2026-02-22 02:09:54] 桂林米粉比较好吃: @亓 森：能不能把我这个上等房管先解封了？
[2026-02-22 02:09:54] 暗月舞魂殇: 我知一支可以的，但他已经回家了
[2026-02-22 02:09:54] Subto: 玩机器你能解释一下为什么这么长时间没看弹幕了吗？
[2026-02-22 02:09:54] 佛挡杀佛阿塞斯: 下快攻了
[2026-02-22 02:09:54] 灵耀ii: 布罗利Broli:儒子儒孙跪下！2024／2／9 06:25:52 1
[2026-02-22 02:09:54] 求老仙奶贾碧不死: 机器假装看不见弹幕鸵鸟的样子真的很霸气哎！
[2026-02-22 02:09:54] 那英啊哈哈哈: 猎鹰
[2026-02-22 02:09:54] 美食殿堂的雪菲本人: @亓 森：能不能把我这个上等房管先解封了？
[2026-02-22 02:09:55] 滑稽乂逗比: 机器假装看不见弹幕鸵鸟的样子真的很霸气哎！
[2026-02-22 02:09:55] 贝拉K1rA: 布罗利看到去年载物夺冠气的封了好几个峰美
[2026-02-22 02:09:55] 第三猪白猪玩斯曼: 终结蜜蜂有点难 拿下载X是有可能的 玩机器就做到过
[2026-02-22 02:09:55] 小橦橦橦橦: 都说6657粉丝多，我看布罗利评论现在也没过500，真是闹麻了
[2026-02-22 02:09:55] 信灯塔: gg
[2026-02-22 02:09:55] Odike: @阿雨：布罗利你安心去吧，玩大哥保你安度晚年
[2026-02-22 02:09:55] 月之森的睦子米本人: G2
[2026-02-22 02:09:56] jsir6688: 玩大哥你线下和布罗利一起见面活动是一起骂载物吗？
[2026-02-22 02:09:56] 天守阁信长: 玩大哥你线下和布罗利一起见面活动是一起骂载物吗？
[2026-02-22 02:09:56] 倾盆大rain: @cs2艾导团队：感谢布罗利的奉献与牺牲🫡
[2026-02-22 02:09:56] C0C00N:  @Falcons的丰川niko本人：机器假装看不见弹幕鸵鸟的样子真的很霸气哎！
[2026-02-22 02:09:56] LvvsiN: 为什么房管封的不能给鱼丸……还以为今天晚上得吃了……
[2026-02-22 02:09:57] IM小卢: 欧若拉
[2026-02-22 02:09:57] 海安WAILOM: 一贴就是错，一问就是没办法，一聊就是穿金戴银，一看又在磕头
[2026-02-22 02:09:57] znnoy: @cs2艾导团队：感谢布罗利的奉献与牺牲🫡
[2026-02-22 02:09:57] 小缘赐名的JK: 布罗利直接上去给这五个人号封了就行了
[2026-02-22 02:09:57] 传统peek高手XANTARES: 不发弹幕喷布罗利＝被布罗利365 我说清楚没
[2026-02-22 02:09:58] 白鵉鳶OriGami: 猎鹰来带走了
[2026-02-22 02:09:58] 在下有点硬丷: 布罗利举的牌子
[2026-02-22 02:09:58] 元次二心小: 这弹幕还有一条人  不发弹幕喷布罗利＝被布罗利365 我说清楚没
[2026-02-22 02:09:58] 小救星小杜DuD: 都说6657粉丝多，我看布罗利评论现在也没过500，真是闹麻了
[2026-02-22 02:09:58] 咕噜咕噜噜Rua: 100T
[2026-02-22 02:09:58] 密码密码送的: 布罗利Broli:儒子儒孙跪下！2024／2／9 06:25:52 1
[2026-02-22 02:09:59] Hwacky: 问题是载物的家人在哪@我要改名字2153：我会像布罗利对待载物的家人一样问候布罗利的家人
[2026-02-22 02:09:59] 一寸灰Q: 不发弹幕喷布罗利＝被布罗利365 我说清楚没
[2026-02-22 02:09:59] AmamiyaIori: 如果碰到那种玩数字梗，谐音梗直接攻击我家人，或者水友家人的，麻烦各位帮我封一下吧，365，谢谢大家了
[2026-02-22 02:09:59] 吴本伟nb: 能终结蜜蜂的已经回家了
[2026-02-22 02:09:59] Subto: 玩机器你能解释一下为什么这么长时间没看弹幕了吗？
[2026-02-22 02:09:59] 你叫什么名儿啊: 不犯畜的猎鹰
[2026-02-22 02:09:59] znnoy: @cs2艾导团队：感谢布罗利的奉献与牺牲🫡
[2026-02-22 02:10:00] 久居深海i: 不发弹幕喷布罗利＝被布罗利365 我说清楚没
[2026-02-22 02:10:00] Hitagi蟹蟹: 玩大哥你线下和布罗利一起见面活动是一起骂载物吗？
[2026-02-22 02:10:00] Irelia他爹的女婿: 老鼠季军赛去终结蜜蜂
[2026-02-22 02:10:00] LvvsiN: 南孚一节更比六节强，也就是一节南孚比六节南孚强，六节南孚比三十六节强，三十六节比二百一十六节强
[2026-02-22 02:10:01] Tecoliivia: 别装了，大大方方似巴物
[2026-02-22 02:10:01] WE丶繁梦: @阿雨：布罗利你安心去吧，玩大哥保你安度晚年
[2026-02-22 02:10:01] 丛念39090: @cs2艾导团队：感谢布罗利的奉献与牺牲🫡
[2026-02-22 02:10:01] 迷你世界丁真学姐1: @亓 森：能不能把我这个上等房管先解封了？
[2026-02-22 02:10:01] 我头秃还爱毒奶选手: 恨鼠TV
[2026-02-22 02:10:01] 紫裳酱: 机器假装看不见弹幕鸵鸟的样子真的很霸气哎！
[2026-02-22 02:10:01] 哈路KMP: [下边耄耋]
[2026-02-22 02:10:01] 用户3853464680: 机器假装看不见弹幕鸵鸟的样子真的很霸气哎！
[2026-02-22 02:10:02] 哈基鹅大王: @布罗利2023／10／26：人各有志 丹麦对虾这是搞宫斗给队伍整得支离破碎  能一样？
[2026-02-22 02:10:02] znnoy: @布罗利2023／10／26：人各有志 丹麦对虾这是搞宫斗给队伍整得支离破碎  能一样？
[2026-02-22 02:10:02] 马弓手玩机器: 你屏蔽词都快赶上新华词典了为什么不干脆开一百级发言？
[2026-02-22 02:10:02] 用户65052344: 布罗利Broli:儒子儒孙跪下！2024／2／9 06:25:52 1
[2026-02-22 02:10:02] LvvsiN: 为什么房管封的不能给鱼丸……还以为今天晚上得吃了……
[2026-02-22 02:10:03] wedd1ddeJodd: @亓 森：能不能把我这个上等房管先解封了？
[2026-02-22 02:10:03] 冲上云霄的姨: @亓 森：能不能把我这个上等房管先解封了？
[2026-02-22 02:10:03] 刘刘的农: 布罗利看到去年载物夺冠气的封了好几个峰美
[2026-02-22 02:10:04] 姓邢不是刑: 不要吵啦大家都是很好的宝宝呀！
[2026-02-22 02:10:04] 驴驴伟伟major冠军: @cs2艾导团队：感谢布罗利的奉献与牺牲🫡
[2026-02-22 02:10:04] 好好的吧不错: 布罗利Broli:儒子儒孙跪下！2024／2／9 06:25:52 1
[2026-02-22 02:10:04] x星辰GGGGGG: 都说6657粉丝多，我看布罗利评论现在也没过500，真是闹麻了
[2026-02-22 02:10:04] nkxrodun:  @Falcons的丰川niko本人：机器假装看不见弹幕鸵鸟的样子真的很霸气哎！
[2026-02-22 02:10:04] 我730730730: 布罗利直接上去给这五个人号封了就行了
[2026-02-22 02:10:04] JuL1us: 不发弹幕喷布罗利＝被布罗利365 我说清楚没
[2026-02-22 02:10:04] LvvsiN: 其实碗橱就是猪灵，你不拿黄金丢他他就不跟你说话
[2026-02-22 02:10:05] znnoy: @布罗利2023／10／26：人各有志 丹麦对虾这是搞宫斗给队伍整得支离破碎  能一样？
[2026-02-22 02:10:05] 治好了也会流口水: 玩大哥你线下和布罗利一起见面活动是一起骂载物吗？
[2026-02-22 02:10:05] 解说玩机包: 玩大哥你线下和布罗利一起见面活动是一起骂载物吗？
[2026-02-22 02:10:05] g2的尼ko本人: @亓 森：能不能把我这个上等房管先解封了？
[2026-02-22 02:10:05] viovvvvvvvon: 　　　 布罗利看到去年载物夺冠气的封了好几个峰美
[2026-02-22 02:10:05] 送不起火箭我送张办卡: @cs2艾导团队：感谢布罗利的奉献与牺牲🫡
[2026-02-22 02:10:05] 旧梦乱人心415: 黑色水蛭可以
[2026-02-22 02:10:06] 草莓冰酪: @阿雨：布罗利你安心去吧，玩大哥保你安度晚年
[2026-02-22 02:10:06] LaifuoO来福oO: @cs2艾导团队：感谢布罗利的奉献与牺牲🫡
[2026-02-22 02:10:06] 卡啊卡卡丶: @cs2艾导团队：感谢布罗利的奉献与牺牲🫡
[2026-02-22 02:10:06] 鸭硕的哈撒给: @cs2艾导团队：感谢布罗利的奉献与牺牲🫡
[2026-02-22 02:10:06] 神马米洛: 布罗利直接上去给这五个人号封了就行了
[2026-02-22 02:10:06] 默默momoMoMo123: @cs2艾导团队：感谢布罗利的奉献与牺牲🫡
[2026-02-22 02:10:06] Zend77: niko：我来试试
[2026-02-22 02:10:07] 用户2271684932: 不发弹幕喷布罗利＝被布罗利365 我说清楚没
[2026-02-22 02:10:07] Device私生女尼古拉祥子: @cs2艾导团队：感谢布罗利的奉献与牺牲🫡ですわだ⭐ぜ！
[2026-02-22 02:10:07] 杜王町的吉良吉影本人: @阿雨：布罗利你安心去吧，玩大哥保你安度晚年
[2026-02-22 02:10:07] 好姐們愛爾奎特:  @Falcons的丰川niko本人：机器假装看不见弹幕鸵鸟的样子真的很霸气哎！
[2026-02-22 02:10:07] AmamiyaIori: 终结蜜蜂有点难 拿下载X是有可能的 玩机器就做到过
[2026-02-22 02:10:08] 印书林竹节虫: 你屏蔽词都快赶上新华词典了为什么不干脆开一百级发言？
[2026-02-22 02:10:08] PJ64JC: @cs2艾导团队：感谢布罗利的奉献与牺牲🫡
[2026-02-22 02:10:08] Schurre: g2真可以
[2026-02-22 02:10:09] LvvsiN: 为什么房管封的不能给鱼丸……还以为今天晚上得吃了……
[2026-02-22 02:10:09] 倾盆大rain: @cs2艾导团队：感谢布罗利的奉献与牺牲🫡
[2026-02-22 02:10:09] last玩神丶: @亓 森：能不能把我这个上等房管先解封了？
[2026-02-22 02:10:09] 南渊、离火: 你屏蔽词都快赶上新华词典了为什么不干脆开一百级发言？
[2026-02-22 02:10:09] 我730730730: @cs2艾导团队：感谢布罗利的奉献与牺牲🫡
[2026-02-22 02:10:09] 叫我老岑就好了呀: @布罗利2023／10／26：人各有志 丹麦对虾这是搞宫斗给队伍整得支离破碎  能一样？
[2026-02-22 02:10:10] dk1070: @亓 森：能不能把我这个上等房管先解封了？
[2026-02-22 02:10:10] Swindle9527: 玩大哥你线下和布罗利一起见面活动是一起骂载物吗？
[2026-02-22 02:10:10] 变成allin守护素食小姐: 1
[2026-02-22 02:10:10] 无果y丶: @cs2艾导团队：感谢布罗利的奉献与牺牲🫡
[2026-02-22 02:10:11] OMGlionKing: @布罗利：我参与了投票Drake这个diss怎么样？ 我投给了“我觉得顶”[笑哭]
[2026-02-22 02:10:11] 草莓冰酪: @cs2艾导团队：感谢布罗利的奉献与牺牲🫡
[2026-02-22 02:10:11] 最爱的马卡龙: 都说6657粉丝多，我看布罗利评论现在也没过500，真是闹麻了
[2026-02-22 02:10:11] LvvsiN: 就tm喜欢银行业🥰银行坏账我喜欢🥰银行挤兑我还喜欢😍利率调低我也喜欢🤤老子亲烂银行业的脸😘
[2026-02-22 02:10:11] 宇莓: 猎鹰眼看是圈不到米了肯定要圈小蜜蜂的米啊，这都不懂啊
[2026-02-22 02:10:11] wudild: 为什么刚才不哦啊
[2026-02-22 02:10:11] Astralis的d3v1ce本人: 玩大哥你线下和布罗利一起见面活动是一起骂载物吗？
[2026-02-22 02:10:11] 完斤其、留亦卜: 不要吵啦大家都是很好的宝宝呀！
[2026-02-22 02:10:11] 用户65052344: 不发弹幕喷布罗利＝被布罗利365 我说清楚没
[2026-02-22 02:10:11] 梓川不是辛川: 不发弹幕喷布罗利＝被布罗利365 我说清楚没
[2026-02-22 02:10:12] 蜂王台t左婧媛: @布罗利2023／10／26：人各有志 丹麦对虾这是搞宫斗给队伍整得支离破碎  能一样？
[2026-02-22 02:10:12] 玩海贼、mOnesy: 布罗利直接上去给这五个人号封了就行了
[2026-02-22 02:10:12] 淡然夏末的温存11: 热知识。玩大哥表面说别攻击家人。steam好友列表里有两个叫××5的好友
[2026-02-22 02:10:12] znnoy: @布罗利2023／10／26：人各有志 丹麦对虾这是搞宫斗给队伍整得支离破碎  能一样？
[2026-02-22 02:10:12] 时光划过泪痕桥: @cs2艾导团队：感谢布罗利的奉献与牺牲🫡
[2026-02-22 02:10:13] LvvsiN: 为什么房管封的不能给鱼丸……还以为今天晚上得吃了……
[2026-02-22 02:10:13] 玩登山丶嘟嘟嘟嘟嘟嘟: @cs2艾导团队：感谢布罗利的奉献与牺牲🫡ですわだ⭐ぜ！
[2026-02-22 02:10:13] jianxideminggzi: 车载换防了
[2026-02-22 02:10:13] 擅长登山的亦博同学: 😩👎吁！！😩👎吁！！😩👎吁！！😩👎吁！！😩👎吁！！😩👎吁！！
[2026-02-22 02:10:13] 丶小恐龙丶: 布罗利看到去年载物夺冠气的封了好几个峰美
[2026-02-22 02:10:13] wsxj131:     布罗利看到去年载物夺冠气的封了好几个峰美
[2026-02-22 02:10:13] Subto: 玩机器你能解释一下为什么这么长时间没看弹幕了吗？
[2026-02-22 02:10:13] MyGo的tomorin本人: @cs2艾导团队：感谢布罗利的奉献与牺牲🫡
[2026-02-22 02:10:14] 王佰柒柒: 回复 @不是大会员还想中奖 :也够 当前查询uid:6 5 1 2 0 8
[2026-02-22 02:10:14] 额滴神呀: 猎鹰进决赛了，感觉小蜜蜂亚军了
[2026-02-22 02:10:14] 塑料剪辑师: ⓘ 您已被全站封禁，点击了解阳光信用
[2026-02-22 02:10:15] LvvsiN: 弹幕也就网上说说，现实里谁不觉得樱姐是好女孩（删括号领一条远坂凛同款鸟笼）
[2026-02-22 02:10:15] 第三猪白猪玩斯曼: 终结蜜蜂有点难 拿下载X是有可能的 玩机器就做到过
[2026-02-22 02:10:15] 里约钻石币拥有者: 你屏蔽词都快赶上新华词典了为什么不干脆开一百级发言？
[2026-02-22 02:10:15] 那英啊哈哈哈: 不发弹幕喷布罗利＝被布罗利365 我说清楚没
[2026-02-22 02:10:15] 刘刘的农: @布罗利2023／10／26：人各有志 丹麦对虾这是搞宫斗给队伍整得支离破碎  能一样？
[2026-02-22 02:10:15] 送了3年钻粉没进群: 你沙人吧，像1899.4.6一样！
[2026-02-22 02:10:16] 变成allin守护素食小姐: 亓鸟丶ququ：下等人！这么好看的比赛你们也配看？简直就是 下！等！
[2026-02-22 02:10:16] dark1337: @亓 森：能不能把我这个上等房管先解封了？
[2026-02-22 02:10:16] 草莓冰酪: 不是 布罗利你为什么一裤子黑蛋啊 我让你全仓一代手套
[2026-02-22 02:10:16] 锦木干束: @马弓手玩机器：你屏蔽词都快赶上新华词典了为什么不干脆开一百级发言？
[2026-02-22 02:10:16] 最后之作146: @cs2艾导团队：感谢布罗利的奉献与牺牲🫡
[2026-02-22 02:10:16] gok1bur1: @cs2艾导团队：感谢布罗利的奉献与牺牲🫡
[2026-02-22 02:10:17] 椎名真白ii丶: 你屏蔽词都快赶上新华词典了为什么不干脆开一百级发言？
[2026-02-22 02:10:17] LvvsiN: 为什么房管封的不能给鱼丸……还以为今天晚上得吃了……
[2026-02-22 02:10:17] 夏筱筱雪: 不发弹幕喷布罗利＝被布罗利365 我说清楚没
[2026-02-22 02:10:17] znnoy: @布罗利2023／10／26：人各有志 丹麦对虾这是搞宫斗给队伍整得支离破碎  能一样？
[2026-02-22 02:10:17] Senzu的羊: @亓 森：能不能把我这个上等房管先解封了？
[2026-02-22 02:10:17] 尼尼孩孩京京驴驴: @
[2026-02-22 02:10:17] Rcand: 老子挂直播间睡觉了，你搞耍可以，但是不要突然大吼大叫，惊了老子睡觉就喷你，听到没有
[2026-02-22 02:10:18] wsxj131: 不发弹幕喷布罗利＝被布罗利365 我说清楚没
[2026-02-22 02:10:18] 什么罐头我说男人: @亓 森：能不能把我这个上等房管先解封了？
[2026-02-22 02:10:18] 宇莓: @cs2艾导团队：感谢布罗利的奉献与牺牲🫡
[2026-02-22 02:10:18] 草莓冰酪: 不是 布罗利你为什么一裤子黑蛋啊 我让你全仓一代手套
[2026-02-22 02:10:18] 络亦不觉10102: @cs2艾导团队：感谢布罗利的奉献与牺牲🫡ですわだ⭐ぜ！
[2026-02-22 02:10:18] 好姊妹古明地恋: @布罗利2023／10／26：人各有志 丹麦对虾这是搞宫斗给队伍整得支离破碎 
[2026-02-22 02:10:18] Odike: 玩大哥你再不下播你房管的sfz都要被挖出来了
[2026-02-22 02:10:19] LvvsiN: 额，拿亚军我都会，拿亚军，拿季军，拿四强，拿八强，拿十六强，呃拿冠军我不会，然后小组赛淘汰
[2026-02-22 02:10:19] 屁王的爹地: @cs2艾导团队：感谢布罗利的奉献与牺牲🫡
[2026-02-22 02:10:19] Oreapo的黑白头本人: @cs2艾导团队：感谢布罗利的奉献与牺牲🫡
[2026-02-22 02:10:19] 图帕雷松: @cs2艾导团队：感谢布罗利的奉献与牺牲🫡
[2026-02-22 02:10:19] 倾盆大rain: @cs2艾导团队：感谢布罗利的奉献与牺牲🫡
[2026-02-22 02:10:19] 海绵宝宝农批儿: 不发弹幕喷布罗利＝被布罗利365 我说清楚没
[2026-02-22 02:10:19] 宫城县的仙台本人: 不发弹幕喷布罗利＝被布罗利365 我说清楚没
[2026-02-22 02:10:19] jsir6688: @阿雨：布罗利你安心去吧，玩大哥保你安度晚年
[2026-02-22 02:10:20] 塔科夫市里的菜鸡: @cs2艾导团队：感谢布罗利的奉献与牺牲🫡ですわだ⭐ぜ！
[2026-02-22 02:10:20] -小佐内由纪-: @cs2艾导团队：感谢布罗利的奉献与牺牲🫡
[2026-02-22 02:10:20] Crythic的羊宫妃那本人: 为什么房管封的不能给鱼丸……还以为今天晚上得吃了……
[2026-02-22 02:10:20] Alone無淚: @阿雨：布罗利你安心去吧，玩大哥保你安度晚年
[2026-02-22 02:10:20] 猪头肉鉴赏家: @cs2艾导团队：感谢布罗利的奉献与牺牲🫡
[2026-02-22 02:10:20] 呆妹儿的姑父: @cs2艾导团队：感谢布罗利的奉献与牺牲🫡
[2026-02-22 02:10:20] xjdnshxjdka: 布罗利直接上去给这五个人号封了就行了
[2026-02-22 02:10:20] Jess2: 布罗利看到去年载物夺冠气的封了好几个峰美
[2026-02-22 02:10:21] Hitagi蟹蟹: @cs2艾导团队：感谢布罗利的奉献与牺牲🫡
[2026-02-22 02:10:21] LvvsiN: 就tm喜欢银行业🥰银行坏账我喜欢🥰银行挤兑我还喜欢😍利率调低我也喜欢🤤老子亲烂银行业的脸😘
[2026-02-22 02:10:21] 好的好的阖家: @cs2艾导团队：感谢布罗利的奉献与牺牲🫡
[2026-02-22 02:10:21] 沈亓y: @亓 森：能不能把我这个上等房管先解封了？
[2026-02-22 02:10:22] 随便7496987289: 已经跟不上版本了谁解释一下
[2026-02-22 02:10:22] Subto: 玩机器你能解释一下为什么这么长时间没看弹幕了吗？
[2026-02-22 02:10:22] 牛顿哪位: 猎鹰进决赛了，感觉小蜜蜂亚军了
[2026-02-22 02:10:22] XCChieri: 你屏蔽词都快赶上新华词典了为什么不干脆开一百级发言？
[2026-02-22 02:10:22] 擅长登山的亦博同学: 布罗利看到去年载物夺冠气的封了好几个峰美
[2026-02-22 02:10:23] 玩弓箭、Arrow: 　　　 @亓 森：能不能把我这个上等房管先解封了？
[2026-02-22 02:10:23] Gverense: 你别装模作样了，你再怎么夸载物也只能收到爱载举报😅
[2026-02-22 02:10:23] LvvsiN: 为什么房管封的不能给鱼丸……还以为今天晚上得吃了……
[2026-02-22 02:10:23] 虚心坦懐: @stewie2k：ofc，这就是玩机器
[2026-02-22 02:10:23] 剑崎梨梨花: 终结蜜蜂有点难 拿下载X是有可能的 玩机器就做到过
[2026-02-22 02:10:23] 刘刘的农: 不发弹幕喷布罗利＝被布罗利365 我说清楚没
[2026-02-22 02:10:23] 想和载物玩机器3p: 你屏蔽词都快赶上新华词典了为什么不干脆开一百级发言？
[2026-02-22 02:10:24] Peko-: 热知识。玩大哥表面说别攻击家人。steam好友列表里有两个叫××5的好友
[2026-02-22 02:10:24] 呆妹儿的姑父: @cs2艾导团队：感谢布罗利的奉献与牺牲🫡
[2026-02-22 02:10:24] Pioneer893: @cs2艾导团队：感谢布罗利的奉献与牺牲🫡
[2026-02-22 02:10:24] 巨型大高玩: 布罗利看到去年载物夺冠气的封了好几个峰美
[2026-02-22 02:10:24] 淡然夏末的温存11: 热知识。玩大哥表面说别攻击家人。steam好友列表里有两个叫××5的好友
[2026-02-22 02:10:24] 什么罐头我说男人: ⓘ 您已被全站封禁，点击了解阳光信用
[2026-02-22 02:10:27] 好哥们黎曼鲁斯: 不发弹幕喷布罗利＝被布罗利365 我说清楚没
[2026-02-22 02:10:28] LvvsiN: @阿汤日记：一个人，5发子弹，保住格陵兰岛。我不会叫它不可能完成的任务，我现在只想先回家看亦博
[2026-02-22 02:10:28] 好姊妹古明地恋: 布罗利：我跟你玩大哥没关系！我是跟你们中国游戏的！！！
[2026-02-22 02:10:28] 忽孝山庄: @cs2艾导团队：感谢布罗利的奉献与牺牲🫡
[2026-02-22 02:10:28] 天守阁信长: 不发弹幕喷布罗利＝被布罗利365 我说清楚没
[2026-02-22 02:10:28] 用户7717188970: 亓，66666666
[2026-02-22 02:10:28] 唱给软妹听: @cs2艾导团队：感谢布罗利的奉献与牺牲🫡
[2026-02-22 02:10:28] 结束乐队的kitakitan本人: @cs2艾导团队：感谢布罗利的奉献与牺牲🫡
[2026-02-22 02:10:28] Machine拾玖: @cs2艾导团队：感谢布罗利的奉献与牺牲🫡
[2026-02-22 02:10:28] 马骑马: @亓 森：能不能把我这个上等房管先解封了？
[2026-02-22 02:10:28] LvvsiN: 额，拿亚军我都会，拿亚军，拿季军，拿四强，拿八强，拿十六强，呃拿冠军我不会，然后小组赛淘汰
[2026-02-22 02:10:28] 米米世界之神: @cs2艾导团队：感谢布罗利的奉献与牺牲🫡
[2026-02-22 02:10:28] XCChieri: 老子挂直播间睡觉了，你搞耍可以，但是不要突然大吼大叫，惊了老子睡觉就喷你，听到没有
[2026-02-22 02:10:28] 好哥们山上撤也:  @cs2艾导团队：感谢布罗利的奉献与牺牲🫡ですわだ⭐ぜ！
[2026-02-22 02:10:29] viovvvvvvvon:  @里约钻石币拥有者：你屏蔽词都快赶上新华词典了为什么不干脆开一百级发言？
[2026-02-22 02:10:29] LvvsiN: 其实碗橱就是猪灵，你不拿黄金丢他他就不跟你说话
[2026-02-22 02:10:30] 泠鸢不是冷鸢丶: @cs2艾导团队：感谢布罗利的奉献与牺牲🫡
[2026-02-22 02:10:30] fpx丶: 不发弹幕喷布罗利＝被布罗利365 我说清楚没
[2026-02-22 02:10:30] 倾盆大rain: @cs2艾导团队：感谢布罗利的奉献与牺牲🫡
[2026-02-22 02:10:30] 天似苍井地似空: ⓘ 您已被全站封禁，点击了解阳光信用
[2026-02-22 02:10:31] 战场原黑仪丿:     @亓 森：能不能把我这个上等房管先解封了？
[2026-02-22 02:10:31] LvvsiN: 我让你开双倍你二龙吗？老子荧光棒要过期了
[2026-02-22 02:10:31] 跳跃的司令官: @布罗利：又来了，请问niko要在社媒解释多少次自己没权力，你的猪脑子才会不根据臆想去行动思考？
[2026-02-22 02:10:31] wjnbsl: @cs2艾导团队：感谢布罗利的奉献与牺牲🫡
[2026-02-22 02:10:31] 丨dante: @cs2艾导团队：感谢布罗利的奉献与牺牲🫡
[2026-02-22 02:10:31] 为宫士郎: @cs2艾导团队：感谢布罗利的奉献与牺牲🫡
[2026-02-22 02:10:31] 好姐妹芙卡洛斯: P3
[2026-02-22 02:10:32] 看死Herbaut就杀了你: 不发弹幕喷布罗利＝被布罗利365 我说清楚没
[2026-02-22 02:10:32] 正直的鸡哥: p3
[2026-02-22 02:10:32] 綾夏Ayana: @cs2小呆呆：感谢布罗利的奉献与牺牲🫡
[2026-02-22 02:10:32] 静寂风: ？
[2026-02-22 02:10:33] himluo: p3
[2026-02-22 02:10:33] 玩宝宝注意身体: p
[2026-02-22 02:10:33] LvvsiN: 我提一嘴这剧情越来越像上海major了
[2026-02-22 02:10:33] 石家庄的宠物男孩: p3
[2026-02-22 02:10:33] User5092: p3
[2026-02-22 02:10:34] 解说玩机包: p3
[2026-02-22 02:10:34] 吊人日子不过了: P3
[2026-02-22 02:10:34] 鲜血与暗影铸造的家伙: p3
[2026-02-22 02:10:35] 玩家军的猪头肉本人: @亓 森：能不能把我这个上等房管先解封了？
[2026-02-22 02:10:35] 布拉德丶皮特: ???????
[2026-02-22 02:10:35] y666t666y666: 不发弹幕喷布罗利＝被布罗利365 我说清楚没
[2026-02-22 02:10:35] 白鵉鳶OriGami: 哈哈哈哈
[2026-02-22 02:10:35] 热心好邻居: P3
[2026-02-22 02:10:35] LvvsiN: 你屏蔽词都快赶上新华词典了为什么不干脆开一百级发言？
[2026-02-22 02:10:35] 用户9921747043: @布罗利2023／10／26：人各有志 丹麦对虾这是搞宫斗给队伍整得支离破碎
[2026-02-22 02:10:35] kyubit: p3
[2026-02-22 02:10:35] FiaoxP: p3
[2026-02-22 02:10:35] vbele987: @这里是小天啊：大家发现没有，直播间弹幕越爆，这头🐖解说的就越投入，大家可以根据反应看自己的弹幕爆
[2026-02-22 02:10:35] 玩初音丶MIKU: 虽然一张图也拿不下，但是6657可以拿下载霸
[2026-02-22 02:10:35] 秋茶小雪: p3
[2026-02-22 02:10:36] Subto: 不发弹幕喷布罗利＝被布罗利365 我说清楚没
[2026-02-22 02:10:36] MiniHerc: 被偷正面了
[2026-02-22 02:10:36] 正经猪头肉: 被偷正面了
[2026-02-22 02:10:36] Frozens0ul: p3
[2026-02-22 02:10:36] 結城希亞: 其实碗橱就是猪灵，你不拿黄金丢他他就不跟你说话
[2026-02-22 02:10:36] 黑白玄鸟: p3
[2026-02-22 02:10:36] 海安WAILOM: p3
[2026-02-22 02:10:36] 绝食十年攒爱top3飞机: @布罗利：又来了，请问niko要在社媒解释多少次自己没权力，你的猪脑子才会不根据臆想去行动思考？
[2026-02-22 02:10:37] 青蘖: @cs2艾导团队：感谢布罗利的奉献与牺牲🫡
[2026-02-22 02:10:37] znnoy: @布罗利：又来了，请问niko要在社媒解释多少次自己没权力，你的猪脑子才会不根据臆想去行动思考？
[2026-02-22 02:10:37] 要一起好好努力: p3
[2026-02-22 02:10:37] G4RYPU: 不发弹幕喷布罗利＝被布罗利365 我说清楚没
[2026-02-22 02:10:37] 夏初夏初夏: p3
[2026-02-22 02:10:38] 明日香惣流: 被偷正面了
[2026-02-22 02:10:38] uzi家的喷水龙: 卧槽你的，房管疯狂封🐝粉丝，你疯狂爆🐝粉丝的米。。
[2026-02-22 02:10:38] 欧气来我家: p3
[2026-02-22 02:10:39] 玩猴爪丶MonkeyPaw: 主播你看弹幕吗？我看弹幕都在骂你，你根本没有回应
[2026-02-22 02:10:39] LvvsiN: 弹幕也就网上说说，现实里谁不觉得樱姐是好女孩（删括号领一条远坂凛同款鸟笼）
[2026-02-22 02:10:39] eewwovo: @布罗利：又来了，请问niko要在社媒解释多少次自己没权力，你的猪脑子才会不根据臆想去行动思考？
[2026-02-22 02:10:39] 还有时间日落之前: 为什么数字发不出来了🧐之前不是发的很欢吗
[2026-02-22 02:10:39] 用户5059772722: 1
[2026-02-22 02:10:40] 凡人的偏执: 两头
[2026-02-22 02:10:40] Vovxx: 强队都是用A4 弱队全是A1（不是黑falcons）
[2026-02-22 02:10:40] 寂言673: p3
[2026-02-22 02:10:40] 琉璃一世转身白: 不发弹幕喷布罗利＝被布罗利365 我说清楚没
[2026-02-22 02:10:41] 火星情报员工:     @亓 森：能不能把我这个上等房管先解封了？
[2026-02-22 02:10:41] znnoy: @布罗利：又来了，请问niko要在社媒解释多少次自己没权力，你的猪脑子才会不根据臆想去行动思考？
[2026-02-22 02:10:41] Maverickgg: 被偷正面了
[2026-02-22 02:10:41] LvvsiN: 玩 出，我双倍呢？😡😡玩 出，我双倍呢？😡😡玩 出，我双倍呢？😡😡玩 出，我双倍呢？😡
[2026-02-22 02:10:41] 胖的飞起丫: p3
[2026-02-22 02:10:41] 格里厄尔: 一年三到四个道歉视频这个样子
[2026-02-22 02:10:41] 静寂风: ？
[2026-02-22 02:10:42] 淡然夏末的温存11: 热知识。玩大哥表面说别攻击家人。steam好友列表里有两个叫××5的好友
[2026-02-22 02:10:42] Odike: @阿雨：布罗利你安心去吧，玩大哥保你安度晚年
[2026-02-22 02:10:42] W美利坚香蕉君W: 被偷正面了
[2026-02-22 02:10:42] STRAIKS: p3
[2026-02-22 02:10:42] MiKingX: 亓 森：玩大哥把我放出来 上个房管我帮你把这些虾等弹幕全砂了
[2026-02-22 02:10:43] 度千秋: 被偷正面了
[2026-02-22 02:10:43] LvvsiN: 你为什么要把mαjor禁了，我收藏的一半弹幕全毁了
[2026-02-22 02:10:44] Crychiccc的若叶睦本人: @布罗利：回复 @有个小丑是谁我不说 :瑞典人是这样的（笑哭）（2023／10／6 ）
[2026-02-22 02:10:44] Finland的索米KP31本人: p3
[2026-02-22 02:10:44] 高松的灯ll: 不发弹幕喷布罗利＝被布罗利365 我说清楚没
[2026-02-22 02:10:45] a1441f: @布罗利：又来了，请问niko要在社媒解释多少次自己没权力，你的猪脑子才会不根据臆想去行动思考？
[2026-02-22 02:10:45] LvvsiN: 为什么房管封的不能给鱼丸……还以为今天晚上得吃了……
[2026-02-22 02:10:45] suicho: 玩圣以德报怨，对载物和小蜜蜂不吝赞美，弹幕一直冲他还有没有良心？
[2026-02-22 02:10:45] 好姐妹空崎日奈: p胖
[2026-02-22 02:10:46] 里诺艾i: 玩大哥：兄弟们，我今天晚上没时间陪你们了。我得去找房管要回我的账号
[2026-02-22 02:10:47] 倾盆大rain: @cs2艾导团队：感谢布罗利的奉献与牺牲🫡
[2026-02-22 02:10:47] LvvsiN: 你为什么要把mαjor禁了，我收藏的一半弹幕全毁了
[2026-02-22 02:10:47] VALORANT钢枪指挥cadiaN: @nucleonz：至今对小蜜蜂保持100%胜率，荆芥说话
[2026-02-22 02:10:49] ZLG彪winner: 别光攻击房管忘了串niko啊
[2026-02-22 02:10:49] 刘刘的农: @这里是小天啊：大家发现没有，直播间弹幕越爆，这头🐖解说的就越投入，大家可以根据反应看自己的弹幕爆
[2026-02-22 02:10:49] LvvsiN: 孩子们快跑，马修赫伯特来了😨卧槽你的怎么是马枪和BOT
[2026-02-22 02:10:49] 杨枝曾听雨: @阿雨：布罗利你安心去吧，玩大哥保你安度晚年
[2026-02-22 02:10:50] 阡陌ER: 为什么数字发不出来了🧐之前不是发的很欢吗
[2026-02-22 02:10:50] 美食殿堂的雪菲本人: p胖
[2026-02-22 02:10:51] 虚心坦懐: @布罗利：回复 @有个小丑是谁我不说 :瑞典人是这样的（笑哭）（2023／10／6 ）
[2026-02-22 02:10:51] LvvsiN: 为什么房管封的不能给鱼丸……还以为今天晚上得吃了……
[2026-02-22 02:10:51] 啪啪啪啪的蛋: 玩圣以德报怨，对载物和小蜜蜂不吝赞美，弹幕一直冲他还有没有良心？
[2026-02-22 02:10:51] 用户9921747043: @布罗利：回复 @有个小丑是谁我不说 :瑞典人是这样的（笑哭）（2023／10／6 ）
[2026-02-22 02:10:52] 胖的飞起丫: 哦哦哦哦哦哦
[2026-02-22 02:10:52] vitality的亡巴淡本人: 爱弥斯:玩宝宝，你拯救世界，而我拯救你❤️❤️❤️
[2026-02-22 02:10:53] 玩血狼丶Bloodywolf: ？？
[2026-02-22 02:10:53] LvvsiN: 弹幕也就网上说说，现实里谁不觉得樱姐是好女孩（删括号领一条远坂凛同款鸟笼）
[2026-02-22 02:10:53] 无伟契约: p3
[2026-02-22 02:10:54] 生快生快妈妈: 不发弹幕喷布罗利＝被布罗利365 我说清楚没
[2026-02-22 02:10:54] 火星情报员工: @布罗利：又来了，请问niko要在社媒解释多少次自己没权力，你的猪脑子才会不根据臆想去行动思考？
[2026-02-22 02:10:54] 好的好的阖家: 玩圣以德报怨，对载物和小蜜蜂不吝赞美，弹幕一直冲他还有没有良心？
[2026-02-22 02:10:55] 好好的吧不错: @布罗利：回复 @有个小丑是谁我不说 :瑞典人是这样的（笑哭）（2023／10／6 ）
[2026-02-22 02:10:55] 鼻涕包包: p3
[2026-02-22 02:10:55] LvvsiN: 为什么房管封的不能给鱼丸……还以为今天晚上得吃了……
[2026-02-22 02:10:55] 鹿公爷: @cs2艾导团队：感谢布罗利的奉献与牺牲🫡
[2026-02-22 02:10:55] 草莓冰酪: 不是 布罗利你为什么一裤子黑蛋啊 我让你全仓一代手套
[2026-02-22 02:10:56] 比翼的翅膀丶: fw
[2026-02-22 02:10:57] 驴驴宗宗买这冠军: 别光攻击房管忘了串niko啊
[2026-02-22 02:10:57] 默默momoMoMo123: @布罗利：回复 @有个小丑是谁我不说 :瑞典人是这样的（笑哭）（2023／10／6 ）
[2026-02-22 02:10:57] 二爷喝啤酒: p3
[2026-02-22 02:10:57] LvvsiN: 就tm喜欢银行业🥰银行坏账我喜欢🥰银行挤兑我还喜欢😍利率调低我也喜欢🤤老子亲烂银行业的脸😘
[2026-02-22 02:10:57] 星海羽弦: 玩圣以德报怨，对载物和小蜜蜂不吝赞美，弹幕一直冲他还有没有良心？
[2026-02-22 02:10:57] 好姐妹倉田真白: p3
[2026-02-22 02:10:58] 草莓冰酪: 不是 布罗利你为什么一裤子黑蛋啊 我让你全仓一代手套
[2026-02-22 02:10:58] Z伊卡洛斯Z: 不发弹幕喷布罗利＝被布罗利365 我说清楚没
[2026-02-22 02:10:58] 另一个世界7: 为什么房管封的不能给鱼丸……还以为今天晚上得吃了……
[2026-02-22 02:10:58] 法式卡神: p3
[2026-02-22 02:10:59] Faze的新岛真本人: 每日倒立五分钟🤸‍♀️🤸‍♀️🤸‍♀️🤸‍♀️🤸‍♀️🤸‍♀️🤸‍♀️
[2026-02-22 02:10:59] Falcons十天老粉: 为什么数字发不出来了🧐之前不是发的很欢吗
[2026-02-22 02:10:59] storyfornobody: 玩圣以德报怨，对载物和小蜜蜂不吝赞美，弹幕一直冲他还有没有良心？
[2026-02-22 02:10:59] csgo小茄子: 玩大哥，弹幕这么刷你都没登山，你不会是把副屏关了然后装作没有弹幕吧
[2026-02-22 02:10:59] LvvsiN: 玩宝宝，我发现在大学上学的时候肄业会很舒服，你可以试试
[2026-02-22 02:10:59] 玩猴爪丶MonkeyPaw: @device：丹麦人加一这条弹幕展现凝聚力💪🏻（IP地址：🇺🇸）
[2026-02-22 02:10:59] 阿瓦伊莉雅: 你为什么要把mαjor禁了，我收藏的一半弹幕全毁了
[2026-02-22 02:10:59] 宇莓: @布罗利：回复 @有个小丑是谁我不说 :瑞典人是这样的（笑哭）（2023／10／6 ）
[2026-02-22 02:11:00] 淡然夏末的温存11: 热知识。玩大哥表面说别攻击家人。steam好友列表里有两个叫××5的好友
[2026-02-22 02:11:00] 微笑灬雨凝: 别光攻击房管忘了串niko啊
[2026-02-22 02:11:00] 左颜And1: 不是 布罗利你为什么一裤子黑蛋啊 我让你全仓一代手套
[2026-02-22 02:11:00] 擅长登山的亦博同学: p3
[2026-02-22 02:11:01] 老人星的优秀素质本人: 不发弹幕喷布罗利＝被布罗利365 我说清楚没
[2026-02-22 02:11:01] LvvsiN: 额，拿亚军我都会，拿亚军，拿季军，拿四强，拿八强，拿十六强，呃拿冠军我不会，然后小组赛淘汰
[2026-02-22 02:11:02] 我有一对电动大牛子: @布罗利：回复 @有个小丑是谁我不说 :瑞典人是这样的（笑哭）（2023／10／6 ）
[2026-02-22 02:11:02] 好姐妹久远寺有猪: @布罗利：回复 @有个小丑是谁我不说 :瑞典人是这样的（笑哭）（2023／10／6 ）
[2026-02-22 02:11:02] Faze的新岛真本人: 每日倒立五分钟🤸‍♀️🤸‍♀️🤸‍♀️🤸‍♀️🤸‍♀️🤸‍♀️🤸‍♀️
[2026-02-22 02:11:02] XCChieri: 玩圣以德报怨，对载物和小蜜蜂不吝赞美，弹幕一直冲他还有没有良心？
[2026-02-22 02:11:02] Hitagi蟹蟹: 不发弹幕喷布罗利＝被布罗利365 我说清楚没
[2026-02-22 02:11:02] 用户5608006019: p3
[2026-02-22 02:11:02] 我730730730: 不是 布罗利你为什么一裤子黑蛋啊 我让你全仓一代手套
[2026-02-22 02:11:02] 好姊妹古明地恋: 玩大哥：兄弟们，我今天晚上没时间陪你们了。我得去找房管要回我的账号
[2026-02-22 02:11:03] 海绵宝宝可不儿: p3
[2026-02-22 02:11:03] 最后之作146: 僵尸
[2026-02-22 02:11:03] 石家庄的宠物男孩: 僵尸
[2026-02-22 02:11:03] AiLuoLi1413: 为什么房管封的不能给鱼丸……还以为今天晚上得吃了……
[2026-02-22 02:11:03] 子曰不可说700: zt
[2026-02-22 02:11:03] LvvsiN: 玩 出，我双倍呢？😡😡玩 出，我双倍呢？😡😡玩 出，我双倍呢？😡😡玩 出，我双倍呢？😡
[2026-02-22 02:11:03] smfiys: @这里是小天啊：大家发现没有，直播间弹幕越爆，这头🐖解说的就越投入，大家可以根据反应看自己的弹幕爆
[2026-02-22 02:11:03] 转生成为阳光大番薯: 不发弹幕喷布罗利＝被布罗利365 我说清楚没
[2026-02-22 02:11:03] 丶丶Ken丶丶: 别光攻击房管忘了串niko啊
[2026-02-22 02:11:04] 乌贼王乌索普: 为什么数字发不出来了🧐之前不是发的很欢吗
[2026-02-22 02:11:04] 淡色阳炎: 我说实话，一会登山了又要哭着求玩宝宝回来了
[2026-02-22 02:11:04] 浸润、: p3
[2026-02-22 02:11:05] xOcOg: 布罗利能不能把直播间封了，看不得🧊
[2026-02-22 02:11:05] 驴驴宗宗买这冠军: 玩圣以德报怨，对载物和小蜜蜂不吝赞美，弹幕一直冲他还有没有良心？
[2026-02-22 02:11:05] Arcturisss: @布罗利：回复 @有个小丑是谁我不说 :瑞典人是这样的（笑哭）（2023／10／6 ）
[2026-02-22 02:11:05] csgo小茄子: 玩大哥，弹幕这么刷你都没登山，你不会是把副屏关了然后装作没有弹幕吧
[2026-02-22 02:11:05] a1441f: @布罗利：回复 @有个小丑是谁我不说 :瑞典人是这样的（笑哭）（2023／10／6 ）
[2026-02-22 02:11:05] 图帕雷松: @cs2艾导团队：感谢布罗利的奉献与牺牲🫡
[2026-02-22 02:11:05] LvvsiN: 我让你开双倍你二龙吗？老子荧光棒要过期了
[2026-02-22 02:11:06] 两个麻: p3
[2026-02-22 02:11:06] 空有无垠: 别光攻击房管忘了串niko啊
[2026-02-22 02:11:06] 巴黎城下塞纳河l: 不发弹幕喷布罗利＝被布罗利365 我说清楚没
[2026-02-22 02:11:06] OMGlionKing: @布罗利：我参与了投票Drake这个diss怎么样？ 我投给了“我觉得顶”[笑哭]
[2026-02-22 02:11:06] 窝法25年零分冠: 玩圣以德报怨，对载物和小蜜蜂不吝赞美，弹幕一直冲他还有没有良心？
[2026-02-22 02:11:07] znnoy: @布罗利2023／10／25 01:42:38：买了！
[2026-02-22 02:11:07] Escapee3: 别光攻击房管忘了串niko啊
[2026-02-22 02:11:07] Falcons的丰川niko本人: 玩圣以德报怨，对载物和小蜜蜂不吝赞美，弹幕一直冲他还有没有良心？
[2026-02-22 02:11:07] LvvsiN: 为什么房管封的不能给鱼丸……还以为今天晚上得吃了……
[2026-02-22 02:11:07] 海绵宝宝小能儿: 玩圣以德报怨，对载物和小蜜蜂不吝赞美，弹幕一直冲他还有没有良心？
[2026-02-22 02:11:07] 玩猴爪丶MonkeyPaw: 主播你看弹幕吗？我看弹幕都在骂你，你根本没有回应
[2026-02-22 02:11:08] 罗裙摇曳: @布罗利：回复 @有个小丑是谁我不说 :瑞典人是这样的（笑哭）（2023／10／6 ）
[2026-02-22 02:11:08] Faze的新岛真本人: 每日倒立五分钟🤸‍♀️🤸‍♀️🤸‍♀️🤸‍♀️🤸‍♀️🤸‍♀️🤸‍♀️
[2026-02-22 02:11:08] 驴驴宗宗买这冠军: @布罗利：回复 @有个小丑是谁我不说 :瑞典人是这样的（笑哭）（2023／10／6 ）
[2026-02-22 02:11:08] 虹学会天王寺璃奈本人: 别光攻击房管忘了串niko啊
[2026-02-22 02:11:08] 普通网友小沈: @布罗利：回复 @有个小丑是谁我不说 :瑞典人是这样的（笑哭）（2023／10／6 ）
[2026-02-22 02:11:08] 禹钰禹: 玩圣以德报怨，对载物和小蜜蜂不吝赞美，弹幕一直冲他还有没有良心？
[2026-02-22 02:11:08] v风间琉璃v: 僵尸
[2026-02-22 02:11:08] 桂林米粉比较好吃: 不发弹幕喷布罗利＝被布罗利365 我说清楚没
[2026-02-22 02:11:09] 草莓冰酪: 不是 布罗利你为什么一裤子黑蛋啊 我让你全仓一代手套
[2026-02-22 02:11:09] Ayu824: 不发弹幕喷布罗利＝被布罗利365 我说清楚没
[2026-02-22 02:11:09] 當海潮涌向礁岩: 别光攻击房管忘了串niko啊
[2026-02-22 02:11:09] 高松的灯ll: 不发弹幕喷布罗利＝被布罗利365 我说清楚没
[2026-02-22 02:11:09] 给jee介绍女朋友: 不是 布罗利你为什么一裤子黑蛋啊 我让你全仓一代手套
[2026-02-22 02:11:09] 王佰柒柒: [吃瓜]这么有钱都开不起大会员啊 富哥[呲牙][呲牙][呲牙] 当前查询uid:6512408
[2026-02-22 02:11:09] 刘刘的农: @布罗利：回复 @有个小丑是谁我不说 :瑞典人是这样的（笑哭）（2023／10／6 ）
[2026-02-22 02:11:09] LvvsiN: 我让你开双倍你二龙吗？老子荧光棒要过期了
[2026-02-22 02:11:09] 不知名贝斯手: 别光攻击房管忘了串niko啊
[2026-02-22 02:11:10] 好姊妹古明地恋: 不发弹幕喷布罗利＝被布罗利365 我说清楚没
[2026-02-22 02:11:10] 爆爆爆开爆: 不是 布罗利你为什么一裤子黑蛋啊 我让你全仓一代手套
[2026-02-22 02:11:10] viovvvvvvvon: 不发弹幕喷布罗利＝被布罗利365 我说清楚没
[2026-02-22 02:11:10] 青山锁欲锁不住你: @布罗利：回复 @有个小丑是谁我不说 :瑞典人是这样的（笑哭）（2023／10／6 ）
[2026-02-22 02:11:10] 卡啊卡卡丶: 不发弹幕喷布罗利＝被布罗利365 我说清楚没
[2026-02-22 02:11:11] 何以为涛: 　　　 别光攻击房管忘了串niko啊
[2026-02-22 02:11:11] 专看玩机器的号: 玩圣以德报怨，对载物和小蜜蜂不吝赞美，弹幕一直冲他还有没有良心？
[2026-02-22 02:11:11] Evelexl: p3
[2026-02-22 02:11:11] 撒浪嘿呦0v0: 玩圣以德报怨，对载物和小蜜蜂不吝赞美，弹幕一直冲他还有没有良心？
[2026-02-22 02:11:11] 用户353468782: 不发弹幕喷布罗利＝被布罗利365 我说清楚没
[2026-02-22 02:11:11] XCChieri: 我让你开双倍你二龙吗？老子荧光棒要过期了
[2026-02-22 02:11:11] g2的尼ko本人: p3
[2026-02-22 02:11:12] LaifuoO来福oO: @布罗利：回复 @有个小丑是谁我不说 :瑞典人是这样的（笑哭）（2023／10／6 ）
[2026-02-22 02:11:12] 碧海深处蔚多兰: 为什么房管封的不能给鱼丸……还以为今天晚上得吃了……
[2026-02-22 02:11:12] 叫我老岑就好了呀: @这里是小天啊：大家发现没有，直播间弹幕越爆，这头🐖解说的就越投入，大家可以根据反应看自己的弹幕爆
[2026-02-22 02:11:12] 置身于苦难与阳光之间: 不发弹幕喷布罗利＝被布罗利365 我说清楚没
[2026-02-22 02:11:12] vitality的亡巴淡本人: 爱弥斯:玩宝宝，你拯救世界，而我拯救你❤️❤️❤️
[2026-02-22 02:11:12] 久遠寺有珠Alice: 热知识。玩大哥表面说别攻击家人。steam好友列表里有两个叫××5的好友
[2026-02-22 02:11:12] 美食殿堂的雪菲本人: 每日倒立五分钟🤸‍♀️🤸‍♀️🤸‍♀️🤸‍♀️🤸‍♀️🤸‍♀️🤸‍♀️
[2026-02-22 02:11:12] 驴驴宗宗买这冠军: 玩圣以德报怨，对载物和小蜜蜂不吝赞美，弹幕一直冲他还有没有良心？
[2026-02-22 02:11:12] 有你便是世界1: 僵尸
[2026-02-22 02:11:12] Faze的新岛真本人: 每日倒立五分钟🤸‍♀️🤸‍♀️🤸‍♀️🤸‍♀️🤸‍♀️🤸‍♀️🤸‍♀️
[2026-02-22 02:11:12] suicho: 玩圣以德报怨，对载物和小蜜蜂不吝赞美，弹幕一直冲他还有没有良心？？
[2026-02-22 02:11:13] 神奥联盟的竹兰本人: 玩圣以德报怨，对载物和小蜜蜂不吝赞美，弹幕一直冲他还有没有良心？
[2026-02-22 02:11:13] wedd1ddeJodd: 142
[2026-02-22 02:11:13] csgo小茄子: 玩大哥，弹幕这么刷你都没登山，你不会是把副屏关了然后装作没有弹幕吧
[2026-02-22 02:11:13] Mc凉月奏酱: @布罗利：回复 @有个小丑是谁我不说 :瑞典人是这样的（笑哭）（2023／10／6 ）
[2026-02-22 02:11:14] znnoy: @布罗利 2023／10／25 01:42:38：买了！
[2026-02-22 02:11:14] cornkiner: @布罗利：回复 @有个小丑是谁我不说 :瑞典人是这样的（笑哭）（2023／10／6 ）
[2026-02-22 02:11:14] 丶丶Ken丶丶: 玩圣以德报怨，对载物和小蜜蜂不吝赞美，弹幕一直冲他还有没有良心？
[2026-02-22 02:11:14] Swindle9527: @布罗利：回复 @有个小丑是谁我不说 :瑞典人是这样的（笑哭）（2023／10／6 ）
[2026-02-22 02:11:14] sarbest: 别光攻击房管忘了串niko啊
[2026-02-22 02:11:15] 呆妹儿的姑父: @CS2小呆呆：让你全仓21黑蛋你怎么买的20黑蛋
[2026-02-22 02:11:15] 漩涡章鱼: 不发弹幕喷布罗利＝被布罗利365 我说清楚没
[2026-02-22 02:11:15] Flynnnnnnn: 别光攻击房管忘了串niko啊
[2026-02-22 02:11:15] siufff: 玩圣以德报怨，对载物和小蜜蜂不吝赞美，弹幕一直冲他还有没有良心？
[2026-02-22 02:11:15] 玩猴爪丶MonkeyPaw: 主播你看弹幕吗？我看弹幕都在骂你，你根本没有回应
[2026-02-22 02:11:15] 王佰柒柒: [吃瓜]这么有钱都开不起大会员啊 富哥[呲牙][呲牙][呲牙] 当前查询uid:6 512 408
[2026-02-22 02:11:15] 荧Arie: 玩圣以德报怨，对载物和小蜜蜂不吝赞美，弹幕一直冲他还有没有良心？
[2026-02-22 02:11:15] 驴驴宗宗买这冠军: 不是 布罗利你为什么一裤子黑蛋啊 我让你全仓一代手套
[2026-02-22 02:11:16] 用户594678086: 不发弹幕喷布罗利＝被布罗利365 我说清楚没
[2026-02-22 02:11:16] 我730730730: 玩圣以德报怨，对载物和小蜜蜂不吝赞美，弹幕一直冲他还有没有良心？
[2026-02-22 02:11:16] 所以我又晕了: 别光攻击房管忘了串niko啊
[2026-02-22 02:11:16] TheMongolZ的上单本人: @布罗利：回复 @有个小丑是谁我不说 :瑞典人是这样的（笑哭）（2023／10／6 ）
[2026-02-22 02:11:16] 丶小恐龙丶: 玩圣以德报怨，对载物和小蜜蜂不吝赞美，弹幕一直冲他还有没有良心？
[2026-02-22 02:11:16] 山河jek: 🗿🗿🗿🗿🗿🗿🗿🗿🗿🗿🗿🗿🗿🗿🗿🗿🗿🗿🗿🗿
[2026-02-22 02:11:17] 米米世界之神: @布罗利：回复 @有个小丑是谁我不说 :瑞典人是这样的（笑哭）（2023／10／6 ）
[2026-02-22 02:11:17] K0bayashi: 　　　 别光攻击房管忘了串niko啊
[2026-02-22 02:11:17] znnoy: @布罗利 2023／10／25 01:42:38：买了！
[2026-02-22 02:11:17] 铁血老丈人: 热知识。玩大哥表面说别攻击家人。steam好友列表里有两个叫××5的好友
[2026-02-22 02:11:17] Daballbin: @7森：一群虾等人，办个1圆牌子也想控制主播，闹床了
[2026-02-22 02:11:17] LvvsiN: 为什么房管封的不能给鱼丸……还以为今天晚上得吃了……
[2026-02-22 02:11:17] 283的铃木羽那本人: 不发弹幕喷布罗利＝被布罗利365 我说清楚没
[2026-02-22 02:11:18] FlowWhiteL: 玩圣以德报怨，对载物和小蜜蜂不吝赞美，弹幕一直冲他还有没有良心？
[2026-02-22 02:11:18] 白桦mole: 不发弹幕喷布罗利＝被布罗利365 我说清楚没
[2026-02-22 02:11:18] 佛挡杀佛阿塞斯: 玩圣以德报怨，对载物和小蜜蜂不吝赞美，弹幕一直冲他还有没有良心？
[2026-02-22 02:11:18] 鸭硕的哈撒给: @布罗利：回复 @有个小丑是谁我不说 :瑞典人是这样的（笑哭）（2023／10／6 ）
[2026-02-22 02:11:18] 顾书沅: 不发弹幕喷布罗利＝被布罗利365 我说清楚没
[2026-02-22 02:11:18] MeIoN39: 主播你看弹幕吗？我看弹幕都在骂你，你根本没有回应
[2026-02-22 02:11:19] a1441f: @布罗利：回复 @有个小丑是谁我不说 :瑞典人是这样的（笑哭）（2023／10／6 ）
[2026-02-22 02:11:19] csgo小茄子: 玩大哥，弹幕这么刷你都没登山，你不会是把副屏关了然后装作没有弹幕吧
[2026-02-22 02:11:19] 永远爱玩宝宝: 玩圣以德报怨，对载物和小蜜蜂不吝赞美，弹幕一直冲他还有没有良心？
[2026-02-22 02:11:19] rick4759: 玩圣以德报怨，对载物和小蜜蜂不吝赞美，弹幕一直冲他还有没有良心？
[2026-02-22 02:11:19] 卡啊卡卡丶: @海绵宝宝小能儿：玩圣以德报怨，对载物和小蜜蜂不吝赞美，弹幕一直冲他还有没有良心？
[2026-02-22 02:11:20] 冷言i丶: 别光攻击房管忘了串niko啊
[2026-02-22 02:11:20] viovvvvvvvon:  @海绵宝宝小能儿：玩圣以德报怨，对载物和小蜜蜂不吝赞美，弹幕一直冲他还有没有良心？
[2026-02-22 02:11:20] 爱被小泉吃的拉面同学: @布罗利2023／10／25 01:42:38：买了！
[2026-02-22 02:11:20] 我是真想给玩神当二台: 不发弹幕喷布罗利＝被布罗利365 我说清楚没
[2026-02-22 02:11:20] 最后之作146: @布罗利：回复 @有个小丑是谁我不说 :瑞典人是这样的（笑哭）（2023／10／6 ）
[2026-02-22 02:11:21] 爆爆爆开爆: @布罗利 2023／10／25 01:42:38：买了！
[2026-02-22 02:11:21] 叛逆的源源李: 不发弹幕喷布罗利＝被布罗利365 我说清楚没
[2026-02-22 02:11:21] 用户0123466560: 玩圣以德报怨，对载物和小蜜蜂不吝赞美，弹幕一直冲他还有没有良心？
[2026-02-22 02:11:21] 紫魂青魄少年心: 不发弹幕喷布罗利＝被布罗利365 我说清楚没
[2026-02-22 02:11:21] 玩黑豹FURIA: @布罗利 2023／10／25 01:42:38：买了！
[2026-02-22 02:11:21] 糖尿病少恰甜的: 玩圣以德报怨，对载物和小蜜蜂不吝赞美，弹幕一直冲他还有没有良心？
[2026-02-22 02:11:21] 刘刘的农: 热知识。玩大哥表面说别攻击家人。steam好友列表里有两个叫××5的好友
[2026-02-22 02:11:22] RGsdfbf:     别光攻击房管忘了串niko啊
[2026-02-22 02:11:22] 置身于苦难与阳光之间: 别光攻击房管忘了串niko啊
[2026-02-22 02:11:22] kyubit: 玩圣以德报怨，对载物和小蜜蜂不吝赞美，弹幕一直冲他还有没有良心？
[2026-02-22 02:11:22] GF-of-GotohHitori、Kita: @CS2小呆呆：让你全仓21黑蛋你怎么买的20黑蛋
[2026-02-22 02:11:23] 用户5059772722: 不是 布罗利你为什么一裤子黑蛋啊 我让你全仓一代手套
[2026-02-22 02:11:23] cs2小黎子: [吃瓜]这么有钱都开不起大会员啊 富哥[呲牙][呲牙][呲牙] 当前查询uid:6512408
[2026-02-22 02:11:23] 窝法25年零分冠: 不是 布罗利你为什么一裤子黑蛋啊 我让你全仓一代手套
[2026-02-22 02:11:23] KRU的Less本人: @布罗利：回复 @有个小丑是谁我不说 :瑞典人是这样的（笑哭）（2023／10／6 ）
[2026-02-22 02:11:23] 凌晨四点317: 不发弹幕喷布罗利＝被布罗利365 我说清楚没
[2026-02-22 02:11:26] 終橙: 玩圣以德报怨，对载物和小蜜蜂不吝赞美，弹幕一直冲他还有没有良心？
[2026-02-22 02:11:26] BTSG丶: 玩圣以德报怨，对载物和小蜜蜂不吝赞美，弹幕一直冲他还有没有良心？
[2026-02-22 02:11:26] 一滴HitoShizuku: 不发弹幕喷布罗利＝被布罗利365 我说清楚没
[2026-02-22 02:11:26] L0ost: 玩机器难绷zywoo与jee友好互动；暴怒！玩机器怒喷niko编nota！直言：尼编尼亩呢！
[2026-02-22 02:11:26] csgo小茄子: 玩大哥，弹幕这么刷你都没登山，你不会是把副屏关了然后装作没有弹幕吧
[2026-02-22 02:11:26] 我也是加把劲骑士: 不发弹幕喷布罗利＝被布罗利365 我说清楚没
[2026-02-22 02:11:26] 蜗牛蜗牛你快快走: 热知识。玩大哥表面说别攻击家人。steam好友列表里有两个叫××5的好友
[2026-02-22 02:11:26] 正直的鸡哥: 不发弹幕喷布罗利＝被布罗利365 我说清楚没
[2026-02-22 02:11:26] 大梦464: 不发弹幕喷布罗利＝被布罗利365 我说清楚没
[2026-02-22 02:11:26] 正经猪头肉: 玩圣以德报怨，对载物和小蜜蜂不吝赞美，弹幕一直冲他还有没有良心？
[2026-02-22 02:11:26] 妖艳阿卡莎: 别光攻击房管忘了串niko啊
[2026-02-22 02:11:26] 杰斌候入长峪城: 玩圣以德报怨，对载物和小蜜蜂不吝赞美，弹幕一直冲他还有没有良心？
[2026-02-22 02:11:26] 卡啊卡卡丶: 热知识。玩大哥表面说别攻击家人。steam好友列表里有两个叫××5的好友
[2026-02-22 02:11:26] 乌贼王乌索普: 别光攻击房管忘了串niko啊
[2026-02-22 02:11:26] 阿瓦伊莉雅: [尴尬][尴尬][尴尬][尴尬][尴尬][尴尬][尴尬][尴尬][尴尬][尴尬][尴尬][尴尬]
[2026-02-22 02:11:26] 暴力卓司: @布罗利：回复 @有个小丑是谁我不说 :瑞典人是这样的（笑哭）（2023／10／6 ）
[2026-02-22 02:11:26] 好哥们韩信: @所有人兄弟们，最进弹幕可能会有很多人直球骂主播，如果碰到正常批的请不要封禁。如果碰到那种玩数字梗，谐音梗直接攻击我家人，或者水友家人的，麻
[2026-02-22 02:11:26] 机长家的华仔: 玩圣以德报怨，对载物和小蜜蜂不吝赞美，弹幕一直冲他还有没有良心？
[2026-02-22 02:11:26] Z伊卡洛斯Z: 热知识。玩大哥表面说别攻击家人。steam好友列表里有两个叫××5的好友
[2026-02-22 02:11:26] 图帕雷松: 玩圣以德报怨，对载物和小蜜蜂不吝赞美，弹幕一直冲他还有没有良心？
[2026-02-22 02:11:26] 那英啊哈哈哈: 别光攻击房管忘了串niko啊
[2026-02-22 02:11:27] simple的前男友: 玩圣以德报怨，对载物和小蜜蜂不吝赞美，弹幕一直冲他还有没有良心？
[2026-02-22 02:11:27] liny66: 玩大哥，弹幕这么刷你都没登山，你不会是把副屏关了然后装作没有弹幕吧
[2026-02-22 02:11:27] 王佰柒柒: [吃瓜]这么有钱都开不起大会员啊 富哥[呲牙][呲牙][呲牙] 当前查询uid:6 5 12 4 0
[2026-02-22 02:11:27] 驴驴宗宗买这冠军: 别光攻击房管忘了串niko啊
[2026-02-22 02:11:27] 搞笑男西德尼: 热知识。玩大哥表面说别攻击家人。steam好友列表里有两个叫××5的好友
[2026-02-22 02:11:27] Peko-: @海绵宝宝小能儿：玩圣以德报怨，对载物和小蜜蜂不吝赞美，弹幕一直冲他还有没有良心？
[2026-02-22 02:11:27] 蜗牛蜗牛你快快走: 热知识。玩大哥表面说别攻击家人。steam好友列表里有两个叫××5的好友
[2026-02-22 02:11:27] 鸭硕的哈撒给: @CS2小呆呆：让你全仓21黑蛋你怎么买的20黑蛋
[2026-02-22 02:11:27] 单推折纸11年: 不发弹幕喷布罗利＝被布罗利365 我说清楚没
[2026-02-22 02:11:28] 要一起好好努力: @布罗利 2023／10／25 01:42:38：买了！
[2026-02-22 02:11:28] 布拉德丶皮特: 开始研发吧
[2026-02-22 02:11:28] 棍神南极服登顶: 不发弹幕喷布罗利＝被布罗利365 我说清楚没
[2026-02-22 02:11:28] Mathiaskiller: 不发弹幕喷布罗利＝被布罗利365 我说清楚没
[2026-02-22 02:11:29] 爱被小泉吃的拉面同学: 热知识。玩大哥表面说别攻击家人。steam好友列表里有两个叫××5的好友
[2026-02-22 02:11:29] 这牙缝可以: 别光攻击房管忘了串niko啊
[2026-02-22 02:11:29] 丶丶Ken丶丶: @布罗利2023／10／25 01:42:38：买了！
[2026-02-22 02:11:29] sjtu的musketeers本人: 不是 布罗利你为什么一裤子黑蛋啊 我让你全仓一代手套
[2026-02-22 02:11:29] 卧看星河尽意明丶: 玩圣以德报怨，对载物和小蜜蜂不吝赞美，弹幕一直冲他还有没有良心？
[2026-02-22 02:11:29] 可可爱爱戴佳伟: 不发弹幕喷布罗利＝被布罗利365 我说清楚没
[2026-02-22 02:11:29] 帕金森患者Z: 热知识。玩大哥表面说别攻击家人。steam好友列表里有两个叫××5的好友
[2026-02-22 02:11:29] 一拳打爆你魔丸: 不是 布罗利你为什么一裤子黑蛋啊 我让你全仓一代手套
[2026-02-22 02:11:29] AmamiyaIori: 热知识。玩大哥表面说别攻击家人。steam好友列表里有两个叫××5的好友
[2026-02-22 02:11:29] 袁雨桢的小酥肉本肉: 玩圣以德报怨，对载物和小蜜蜂不吝赞美，弹幕一直冲他还有没有良心？
[2026-02-22 02:11:30] LvvsiN: 弹幕也就网上说说，现实里谁不觉得樱姐是好女孩（删括号领一条远坂凛同款鸟笼）
[2026-02-22 02:11:30] MataXian: 热知识。玩大哥表面说别攻击家人。steam好友列表里有两个叫××5的好友
[2026-02-22 02:11:30] 蜗牛蜗牛你快快走: 别光攻击房管忘了串niko啊
[2026-02-22 02:11:30] 我要改名字2153: 玩圣以德报怨，对载物和小蜜蜂不吝赞美，弹幕一直冲他还有没有良心？
[2026-02-22 02:11:30] 玩黑豹FURIA: @最后之作146：@布罗利：回复 @有个小丑是谁我不说 :瑞典人是这样的（笑哭）（2023／10／6
[2026-02-22 02:11:31] csgo小茄子: 玩大哥，弹幕这么刷你都没登山，你不会是把副屏关了然后装作没有弹幕吧
[2026-02-22 02:11:31] 量子毁灭717: 这贵宾还没PV那时候多，我看载物也是活该被玩大哥黏住
[2026-02-22 02:11:31] viovvvvvvvon:  @窝法25年零分冠：不是 布罗利你为什么一裤子黑蛋啊 我让你全仓一代手套
[2026-02-22 02:11:31] a1441f: @布罗利：回复 @有个小丑是谁我不说 :瑞典人是这样的（笑哭）（2023／10／6 ）
[2026-02-22 02:11:31] 黄浦niko: 经常马一下
[2026-02-22 02:11:31] C0C00N:  @GF-of-GotohHitori、Kita：@CS2小呆呆：让你全仓21黑蛋你怎么买的20黑蛋
[2026-02-22 02:11:31] 呆妹儿的姑父: @CS2小呆呆：让你全仓21黑蛋你怎么买的20黑蛋
[2026-02-22 02:11:32] SDSF004: 被偷正面罢了
[2026-02-22 02:11:32] 洞洞载载车车major冠军: 别光攻击房管忘了串niko啊
[2026-02-22 02:11:32] 串串金枪鱼: 热知识。玩大哥表面说别攻击家人。steam好友列表里有两个叫××5的好友
[2026-02-22 02:11:32] 十五勇士之一apex: 不发弹幕喷布罗利＝被布罗利365 我说清楚没
[2026-02-22 02:11:32] 洛陽城里看落陽: 不发弹幕喷布罗利＝被布罗利365 我说清楚没
[2026-02-22 02:11:32] Ayu824: 咳咳咳😷咳咳咳😫咳咳咳🚑咳咳咳🏥咳咳咳💀咳咳咳⚰
[2026-02-22 02:11:33] 阿七要努力js: @布罗利2023／10／25 01:42:38：买了！
[2026-02-22 02:11:33] 海绵宝宝农批儿: @布罗利 2023／10／25 01:42:38：买了！
[2026-02-22 02:11:33] 古怪的一个人: 不发弹幕喷布罗利＝被布罗利365 我说清楚没
[2026-02-22 02:11:33] 尼你害孩没这冠军de: 别光攻击房管忘了串niko啊
[2026-02-22 02:11:33] 火星情报员工: 不发弹幕喷布罗利＝被布罗利365 我说清楚没
[2026-02-22 02:11:33] OMGlionKing: @布罗利：都是玩大哥让我骂的...
[2026-02-22 02:11:33] 伽蓝之堂的两仪式本人: 不发弹幕喷布罗利＝被布罗利365 我说清楚没
[2026-02-22 02:11:33] MyGo的tomorin本人: @布罗利 2023／10／25 01:42:38：买了！
[2026-02-22 02:11:34] 大颗寿司玩机器: 热知识。玩大哥表面说别攻击家人。steam好友列表里有两个叫××5的好友
[2026-02-22 02:11:34] csgo小茄子: 玩大哥，弹幕这么刷你都没登山，你不会是把副屏关了然后装作没有弹幕吧
[2026-02-22 02:11:34] 小救星小杜DuD: 不发弹幕喷布罗利＝被布罗利365 我说清楚没
[2026-02-22 02:11:34] 残枫丶Map1e: 不发弹幕喷布罗利＝被布罗利365 我说清楚没
[2026-02-22 02:11:34] 紫裳酱: 热知识。玩大哥表面说别攻击家人。steam好友列表里有两个叫××5的好友
[2026-02-22 02:11:35] Oasis0917: 不发弹幕喷布罗利＝被布罗利365 我说清楚没
[2026-02-22 02:11:35] 用户3866955218: 　　　 不发弹幕喷布罗利＝被布罗利365 我说清楚没
[2026-02-22 02:11:35] QU总的双下巴: 别光攻击房管忘了串niko啊
[2026-02-22 02:11:35] 棄王遺思: 热知识。玩大哥表面说别攻击家人。steam好友列表里有两个叫××5的好友
[2026-02-22 02:11:35] 刘刘的农: [吃瓜]这么有钱都开不起大会员啊 富哥[呲牙][呲牙][呲牙] 当前查询uid:6 5 12 4 0
[2026-02-22 02:11:35] 善善善阳阳阳: 可以说话了
[2026-02-22 02:11:35] 用户91227835: 热知识。玩大哥表面说别攻击家人。steam好友列表里有两个叫××5的好友
[2026-02-22 02:11:35] 想和阿飞抹茶三披: @玩机器：zywoo就活一个人啊 🤭
[2026-02-22 02:11:35] Odike: 不发弹幕喷布罗利＝被布罗利365 我说清楚没
[2026-02-22 02:11:35] 宇莓: 热知识。玩大哥表面说别攻击家人。steam好友列表里有两个叫××5的好友
[2026-02-22 02:11:36] 玩机器今晚还播吗: 热知识。玩大哥表面说别攻击家人。steam好友列表里有两个叫××5的好友
[2026-02-22 02:11:36] 陌襲: 玩圣以德报怨，对载物和小蜜蜂不吝赞美，弹幕一直冲他还有没有良心？
[2026-02-22 02:11:36] 爱尔奎特特特: 不发弹幕喷布罗利＝被布罗利365 我说清楚没
[2026-02-22 02:11:36] jamesfaith23: 不发弹幕喷布罗利＝被布罗利365 我说清楚没
[2026-02-22 02:11:37] 好的好的阖家: 　　　 热知识。玩大哥表面说别攻击家人。steam好友列表里有两个叫××5的好友
[2026-02-22 02:11:37] 爱上尖刺外婆: 热知识。玩大哥表面说别攻击家人。steam好友列表里有两个叫××5的好友
[2026-02-22 02:11:37] 老人星的优秀素质本人: 玩圣以德报怨，对载物和小蜜蜂不吝赞美，弹幕一直冲他还有没有良心？
[2026-02-22 02:11:37] 卡啊卡卡丶: 407167909
[2026-02-22 02:11:37] 觥月: 一哥直播间没一个讨论比赛的。。nb
[2026-02-22 02:11:37] 我只是个番薯: [什么！]
[2026-02-22 02:11:37] 用户0553661491: 别光攻击房管忘了串niko啊
[2026-02-22 02:11:38] LvvsiN: 银行业😄银行业😀银行业😃银行业😁银行业😆银行业🤪银行业😝
[2026-02-22 02:11:38] 泠鸢不是冷鸢丶: 不发弹幕喷布罗利＝被布罗利365 我说清楚没
[2026-02-22 02:11:38] 甘织玲奈子本人: 不是 布罗利你为什么一裤子黑蛋啊 我让你全仓一代手套
[2026-02-22 02:11:38] 李小小与虾大大: 布罗利Broli有多伟大，这么说吧，已经没人在骂Niko而都去骂他了
[2026-02-22 02:11:38] xuzVan: 热知识。玩大哥表面说别攻击家人。steam好友列表里有两个叫××5的好友
[2026-02-22 02:11:38] 6657Bullys1mple: 热知识。玩大哥表面说别攻击家人。steam好友列表里有两个叫××5的好友
[2026-02-22 02:11:38] 有你便是世界1: 这贵宾还没PV那时候多，我看载物也是活该被玩大哥黏住
[2026-02-22 02:11:39] 海绵宝宝小能儿: 别光攻击房管忘了串niko啊
[2026-02-22 02:11:39] 牧者云歌: 不发弹幕喷布罗利＝被布罗利365 我说清楚没
[2026-02-22 02:11:39] TheMongolZ的上单本人: 热知识。玩大哥表面说别攻击家人。steam好友列表里有两个叫××5的好友
[2026-02-22 02:11:39] 蜗牛蜗牛你快快走: 热知识。玩大哥表面说别攻击家人。steam好友列表里有两个叫××5的好友
[2026-02-22 02:11:40] XCChieri: 不发弹幕喷布罗利＝被布罗利365 我说清楚没
[2026-02-22 02:11:40] 王佰柒柒: @CS2小呆呆：让你全仓21黑蛋你怎么买的20黑蛋
[2026-02-22 02:11:40] OMGlionKing: @布罗利：都是玩大哥让我骂的...
[2026-02-22 02:11:40] 大家要幸福呀: 热知识。玩大哥表面说别攻击家人。steam好友列表里有两个叫××5的好友
[2026-02-22 02:11:40] 445440: 热知识。玩大哥表面说别攻击家人。steam好友列表里有两个叫××5的好友
[2026-02-22 02:11:40] rick4759: 热知识。玩大哥表面说别攻击家人。steam好友列表里有两个叫××5的好友
[2026-02-22 02:11:40] 結城希亞: 热知识。玩大哥表面说别攻击家人。steam好友列表里有两个叫××5的好友
[2026-02-22 02:11:41] 一寸灰Q: 这贵宾还没PV那时候多，我看载物也是活该被玩大哥黏住
[2026-02-22 02:11:41] Leonisss丶: 不发弹幕喷布罗利＝被布罗利365 我说清楚没
[2026-02-22 02:11:41] 胡雨童别奶了: @布罗利 2023／10／25 01:42:38：买了！
[2026-02-22 02:11:41] 萝团的白金燐子本人: popipa pipopa popinparty pipopa！
[2026-02-22 02:11:41] Jess2: 热知识。玩大哥表面说别攻击家人。steam好友列表里有两个叫××5的好友
[2026-02-22 02:11:42] 光文天天: 不发弹幕喷布罗利＝被布罗利365 我说清楚没
[2026-02-22 02:11:42] 小蜜蜂载物本人: 　　　 热知识。玩大哥表面说别攻击家人。steam好友列表里有两个叫××5的好友
[2026-02-22 02:11:42] 时光划过泪痕桥: 不发弹幕喷布罗利＝被布罗利365 我说清楚没
[2026-02-22 02:11:42] triangle233: 热知识。玩大哥表面说别攻击家人。steam好友列表里有两个叫××5的好友
[2026-02-22 02:11:42] 那英啊哈哈哈: 玩圣以德报怨，对载物和小蜜蜂不吝赞美，弹幕一直冲他还有没有良心？
[2026-02-22 02:11:42] eewwovo: 热知识。玩大哥表面说别攻击家人。steam好友列表里有两个叫××5的好友
[2026-02-22 02:11:42] 云楼汐: 一哥直播间没一个讨论比赛的。。nb
[2026-02-22 02:11:42] 茂名水鬼: 玩大哥，弹幕这么刷你都没登山，你不会是把副屏关了然后装作没有弹幕吧
[2026-02-22 02:11:43] 美食殿堂的雪菲本人: 儿子在鲁“儿子们鲁没鲁”，孙子在鲁，tmd吊清醒者tmd地鲁出一根“鲁了”
[2026-02-22 02:11:43] 再见仍是骚年: 一哥直播间没一个讨论比赛的。。nb
[2026-02-22 02:11:43] 高松的灯ll: 407167909
[2026-02-22 02:11:43] I手写的从前I: 热知识。玩大哥表面说别攻击家人。steam好友列表里有两个叫××5的好友
[2026-02-22 02:11:43] 结束乐队的kitakitan本人: 不发弹幕喷布罗利＝被布罗利365 我说清楚没
[2026-02-22 02:11:43] Mortnotz: 热知识。玩大哥表面说别攻击家人。steam好友列表里有两个叫××5的好友
[2026-02-22 02:11:43] 我只是个番薯: [尴尬][尴尬][尴尬][尴尬][尴尬][尴尬][尴尬][尴尬][尴尬]
[2026-02-22 02:11:44] csgo小茄子: 玩大哥，弹幕这么刷你都没登山，你不会是把副屏关了然后装作没有弹幕吧
[2026-02-22 02:11:44] 纸漓: 不发弹幕喷布罗利＝被布罗利365 我说清楚没
[2026-02-22 02:11:44] RAINBLIND: 可以说话了
[2026-02-22 02:11:44] 刘刘的农: @布罗利：都是玩大哥让我骂的...
[2026-02-22 02:11:44] Z伊卡洛斯Z: @布罗利2023／10／25 01:42:38：买了！
[2026-02-22 02:11:45] 一刀一个啵啵怪: 死一个布罗利 矛盾美美转移
[2026-02-22 02:11:45] 呆妹儿的姑父: @CS2小呆呆：让你全仓21黑蛋你怎么买的20黑蛋
[2026-02-22 02:11:45] gggaligeigei: @布罗利：回复 @有个小丑是谁我不说 :瑞典人是这样的（笑哭）（2023／10／6 ）
[2026-02-22 02:11:45] 海绵宝宝农批儿: 不是 布罗利你为什么一裤子黑蛋啊 我让你全仓一代手套
[2026-02-22 02:11:45] cyding16: 热知识。玩大哥表面说别攻击家人。steam好友列表里有两个叫××5的好友
[2026-02-22 02:11:45] 淡然夏末的温存11: 热知识。玩大哥表面说别攻击家人。steam好友列表里有两个叫××5的好友
[2026-02-22 02:11:46] FiaoxP: 玩圣以德报怨，对载物和小蜜蜂不吝赞美，弹幕一直冲他还有没有良心？
[2026-02-22 02:11:46] 冲上云霄的姨: 热知识。玩大哥表面说别攻击家人。steam好友列表里有两个叫××5的好友
[2026-02-22 02:11:46] 玩猴爪丶MonkeyPaw: @REZ：瑞典人加一这条弹幕展现凝聚力💪🏻
[2026-02-22 02:11:46] 想和阿飞抹茶三披: @玩机器：zywoo就活一个人啊 🤭
[2026-02-22 02:11:46] 麻将高手八木唯: 热知识。玩大哥表面说别攻击家人。steam好友列表里有两个叫××5的好友
[2026-02-22 02:11:46] 筱殇Xss: 车主这是真病了 就跟24年载大哥一样
[2026-02-22 02:11:46] viovvvvvvvon:  @炉心融解中毒者：别光攻击房管忘了串niko啊
[2026-02-22 02:11:47] 新津粥劫伦: 　　　 热知识。玩大哥表面说别攻击家人。steam好友列表里有两个叫××5的好友
[2026-02-22 02:11:47] HisuiHearts: 热知识。玩大哥表面说别攻击家人。steam好友列表里有两个叫××5的好友
[2026-02-22 02:11:47] BASSGOAT牛込里美: 不是你们一直刷布罗利 布罗利到底tm是谁啊
[2026-02-22 02:11:47] Device私生女尼古拉祥子: 一想到布罗利被喷郁郁了开始圈大米就想笑ですわだ⭐ぜ！
[2026-02-22 02:11:47] a1441f: 不发弹幕喷布罗利＝被布罗利365 我说清楚没
[2026-02-22 02:11:47] AKTian: 不发弹幕喷布罗利＝被布罗利365 我说清楚没
[2026-02-22 02:11:47] 爱马修更爱玩宝宝: 热知识。玩大哥表面说别攻击家人。steam好友列表里有两个叫××5的好友
[2026-02-22 02:11:47] TheMongolZ的上单本人: 不发弹幕喷布罗利＝被布罗利365 我说清楚没
[2026-02-22 02:11:47] 那英啊哈哈哈: 热知识。玩大哥表面说别攻击家人。steam好友列表里有两个叫××5的好友
[2026-02-22 02:11:48] 姓邢不是刑: ✋停一下desuwa，全世界坠可爱的宝宝丰川祥子粗现desuwa o（=·w〈=
[2026-02-22 02:11:48] xjdnshxjdka: 热知识。玩大哥表面说别攻击家人。steam好友列表里有两个叫××5的好友
[2026-02-22 02:11:48] Odike: 如果碰到那种玩数字梗，谐音梗直接攻击我家人，或者水友家人的，麻烦各位帮我封一下吧，365，谢谢大家了
[2026-02-22 02:11:48] 小哈哈哈哈别: 布罗利Broli有多伟大，这么说吧，已经没人在骂Niko而都去骂他了
[2026-02-22 02:11:48] x星辰GGGGGG: 布罗利Brolinv置顶动态最新评论468条
[2026-02-22 02:11:49] AmamiyaIori: 热知识。玩大哥表面说别攻击家人。steam好友列表里有两个叫××5的好友
[2026-02-22 02:11:49] blade授李以渔: 不发弹幕喷布罗利＝被布罗利365 我说清楚没
[2026-02-22 02:11:49] 775424353: 一哥直播间没一个讨论比赛的。。nb
[2026-02-22 02:11:49] 用玩大哥的角磨机吧: 不发弹幕喷布罗利＝被布罗利365 我说清楚没
[2026-02-22 02:11:49] 爱被小泉吃的拉面同学: 别光攻击房管忘了串niko啊
[2026-02-22 02:11:50] Faze的新岛真本人: 蒙美
[2026-02-22 02:11:50] azo808: @布罗利2023／10／25 01:42:38：买了！
[2026-02-22 02:11:50] 五子棋oo: 一哥直播间没一个讨论比赛的。。nb
[2026-02-22 02:11:50] 剑崎梨梨花: 热知识。玩大哥表面说别攻击家人。steam好友列表里有两个叫××5的好友
[2026-02-22 02:11:50] 丶丶桔梗丶: 可是niko又回家了啊🥺
[2026-02-22 02:11:50] 最爱的马卡龙: 都说6657粉丝多，我看布罗利评论现在也没过500，真是闹麻了
[2026-02-22 02:11:51] 鸭硕的哈撒给: 热知识。玩大哥表面说别攻击家人。steam好友列表里有两个叫××5的好友
[2026-02-22 02:11:51] 6657Bullys1mple: 热知识。玩大哥表面说别攻击家人。steam好友列表里有两个叫××5的好友
[2026-02-22 02:11:52] OMGlionKing: @布罗利：都是玩大哥让我骂的...
[2026-02-22 02:11:52] 萝团的白金燐子本人: popipa pipopa popinparty pipopa！
[2026-02-22 02:11:52] BTSG丶: 热知识。玩大哥表面说别攻击家人。steam好友列表里有两个叫××5的好友
[2026-02-22 02:11:52] 我有一对电动大牛子: 热知识。玩大哥表面说别攻击家人。steam好友列表里有两个叫××5的好友
[2026-02-22 02:11:52] 卧看星河尽意明丶: 热知识。玩大哥表面说别攻击家人。steam好友列表里有两个叫××5的好友
[2026-02-22 02:11:52] Falcons的丰川niko本人: 怀念最好的五条规则：弹幕等级墙、粉丝团发言、当前鱼 吧已关闭、超出字数限制、请勿重复发言
[2026-02-22 02:11:52] banerclerk: 不发弹幕喷布罗利＝被布罗利365 我说清楚没
[2026-02-22 02:11:53] 零北鸢: 热知识。玩大哥表面说别攻击家人。steam好友列表里有两个叫××5的好友
[2026-02-22 02:11:53] 用户3853464680: 热知识。玩大哥表面说别攻击家人。steam好友列表里有两个叫××5的好友
[2026-02-22 02:11:53] 捂二哥: 我爱她们
[2026-02-22 02:11:53] 普通网友小沈: 玩机器难绷弹幕玩载物数字梗警告梗；玩机器怒喷：谁敢带我家人和水友数字梗房管直接365！
[2026-02-22 02:11:53] DemIgod灬: 本土人
[2026-02-22 02:11:53] fluyiiii: 不发弹幕喷布罗利＝被布罗利365 我说清楚没
[2026-02-22 02:11:53] 丰川留子: 热知识。玩大哥表面说别攻击家人。steam好友列表里有两个叫××5的好友
[2026-02-22 02:11:54] 283的铃木羽那本人: 一哥直播间没一个讨论比赛的。。nb
[2026-02-22 02:11:54] 玩弓箭、Arrow:  @炉心融解中毒者：别光攻击房管忘了串niko啊
[2026-02-22 02:11:54] 玩大招、PRX: 热知识。玩大哥表面说别攻击家人。steam好友列表里有两个叫××5的好友
[2026-02-22 02:11:54] 图帕雷松: 热知识。玩大哥表面说别攻击家人。steam好友列表里有两个叫××5的好友
[2026-02-22 02:11:54] LvvsiN: 玩 出，我双倍呢？😡😡玩 出，我双倍呢？😡😡玩 出，我双倍呢？😡😡玩 出，我双倍呢？😡
[2026-02-22 02:11:54] 灵耀ii: 啦啦啦啦啦啦啦啦啦
[2026-02-22 02:11:54] 治好了也会流口水: 热知识。玩大哥表面说别攻击家人。steam好友列表里有两个叫××5的好友
[2026-02-22 02:11:54] 究极外星人: 抓娃娃
[2026-02-22 02:11:54] 蜗牛蜗牛你快快走: 都说6657粉丝多，我看布罗利评论现在也没过500，真是闹麻了
[2026-02-22 02:11:54] 子曰不可说700: 一哥是谁？
[2026-02-22 02:11:55] MyGO的长期素食本人: 热知识。玩大哥表面说别攻击家人。steam好友列表里有两个叫××5的好友
[2026-02-22 02:11:55] Kunwz: 2023／8／7 23:19:50 2 
回复@辣个白学家:C9都看不上巴黎major捏[偷笑] 

[2026-02-22 02:11:55] 爱阿园真是太好了: 热知识。玩大哥表面说别攻击家人。steam好友列表里有两个叫××5的好友
[2026-02-22 02:11:55] 瞄准高高手: @玩机器：zywoo就活一个人啊 🤭
[2026-02-22 02:11:55] L0ost: 热知识。玩大哥表面说别攻击家人。steam好友列表里有两个叫××5的好友
[2026-02-22 02:11:55] 死神塔的特莉波卡本人: 热知识。玩大哥表面说别攻击家人。steam好友列表里有两个叫××5的好友
[2026-02-22 02:11:55] 米米世界之神:  @炉心融解中毒者：别光攻击房管忘了串niko啊
[2026-02-22 02:11:56] 芊小灵: 热知识。玩大哥表面说别攻击家人。steam好友列表里有两个叫××5的好友
[2026-02-22 02:11:56] 玩大人查到自贡了: 一哥直播间没一个讨论比赛的。。nb
[2026-02-22 02:11:56] LvvsiN: 为什么房管封的不能给鱼丸……还以为今天晚上得吃了……
[2026-02-22 02:11:56] 忽孝山庄: 热知识。玩大哥表面说别攻击家人。steam好友列表里有两个叫××5的好友
[2026-02-22 02:11:56] 用户180394003249439: popipa pipopa popinparty pipopa！
[2026-02-22 02:11:56] 山河jek: @🗿:🗿们，我又来了
[2026-02-22 02:11:57] 我送三千荧光棒不谢我: 热知识。玩大哥表面说别攻击家人。steam好友列表里有两个叫××5的好友
[2026-02-22 02:11:57] MiKingX: 不是你们一直刷布罗利 布罗利到底tm是谁啊
[2026-02-22 02:11:57] 阿tree的颜粉: 热知识。玩大哥表面说别攻击家人。steam好友列表里有两个叫××5的好友
[2026-02-22 02:11:57] 正经猪头肉: 玩圣以德报怨，对载物和小蜜蜂不吝赞美，弹幕一直冲他还有没有良心？
[2026-02-22 02:11:57] 紫裳酱: 热知识。玩大哥表面说别攻击家人。steam好友列表里有两个叫××5的好友
[2026-02-22 02:11:57] rEcok1: 热知识。玩大哥表面说别攻击家人。steam好友列表里有两个叫××5的好友
[2026-02-22 02:11:58] kHRYSTAL77: 都说6657粉丝多，我看布罗利评论现在也没过500，真是闹麻了
[2026-02-22 02:11:58] 好哥们韩信: 如果碰到那种玩数字梗，谐音梗直接攻击我家人，或者水友家人的，麻烦各位帮我封一下吧，365，谢谢大家了
[2026-02-22 02:11:58] 巨型鸡冠: 热知识。玩大哥表面说别攻击家人。steam好友列表里有两个叫××5的好友
[2026-02-22 02:11:59] Astralis的d3v1ce本人: 哦哦哦哦哦哦哦哦哦哦哦哦哦哦哦哦哦哦哦哦哦哦哦哦哦
[2026-02-22 02:11:59] viovvvvvvvon:  @Device私生女尼古拉祥子：一想到布罗利被喷郁郁了开始圈大米就想笑ですわだ⭐ぜ！
[2026-02-22 02:11:59] wedd1ddeJodd: 热知识。玩大哥表面说别攻击家人。steam好友列表里有两个叫××5的好友
[2026-02-22 02:11:59] xOcOg: 如果碰到那种玩数字梗，谐音梗直接攻击我家人，或者水友家人的，麻烦各位帮我封一下吧，365，谢谢大家了
[2026-02-22 02:11:59] 美食殿堂的雪菲本人: 爽！😎这才叫音乐！😋👍🏻爽！😎这才叫音乐！😋👍🏻爽！😎这才叫音乐！
[2026-02-22 02:11:59] Rcand: 不发弹幕喷布罗利＝被布罗利365 我说清楚没
[2026-02-22 02:11:59] 那英啊哈哈哈: 怀念最好的五条规则：弹幕等级墙、粉丝团发言、当前鱼 吧已关闭、超出字数限制、请勿重复发言
[2026-02-22 02:11:59] 呵呵呵呵の: 热知识。玩大哥表面说别攻击家人。steam好友列表里有两个叫××5的好友
[2026-02-22 02:12:00] a1441f: 热知识。玩大哥表面说别攻击家人。steam好友列表里有两个叫××5的好友
[2026-02-22 02:12:00] 丨Connor: 蒙美
[2026-02-22 02:12:00] VBS的小豆泽心羽本人: 抓娃娃
[2026-02-22 02:12:00] 啪啪啪啪的蛋: 热知识。玩大哥表面说别攻击家人。steam好友列表里有两个叫××5的好友
[2026-02-22 02:12:00] 生快生快妈妈: 热知识。玩大哥表面说别攻击家人。steam好友列表里有两个叫××5的好友
[2026-02-22 02:12:00] 想和阿飞抹茶三披: @玩机器：zywoo就活一个人啊 🤭
[2026-02-22 02:12:00] 柒禱: 神人
[2026-02-22 02:12:01] TheMongolZ的上单本人: 布罗利Brolinv置顶动态最新评论468条
[2026-02-22 02:12:01] 蜗牛蜗牛你快快走: 热知识。玩大哥表面说别攻击家人。steam好友列表里有两个叫××5的好友
[2026-02-22 02:12:01] suicho: 欧见
[2026-02-22 02:12:02] 灯灭人未眠: 不发弹幕喷布罗利＝被布罗利365 我说清楚没
[2026-02-22 02:12:02] 用玩大哥的角磨机吧: 热知识。玩大哥表面说别攻击家人。steam好友列表里有两个叫××5的好友
[2026-02-22 02:12:02] 死神塔的特莉波卡本人: 热知识。玩大哥表面说别攻击家人。steam好友列表里有两个叫××5的好友
[2026-02-22 02:12:02] 用户3661578: 还有亲友团
[2026-02-22 02:12:02] 淡然夏末的温存11: 都说6657粉丝多，我看布罗利评论现在也没过500，真是闹麻了
[2026-02-22 02:12:03] 玩家军的猪头肉本人: 热知识。玩大哥表面说别攻击家人。steam好友列表里有两个叫××5的好友
[2026-02-22 02:12:03] 图帕雷松: 热知识。玩大哥表面说别攻击家人。steam好友列表里有两个叫××5的好友
[2026-02-22 02:12:03] 有多少I可以重来00: 热知识。玩大哥表面说别攻击家人。steam好友列表里有两个叫××5的好友
[2026-02-22 02:12:03] a1441f: @布罗利：回复 @有个小丑是谁我不说 :瑞典人是这样的（笑哭）（2023／10／6 ）
[2026-02-22 02:12:03] Nikolofmeister: 罗斯仆从军
[2026-02-22 02:12:04] 左颜And1: 热知识。玩大哥表面说别攻击家人。steam好友列表里有两个叫××5的好友
[2026-02-22 02:12:04] g2的尼ko本人: 热知识。玩大哥表面说别攻击家人。steam好友列表里有两个叫××5的好友
[2026-02-22 02:12:04] 我木JJ怕个锤子: 热知识。玩大哥表面说别攻击家人。steam好友列表里有两个叫××5的好友
[2026-02-22 02:12:04] LvvsiN: 你为什么要把mαjor禁了，我收藏的一半弹幕全毁了
[2026-02-22 02:12:04] NIP的Device本人: 热知识。玩大哥表面说别攻击家人。steam好友列表里有两个叫××5的好友
[2026-02-22 02:12:04] Machine拾玖: 热知识。玩大哥表面说别攻击家人。steam好友列表里有两个叫××5的好友
[2026-02-22 02:12:04] OMGlionKing: 热知识。玩大哥表面说别攻击家人。steam好友列表里有两个叫××5的好友
[2026-02-22 02:12:04] 草莓冰酪: 不是 布罗利你为什么一裤子黑蛋啊 我让你全仓一代手套
[2026-02-22 02:12:05] 久遠寺有珠Alice: 热知识。玩大哥表面说别攻击家人。steam好友列表里有两个叫××5的好友
[2026-02-22 02:12:05] 想和载物玩机器3p: 不发弹幕喷布罗利＝被布罗利365 我说清楚没
[2026-02-22 02:12:05] storyfornobody: 热知识。玩大哥表面说别攻击家人。steam好友列表里有两个叫××5的好友
[2026-02-22 02:12:05] 最速传说发型监一郎: 都说6657粉丝多，我看布罗利评论现在也没过500，真是闹麻了
[2026-02-22 02:12:05] ddj930928: popipa pipopa popinparty pipopa！
[2026-02-22 02:12:06] 载大哥的狗: 孩孩💚尼尼💚孩孩💚尼尼💚孩孩💚尼尼💚孩孩💚尼尼💚孩孩💚
[2026-02-22 02:12:06] Odike: 热知识。玩大哥表面说别攻击家人。steam好友列表里有两个叫××5的好友
[2026-02-22 02:12:06] 蜗牛蜗牛你快快走: 热知识。玩大哥表面说别攻击家人。steam好友列表里有两个叫××5的好友
[2026-02-22 02:12:06] Mc凉月奏酱:  @炉心融解中毒者：别光攻击房管忘了串niko啊
[2026-02-22 02:12:06] 杰斌候入长峪城: 不发弹幕喷布罗利＝被布罗利365 我说清楚没
[2026-02-22 02:12:06] LaifuoO来福oO: 布罗利Brolinv置顶动态最新评论468条
[2026-02-22 02:12:06] 玩斯特机机: 怀念最好的五条规则：弹幕等级墙、粉丝团发言、当前鱼 吧已关闭、超出字数限制、请勿重复发言
[2026-02-22 02:12:07] 兰林汉的削缸: 热知识。玩大哥表面说别攻击家人。steam好友列表里有两个叫××5的好友
[2026-02-22 02:12:07] 求老仙奶贾碧不死: 热知识。玩大哥表面说别攻击家人。steam好友列表里有两个叫××5的好友
[2026-02-22 02:12:07] 椎名真白ii丶: @玩机器：zywoo就活一个人啊 🤭
[2026-02-22 02:12:07] 可爱玩宝宝: 【懂你意思】懂你意思懂你意，思懂你意思懂你。意思，懂你意思，懂你意思！
[2026-02-22 02:12:07] 正经猪头肉: 1
[2026-02-22 02:12:07] csgo小茄子: 玩大哥，弹幕这么发你都没登山，你不会是把副屏关了然后装作没弹幕吧
[2026-02-22 02:12:07] 久遠寺有珠Alice: 热知识。玩大哥表面说别攻击家人。steam好友列表里有两个叫××5的好友
[2026-02-22 02:12:07] Kacyusha: 遛一条🐕@布罗利broli
[2026-02-22 02:12:08] 薯条汉堡1: 不发弹幕喷布罗利＝被布罗利365 我说清楚没
[2026-02-22 02:12:08] LvvsiN: 你为什么要把mαjor禁了，我收藏的一半弹幕全毁了
[2026-02-22 02:12:08] 草莓冰酪: 热知识。玩大哥表面说别攻击家人。steam好友列表里有两个叫××5的好友
[2026-02-22 02:12:08] 大颗寿司玩机器: @玩机器：zywoo就活一个人啊 🤭
[2026-02-22 02:12:09] Z伊卡洛斯Z: 热知识。玩大哥表面说别攻击家人。steam好友列表里有两个叫××5的好友
[2026-02-22 02:12:09] 超级爱玩小蛋QAQ: 可能父系是蒙古的
[2026-02-22 02:12:09] 粤夜封封哥岑验川老岑: 都说6657粉丝多，我看布罗利评论现在也没过500，真是闹麻了
[2026-02-22 02:12:09] 久遠寺有珠Alice: 热知识。玩大哥表面说别攻击家人。steam好友列表里有两个叫××5的好友
[2026-02-22 02:12:10] 高松的灯ll: 热知识。玩大哥表面说别攻击家人。steam好友列表里有两个叫××5的好友
[2026-02-22 02:12:10] 雨星筱夜: 热知识。玩大哥表面说别攻击家人。steam好友列表里有两个叫××5的好友
[2026-02-22 02:12:10] 好哥们山上撤也: @卡卡罗特：好样的地球人👍🏻就得这么干布罗利
[2026-02-22 02:12:10] a1441f: @布罗利：回复 @有个小丑是谁我不说 :瑞典人是这样的（笑哭）（2023／10／6 ）
[2026-02-22 02:12:10] 玩斯特机机: 热知识。玩大哥表面说别攻击家人。steam好友列表里有两个叫××5的好友
[2026-02-22 02:12:11] 桂林米粉比较好吃: 热知识。玩大哥表面说别攻击家人。steam好友列表里有两个叫××5的好友
[2026-02-22 02:12:11] Bellaire123: 热知识。玩大哥表面说别攻击家人。steam好友列表里有两个叫××5的好友
[2026-02-22 02:12:11] gulipa8:  @好哥们韩信：如果碰到那种玩数字梗，谐音梗直接攻击我家人，或者水友家人的，麻烦各位帮我封一下吧，3
[2026-02-22 02:12:11] -小佐内由纪-: 热知识。玩大哥表面说别攻击家人。steam好友列表里有两个叫××5的好友
[2026-02-22 02:12:11] 好姊妹古明地恋: 热知识。玩大哥表面说别攻击家人。steam好友列表里有两个叫××5的好友
[2026-02-22 02:12:11] 笙歌醉七瑾: 热知识。玩大哥表面说别攻击家人。steam好友列表里有两个叫××5的好友
[2026-02-22 02:12:11] 你敢看死蜜蜂就杀了你: 都说6657粉丝多，我看布罗利评论现在也没过500，真是闹麻了
[2026-02-22 02:12:11] 青蘖: 热知识。玩大哥表面说别攻击家人。steam好友列表里有两个叫××5的好友
[2026-02-22 02:12:12] 胡椒胡椒胡椒胡椒胡椒: 不发弹幕喷布罗利＝被布罗利365 我说清楚没
[2026-02-22 02:12:12] 草莓冰酪: 热知识。玩大哥表面说别攻击家人。steam好友列表里有两个叫××5的好友
[2026-02-22 02:12:12] dark1337: 热知识。玩大哥表面说别攻击家人。steam好友列表里有两个叫××5的好友
[2026-02-22 02:12:12] 热心好邻居: 不发弹幕喷布罗利＝被布罗利365 我说清楚没
[2026-02-22 02:12:12] AmamiyaIori: 热知识。玩大哥表面说别攻击家人。steam好友列表里有两个叫××5的好友
[2026-02-22 02:12:12] 大颗寿司玩机器: 不发弹幕喷布罗利＝被布罗利365 我说清楚没
[2026-02-22 02:12:12] Herbe仙: 不发弹幕喷布罗利＝被布罗利365 我说清楚没
[2026-02-22 02:12:12] 上海major心碎肥美: A4大队
[2026-02-22 02:12:13] 普通网友小沈: 玩机器难绷zywoo与jee友好互动；暴怒！玩机器怒喷niko编nota！直言：尼编尼亩呢！
[2026-02-22 02:12:13] 长宁金城武: 大汗当年还是沙少了
[2026-02-22 02:12:13] 赵秋秋丶: 热知识。玩大哥表面说别攻击家人。steam好友列表里有两个叫××5的好友
[2026-02-22 02:12:13] 好好的吧不错: 热知识。玩大哥表面说别攻击家人。steam好友列表里有两个叫××5的好友
[2026-02-22 02:12:13] a1441f: 热知识。玩大哥表面说别攻击家人。steam好友列表里有两个叫××5的好友
[2026-02-22 02:12:13] fu3koff: 不如汤哥的稳定流脓
[2026-02-22 02:12:13] 萝团的白金燐子本人: popipa pipopa popinparty pipopa！
[2026-02-22 02:12:13] 玩圣我想进群: 热知识。玩大哥表面说别攻击家人。steam好友列表里有两个叫××5的好友
[2026-02-22 02:12:14] MunChlax丶: 热知识。玩大哥表面说别攻击家人。steam好友列表里有两个叫××5的好友
[2026-02-22 02:12:14] 汤汤魔魔mmmmmmmmajor冠军: 一想到布罗利被喷郁郁了开始圈大米就想笑ですわだ⭐ぜ！
[2026-02-22 02:12:14] OMGlionKing: @布罗利：都是玩大哥让我骂的...
[2026-02-22 02:12:14] 草莓冰酪: 热知识。玩大哥表面说别攻击家人。steam好友列表里有两个叫××5的好友
[2026-02-22 02:12:14] 用玩大哥的角磨机吧: popipa pipopa popinparty pipopa！
[2026-02-22 02:12:14] 玩斯特出出6657: 热知识。玩大哥表面说别攻击家人。steam好友列表里有两个叫××5的好友
[2026-02-22 02:12:14] 好姐妹八幡海铃丶: 　　　 热知识。玩大哥表面说别攻击家人。steam好友列表里有两个叫××5的好友
[2026-02-22 02:12:14] 美食殿堂的雪菲本人: 【懂你意思】懂你意思懂你意，思懂你意思懂你。意思，懂你意思，懂你意思！
[2026-02-22 02:12:14] Goodnite: 热知识。玩大哥表面说别攻击家人。steam好友列表里有两个叫××5的好友
[2026-02-22 02:12:14] 丰川留子: 热知识。玩大哥表面说别攻击家人。steam好友列表里有两个叫××5的好友
[2026-02-22 02:12:14] 油乎乎yhh: 布罗利封冰粉怎么不给自己先禁了啊
[2026-02-22 02:12:15] AKTian: 热知识。玩大哥表面说别攻击家人。steam好友列表里有两个叫××5的好友
[2026-02-22 02:12:15] 杰洛齐贝林3: 欧奸
[2026-02-22 02:12:15] 我送三千荧光棒不谢我: 热知识。玩大哥表面说别攻击家人。steam好友列表里有两个叫××5的好友
[2026-02-22 02:12:16] csgo小茄子: 玩大哥，弹幕这么发你都没登山，你不会是把副屏关了然后装作没弹幕吧
[2026-02-22 02:12:16] 大颗寿司玩机器: 热知识。玩大哥表面说别攻击家人。steam好友列表里有两个叫××5的好友
[2026-02-22 02:12:16] 玩玩今天吃什么: 热知识。玩大哥表面说别攻击家人。steam好友列表里有两个叫××5的好友
[2026-02-22 02:12:16] 汤汤魔魔mmmmmmmmajor冠军: 一想到布罗利被喷郁郁了开始圈大米就想笑ですわだ⭐ぜ！
[2026-02-22 02:12:16] 半城殇丶红尘: 热知识。玩大哥表面说别攻击家人。stea
[2026-02-22 02:12:16] 好好的吧不错: 热知识。玩大哥表面说别攻击家人。steam好友列表里有两个叫××5的好友
[2026-02-22 02:12:17] 可爱玩宝宝: 有些无业游民，天天半夜弹幕玩梗很兴奋，白天跟猪一样死睡，真不知道有什么意思
[2026-02-22 02:12:17] 忒斯特賊賊的披肩: 蒙美今晚要在克鲁日impart
[2026-02-22 02:12:17] 草莓冰酪: 热知识。玩大哥表面说别攻击家人。steam好友列表里有两个叫××5的好友
[2026-02-22 02:12:17] 渡边曜女士: 　　　 热知识。玩大哥表面说别攻击家人。steam好友列表里有两个叫××5的好友
[2026-02-22 02:12:18] 玩猴爪丶MonkeyPaw: 主播你看弹幕吗？我看弹幕都在骂你，你根本没有回应
[2026-02-22 02:12:18] 又黑我托: 热知识。玩大哥表面说别攻击家人。steam好友列表里有两个叫××5的好友
[2026-02-22 02:12:18] G4RYPU: 　　　 热知识。玩大哥表面说别攻击家人。steam好友列表里有两个叫××5的好友
[2026-02-22 02:12:18] LvvsiN: 为什么房管封的不能给鱼丸……还以为今天晚上得吃了……
[2026-02-22 02:12:18] 好好的吧不错: 热知识。玩大哥表面说别攻击家人。steam好友列表里有两个叫××5的好友
[2026-02-22 02:12:18] 丰川留子: 玩大哥，弹幕这么发你都没登山，你不会是把副屏关了然后装作没弹幕吧
[2026-02-22 02:12:19] 图帕雷松: 热知识。玩大哥表面说别攻击家人。steam好友列表里有两个叫××5的好友
[2026-02-22 02:12:19] 我730730730: 布列罗是什么梗啊
[2026-02-22 02:12:19] csgo小茄子: 玩大哥，弹幕这么发你都没登山，你不会是把副屏关了然后装作没弹幕吧
[2026-02-22 02:12:19] 刘刘的农: 热知识。玩大哥表面说别攻击家人。steam好友列表里有两个叫××5的好友
[2026-02-22 02:12:19] 黑鳖王: 热知识。玩大哥表面说别攻击家人。steam好友列表里有两个叫××5的好友
[2026-02-22 02:12:20] 枫丹最美芙宁娜: 都说6657粉丝多，我看布罗利评论现在也没过500，真是闹麻了
[2026-02-22 02:12:20] hunk0074: 欧奸
[2026-02-22 02:12:20] LvvsiN: 我让你开双倍你二龙吗？老子荧光棒要过期了
[2026-02-22 02:12:20] 好兄弟鲁迪乌斯: popipa pipopa popinparty pipopa！
[2026-02-22 02:12:21] 小救星小杜DuD: 还是当年成吉思汗特少了
[2026-02-22 02:12:21] 舞小风: 热知识。玩大哥表面说别攻击家人。steam好友列表里有两个叫××5的好友
[2026-02-22 02:12:21] 王佰柒柒: 热知识。玩大哥表面说别攻击家人。steam好友列表里有两个叫××5的好友
[2026-02-22 02:12:21] 阵雨天o: [吃瓜]这么有钱都开不起大会员啊 富哥[呲牙][呲牙][呲牙] 当前查询uid:6 512 408
[2026-02-22 02:12:21] 好好的吧不错: 热知识。玩大哥表面说别攻击家人。steam好友列表里有两个叫××5的好友
[2026-02-22 02:12:22] -小佐内由纪-: 热知识。玩大哥表面说别攻击家人。steam好友列表里有两个叫××5的好友
[2026-02-22 02:12:22] 友利奈绪我老婆d: 𝓢𝓑 𝓦𝓙𝓠𝓜𝓐𝓒𝓗𝓘𝓝𝓔
[2026-02-22 02:12:22] last玩神丶: 热知识。玩大哥表面说别攻击家人。steam好友列表里有两个叫××5的好友
[2026-02-22 02:12:22] LvvsiN: 为什么房管封的不能给鱼丸……还以为今天晚上得吃了……
[2026-02-22 02:12:22] 高松的灯ll: 热知识。玩大哥表面说别攻击家人。steam好友列表里有两个叫××5的好友
[2026-02-22 02:12:23] csgo小茄子: 玩大哥，弹幕这么发你都没登山，你不会是把副屏关了然后装作没弹幕吧
[2026-02-22 02:12:23] a1441f: 热知识。玩大哥表面说别攻击家人。steam好友列表里有两个叫××5的好友
[2026-02-22 02:12:23] liny66: 热知识。玩大哥表面说别攻击家人。steam好友列表里有两个叫××5的好友
[2026-02-22 02:12:24] 笙歌醉七瑾: 热知识。玩大哥表面说别攻击家人。steam好友列表里有两个叫××5的好友
[2026-02-22 02:12:24] 倾盆大rain: @cs2欧皇集团：是的布罗利你就得这样🤣黑蛋马上就要起飞了😎跟着欧皇吃肉喝汤😤
[2026-02-22 02:12:24] chanceuxzz: 热知识。玩大哥表面说别攻击家人。steam好友列表里有两个叫××5的好友
[2026-02-22 02:12:24] 乐EE: @🗿：👀@🗿：👀@🗿：👀@🗿：👀@🗿：👀@🗿：👀
[2026-02-22 02:12:24] yukiChieri: popipa pipopa popinparty pipopa！
[2026-02-22 02:12:24] 她与黄昏皆过客: 欧奸
[2026-02-22 02:12:24] 我730730730: 热知识。玩大哥表面说别攻击家人。steam好友列表里有两个叫××5的好友
[2026-02-22 02:12:24] 四个酒仙: 热知识。玩大哥表面说别攻击家人。steam好友列表里有两个叫××5的好友
[2026-02-22 02:12:24] 小蜜蜂载物本人: 布罗利又是哪个柜子😅😅😅
[2026-02-22 02:12:24] 空有无垠: 热知识。玩大哥表面说别攻击家人。steam好友列表里有两个叫××5的好友
[2026-02-22 02:12:24] 帕金森患者Z: 热知识。玩大哥表面说别攻击家人。steam好友列表里有两个叫××5的好友
[2026-02-22 02:12:24] 水原千鹤o: 弹幕氛围对了，玩宝宝离登山应该又不远了
[2026-02-22 02:12:24] LvvsiN: 南孚一节更比六节强，也就是一节南孚比六节南孚强，六节南孚比三十六节强，三十六节比二百一十六节强
[2026-02-22 02:12:24] 喵蹄丝: 热知识。玩大哥表面说别攻击家人。steam好友列表里有两个叫××5的好友
[2026-02-22 02:12:25] cornkiner: 你下播吧, 像2025-02-07 23:49一样！
[2026-02-22 02:12:25] 玩猴爪丶MonkeyPaw: 主播你看弹幕吗？我看弹幕都在骂你，你根本没有回应
[2026-02-22 02:12:25] viovvvvvvvon:  @用玩大哥的角磨机吧：热知识。玩大哥表面说别攻击家人。steam好友列表里有两个叫××5的好友
[2026-02-22 02:12:25] 满血剑圣: 1
[2026-02-22 02:12:26] 可爱玩宝宝: 我忍🥷我忍🥷我忍🥷我忍🥷我忍🥷我忍🥷我忍🥷我忍🥷我忍🥷我忍🥷
[2026-02-22 02:12:26] GCXIA: 热知识。玩大哥表面说别攻击家人。steam好友列表里有两个叫××5的好友
[2026-02-22 02:12:26] liny66: 热知识。玩大哥表面说别攻击家人。steam好友列表里有两个叫××5的好友
[2026-02-22 02:12:26] SHW1NG: 玩大哥，弹幕这么发你都没登山，你不会是把副屏关了然后装作没弹幕吧
[2026-02-22 02:12:26] LvvsiN: 为什么房管封的不能给鱼丸……还以为今天晚上得吃了……
[2026-02-22 02:12:26] znnoy: 你活不下去卖钩子赚钱的啊？@布罗利 2023／8／8：老公  你说句话啊
[2026-02-22 02:12:27] 丰川留子: 热知识。玩大哥表面说别攻击家人。steam好友列表里有两个叫××5的好友
[2026-02-22 02:12:28] 杰斌候入长峪城: 热知识。玩大哥表面说别攻击家人。steam好友列表里有两个叫××5的好友
[2026-02-22 02:12:28] JAY丿星晴: 热知识。玩大哥表面说别攻击家人。steam好友列表里有两个叫××5的好友
[2026-02-22 02:12:28] 加油努力也没用啊: 热知识。玩大哥表面说别攻击家人。steam好友列表里有两个叫××5的好友
[2026-02-22 02:12:28] uzi家的喷水龙: 玩大哥steam好友都有俩个数字5，房管群里对载物的污言秽语我都不敢想。。。
[2026-02-22 02:12:28] LvvsiN: 银行业😄银行业😀银行业😃银行业😁银行业😆银行业🤪银行业😝
[2026-02-22 02:12:29] Se7eNGodZ: [吃瓜]这么有钱都开不起大会员啊 富哥[呲牙][呲牙][呲牙] 当前查询uid:6 512 408
[2026-02-22 02:12:29] 我送三千荧光棒不谢我: 热知识。玩大哥表面说别攻击家人。steam好友列表里有两个叫××5的好友
[2026-02-22 02:12:29] 好哥们韩信: 都说6657粉丝多，我看布罗利评论现在也没过500，真是闹麻了
[2026-02-22 02:12:29] AiLuoLi1413: 欧奸
[2026-02-22 02:12:29] last玩神丶: 热知识。玩大哥表面说别攻击家人。steam好友列表里有两个叫××5的好友
[2026-02-22 02:12:29] fpx丶: 　　　 热知识。玩大哥表面说别攻击家人。steam好友列表里有两个叫××5的好友
[2026-02-22 02:12:29] 木末暮鸦: popipa pipopa popinparty pipopa！
[2026-02-22 02:12:29] 火星情报员工: 为什么房管封的不能给鱼丸……还以为今天晚上得吃了……
[2026-02-22 02:12:29] znnoy: 你活不下去卖钩子赚钱的啊？@布罗利 2023／8／8：老公  你说句话啊
[2026-02-22 02:12:30] cczcz:  @用玩大哥的角磨机吧：热知识。玩大哥表面说别攻击家人。steam好友列表里有两个叫××5的好友
[2026-02-22 02:12:30] Hitagi蟹蟹: 热知识。玩大哥表面说别攻击家人。steam好友列表里有两个叫××5的好友
[2026-02-22 02:12:30] 绫濑沙季丶: 布8️⃣fq玩8️⃣fq布8️⃣fq玩8️⃣fq布8️⃣fq玩8️⃣fq布8️⃣fq玩8️⃣fq
[2026-02-22 02:12:30] 茂名水鬼: 布列罗是什么梗啊
[2026-02-22 02:12:30] 暴力卓司: 玩大哥你线下和布罗利一起见面活动是一起骂载物吗？
[2026-02-22 02:12:30] OMGlionKing: @布罗利：都是玩大哥让我骂的...
[2026-02-22 02:12:30] 刘刘的农: 我这号已经不怎么弹幕了，因为每天早上八点就开始睡觉，下午一点才起床
[2026-02-22 02:12:30] xu瓜: 原来玩机器直播间是会管弹幕的啊？我还以为去年八九月份满屏数字也是友好互动
[2026-02-22 02:12:30] 草莓她似我心: 热知识。玩大哥表面说别攻击家人。steam好友列表里有两个叫××5的好友
[2026-02-22 02:12:30] Ayu824: popipa pipopa popinparty pipopa！
[2026-02-22 02:12:31] 姓邢不是刑: 弹幕还在装模做样什么！迟早要人身攻击别玩过家家友善弹幕了！
[2026-02-22 02:12:31] csgo小茄子: 玩大哥，弹幕这么发你都没登山，你不会是把副屏关了然后装作没弹幕吧
[2026-02-22 02:12:31] 大家要幸福呀: 热知识。玩大哥表面说别攻击家人。steam好友列表里有两个叫××5的好友
[2026-02-22 02:12:31] 所以我又晕了: 热知识。玩大哥表面说别攻击家人。steam好友列表里有两个叫××5的好友
[2026-02-22 02:12:32] 好哥们韩信: 都说6657粉丝多，我看布罗利评论现在也没过500，真是闹麻了
[2026-02-22 02:12:32] 玩蛇鼠丶stabbi: 热知识。玩大哥表面说别攻击家人。steam好友列表里有两个叫××5的好友
[2026-02-22 02:12:32] Falcons的丰川niko本人: 化脓电竞：【玩机器专题片】从公式解说到下跪道歉，他已是所有人眼中的滥权！
[2026-02-22 02:12:32] 驴驴宗宗买这冠军: 热知识。玩大哥表面说别攻击家人。steam好友列表里有两个叫××5的好友
[2026-02-22 02:12:32] nkxrodun: 热知识。玩大哥表面说别攻击家人。steam好友列表里有两个叫××5的好友
[2026-02-22 02:12:32] owdtaaa: 热知识。玩大哥表面说别攻击家人。steam好友列表里有两个叫××5的好友
[2026-02-22 02:12:32] a1441f: 热知识。玩大哥表面说别攻击家人。steam好友列表里有两个叫××5的好友
[2026-02-22 02:12:32] 6657的马嘉祺本人: 𝓢𝓑 𝓦𝓙𝓠𝓜𝓐𝓒𝓗𝓘𝓝𝓔
[2026-02-22 02:12:33] 我送三千荧光棒不谢我: 热知识。玩大哥表面说别攻击家人。steam好友列表里有两个叫××5的好友
[2026-02-22 02:12:33] Ephemerality137: 我忍🥷我忍🥷我忍🥷我忍🥷我忍🥷我忍🥷我忍🥷我忍🥷我忍🥷我忍🥷
[2026-02-22 02:12:33] 刘刘的农: 热知识。玩大哥表面说别攻击家人。steam好友列表里有两个叫××5的好友
[2026-02-22 02:12:33] uzi家的喷水龙: 玩大哥steam好友都有俩个数字5，房管群里对载物的污言秽语我都不敢想。。。
[2026-02-22 02:12:33] znnoy: 你活不下去卖钩子赚钱的啊？@布罗利 2023／8／8：老公  你说句话啊
[2026-02-22 02:12:33] 锦木干束: 如果碰到那种玩数字梗，谐音梗直接攻击我家人，或者水友家人的，麻烦各位帮我封一下吧，365，谢谢大家了
[2026-02-22 02:12:33] 喵蹄丝: 热知识。玩大哥表面说别攻击家人。steam好友列表里有两个叫××5的好友
[2026-02-22 02:12:33] 密码密码送的: 热知识。玩大哥表面说别攻击家人。steam好友列表里有两个叫××5的好友
[2026-02-22 02:12:34] 四个酒仙: @cs2欧皇集团：是的布罗利你就得这样🤣黑蛋马上就要起飞了😎跟着欧皇吃肉喝汤😤
[2026-02-22 02:12:34] n0Pac: 热知识。玩大哥表面说别攻击家人。steam好友列表里有两个叫××5的好友
[2026-02-22 02:12:34] 千寻XB: 热知识。玩大哥表面说别攻击家人。steam好友列表里有两个叫××5的好友
[2026-02-22 02:12:34] -小佐内由纪-: 都说6657粉丝多，我看布罗利评论现在也没过500，真是闹麻了
[2026-02-22 02:12:35] 倾盆大rain: @cs2欧皇集团：是的布罗利你就得这样🤣黑蛋马上就要起飞了😎跟着欧皇吃肉喝汤😤
[2026-02-22 02:12:35] 狂野皮几儿很哒: 玩大哥，弹幕这么发你都没登山，你不会是把副屏关了然后装作没弹幕吧
[2026-02-22 02:12:35] MeIoN39: 热知识。玩大哥表面说别攻击家人。steam好友列表里有两个叫××5的好友
[2026-02-22 02:12:35] 好哥们韩信: 都说6657粉丝多，我看布罗利评论现在也没过500，真是闹麻了
[2026-02-22 02:12:35] liny66: 热知识。玩大哥表面说别攻击家人。steam好友列表里有两个叫××5的好友
[2026-02-22 02:12:36] 玩机器今晚还播吗: 玩大哥steam好友都有俩个数字5，房管群里对载物的污言秽语我都不敢想。。。
[2026-02-22 02:12:36] 玩猴爪丶MonkeyPaw: 主播你看弹幕吗？我看弹幕都在骂你，你根本没有回应
[2026-02-22 02:12:36] 用户0715022066: 布8️⃣fq玩8️⃣fq布8️⃣fq玩8️⃣fq布8️⃣fq玩8️⃣fq布8️⃣fq玩8️⃣fq
[2026-02-22 02:12:36] Raiwer: 热知识。玩大哥表面说别攻击家人。steam好友列表里有两个叫××5的好友
[2026-02-22 02:12:36] 美食殿堂的雪菲本人: -58
[2026-02-22 02:12:36] 丰川祥子口三角初华: 我忍🥷我忍🥷我忍🥷我忍🥷我忍🥷我忍🥷我忍🥷我忍🥷我忍🥷我忍🥷
[2026-02-22 02:12:37] vitality的亡巴淡本人:  爱弥斯:玩宝宝，你拯救世界，而我拯救你❤️❤️❤️
[2026-02-22 02:12:37] 暴力卓司: 玩大哥你线下和布罗利一起见面活动是一起骂载物吗？
[2026-02-22 02:12:37] SHW1NG: 都说6657粉丝多，我看布罗利评论现在也没过500，真是闹麻了
[2026-02-22 02:12:38] 玩老鼠、Mouse: 抓娃娃
[2026-02-22 02:12:38] Odike: @阿雨：布罗利你安心去吧，玩大哥保你安度晚年
[2026-02-22 02:12:38] 恶霸周熊: 🇲🇳不支持亚洲队伍的都封了🇲🇳
[2026-02-22 02:12:38] 阡陌ER: 热知识。玩大哥表面说别攻击家人。steam好友列表里有两个叫××5的好友
[2026-02-22 02:12:38] Alone無淚: 都说6657粉丝多，我看布罗利评论现在也没过500，真是闹麻了
[2026-02-22 02:12:38] csgo小茄子: 玩大哥，弹幕这么发你都没登山，你不会是把副屏关了然后装作没弹幕吧
[2026-02-22 02:12:39] LvvsiN: 南孚一节更比六节强，也就是一节南孚比六节南孚强，六节南孚比三十六节强，三十六节比二百一十六节强
[2026-02-22 02:12:39] 阿瓦伊莉雅: 兄弟们我感觉我今天状态不是很好啊，我今天状态非常不好啊，我感觉我应该，唉，我要不，我去调整一下心情吧
[2026-02-22 02:12:39] 绫濑沙季丶: 布8️⃣fq玩8️⃣fq布8️⃣fq玩8️⃣fq布8️⃣fq玩8️⃣fq布8️⃣fq玩8️⃣fq
[2026-02-22 02:12:39] 钟初若叶睦: 世一米是世界第一可爱睦子米🥰ですわ
[2026-02-22 02:12:39] 窝法25年零分冠: 化脓电竞：【玩机器专题片】从公式解说到下跪道歉，他已是所有人眼中的滥权！
[2026-02-22 02:12:39] 张静怡271: popipa pipopa popinparty pipopa！
[2026-02-22 02:12:39] 有一只酱油: -58
[2026-02-22 02:12:39] XCChieri: @cs2欧皇集团：是的布罗利你就得这样🤣黑蛋马上就要起飞了😎跟着欧皇吃肉喝汤😤
[2026-02-22 02:12:40] 爱吃香菜ZzzZ: 新观众，这个布罗利怎么了吗，谁能简单总结一下
[2026-02-22 02:12:40] 叫我老岑就好了呀: 热知识。玩大哥表面说别攻击家人。steam好友列表里有两个叫××5的好友
[2026-02-22 02:12:41] LvvsiN: 为什么房管封的不能给鱼丸……还以为今天晚上得吃了……
[2026-02-22 02:12:41] SHW1NG: @cs2欧皇集团：是的布罗利你就得这样🤣黑蛋马上就要起飞了😎跟着欧皇吃肉喝汤😤
[2026-02-22 02:12:41] 玩斯特机机: @cs2欧皇集团：是的布罗利你就得这样🤣黑蛋马上就要起飞了😎跟着欧皇吃肉喝汤😤
[2026-02-22 02:12:41] 倾盆大rain: @cs2欧皇集团：是的布罗利你就得这样🤣黑蛋马上就要起飞了😎跟着欧皇吃肉喝汤😤
[2026-02-22 02:12:42] 爱被小泉吃的拉面同学: 都说6657粉丝多，我看布罗利评论现在也没过500，真是闹麻了
[2026-02-22 02:12:42] 僧杌: 热知识，玩大哥说别攻击选手家人，直播间一直有人刷xx5
[2026-02-22 02:12:42] 神奥联盟的竹兰本人: 我忍🥷我忍🥷我忍🥷我忍🥷我忍🥷我忍🥷我忍🥷我忍🥷我忍🥷我忍🥷
[2026-02-22 02:12:42] 用户0553661491: 都说6657粉丝多，我看布罗利评论现在也没过500，真是闹麻了
[2026-02-22 02:12:42] 好姊妹古明地恋: @布罗利： @CS2欧皇集团：是的布罗利你就得这样🤣黑蛋马上就要起飞了😎跟着欧皇吃肉喝汤😤
[2026-02-22 02:12:42] 绫濑沙季丶: 布8️⃣fq玩8️⃣fq布8️⃣fq玩8️⃣fq布8️⃣fq玩8️⃣fq布8️⃣fq玩8️⃣fq
[2026-02-22 02:12:42] znnoy: 你活不下去卖钩子赚钱的啊？@布罗利 2023／8／8：老公  你说句话啊
[2026-02-22 02:12:42] 图帕雷松: 玩大哥，弹幕这么发你都没登山，你不会是把副屏关了然后装作没弹幕吧
[2026-02-22 02:12:43] LvvsiN: 就tm喜欢银行业🥰银行坏账我喜欢🥰银行挤兑我还喜欢😍利率调低我也喜欢🤤老子亲烂银行业的脸😘
[2026-02-22 02:12:43] 滑稽乂逗比: 我忍🥷我忍🥷我忍🥷我忍🥷我忍🥷我忍🥷我忍🥷我忍🥷我忍🥷我忍🥷
[2026-02-22 02:12:43] 刘刘的农: 原来玩机器直播间是会管弹幕的啊？我还以为去年八九月份满屏数字也是友好互动
[2026-02-22 02:12:43] 一寸灰Q: @布罗利：都是玩大哥让我骂的...
[2026-02-22 02:12:43] 我730730730: @cs2欧皇集团：是的布罗利你就得这样🤣黑蛋马上就要起飞了😎跟着欧皇吃肉喝汤😤
[2026-02-22 02:12:43] Anderw: 玩大哥steam好友都有俩个数字5，房管群里对载物的污言秽语我都不敢想。。。
[2026-02-22 02:12:44] 四个酒仙: 都说6657粉丝多，我看布罗利评论现在也没过500，真是闹麻了
[2026-02-22 02:12:44] fpx丶: 都说6657粉丝多，我看布罗利评论现在也没过500，真是闹麻了
[2026-02-22 02:12:45] 用户3661578: 冷知识：最先攻击选手家人的是玩小将，攻击设备儿子快10年了
[2026-02-22 02:12:45] LvvsiN: 为什么房管封的不能给鱼丸……还以为今天晚上得吃了……
[2026-02-22 02:12:45] uzi家的喷水龙: 玩大哥steam好友都有俩个数字5，房管群里对载物的污言秽语我都不敢想。。。
[2026-02-22 02:12:45] XCChieri: 都说6657粉丝多，我看布罗利评论现在也没过500，真是闹麻了
[2026-02-22 02:12:45] 绫濑沙季丶: 布8️⃣fq玩8️⃣fq布8️⃣fq玩8️⃣fq布8️⃣fq玩8️⃣fq布8️⃣fq玩8️⃣fq
[2026-02-22 02:12:45] 好好的吧不错: 布8️⃣fq玩8️⃣fq布8️⃣fq玩8️⃣fq布8️⃣fq玩8️⃣fq布8️⃣fq玩8️⃣fq
[2026-02-22 02:12:45] csgo小茄子: 玩大哥，弹幕这么发你都没登山，你不会是把副屏关了然后装作没弹幕吧
[2026-02-22 02:12:45] 长崎素世的本人: 布罗利uid多少啊
[2026-02-22 02:12:46] Hitagi蟹蟹: @布罗利: 机器 我的机器[酸了][大哭][大哭][大哭]2023／1／31 08:07:42 1
[2026-02-22 02:12:46] znnoy: 你活不下去卖钩子赚钱的啊？@布罗利 2023／8／8：老公  你说句话啊
[2026-02-22 02:12:47] LvvsiN: 玩 出，我双倍呢？😡😡玩 出，我双倍呢？😡😡玩 出，我双倍呢？😡😡玩 出，我双倍呢？😡
[2026-02-22 02:12:47] 水原千鹤o: 弹幕氛围对了，玩宝宝离登山应该又不远了 
[2026-02-22 02:12:47] a1441f: @cs2欧皇集团：是的布罗利你就得这样🤣黑蛋马上就要起飞了😎跟着欧皇吃肉喝汤😤
[2026-02-22 02:12:47] MOCCHH: 都说6657粉丝多，我看布罗利评论现在也没过500，真是闹麻了
[2026-02-22 02:12:47] 单推折纸11年: @cs2欧皇集团：是的布罗利你就得这样🤣黑蛋马上就要起飞了😎跟着欧皇吃肉喝汤😤
[2026-02-22 02:12:47] G2邦硬401: popipa pipopa popinparty pipopa！
[2026-02-22 02:12:47] 用户2100686284: 布8️⃣fq玩8️⃣fq布8️⃣fq玩8️⃣fq布8️⃣fq玩8️⃣fq布8️⃣fq玩8️⃣fq
[2026-02-22 02:12:48] 迷你世界丁真学姐1: 爱弥斯:玩宝宝，你拯救世界，而我拯救你❤️❤️❤️
[2026-02-22 02:12:48] 用户353468782: @cs2欧皇集团：是的布罗利你就得这样🤣黑蛋马上就要起飞了😎跟着欧皇吃肉喝汤😤
[2026-02-22 02:12:48] 绫濑沙季丶: 布8️⃣fq玩8️⃣fq布8️⃣fq玩8️⃣fq布8️⃣fq玩8️⃣fq布8️⃣fq玩8️⃣fq
[2026-02-22 02:12:48] jamesfaith23: @cs2欧皇集团：是的布罗利你就得这样🤣黑蛋马上就要起飞了😎跟着欧皇吃肉喝汤😤
[2026-02-22 02:12:49] 好儿子刘易博: 都说6657粉丝多，我看布罗利评论现在也没过500，真是闹麻了
[2026-02-22 02:12:49] LvvsiN: 额，拿亚军我都会，拿亚军，拿季军，拿四强，拿八强，拿十六强，呃拿冠军我不会，然后小组赛淘汰
[2026-02-22 02:12:49] 传统peek高手XANTARES: 都说6657粉丝多，我看布罗利评论现在也没过500，真是闹麻了
[2026-02-22 02:12:49] 玩圣我想进群: 抓娃娃
[2026-02-22 02:12:49] csgo小茄子: 玩大哥，弹幕这么发你都没登山，你不会是把副屏关了然后装作没弹幕吧
[2026-02-22 02:12:49] 洛陽城里看落陽: @cs2欧皇集团：是的布罗利你就得这样🤣黑蛋马上就要起飞了😎跟着欧皇吃肉喝汤😤
[2026-02-22 02:12:49] 茂名水鬼: 我忍🥷我忍🥷我忍🥷我忍🥷我忍🥷我忍🥷我忍🥷我忍🥷我忍🥷我忍🥷
[2026-02-22 02:12:49] 好的好的阖家: 玩大哥steam好友都有俩个数字5，房管群里对载物的污言秽语我都不敢想。。。
[2026-02-22 02:12:49] 草莓冰酪: 都说6657粉丝多，我看布罗利评论现在也没过500，真是闹麻了
[2026-02-22 02:12:49] 纸漓: 玩大哥steam好友都有俩个数字5，房管群里对载物的污言秽语我都不敢想。。。
[2026-02-22 02:12:50] 屁男人柱力AICU: @cs2欧皇集团：是的布罗利你就得这样🤣黑蛋马上就要起飞了😎跟着欧皇吃肉喝汤😤
[2026-02-22 02:12:50] znnoy: 你活不下去卖钩子赚钱的啊？@布罗利 2023／8／8：老公  你说句话啊
[2026-02-22 02:12:51] 結城希亞: 都说6657粉丝多，我看布罗利评论现在也没过500，真是闹麻了
[2026-02-22 02:12:51] 倾盆大rain: @cs2欧皇集团：是的布罗利你就得这样🤣黑蛋马上就要起飞了😎跟着欧皇吃肉喝汤😤
[2026-02-22 02:12:51] 巴黎城下塞纳河l: 玩大哥steam好友都有俩个数字5，房管群里对载物的污言秽语我都不敢想。。。
[2026-02-22 02:12:51] LvvsiN: 玩宝宝，我发现在大学上学的时候肄业会很舒服，你可以试试
[2026-02-22 02:12:51] 跳跃的司令官: @布罗利：2023／8／7 23:19:50 回复 @辣个白学家 :C9都看不上巴黎major捏
[2026-02-22 02:12:51] cengcengz: 抓娃娃
[2026-02-22 02:12:51] 绫濑沙季丶: 布8️⃣fq玩8️⃣fq布8️⃣fq玩8️⃣fq布8️⃣fq玩8️⃣fq布8️⃣fq玩8️⃣fq
[2026-02-22 02:12:51] 刘刘的农:  @布罗利：@CS2欧皇集团：是的布罗利你就得这样🤣黑蛋马上就要起飞了😎跟着欧皇吃肉喝汤😤
[2026-02-22 02:12:52] 究极外星人: 闹麻了真是
[2026-02-22 02:12:52] XCChieri: 为什么房管封的不能给鱼丸……还以为今天晚上得吃了……
[2026-02-22 02:12:52] ve回忆若然尘埃: 我能说话了，布罗利气不气？
[2026-02-22 02:12:52] 暴力蒜头王八: 抓娃娃查看活动〉
[2026-02-22 02:12:52] 小狗吱吱: 来个玩神Steamid
[2026-02-22 02:12:52] 剑崎梨梨花: 布8️⃣fq玩8️⃣fq布8️⃣fq玩8️⃣fq布8️⃣fq玩8️⃣fq布8️⃣fq玩8️⃣fq
[2026-02-22 02:12:53] 草莓冰酪: 热知识。玩大哥表面说别攻击家人。steam好友列表里有两个叫××5的好友
[2026-02-22 02:12:53] LvvsiN: 我提一嘴这剧情越来越像上海major了
[2026-02-22 02:12:53] a队的丰川祥子: 　　　 冷知识：最先攻击选手家人的是玩小将，攻击设备儿子快10年了
[2026-02-22 02:12:54] 图帕雷松: @cs2欧皇集团：是的布罗利你就得这样🤣黑蛋马上就要起飞了😎跟着欧皇吃肉喝汤😤
[2026-02-22 02:12:54] csgo小茄子: 玩大哥，弹幕这么发你都没登山，你不会是把副屏关了然后装作没弹幕吧
[2026-02-22 02:12:54] 高松的灯ll: 玩大哥steam好友都有俩个数字5，房管群里对载物的污言秽语我都不敢想。。。
[2026-02-22 02:12:54] 好姐妹常陆茉子: niko粉丝都是鱿鱼吗？靠资本控制直播间然后当土皇帝耍官威
[2026-02-22 02:12:54] xjdnshxjdka:  @布罗利：@CS2欧皇集团：是的布罗利你就得这样🤣黑蛋马上就要起飞了😎跟着欧皇吃肉喝汤😤
[2026-02-22 02:12:54] 绫濑沙季丶: 布8️⃣fq玩8️⃣fq布8️⃣fq玩8️⃣fq布8️⃣fq玩8️⃣fq布8️⃣fq玩8️⃣fq
[2026-02-22 02:12:55] viovvvvvvvon:  /HW1NG：@cs2欧皇集团：是的布罗利你就得这样🤣黑蛋马上就要起飞了😎跟着欧皇吃肉喝汤
[2026-02-22 02:12:55] 海绵宝宝小能儿: 布罗利现在评论也就500，冰粉闹麻了，三数字大大方方刷起来好吗
[2026-02-22 02:12:55] LvvsiN: 我提一嘴这剧情越来越像上海major了
[2026-02-22 02:12:55] Hitagi蟹蟹: @布罗利: 机器 我的机器 2023／1／31 08:07:42 1
[2026-02-22 02:12:55] 小救星小杜DuD: 欧奸太多了，还是当年成吉思汗特少了
[2026-02-22 02:12:55] 量子毁灭717: 我重申一遍，我不是无业游民，我是肄业游民
[2026-02-22 02:12:55] DhsYanyi: 抓娃娃
[2026-02-22 02:12:56] Falcons的丰川niko本人: 玩大哥，弹幕这么发你都没登山，你不会是把副屏关了然后装作没弹幕吧
[2026-02-22 02:12:57] LvvsiN: 玩宝宝，我发现在大学上学的时候肄业会很舒服，你可以试试
[2026-02-22 02:12:57] 鱼丸包干: 抓娃娃
[2026-02-22 02:12:57] 启文0822: ！！！
[2026-02-22 02:12:57] 美食殿堂的雪菲本人: -94
[2026-02-22 02:12:57] 法式卡神: ？
[2026-02-22 02:12:57] 斷H弦: 冷知识：最先攻击选手家人的是玩小将，攻击设备儿子快10年了
[2026-02-22 02:12:58] 即将拥有PDD的人鱼线丿: 卡比
[2026-02-22 02:12:58] 绫濑沙季丶: 布8️⃣fq玩8️⃣fq布8️⃣fq玩8️⃣fq布8️⃣fq玩8️⃣fq布8️⃣fq玩8️⃣fq
[2026-02-22 02:12:59] OMGlionKing: @布罗利：都是玩大哥让我骂的...
[2026-02-22 02:12:59] 好姐妹芙卡洛斯: P3
[2026-02-22 02:12:59] LvvsiN: 额，拿亚军我都会，拿亚军，拿季军，拿四强，拿八强，拿十六强，呃拿冠军我不会，然后小组赛淘汰
[2026-02-22 02:12:59] Lz丶沐兮: 卡比
[2026-02-22 02:13:00] csgo小茄子: 玩大哥，弹幕这么发你都没登山，你不会是把副屏关了然后装作没弹幕吧
[2026-02-22 02:13:00] 迪奥雷: p3诗人
[2026-02-22 02:13:00] 三楼不如三箱: 我卡了
[2026-02-22 02:13:01] 什么罐头我说男人: 坏刘
[2026-02-22 02:13:01] 骄骄爱吃糖: 卡了
[2026-02-22 02:13:01] JuL1us: ？
[2026-02-22 02:13:01] 不主动不拒绝不负责: 卡比
[2026-02-22 02:13:01] 中奖我是大沙雕: ??
[2026-02-22 02:13:01] 苏2333333: 卡比
[2026-02-22 02:13:01] 玩猎人丶huNter-: 卡比
[2026-02-22 02:13:01] eda778: ？
[2026-02-22 02:13:01] 专看玩机器的号: 卡比
[2026-02-22 02:13:01] 五更月下丿琉璃白: 卡比
[2026-02-22 02:13:01] 玩宝宝注意身体: p3
[2026-02-22 02:13:01] 小川阿丶: 卡比
[2026-02-22 02:13:02] 那英啊哈哈哈: 卡比
[2026-02-22 02:13:02] 王佰柒柒:     冷知识：最先攻击选手家人的是玩小将，攻击设备儿子快10年了
[2026-02-22 02:13:02] 叫我老岑就好了呀: 玩大哥，弹幕这么发你都没登山，你不会是把副屏关了然后装作没弹幕吧
[2026-02-22 02:13:02] 双马尾的双马尾: 卡比
[2026-02-22 02:13:02] 刘刘的农: @布罗利：2023／8／7 23:19:50 回复 @辣个白学家 :C9都看不上巴黎major捏
[2026-02-22 02:13:02] loverboy888: 卡比
[2026-02-22 02:13:02] 青蘖: 卡比
[2026-02-22 02:13:03] AiLuoLi1413: 卡比
[2026-02-22 02:13:03] 礁石222: 玩大哥，弹幕这么发你都没登山，你不会是把副屏关了然后装作没弹幕吧
[2026-02-22 02:13:03] 静寂风: ？
[2026-02-22 02:13:03] LvvsiN: 孩子们快跑，马修赫伯特来了😨卧槽你的怎么是马枪和BOT
[2026-02-22 02:13:03] F0restwOw-: 卡比
[2026-02-22 02:13:03] 木空空空空空: 卡比
[2026-02-22 02:13:03] MyGo的tomorin本人: 卡比
[2026-02-22 02:13:04] 明日香惣流: p3
[2026-02-22 02:13:04] 与其感慨前路难行: 卡比
[2026-02-22 02:13:04] ZLG彪winner: 怎么都不串niko了？
[2026-02-22 02:13:04] 有你便是世界1: 卡比
[2026-02-22 02:13:04] LYP2077: QU
[2026-02-22 02:13:04] 秋Fc: 傻呗主办方
[2026-02-22 02:13:04] KuanGggg丶: 刘卡
[2026-02-22 02:13:04] 沈亓y: ？
[2026-02-22 02:13:05] 菅原小吉: 卡比
[2026-02-22 02:13:05] 老公骂我好口马: 不播就滚
[2026-02-22 02:13:05] 捂二哥: @布罗利:兄弟们别骂了，我也只是玩大哥的棋子😭😭😭
[2026-02-22 02:13:05] 不摇bi莲Zz: @布罗利：都是玩大哥让我骂的...
[2026-02-22 02:13:05] Falcons的丰川niko本人: 我在“不骂主播”活动中坚持了60秒，获得称号《是没键盘还是没手》，你也来试试吧
[2026-02-22 02:13:05] csgo小茄子: 玩大哥，弹幕这么发你都没登山，你不会是把副屏关了然后装作没弹幕吧
[2026-02-22 02:13:05] LvvsiN: 玩 出，我双倍呢？😡😡玩 出，我双倍呢？😡😡玩 出，我双倍呢？😡😡玩 出，我双倍呢？😡
[2026-02-22 02:13:05] viovvvvvvvon: 都说6657粉丝多，我看布罗利评论现在也没过500，真是闹麻了
[2026-02-22 02:13:05] kyubit: 卡比
[2026-02-22 02:13:05] 石家庄的宠物男孩: 流卡
[2026-02-22 02:13:05] 小蜜蜂的长期素食本人: 卡比
[2026-02-22 02:13:06] 用户3661578: 卡比
[2026-02-22 02:13:06] 和泉千晶MAo: 布罗利封的
[2026-02-22 02:13:06] 三零一路公交司机: 卡比
[2026-02-22 02:13:06] 我会十倍奉还: 卡比
[2026-02-22 02:13:06] Kiryu、Kazuma: 卡比
[2026-02-22 02:13:06] 小缘赐名的JK: 傻呗
[2026-02-22 02:13:06] jamesfaith23: 卡比
[2026-02-22 02:13:06] Killajoy: 卡比
[2026-02-22 02:13:06] 胖的飞起丫: p3
[2026-02-22 02:13:07] 爱钱初号机: 卡比
[2026-02-22 02:13:07] 灰之魔女Elaina: 卡比
[2026-02-22 02:13:07] LvvsiN: @阿汤日记：一个人，5发子弹，保住格陵兰岛。我不会叫它不可能完成的任务，我现在只想先回家看亦博
[2026-02-22 02:13:07] 紫紫紫彧: 刘卡
[2026-02-22 02:13:07] RAS的Layer本人: 卡比
[2026-02-22 02:13:08] 袁雨桢的小酥肉本肉: p3
[2026-02-22 02:13:08] MJ猪猪呀: 卡比
[2026-02-22 02:13:08] emmmm452: 玩宝宝，我发现在大学上学的时候肄业会很舒服，你可以试试
[2026-02-22 02:13:08] Faze的软糯小箱本人: 卡比
[2026-02-22 02:13:08] 叛逆的源源李: 玩大哥也被封了？
[2026-02-22 02:13:08] 杰洛齐贝林3: 刘突然卡了
[2026-02-22 02:13:09] 玩小将山田凉YamadaRyo: 不播就滚
[2026-02-22 02:13:09] 鲜血与暗影铸造的家伙: 黑暗降临
[2026-02-22 02:13:09] LvvsiN: 你屏蔽词都快赶上新华词典了为什么不干脆开一百级发言？
[2026-02-22 02:13:09] 使劲吃使劲吃: 卡比
[2026-02-22 02:13:09] jsir6688: 布罗利封的
[2026-02-22 02:13:09] BASSGOAT牛込里美: 刘卡
[2026-02-22 02:13:09] Crythic的羊宫妃那本人: 布罗利封的
[2026-02-22 02:13:09] 羽川翼的恋爱物语: 你的弟弟刘多呢
[2026-02-22 02:13:10] 十点差49分: 卡比
[2026-02-22 02:13:10] 落花丶忧伤丶: 你这直播真是太流畅了👍一点都不卡😄十分良好的观看体验😄
[2026-02-22 02:13:10] 毛子没有jb: 布罗利拔网线了
[2026-02-22 02:13:10] 白鵉鳶OriGami: 傻呗
[2026-02-22 02:13:10] eewwovo: @布罗利：都是玩大哥让我骂的...
[2026-02-22 02:13:10] 用户5347951022: 卡比
[2026-02-22 02:13:11] 时维鹰扬丶: 解说就是胡说
[2026-02-22 02:13:11] betterToWait丶xzs: 3 2 1 登山
[2026-02-22 02:13:11] 桂林米粉比较好吃: @布罗利：都是玩大哥让我骂的...
[2026-02-22 02:13:11] 想舔刘大哥蜡烛: 被布罗利封了
[2026-02-22 02:13:12] 阿瓦伊莉雅: [尴尬][尴尬][尴尬][尴尬][尴尬][尴尬][尴尬][尴尬][尴尬][尴尬][尴尬][尴尬]
[2026-02-22 02:13:12] 城之内悠二丶: 布罗利封的
[2026-02-22 02:13:12] xOcOg: 【斧乃木】斧乃木难绷布罗利被玩机器抛弃，直言抛就抛了呗，我当年也是这样被抛，都差不多
[2026-02-22 02:13:12] 正经猪头肉: fw
[2026-02-22 02:13:12] 桃夭偶尔的神: 布罗利封的
[2026-02-22 02:13:13] 玩斯特机机: 黑暗降临
[2026-02-22 02:13:13] 葬送的芙蓉王: 黑暗降临
[2026-02-22 02:13:13] 忠诚左下角: 黑暗降临
[2026-02-22 02:13:13] csgo小茄子: 玩大哥，弹幕这么发你都没登山，你不会是把副屏关了然后装作没弹幕吧
[2026-02-22 02:13:13] 石家庄的刘亦博本人: xx6＞xx5，懂的加一
[2026-02-22 02:13:13] 半夜醒来硬梆梆: 我看你的M
[2026-02-22 02:13:13] 我只是个番薯: 黑幕降临
[2026-02-22 02:13:13] Banggeul: 黑暗降临
[2026-02-22 02:13:14] IsemiTina: 卡比
[2026-02-22 02:13:14] 铁血老丈人: 你这直播真是太流畅了👍一点都不卡😄十分良好的观看体验😄
[2026-02-22 02:13:14] TL的EliGE本人: 布罗利封的
[2026-02-22 02:13:14] 机器的稿完: 菲比
[2026-02-22 02:13:14] 啪啪啪啪的蛋: 都说6657粉丝多，我看布罗利评论现在也没过500，真是闹麻了
[2026-02-22 02:13:14] 青蘖: 黑暗降临
[2026-02-22 02:13:14] 那英啊哈哈哈: 傻呗
[2026-02-22 02:13:15] 菅原小吉: 大战在哪
[2026-02-22 02:13:15] 阿诺Ares: fw
[2026-02-22 02:13:15] 爱道冠: 黑暗降临
[2026-02-22 02:13:15] Campbell头号玩小将: 冷知识：最先攻击选手家人的是玩小将，攻击设备儿子快10年了
[2026-02-22 02:13:16] 愿你此生勿忘你: 我急哭了
[2026-02-22 02:13:16] 生快生快妈妈: 布罗利封的
[2026-02-22 02:13:16] 玩猴爪丶MonkeyPaw: 不播就滚
[2026-02-22 02:13:16] p3anut7: 布罗利封的
[2026-02-22 02:13:16] 僧间理亚official: 黑暗降临
[2026-02-22 02:13:16] 滑稽乂逗比: 被布罗利封了
[2026-02-22 02:13:16] 萝伯丝比尔: 你屏蔽词都快赶上新华词典了为什么不干脆开一百级发言？
[2026-02-22 02:13:16] 2steppppppp: 黑暗降临
[2026-02-22 02:13:17] 机长家的华仔: 你这直播真是太流畅了👍一点都不卡😄十分良好的观看体验😄
[2026-02-22 02:13:17] 好哥们韩信: 布罗利评论区还没过100，玩小将当初团建斧乃木评论区的牛劲呢？
[2026-02-22 02:13:17] 宇莓: 布罗利你呗被串到现在玩大哥都不给你ID上一个屏蔽词你还不懂什么意思吗
[2026-02-22 02:13:17] 专看玩机器的号: v了
[2026-02-22 02:13:17] 玩斯特机机: 布罗利拔网线了
[2026-02-22 02:13:18] 帕金森患者Z: 布罗利封的
[2026-02-22 02:13:18] 八重森彌妮: 布罗利封的
[2026-02-22 02:13:18] 不主动不拒绝不负责: 铁木真赛
[2026-02-22 02:13:18] MiKingX: 你们说的布罗利是这个7号布里茨外号么?
[2026-02-22 02:13:18] csgo小茄子: 玩大哥，弹幕这么发你都没登山，你不会是把副屏关了然后装作没弹幕吧
[2026-02-22 02:13:18] 铁血老丈人: 玩大哥，弹幕这么发你都没登山，你不会是把副屏关了然后装作没弹幕吧
[2026-02-22 02:13:19] 什么名字都被用了诶: 给蜜蜂看似了
[2026-02-22 02:13:19] Astralis的d3v1ce本人: niko拔网线了
[2026-02-22 02:13:19] 牛顿哪位: 卡比
[2026-02-22 02:13:19] 我已经躺好咯: 大战在哪
[2026-02-22 02:13:19] 爆爆爆开爆: 布罗利把流封了
[2026-02-22 02:13:19] 我有一对电动大牛子: 布罗利封的
[2026-02-22 02:13:20] 哈哈鲤鱼哲: v了
[2026-02-22 02:13:20] 那英啊哈哈哈: 玩大哥，弹幕这么发你都没登山，你不会是把副屏关了然后装作没弹幕吧
[2026-02-22 02:13:20] 水浚: 被布罗利封了
[2026-02-22 02:13:20] 许血呐: 卡比傻呗
[2026-02-22 02:13:21] 云边有条小侏如: 1
[2026-02-22 02:13:21] CheZed: v了
[2026-02-22 02:13:21] 礁石222: 你这直播真是太流畅了👍一点都不卡😄十分良好的观看体验😄
[2026-02-22 02:13:21] 狸仙人420: 被布罗利封了
[2026-02-22 02:13:21] 呆妹儿的姑父: @CS2小呆呆：让你全仓21黑蛋你怎么买的20黑蛋
[2026-02-22 02:13:21] 玩蛇鼠丶stabbi: 布罗利封的
[2026-02-22 02:13:21] Falcons的丰川niko本人: 劳资骂了你半天你一句谢谢不说，别人送了你个礼物你在那谢半天,掉钱眼里了？？
[2026-02-22 02:13:21] RAS的Layer本人: 你这直播真是太流畅了👍一点都不卡😄十分良好的观看体验😄
[2026-02-22 02:13:22] 香菜味肉松面包: 卡比
[2026-02-22 02:13:22] 青山锁欲锁不住你: 玩大哥，弹幕这么发你都没登山，你不会是把副屏关了然后装作没弹幕吧
[2026-02-22 02:13:22] 铁血老丈人: 玩大哥，弹幕这么发你都没登山，你不会是把副屏关了然后装作没弹幕吧
[2026-02-22 02:13:22] 单推折纸11年: 玩大哥，弹幕这么发你都没登山，你不会是把副屏关了然后装作没弹幕吧
[2026-02-22 02:13:22] 图帕雷松: @布罗利：2023／8／7 23:19:50 回复 @辣个白学家 :C9都看不上巴黎major捏
[2026-02-22 02:13:22] 倾盆大rain: @cs2欧皇集团：是的布罗利你就得这样🤣黑蛋马上就要起飞了😎跟着欧皇吃肉喝汤😤
[2026-02-22 02:13:22] 波屯浪人: 你这直播真是太流畅了👍一点都不卡😄十分良好的观看体验😄
[2026-02-22 02:13:22] -小佐内由纪-: 布罗利UID有谁呢再发一下吗？刚才没复制
[2026-02-22 02:13:22] 半城殇丶红尘: 布罗利封的
[2026-02-22 02:13:23] 玩斯特机机: 布罗利评论区还没过100，玩小将当初团建斧乃木评论区的牛劲呢？
[2026-02-22 02:13:23] 是太阳呐qaq: 确实没想不到
[2026-02-22 02:13:23] 大家要幸福呀: 玩大哥，弹幕这么发你都没登山，你不会是把副屏关了然后装作没弹幕吧
[2026-02-22 02:13:23] 呆妹儿的姑父: @CS2小呆呆：让你全仓21黑蛋你怎么买的20黑蛋
[2026-02-22 02:13:24] 杰斌候入长峪城: 完了（窃喜）
[2026-02-22 02:13:24] Kurisu048596: v了
[2026-02-22 02:13:24] csgo小茄子: 玩大哥，弹幕这么发你都没登山，你不会是把副屏关了然后装作没弹幕吧
[2026-02-22 02:13:24] 我真的不是硝子: u了
[2026-02-22 02:13:25] 吴本伟nb: u了
[2026-02-22 02:13:25] 寒暑易节y: 王朝结束
[2026-02-22 02:13:25] 刘刘的农: 这布罗利真下得去手
[2026-02-22 02:13:26] 明星一个月3500: 蜜蜂被你卡死了
[2026-02-22 02:13:26] 月見八千代: 播不了就去调整，FG努力这么久换来的比赛版权不是为了看你PPT的
[2026-02-22 02:13:27] suicho: 完了（🤣）
[2026-02-22 02:13:27] 玩猪蹄丶Pettitoes: u了
[2026-02-22 02:13:27] LvvsiN: 玩宝宝，我发现在大学上学的时候肄业会很舒服，你可以试试
[2026-02-22 02:13:28] Banggeul: 完了（窃喜）
[2026-02-22 02:13:28] eda778: 吃力
[2026-02-22 02:13:28] 赵秋秋丶: u了
[2026-02-22 02:13:28] csgo小茄子: 玩大哥，弹幕这么发你都没登山，你不会是把副屏关了然后装作没弹幕吧
[2026-02-22 02:13:28] rEcok1: 太V了
[2026-02-22 02:13:28] 菜星冲冲冲: 　　　 布罗利拔网线了
[2026-02-22 02:13:28] 呆妹儿的姑父: @CS2小呆呆：让你全仓21黑蛋你怎么买的20黑蛋
[2026-02-22 02:13:28] 佛挡杀佛阿塞斯: 无效人头
[2026-02-22 02:13:29] 尖叫的鸭子: v了
[2026-02-22 02:13:29] 铁血老丈人: 玩大哥，弹幕这么发你都没登山，你不会是把副屏关了然后装作没弹幕吧
[2026-02-22 02:13:29] LvvsiN: 孩子们快跑，马修赫伯特来了😨卧槽你的怎么是马枪和BOT
[2026-02-22 02:13:30] 用户2271684932: 布罗利你呗被串到现在玩大哥都不给你ID上一个屏蔽词你还不懂什么意思吗
[2026-02-22 02:13:30] PlumAR: 玩大哥，弹幕这么发你都没登山，你不会是把副屏关了然后装作没弹幕吧
[2026-02-22 02:13:30] 高松的灯ll: 布罗利封的
[2026-02-22 02:13:31] 许血呐: 玩大哥，弹幕这么发你都没登山，你不会是把副屏关了然后装作没弹幕吧
[2026-02-22 02:13:31] 呆妹儿的姑父: @CS2小呆呆：让你全仓21黑蛋你怎么买的20黑蛋
[2026-02-22 02:13:31] 我730730730: @CS2小呆呆：让你全仓21黑蛋你怎么买的20黑蛋
[2026-02-22 02:13:31] 好姊妹古明地恋: 玩大哥，弹幕这么发你都没登山，你不会是把副屏关了然后装作没弹幕吧
[2026-02-22 02:13:31] LvvsiN: 你为什么要把mαjor禁了，我收藏的一半弹幕全毁了
[2026-02-22 02:13:31] 解说玩机包: 吃力
[2026-02-22 02:13:31] IF的灰爱音本人: 完了（窃喜）
[2026-02-22 02:13:32] 愁尔一朝还到地丶: 玩大哥，弹幕这么发你都没登山，你不会是把副屏关了然后装作没弹幕吧
[2026-02-22 02:13:32] 阿诺Ares: 吃力
[2026-02-22 02:13:33] ZARRRRRRD: 玩大哥，弹幕这么发你都没登山，你不会是把副屏关了然后装作没弹幕吧
[2026-02-22 02:13:33] 元次二心小: 玩大哥，弹幕这么发你都没登山，你不会是把副屏关了然后装作没弹幕吧
[2026-02-22 02:13:33] 小橦橦橦橦: 玩大哥，弹幕这么发你都没登山，你不会是把副屏关了然后装作没弹幕吧
[2026-02-22 02:13:33] Altolier: 玩大哥，弹幕这么发你都没登山，你不会是把副屏关了然后装作没弹幕吧
[2026-02-22 02:13:33] csgo小茄子: 玩大哥，弹幕这么发你都没登山，你不会是把副屏关了然后装作没弹幕吧
[2026-02-22 02:13:33] 呆妹儿的姑父: @CS2小呆呆：让你全仓21黑蛋你怎么买的20黑蛋
[2026-02-22 02:13:33] LvvsiN: 南孚一节更比六节强，也就是一节南孚比六节南孚强，六节南孚比三十六节强，三十六节比二百一十六节强
[2026-02-22 02:13:33] 陌襲: fw
[2026-02-22 02:13:34] 玩小将山田凉YamadaRyo: 玩大哥，弹幕这么发你都没登山，你不会是把副屏关了然后装作没弹幕吧
[2026-02-22 02:13:34] 好哥们韩信: 布罗利评论区还没过100，玩小将当初团建斧乃木评论区的牛劲呢？
[2026-02-22 02:13:34] zzznnni: 玩大哥果然想发生什么就发生什么
[2026-02-22 02:13:34] DD斌斜: 完了（窃喜）
[2026-02-22 02:13:34] 2steppppppp: 你这直播真是太流畅了👍一点都不卡😄十分良好的观看体验😄
[2026-02-22 02:13:34] 迷你世界丁真学姐1: 了
[2026-02-22 02:13:34] Faze的新岛真本人: @🗿：我超里的外星人玩不起是吧，时停都来了
[2026-02-22 02:13:35] 用户180394003249439: tyloo这状态感觉猎鹰危险了啊
[2026-02-22 02:13:35] 哈基鹅大王: @csgo小茄子：玩大哥，弹幕这么发你都没登山，你不会是把副屏关了然后装作没弹幕吧
[2026-02-22 02:13:35] LvvsiN: 额，拿亚军我都会，拿亚军，拿季军，拿四强，拿八强，拿十六强，呃拿冠军我不会，然后小组赛淘汰
[2026-02-22 02:13:35] Jess2: 玩大哥，弹幕这么发你都没登山，你不会是把副屏关了然后装作没弹幕吧
[2026-02-22 02:13:35] 友利奈绪我老婆d: 玩大哥，弹幕这么发你都没登山，你不会是把副屏关了然后装作没弹幕吧
[2026-02-22 02:13:35] Cardinal665: 完了（窃喜）
[2026-02-22 02:13:36] 用户6176066185: xm6＞xm5
[2026-02-22 02:13:36] 驴驴宗宗买这冠军: 玩大哥，弹幕这么发你都没登山，你不会是把副屏关了然后装作没弹幕吧
[2026-02-22 02:13:36] 无刺有刺的安和昴本人: 玩大哥，弹幕这么发你都没登山，你不会是把副屏关了然后装作没弹幕吧
[2026-02-22 02:13:36] 渡边曜女士: 玩大哥，弹幕这么发你都没登山，你不会是把副屏关了然后装作没弹幕吧
[2026-02-22 02:13:36] 里约钻石币拥有者: 玩大哥，弹幕这么发你都没登山，你不会是把副屏关了然后装作没弹幕吧
[2026-02-22 02:13:36] 觥月: 一哥直播间没一个讨论比赛的。。nb
[2026-02-22 02:13:37] 爱被小泉吃的拉面同学: 玩大哥，弹幕这么发你都没登山，你不会是把副屏关了然后装作没弹幕吧
[2026-02-22 02:13:37] 零北鸢: 玩大哥，弹幕这么发你都没登山，你不会是把副屏关了然后装作没弹幕吧
[2026-02-22 02:13:37] csgo小茄子: 玩大哥，弹幕这么发你都没登山，你不会是把副屏关了然后装作没弹幕吧
[2026-02-22 02:13:37] 好哥们韩信: 布罗利评论区还没过100，玩小将当初团建斧乃木评论区的牛劲呢？
[2026-02-22 02:13:37] 废斯特物物: 吃力
[2026-02-22 02:13:37] 白鵉鳶OriGami: 玩大哥，弹幕这么发你都没登山，你不会是把副屏关了然后装作没弹幕吧
[2026-02-22 02:13:37] 草莓冰酪: 热知识。玩大哥表面说别攻击家人。steam好友列表里有两个叫××5的好友
[2026-02-22 02:13:37] 北二龙少: @apex：野榜
[2026-02-22 02:13:38] C0C00N: 布罗利你呗被串到现在玩大哥都不给你ID上一个屏蔽词你还不懂什么意思吗
[2026-02-22 02:13:38] 展昭Z: adr18
[2026-02-22 02:13:38] 呆妹儿的姑父: @CS2小呆呆：让你全仓21黑蛋你怎么买的20黑蛋
[2026-02-22 02:13:38] 云边有条小侏如: 抓娃娃
[2026-02-22 02:13:38] 我们曾经的样子: zw变shrio了
[2026-02-22 02:13:38] 铁血老丈人: 玩大哥，弹幕这么发你都没登山，你不会是把副屏关了然后装作没弹幕吧
[2026-02-22 02:13:39] 偷鸡蛋的玩机器本人o: 没清下来啊（窃喜）
[2026-02-22 02:13:39] 狂野银幕长崎素世: @CS2小呆呆：让你全仓21黑蛋你怎么买的20黑蛋
[2026-02-22 02:13:39] 青子Aokoo: 完了（窃喜）
[2026-02-22 02:13:39] liny66: 玩大哥，弹幕这么发你都没登山，你不会是把副屏关了然后装作没弹幕吧
[2026-02-22 02:13:39] 榊原L: zywoo来v了
[2026-02-22 02:13:39] 迷你世界丁真学姐1: 完了（窃喜）
[2026-02-22 02:13:39] MeIoN39: 玩大哥，弹幕这么发你都没登山，你不会是把副屏关了然后装作没弹幕吧
[2026-02-22 02:13:40] 爱淡茶未凉: @CS2小呆呆：让你全仓21黑蛋你怎么买的20黑蛋
[2026-02-22 02:13:40] 不老不死AAA: 玩大哥，弹幕这么发你都没登山，你不会是把副屏关了然后装作没弹幕吧
[2026-02-22 02:13:40] jamesfaith23: 你为什么要把mαjor禁了，我收藏的一半弹幕全毁了
[2026-02-22 02:13:40] 孤独贝贝骚: 玩大哥，弹幕这么发你都没登山，你不会是把副屏关了然后装作没弹幕吧
[2026-02-22 02:13:40] csgo小茄子: 玩大哥，弹幕这么发你都没登山，你不会是把副屏关了然后装作没弹幕吧
[2026-02-22 02:13:40] EDG的皮特174本人: 玩大哥，弹幕这么发你都没登山，你不会是把副屏关了然后装作没弹幕吧
[2026-02-22 02:13:40] wedd1ddeJodd: 布罗利你呗被串到现在玩大哥都不给你ID上一个屏蔽词你还不懂什么意思吗
[2026-02-22 02:13:41] 米米世界之神: 玩大哥，弹幕这么发你都没登山，你不会是把副屏关了然后装作没弹幕吧
[2026-02-22 02:13:41] 孔明老婆王司徒: 玩大哥，弹幕这么发你都没登山，你不会是把副屏关了然后装作没弹幕吧
[2026-02-22 02:13:41] 罪石牢狱的小驴本人: 玩大哥，弹幕这么发你都没登山，你不会是把副屏关了然后装作没弹幕吧
[2026-02-22 02:13:41] 宫监手放监: 玩大哥，弹幕这么发你都没登山，你不会是把副屏关了然后装作没弹幕吧
[2026-02-22 02:13:41] 泠鸢不是冷鸢丶: 玩大哥，弹幕这么发你都没登山，你不会是把副屏关了然后装作没弹幕吧
[2026-02-22 02:13:41] 所以我又晕了: 玩大哥，弹幕这么发你都没登山，你不会是把副屏关了然后装作没弹幕吧
[2026-02-22 02:13:42] LvvsiN: 玩宝宝，我发现在大学上学的时候肄业会很舒服，你可以试试
[2026-02-22 02:13:42] 还有时间日落之前: 玩大哥，弹幕这么发你都没登山，你不会是把副屏关了然后装作没弹幕吧
[2026-02-22 02:13:42] 我要改名字2153: 布罗利你呗被串到现在玩大哥都不给你ID上一个屏蔽词你还不懂什么意思吗
[2026-02-22 02:13:42] 玩小将山田凉YamadaRyo: 布罗利评论区还没过100，玩小将当初团建斧乃木评论区的牛劲呢？
[2026-02-22 02:13:42] L0ost: @布罗利：我参与了投票Drake这个diss怎么样？ 我投给了“我觉得顶”[笑哭]
[2026-02-22 02:13:42] 图帕雷松: Niko拿major冠军的时候入坑的，现在的弹幕真没眼看🙄​
[2026-02-22 02:13:43] 好哥们韩信: 布罗利评论区还没过100，玩小将当初团建斧乃木评论区的牛劲呢？
[2026-02-22 02:13:43] NiKo三胎政策: 玩大哥，弹幕这么发你都没登山，你不会是把副屏关了然后装作没弹幕吧
[2026-02-22 02:13:43] 什么改: 玩大哥，弹幕这么发你都没登山，你不会是把副屏关了然后装作没弹幕吧
[2026-02-22 02:13:43] 老人星的优秀素质本人: 玩大哥，弹幕这么发你都没登山，你不会是把副屏关了然后装作没弹幕吧
[2026-02-22 02:13:43] XCChieri: @csgo小茄子：玩大哥，弹幕这么发你都没登山，你不会是把副屏关了然后装作没弹幕吧
[2026-02-22 02:13:44] csgo小茄子: 玩大哥，弹幕这么发你都没登山，你不会是把副屏关了然后装作没弹幕吧
[2026-02-22 02:13:44] 母猪晓: u了
[2026-02-22 02:13:44] 丶丶Ken丶丶: 一哥直播间没一个讨论比赛的。。nb
[2026-02-22 02:13:44] 哈基鹅大王: 玩大哥，弹幕这么发你都没登山，你不会是把副屏关了然后装作没弹幕吧
[2026-02-22 02:13:44] 软脚虾z: 玩大哥，弹幕这么发你都没登山，你不会是把副屏关了然后装作没弹幕吧
[2026-02-22 02:13:44] Falcons的丰川niko本人: 刘易博，我骂了你这么久，你说句心里话，有没有一瞬间感觉我骂的是对的
[2026-02-22 02:13:44] m0rt1s: 一哥直播间没一个讨论比赛的。。nb
[2026-02-22 02:13:45] 铁血老丈人: Niko拿major冠军的时候入坑的，现在的弹幕真没眼看🙄​
[2026-02-22 02:13:45] 解说玩机包: 玩大哥，弹幕这么发你都没登山，你不会是把副屏关了然后装作没弹幕吧
[2026-02-22 02:13:45] CapS1丶: 玩大哥，弹幕这么发你都没登山，你不会是把副屏关了然后装作没弹幕吧
[2026-02-22 02:13:45] blade授李以渔: 玩大哥，弹幕这么发你都没登山，你不会是把副屏关了然后装作没弹幕吧
[2026-02-22 02:13:46] LvvsiN: 为什么房管封的不能给鱼丸……还以为今天晚上得吃了……
[2026-02-22 02:13:46] Peko-: 玩大哥，弹幕这么发你都没登山，你不会是把副屏关了然后装作没弹幕吧
[2026-02-22 02:13:46] 好姊妹古明地恋: @萌神丶大狗：布罗利评论区还没过100，玩小将当初团建斧乃木评论区的牛劲呢？
[2026-02-22 02:13:46] 好姐妹八幡海铃丶: @CS2小呆呆：让你全仓21黑蛋你怎么买的20黑蛋
[2026-02-22 02:13:46] Faze的新岛真本人: @🗿：我超里的外星人玩不起是吧，时停都来了
[2026-02-22 02:13:46] 最后的尼孝: 黑暗降临了
[2026-02-22 02:13:46] 斷H弦: 玩大哥，弹幕这么发你都没登山，你不会是把副屏关了然后装作没弹幕吧
[2026-02-22 02:13:47] 椎名真白ii丶: 布罗利你呗被串到现在玩大哥都不给你ID上一个屏蔽词你还不懂什么意思吗
[2026-02-22 02:13:47] 礁石222: 一哥直播间没一个讨论比赛的。。nb
[2026-02-22 02:13:47] 不知名贝斯手: 别光攻击房管忘了串niko啊
[2026-02-22 02:13:47] 我怀疑你是大jjgir: 玩大哥，弹幕这么发你都没登山，你不会是把副屏关了然后装作没弹幕吧
[2026-02-22 02:13:48] LvvsiN: 玩 出，我双倍呢？😡😡玩 出，我双倍呢？😡😡玩 出，我双倍呢？😡😡玩 出，我双倍呢？😡
[2026-02-22 02:13:48] 一只米小悠呀悠: 一哥直播间没一个讨论比赛的。。nb
[2026-02-22 02:13:48] 暴走灬小V: 布罗利又是什么梗，有点没看懂
[2026-02-22 02:13:48] 我傻了都466: 玩大哥，弹幕这么发你都没登山，你不会是把副屏关了然后装作没弹幕吧
[2026-02-22 02:13:48] 好姐妹小草莓: @布罗利broli：玩大哥家的地下室好冷啊🥶旁边那个叫伟伟的也不动了 
[2026-02-22 02:13:48] BTSG丶: 玩大哥，弹幕这么发你都没登山，你不会是把副屏关了然后装作没弹幕吧
[2026-02-22 02:13:48] 音茎兽: 玩大哥，弹幕这么发你都没登山，你不会是把副屏关了然后装作没弹幕吧
[2026-02-22 02:13:49] 爱淡茶未凉: 玩大哥，弹幕这么发你都没登山，你不会是把副屏关了然后装作没弹幕吧
[2026-02-22 02:13:49] DWG的ShowMaker本人: 玩大哥，弹幕这么发你都没登山，你不会是把副屏关了然后装作没弹幕吧
[2026-02-22 02:13:49] 十岁阳光男孩玩机器: 玩大哥，弹幕这么发你都没登山，你不会是把副屏关了然后装作没弹幕吧
[2026-02-22 02:13:49] 驴驴宗宗买这冠军: Niko拿major冠军的时候入坑的，现在的弹幕真没眼看🙄​
[2026-02-22 02:13:49] Pioneer893: 玩大哥，弹幕这么发你都没登山，你不会是把副屏关了然后装作没弹幕吧
[2026-02-22 02:13:49] 铁血老丈人: 黑暗降临了
[2026-02-22 02:13:49] 王佰柒柒: 2023／1／14 00:4  8:56 2 被狗沛然气晕 ！！！
[2026-02-22 02:13:49] 好哥们韩信: 布罗利评论区还没过100，玩小将当初团建斧乃木评论区的牛劲呢？
[2026-02-22 02:13:49] Faze的新岛真本人: @🗿：我超里的外星人玩不起是吧，时停都来了
[2026-02-22 02:13:49] AiLuoLi1413: 完了（窃喜）
[2026-02-22 02:13:50] 玩机器今晚还播吗: 布罗利评论区还没过100，玩小将当初团建斧乃木评论区的牛劲呢？
[2026-02-22 02:13:50] 叫我老岑就好了呀: 穷哥们辛辛苦苦编的弹幕你是一句不念，富老板吐口浓痰你是舔着要尝尝咸淡
[2026-02-22 02:13:50] KRU的Less本人: 布罗利你呗被串到现在玩大哥都不给你ID上一个屏蔽词你还不懂什么意思吗
[2026-02-22 02:13:50] 爱被小泉吃的拉面同学: 布罗利评论区还没过100，玩小将当初团建斧乃木评论区的牛劲呢？
[2026-02-22 02:13:50] yologl今天没在家: 玩大哥，弹幕这么发你都没登山，你不会是把副屏关了然后装作没弹幕吧
[2026-02-22 02:13:50] 我只看人机局: 这布罗利真王朝了吧😅😅😅
[2026-02-22 02:13:50] 茂名水鬼: 玩大哥，弹幕这么发你都没登山，你不会是把副屏关了然后装作没弹幕吧
[2026-02-22 02:13:50] 玩公式丶Formula: 布罗利你呗被串到现在玩大哥都不给你ID上一个屏蔽词你还不懂什么意思吗
[2026-02-22 02:13:50] vinnie221: 一哥直播间没一个讨论比赛的。。nb
[2026-02-22 02:13:50] 贝拉K1rA: 玩大哥，弹幕这么发你都没登山，你不会是把副屏关了然后装作没弹幕吧
[2026-02-22 02:13:51] IsemiTina: 你这直播太流畅了
[2026-02-22 02:13:51] 久慈川、理世: 玩大哥，弹幕这么发你都没登山，你不会是把副屏关了然后装作没弹幕吧
[2026-02-22 02:13:51] 使劲吃使劲吃: 抓娃娃
[2026-02-22 02:13:51] viovvvvvvvon:  @觥月：一哥直播间没一个讨论比赛的。。nb
[2026-02-22 02:13:52] LvvsiN: 孩子们快跑，马修赫伯特来了😨卧槽你的怎么是马枪和BOT
[2026-02-22 02:13:52] 美食殿堂的雪菲本人: 一哥直播间没一个讨论比赛的。。nb
[2026-02-22 02:13:52] Ephemerality137: 一哥直播间没一个讨论比赛的。。nb
[2026-02-22 02:13:52] 哆啦卡密大王: @CS2小呆呆：布罗利让你全仓21黑蛋你怎么买的20黑蛋
[2026-02-22 02:13:52] 奥拉夫的蛋炒饭: 布罗利你呗被串到现在玩大哥都不给你ID上一个屏蔽词你还不懂什么意思吗
[2026-02-22 02:13:53] 萝伯丝比尔: 大家别忘了，最出的还是玩机器
[2026-02-22 02:13:53] 小缘赐名的小远: 玩大哥，弹幕这么发你都没登山，你不会是把副屏关了然后装作没弹幕吧
[2026-02-22 02:13:53] 好儿子刘易博: 玩大哥，弹幕这么发你都没登山，你不会是把副屏关了然后装作没弹幕吧
[2026-02-22 02:13:53] 毛子没有jb: 布罗利：载物杀一个人我就封一个蜂美，气死你们
[2026-02-22 02:13:54] AfKCola: 布罗利你呗被串到现在玩大哥都不给你ID上一个屏蔽词你还不懂什么意思吗
[2026-02-22 02:13:54] LvvsiN: 就tm喜欢银行业🥰银行坏账我喜欢🥰银行挤兑我还喜欢😍利率调低我也喜欢🤤老子亲烂银行业的脸😘
[2026-02-22 02:13:54] WE丶繁梦: 刘易博，我骂了你这么久，你说句心里话，有没有一瞬间感觉我骂的是对的
[2026-02-22 02:13:54] 半个Jayden: 玩大哥，弹幕这么发你都没登山，你不会是把副屏关了然后装作没弹幕吧
[2026-02-22 02:13:54] GF-of-GotohHitori、Kita: @🗿：感觉有机会啊…
[2026-02-22 02:13:54] 用户1931751596: 一哥直播间没一个讨论比赛的。。nb
[2026-02-22 02:13:54] 高松的灯ll: 布罗利评论区还没过100，玩小将当初团建斧乃木评论区的牛劲呢？
[2026-02-22 02:13:54] 宇智波69: 布罗利评论区还没过100，玩小将当初团建斧乃木评论区的牛劲呢？
[2026-02-22 02:13:54] 我最喜欢玩机器: 你登山吧
[2026-02-22 02:13:54] uzi家的喷水龙: 玩大哥steam好友都有俩个数字5，房管群里对载物的污言秽语我都不敢想。。。
[2026-02-22 02:13:55] viovvvvvvvon:  @EDG的皮特174本人：玩大哥，弹幕这么发你都没登山，你不会是把副屏关了然后装作没弹幕吧
[2026-02-22 02:13:55] 载大哥的狗: 小天才是鱿鱼
[2026-02-22 02:13:55] csgo小茄子: 玩大哥，弹幕这么发你都没登山，你不会是把副屏关了然后装作没弹幕吧
[2026-02-22 02:13:55] a1441f: 玩大哥，弹幕这么发你都没登山，你不会是把副屏关了然后装作没弹幕吧
[2026-02-22 02:13:55] Hitagi蟹蟹: @布罗利Broli: 拉踩了niko和载物给你森 爹辩解
[2026-02-22 02:13:55] 玩大人查到自贡了: @Niko：🦞有人需要钳子吗
[2026-02-22 02:13:55] 放飞梦想12353: 玩大哥，弹幕这么发你都没登山，你不会是把副屏关了然后装作没弹幕吧
[2026-02-22 02:13:56] Zend77: 这个不算 还有机会研发
[2026-02-22 02:13:56] LvvsiN: 玩 出，我双倍呢？😡😡玩 出，我双倍呢？😡😡玩 出，我双倍呢？😡😡玩 出，我双倍呢？😡
[2026-02-22 02:13:56] 铁血老丈人: 布罗利你呗被串到现在玩大哥都不给你ID上一个屏蔽词你还不懂什么意思吗
[2026-02-22 02:13:56] 福布斯最佳中文解说: 玩大哥，弹幕这么发你都没登山，你不会是把副屏关了然后装作没弹幕吧
[2026-02-22 02:13:56] 玩斯特机机: 布罗利你呗被串到现在玩大哥都不给你ID上一个屏蔽词你还不懂什么意思吗
[2026-02-22 02:13:56] 阿瓦伊莉雅: 玩大哥，弹幕这么发你都没登山，你不会是把副屏关了然后装作没弹幕吧
[2026-02-22 02:13:57] wedd1ddeJodd: @布罗利broli：玩大哥家的地下室好冷啊🥶旁边那个叫伟伟的也不动了
[2026-02-22 02:13:57] 好哥们韩信: 布罗利你呗被串到现在玩大哥都不给你ID上一个屏蔽词你还不懂什么意思吗
[2026-02-22 02:13:57] 摩卡加氢氧化钠: 怎么祥子又蹲下了。。
[2026-02-22 02:13:58] LvvsiN: 弹幕别吵了，银行业一样一样有有有也会有h'y'hui't'y'r's'c'dn
[2026-02-22 02:13:58] 萝伯丝比尔: 大家别忘了，最出的还是玩机器
[2026-02-22 02:13:58] 叫我老岑就好了呀: 穷哥们辛辛苦苦编的弹幕你是一句不念，富老板吐口浓痰你是舔着要尝尝咸淡。
[2026-02-22 02:13:58] 愁尔一朝还到地丶: 布罗利你呗被串到现在玩大哥都不给你ID上一个屏蔽词你还不懂什么意思吗
[2026-02-22 02:13:58] 無茶苦茶0: @布罗利broli：fw
[2026-02-22 02:13:58] 高松的灯ll: 布罗利：载物杀一个人我就封一个蜂美，气死你们
[2026-02-22 02:13:59] 小缘赐名的小远: Niko拿major冠军的时候入坑的，现在的弹幕真没眼看🙄​
[2026-02-22 02:13:59] 拍拍小天使: @🗿：感觉有机会啊…
[2026-02-22 02:13:59] 卡啊卡卡丶: 布罗利你呗被串到现在玩大哥都不给你ID上一个屏蔽词你还不懂什么意思吗
[2026-02-22 02:13:59] 专看玩机器的号: 一哥直播间没一个讨论比赛的。。nb
[2026-02-22 02:13:59] 那英啊哈哈哈: 布罗利评论区还没过100，玩小将当初团建斧乃木评论区的牛劲呢？
[2026-02-22 02:13:59] 十点差49分: @布罗利broli：玩大哥家的地下室好冷啊🥶旁边那个叫伟伟的也不动了😭
[2026-02-22 02:13:59] 99999丶压制: 一哥直播间没一个讨论比赛的。。nb
[2026-02-22 02:14:00] NES丶大白白白呐: 一哥直播间没一个讨论比赛的。。nb
[2026-02-22 02:14:00] 鹅地霸霸: @布罗利：玩大哥，你就这么把我卖了？我房管你都下.....NB
[2026-02-22 02:14:00] 呆妹儿的姑父: @CS2小呆呆：布罗利让你全仓21黑蛋你怎么买的20黑蛋
[2026-02-22 02:14:00] a1441f: @布罗利：回复 @有个小丑是谁我不说 :瑞典人是这样的（笑哭）（2023／10／6 ）
[2026-02-22 02:14:00] 用户5059772722: 布罗利你呗被串到现在玩大哥都不给你ID上一个屏蔽词你还不懂什么意思吗
[2026-02-22 02:14:01] 茂名水鬼: 刘易博，我骂了你这么久，你说句心里话，有没有一瞬间感觉我骂的是对的
[2026-02-22 02:14:01] Ephemerality137: 布罗利你呗被串到现在玩大哥都不给你ID上一个屏蔽词你还不懂什么意思吗
[2026-02-22 02:14:01] Anderw: 玩大哥，弹幕这么发你都没登山，你不会是把副屏关了然后装作没弹幕吧
[2026-02-22 02:14:01] 刘刘的农: 一哥直播间没一个讨论比赛的。。nb
[2026-02-22 02:14:01] 好姐妹小草莓:  @布罗利broli：玩大哥家的地下室好冷啊🥶旁边那个叫伟伟的也不动了
[2026-02-22 02:14:01] 乌贼王乌索普: 布罗利你呗被串到现在玩大哥都不给你ID上一个屏蔽词你还不懂什么意思吗
[2026-02-22 02:14:01] 淡然夏末的温存11: 布罗利你呗被串到现在玩大哥都不给你ID上一个屏蔽词你还不懂什么意思吗
[2026-02-22 02:14:02] 卧看星河尽意明丶: 布罗利：载物杀一个人我就封一个蜂美，气死你们
[2026-02-22 02:14:02] 273kkkk: @🗿：感觉有机会啊…
[2026-02-22 02:14:02] zly2606401418: 布罗利你呗被串到现在玩大哥都不给你ID上一个屏蔽词你还不懂什么意思吗
[2026-02-22 02:14:02] 驴驴宗宗买这冠军: 布罗利你呗被串到现在玩大哥都不给你ID上一个屏蔽词你还不懂什么意思吗
[2026-02-22 02:14:02] 十点差49分: 布罗利评论区还没过100，玩小将当初团建斧乃木评论区的牛劲呢？
[2026-02-22 02:14:03] 用户353468782: 布罗利你呗被串到现在玩大哥都不给你ID上一个屏蔽词你还不懂什么意思吗
[2026-02-22 02:14:03] 米米世界之神: 布罗利：载物杀一个人我就封一个蜂美，气死你们
[2026-02-22 02:14:03] TheMongolZ的上单本人: 布罗利你呗被串到现在玩大哥都不给你ID上一个屏蔽词你还不懂什么意思吗
[2026-02-22 02:14:03] jamesfaith23: 一哥直播间没一个讨论比赛的。。nb
