# room_id=6979222 host=玩机器丶Machine title=小众宝藏结晶直播 live_time= fetch_time=2026-02-21 23:45:46
[2026-02-22 02:43:29] 黑鳖王: 哦对了！哦对了！哦对了！哦对了！哦对了！哦对了！哦对了！
[2026-02-22 02:43:29] kyubit: 弹幕关了 礼物都不谢了 也得硬着头皮给我播最恨的载物的比赛 你气不气
[2026-02-22 02:43:29] 网友小滴: 弹幕关了 礼物都不谢了 也得硬着头皮给我播最恨的载物的比赛 你气不气
[2026-02-22 02:43:29] 妖艳阿卡莎: 布罗利：气😠气😠气😠气😠气😠气
[2026-02-22 02:43:29] 紫魂青魄少年心: 弹幕关了 礼物都不谢了 也得硬着头皮给我播最恨的载物的比赛 你气不气
[2026-02-22 02:43:29] MeIoN39: 布罗利：气😠气😠气😠气😠气😠气
[2026-02-22 02:43:30] KRU的Less本人: 布罗利：气😠气😠气😠气😠气😠气
[2026-02-22 02:43:30] 彼岸无妖: 依旧系鞋带
[2026-02-22 02:43:30] 蛋蛋可以进去吗: 载物又系鞋带
[2026-02-22 02:43:30] 玩猴爪丶MonkeyPaw: 哦对了！哦对了！哦对了！哦对了！哦对了！哦对了！哦对了！
[2026-02-22 02:43:30] 甜蜜警告QvQ: 醒了
[2026-02-22 02:43:30] 瞄准高高手: 弹幕关了 礼物都不谢了 也得硬着头皮给我播最恨的载物的比赛 你气不气
[2026-02-22 02:43:30] 一滴HitoShizuku: @布罗利@CSGO王喜顺：啊对对对
[2026-02-22 02:43:31] 寒翎233: 弹幕关了 礼物都不谢了 也得硬着头皮给我播最恨的载物的比赛 你气不气
[2026-02-22 02:43:31] 公式化id: 布罗利：气😠气😠气😠气😠气😠气
[2026-02-22 02:43:31] LvvsiN: 孩子们快跑，马修赫伯特来了😨卧槽你的怎么是马枪和BOT
[2026-02-22 02:43:31] yuuuuua7: 弹幕关了 礼物都不谢了 也得硬着头皮给我播最恨的载物的比赛 你气不气
[2026-02-22 02:43:31] 琉璃一世转身白: 布罗利：气😠气😠气😠气😠气😠气
[2026-02-22 02:43:31] 我永远喜欢铃原露露: 玩宝宝，我发现在大学上学的时候肄业会很舒服，你可以试试
[2026-02-22 02:43:32] 5字德神人: @布罗利@CSGO王喜顺：啊对对对
[2026-02-22 02:43:32] 初霜prpr: cs直播一哥最恨就是cs的goat啊，有没有磕这CP的集美啊。。。
[2026-02-22 02:43:32] 鱼辛烷: 弹幕关了 礼物都不谢了 也得硬着头皮给我播最恨的载物的比赛 你气不气
[2026-02-22 02:43:32] erickobe: @这里是小天啊：玩大哥，dy方向进攻很猛，我饭碗是不是要没了🥺
[2026-02-22 02:43:32] 安分小已的小青春: 烂赛事 烂选手 烂解说 烂观众 烂场馆 总之就是烂完了  哦对了 还有一个烂主播
[2026-02-22 02:43:33] 剑崎梨梨花: 弹幕关了 礼物都不谢了 也得硬着头皮给我播最恨的载物的比赛 你气不气
[2026-02-22 02:43:33] 呆妹儿的姑父: @布罗利@CSGO王喜顺：啊对对对
[2026-02-22 02:43:33] 卡其反: 布罗利：气😠气😠气😠气😠气😠气
[2026-02-22 02:43:33] LvvsiN: 我提一嘴这剧情越来越像上海major了
[2026-02-22 02:43:33] 玩蛇鼠丶stabbi: 别吹载物了😅
[2026-02-22 02:43:33] 七色的人偶使者: 布罗利：气😠气😠气😠气😠气😠气
[2026-02-22 02:43:33] 图帕雷松: 弹幕关了 礼物都不谢了 也得硬着头皮给我播最恨的载物的比赛 你气不气
[2026-02-22 02:43:33] 凌晨的梦很美: 玩大哥，dy方向进攻很猛，我饭碗是不是要没了🥺
[2026-02-22 02:43:34] 爱被小泉吃的拉面同学: 弹幕关了 礼物都不谢了 也得硬着头皮给我播最恨的载物的比赛 你气不气
[2026-02-22 02:43:34] lucky發發發: 载物真准啊
[2026-02-22 02:43:34] 哈基鹅大王: 布罗利：气😠气😠气😠气😠气😠气
[2026-02-22 02:43:34] 治好了也会流口水: 你为什么要把mαjor禁了，我收藏的一半弹幕全毁了
[2026-02-22 02:43:34] cornkiner: 弹幕关了 礼物都不谢了 也得硬着头皮给我播最恨的载物的比赛 你气不气
[2026-02-22 02:43:34] 玩血狼丶Bloodywolf: 亚洲剧情
[2026-02-22 02:43:34] 半城殇丶红尘: 弹幕关了 礼物都不谢了 也得硬着头皮给我播最恨的载物的比赛 你气不气
[2026-02-22 02:43:34] EsusJ: cs直播一哥最恨就是cs的goat啊，有没有磕这CP的集美啊。。。
[2026-02-22 02:43:34] 雨的舟: 布罗利：气😠气😠气😠气😠气😠气
[2026-02-22 02:43:35] ZLG彪winner: 弹幕关了 礼物都不谢了 也得硬着头皮给我播最恨的载物的比赛 你气不气
[2026-02-22 02:43:35] 用户9542225444: 烂赛事 烂选手 烂解说 烂观众 烂场馆 总之就是烂完了  哦对了 还有一个烂主播
[2026-02-22 02:43:35] 呆妹儿的姑父: @布罗利@CSGO王喜顺：啊对对对
[2026-02-22 02:43:35] 宫监手放监: 布罗利还不跑呢？刚才有个螃蟹头和m秃到处找你！
[2026-02-22 02:43:35] bb051: 布罗利：气😠气😠气😠气😠气😠气
[2026-02-22 02:43:36] 南小鸡丶advent: 弹幕关了 礼物都不谢了 也得硬着头皮给我播最恨的载物的比赛 你气不气
[2026-02-22 02:43:36] 新津粥劫伦: 玩机器其实是被布罗利引导的。。。
[2026-02-22 02:43:36] 杰斌候入长峪城: 弹幕关了 礼物都不谢了 也得硬着头皮给我播最恨的载物的比赛 你气不气
[2026-02-22 02:43:36] 春花敲可爱的啦: 布罗利：气😠气😠气😠气😠气😠气
[2026-02-22 02:43:36] RyeHS: 布罗利：气😠气😠气😠气😠气😠气
[2026-02-22 02:43:36] 丶丶Ken丶丶: 布罗利：气😠气😠气😠气😠气😠气
[2026-02-22 02:43:37] 奥斯汀major冠军选手Niko: major
[2026-02-22 02:43:37] kelwell: 这个数值还是太高了
[2026-02-22 02:43:37] 维布罗斯: 弹幕关了 礼物都不谢了 也得硬着头皮给我播最恨的载物的比赛 你气不气
[2026-02-22 02:43:37] Cardinal665: 弹幕关了 礼物都不谢了 也得硬着头皮给我播最恨的载物的比赛 你气不气
[2026-02-22 02:43:37] 名为射的男人: @senzu:开心的放羊
[2026-02-22 02:43:38] 77一定会是我的: 布罗利气不气气不气气不气
[2026-02-22 02:43:38] 茂名水鬼: 布罗利：气😠气😠气😠气😠气😠气
[2026-02-22 02:43:38] 逝水百川: 只有载物知道密码
[2026-02-22 02:43:38] JuL1us: 布罗利：气😠气😠气😠气😠气😠气
[2026-02-22 02:43:38] 人活着就是为了玩乐队: 车车醒了😭😭😭
[2026-02-22 02:43:39] 转生成为阳光大番薯: 布罗利：气😠气😠气😠气😠气😠气
[2026-02-22 02:43:39] 草莓冰酪: 弹幕关了 礼物都不谢了 也得硬着头皮给我播最恨的载物的比赛 你气不气
[2026-02-22 02:43:39] LvvsiN: 南孚一节更比六节强，也就是一节南孚比六节南孚强，六节南孚比三十六节强，三十六节比二百一十六节强
[2026-02-22 02:43:39] 洛陽城里看落陽: 弹幕关了 礼物都不谢了 也得硬着头皮给我播最恨的载物的比赛 你气不气
[2026-02-22 02:43:39] 丶绵绵: 弹幕关了 礼物都不谢了 也得硬着头皮给我播最恨的载物的比赛 你气不气
[2026-02-22 02:43:40] 付先生fj: 布罗利：气😠气😠气😠气😠气😠气
[2026-02-22 02:43:40] 八重森彌妮: 弹幕关了 礼物都不谢了 也得硬着头皮给我播最恨的载物的比赛 你气不气
[2026-02-22 02:43:40] wh1tefeather: 弹幕关了 礼物都不谢了 也得硬着头皮给我播最恨的载物的比赛 你气不气
[2026-02-22 02:43:40] 五島絵梨奈: 布罗利：气😠气😠气😠气😠气😠气
[2026-02-22 02:43:40] 菜星冲冲冲: 烂赛事 烂选手 烂解说 烂观众 烂场馆 总之就是烂完了  哦对了 还有一个烂主播
[2026-02-22 02:43:40] 载物今天又赢了吗: 弹幕关了 礼物都不谢了 也得硬着头皮给我播最恨的载物的比赛 你气不气
[2026-02-22 02:43:41] 言羽zzz: 你现在又好好解说啦？你之前整一堆小夫的牛劲呢😅😅
[2026-02-22 02:43:41] xjdnshxjdka: 弹幕关了 礼物都不谢了 也得硬着头皮给我播最恨的载物的比赛 你气不气
[2026-02-22 02:43:41] 玩機器丶Machine: 布罗利：气😠气😠气😠气😠气😠气
[2026-02-22 02:43:41] 呆妹儿的姑父: @布罗利@CSGO@布罗利@CSGO王喜顺：啊对对对喜顺：啊对对对
[2026-02-22 02:43:41] 你的能量超乎你想象啊: 反观
[2026-02-22 02:43:41] 宫监手放监: 布罗利还不跑呢？刚才有个螃蟹头和m秃到处找你！
[2026-02-22 02:43:41] 拖二: 亚洲剧情
[2026-02-22 02:43:41] n0Pac: 布罗利：气😠气😠气😠气😠气😠气
[2026-02-22 02:43:41] 高松灯扣死千早爱音: 布罗利：气😠气😠气😠气😠气😠气
[2026-02-22 02:43:42] TL的EliGE本人: 弹幕关了 礼物都不谢了 也得硬着头皮给我播最恨的载物的比赛 你气不气
[2026-02-22 02:43:42] 丰川祥子口三角初华: 布罗利：气😠气😠气😠气😠气😠气
[2026-02-22 02:43:42] HaibaraAi1109: 布罗利：气😠气😠气😠气😠气😠气
[2026-02-22 02:43:42] 替换狗蛇的Magisk本人: 弹幕关了 礼物都不谢了 也得硬着头皮给我播最恨的载物的比赛 你气不气
[2026-02-22 02:43:42] 蛋肠粉: 弹幕也就网上说说，现实里谁不觉得樱姐是好女孩（删括号领一条远坂凛同款鸟笼）
[2026-02-22 02:43:42] Oasis0917: 布罗利：气😠气😠气😠气😠气😠气
[2026-02-22 02:43:42] 法式卡神: 弹幕关了 礼物都不谢了 也得硬着头皮给我播最恨的载物的比赛 你气不气
[2026-02-22 02:43:43] LA的勒布朗本人: 弹幕关了 礼物都不谢了 也得硬着头皮给我播最恨的载物的比赛 你气不气
[2026-02-22 02:43:43] 草莓冰酪: 弹幕关了 礼物都不谢了 也得硬着头皮给我播最恨的载物的比赛 你气不气
[2026-02-22 02:43:43] 爆爆爆开爆: 布罗利：气😠气😠气😠气😠气😠气
[2026-02-22 02:43:43] RTX老干部G6X: 主播刚完成了一段自以为酣畅淋漓的解说，期盼地看向弹幕，发现没人听全是烂梗，于是悲伤地似了
[2026-02-22 02:43:43] 一觉兩夢叁醒: 弹幕关了 礼物都不谢了 也得硬着头皮给我播最恨的载物的比赛 你气不气
[2026-02-22 02:43:43] 春花敲可爱的啦: 布罗利还不跑呢？刚才有个螃蟹头和m秃到处找你！
[2026-02-22 02:43:43] 星海羽弦: cs直播一哥最恨就是cs的goat啊，有没有磕这CP的集美啊。。。
[2026-02-22 02:43:43] 石家庄的宠物男孩: 布罗利：气😠气😠气😠气😠气😠气
[2026-02-22 02:43:43] 纪川6657: 弹幕关了 礼物都不谢了 也得硬着头皮给我播最恨的载物的比赛 你气不气
[2026-02-22 02:43:43] HisuiHearts: 玩神到底能不能玩数字梗啊之前这么多危险比分警告不封
[2026-02-22 02:43:44] 爱马修更爱玩宝宝: 弹幕关了 礼物都不谢了 也得硬着头皮给我播最恨的载物的比赛 你气不气
[2026-02-22 02:43:44] 另一个世界7: 布罗利：气😠气😠气😠气😠气😠气
[2026-02-22 02:43:44] 砍死法老24: 把把系鞋带
[2026-02-22 02:43:44] 大裂谷的登山家: 布罗利：气😠气😠气😠气😠气😠气
[2026-02-22 02:43:44] 隔壁的小洛: 布罗利：气😠气😠气😠气😠气😠气
[2026-02-22 02:43:44] 应感激忠心的伴侣: 布罗利：气😠气😠气😠气😠气😠气
[2026-02-22 02:43:45] bzhanshenshi: @senzu:开心的放羊
[2026-02-22 02:43:45] 芜虎与雅虎: 布罗利：气😠气😠气😠气😠气😠气
[2026-02-22 02:43:45] HapCam: 弹幕关了 礼物都不谢了 也得硬着头皮给我播最恨的载物的比赛 你气不气
[2026-02-22 02:43:45] 乌鸦晒不黑: 布罗利：气😠气😠气😠气😠气😠气
[2026-02-22 02:43:45] 玩Mach1ne丶机器: 布罗利：气😠气😠气😠气😠气😠气
[2026-02-22 02:43:45] 結城希亞: 弹幕关了 礼物都不谢了 也得硬着头皮给我播最恨的载物的比赛 你气不气
[2026-02-22 02:43:45] 訤溓: 这数值怎么有点大？
[2026-02-22 02:43:46] 好的好的阖家: 弹幕关了 礼物都不谢了 也得硬着头皮给我播最恨的载物的比赛 你气不气
[2026-02-22 02:43:46] 呆妹儿的姑父: @布罗利@CSGO王喜顺：啊对对对
[2026-02-22 02:43:46] 我在浙江改稻为桑: 布罗利：气😠气😠气😠气😠气😠气
[2026-02-22 02:43:46] A队的佐佐木李子本人: 布罗利：气😠气😠气😠气😠气😠气
[2026-02-22 02:43:46] 澤渡雫: 弹幕关了 礼物都不谢了 也得硬着头皮给我播最恨的载物的比赛 你气不气
[2026-02-22 02:43:46] mikeycu: 布罗利：气😠气😠气😠气😠气😠气
[2026-02-22 02:43:46] 吉吉的Niko本人: 冷知识：布罗利被弗利萨当着面把爹载了
[2026-02-22 02:43:47] 青山锁欲锁不住你: 依旧载大哥下包
[2026-02-22 02:43:47] 光之远坂: 哈哈哈哈哈哈
[2026-02-22 02:43:47] 乐观的石页: 亚洲剧情
[2026-02-22 02:43:48] 古怪的一个人: 布罗利：气😠气😠气😠气😠气😠气
[2026-02-22 02:43:48] sscyz: 烂赛事 烂选手 烂解说 烂观众 烂场馆 总之就是烂完了 哦对了 还有一个烂主播
[2026-02-22 02:43:48] TC异天藤: 布罗利：气😠气😠气😠气😠气😠气
[2026-02-22 02:43:48] 泠鸢不是冷鸢丶: 布罗利：气😠气😠气😠气😠气😠气
[2026-02-22 02:43:48] JamYo0oung: 弹幕关了 礼物都不谢了 也得硬着头皮给我播最恨的载物的比赛 你气不气
[2026-02-22 02:43:48] 玩猴爪丶MonkeyPaw: @这里是小天啊：玩大哥，dy方向进攻很猛，我饭碗是不是要没了🥺
[2026-02-22 02:43:48] 没有糖的棒棒糖1: 布罗利：气😠气😠气😠气😠气😠气
[2026-02-22 02:43:48] 呆妹儿的姑父: @布罗利@CSGO王喜顺：啊对对对
[2026-02-22 02:43:49] AiLuoLi1413: 布罗利：气😠气😠气😠气😠气😠气
[2026-02-22 02:43:49] 玩大人查到自贡了: 烂赛事 烂选手 烂解说 烂观众 烂场馆 总之就是烂完了  哦对了 还有一个烂主播
[2026-02-22 02:43:49] 好姐妹清道夫: 布罗利：气😠气😠气😠气😠气😠气
[2026-02-22 02:43:49] 海绵宝宝打野儿: 布罗利：气😠气😠气😠气😠气😠气
[2026-02-22 02:43:49] 潇洒大概: 布罗利：气😠气😠气😠气😠气😠气
[2026-02-22 02:43:49] 半城殇丶红尘: 布罗利：气😠气😠气😠气😠气😠气
[2026-02-22 02:43:50] 訤溓: 载物被弗里萨干掉了
[2026-02-22 02:43:50] drooo1: 布罗利：气😠气😠气😠气😠气😠气
[2026-02-22 02:43:50] 蜗牛蜗牛你快快走: 弹幕关了 礼物都不谢了 也得硬着头皮给我播最恨的载物的比赛 你气不气
[2026-02-22 02:43:51] 蓝星的floppy本人: 烂赛事 烂选手 烂解说 烂观众 烂场馆 总之就是烂完了  哦对了 还有一个烂主播
[2026-02-22 02:43:51] Rain289416: 布罗利：气😠气😠气😠气😠气😠气
[2026-02-22 02:43:51] 吊人日子不过了: 　　　 布罗利：气😠气😠气😠气😠气😠气
[2026-02-22 02:43:51] LvvsiN: 弹幕别吵了，银行业一样一样有有有也会有h'y'hui't'y'r's'c'dn
[2026-02-22 02:43:51] 咸鱼精酿: 弹幕关了 礼物都不谢了 也得硬着头皮给我播最恨的载物的比赛 你气不气
[2026-02-22 02:43:51] asphyxiaddd: 冷知识：布罗利被弗利萨当着面把爹载了
[2026-02-22 02:43:52] 宇宙战帅佳伟大坝: 布罗利气死了
[2026-02-22 02:43:52] 玩小将、kid: 你们，你们，你们不许再说机器惹！他真的要生气惹！（不是小萌妹）
[2026-02-22 02:43:52] 车路士的凯赛多本人: 弹幕关了 礼物都不谢了 也得硬着头皮给我播最恨的载物的比赛 你气不气
[2026-02-22 02:43:52] 用户144491677: 　　　 布罗利：气😠气😠气😠气😠气😠气
[2026-02-22 02:43:52] eyu星天涯: 烧个vip，不考虑跳台说是
[2026-02-22 02:43:52] 洞主我想看吃鸡: 哦对了！哦对了！哦对了！哦对了！哦对了！哦对了！哦对了！
[2026-02-22 02:43:52] 阿瓦伊莉雅: [尴尬][尴尬][尴尬][尴尬][尴尬][尴尬][尴尬][尴尬][尴尬][尴尬][尴尬][尴尬]
[2026-02-22 02:43:53] 这不国: 布罗利：气😠气😠气😠气😠气😠气
[2026-02-22 02:43:53] 一滴HitoShizuku: 布罗利：气😠气😠气😠气😠气😠气
[2026-02-22 02:43:53] 科比劳大爱肘击: 弹幕关了 礼物都不谢了 也得硬着头皮给我播最恨的载物的比赛 你气不气
[2026-02-22 02:43:53] 玩猴爪丶MonkeyPaw: @这里是小天啊：玩大哥，dy方向进攻很猛，我饭碗是不是要没了🥺
[2026-02-22 02:43:53] 绿龙的身体狗本人: 弹幕关了 礼物都不谢了 也得硬着头皮给我播最恨的载物的比赛 你气不气
[2026-02-22 02:43:53] 訤溓:  @布罗利@CSGO王喜顺：啊对对对
[2026-02-22 02:43:53] chanceuxzz: 布罗利：气😠气😠气😠气😠气😠气
[2026-02-22 02:43:53] LvvsiN: 银行业😄银行业😀银行业😃银行业😁银行业😆银行业🤪银行业😝
[2026-02-22 02:43:54] AKA箱宾监雨味真族: 很喜欢这个直播间，主播和弹幕各聊各的，大家都有自己要做的事
[2026-02-22 02:43:54] 用户65052344: cs直播一哥最恨就是cs的goat啊，有没有磕这CP的集美啊。。。
[2026-02-22 02:43:54] 八重森彌妮: 爽！🤭爽！🤭爽！🤭爽！🤭爽！🤭爽！🤭爽！🤭爽！🤭爽！🤭
[2026-02-22 02:43:54] sab33r: 弹幕关了 礼物都不谢了 也得硬着头皮给我播最恨的载物的比赛 你气不气
[2026-02-22 02:43:54] suicho: 玩载大战〉森载大战 懂的➕1
[2026-02-22 02:43:54] 像小枣一样: 冷知识：布罗利被弗利萨当着面把爹载了
[2026-02-22 02:43:55] 钟初若叶睦: 布罗利：气😠气😠气😠气😠气😠气
[2026-02-22 02:43:55] 天才工具人桐生战兔: 布罗利：气😠气😠气😠气😠气😠气
[2026-02-22 02:43:58] LvvsiN: 我提一嘴这剧情越来越像上海major了
[2026-02-22 02:43:58] 小夜r: 布罗利：气😠气😠气😠气😠气😠气
[2026-02-22 02:43:58] ToukaTakanashi: 别人不知道密码，不让载物下包让谁下？
[2026-02-22 02:43:58] 很正经的昵称: 烂赛事 烂选手 烂解说 烂观众 烂场馆 总之就是烂完了  哦对了 还有一个烂主播
[2026-02-22 02:43:58] 易池大大: zy这是玩机器后援会吗？这么恨小蜜蜂
[2026-02-22 02:43:58] 木末暮鸦: 烂赛事 烂选手 烂解说 烂观众 烂场馆 总之就是烂完了  哦对了 还有一个烂主播
[2026-02-22 02:43:58] 为宫士郎:  @布罗利@CSGO王喜顺：啊对对对
[2026-02-22 02:43:58] 蜗牛蜗牛你快快走: 弹幕关了 礼物都不谢了 也得硬着头皮给我播最恨的载物的比赛 你气不气
[2026-02-22 02:43:58] 逃离灰色地带: 布罗利：气😠气😠气😠气😠气😠气
[2026-02-22 02:43:58] 爱道冠: 　　　 布罗利：气😠气😠气😠气😠气😠气
[2026-02-22 02:43:58] wantrue: 布罗利：气😠气😠气😠气😠气😠气
[2026-02-22 02:43:58] G2的APEX本人: 你们，你们，你们不许再说机器惹！他真的要生气惹！（不是小萌妹）
[2026-02-22 02:43:58] LvvsiN: 额，拿亚军我都会，拿亚军，拿季军，拿四强，拿八强，拿十六强，呃拿冠军我不会，然后小组赛淘汰
[2026-02-22 02:43:58] 烷鸡器丶Machine: +++++++++
[2026-02-22 02:43:58] 我木JJ怕个锤子: 布罗利：气😠气😠气😠气😠气😠气
[2026-02-22 02:43:58] M80YU: 布罗利：气😠气😠气😠气😠气😠气
[2026-02-22 02:44:00] 多喝热水9点睡: 弹幕关了 礼物都不谢了 也得硬着头皮给我播最恨的载物的比赛 你气不气
[2026-02-22 02:44:02] 七咲逢NanasakiAi: 布罗利被弗利萨当着面把爹载了
[2026-02-22 02:44:02] vongwu: 布罗利：气😠气😠气😠气😠气😠气
[2026-02-22 02:44:02] LvvsiN: 玩 出，我双倍呢？😡😡玩 出，我双倍呢？😡😡玩 出，我双倍呢？😡😡玩 出，我双倍呢？😡
[2026-02-22 02:44:02] 用户9542225444: 烂赛事 烂选手 烂解说 烂观众 烂场馆 总之就是烂完了  哦对了 还有一个烂主播
[2026-02-22 02:44:02] 魔男的夜宴: 维~~~~~塔立体
[2026-02-22 02:44:02] 未酲儿: 很喜欢这个直播间，主播和弹幕各聊各的，大家都有自己要做的事
[2026-02-22 02:44:02] kedadra: 布罗利你自求多福吧，玩机器已经把你放弃了
[2026-02-22 02:44:02] 蜗牛蜗牛你快快走: 弹幕关了 礼物都不谢了 也得硬着头皮给我播最恨的载物的比赛 你气不气
[2026-02-22 02:44:02] 哦可喜欢我: 银行业一样一样有有有也会有h'y'hui't'y'r's'c'dn
[2026-02-22 02:44:02] 草莓冰酪: 弹幕关了 礼物都不谢了 也得硬着头皮给我播最恨的载物的比赛 你气不气
[2026-02-22 02:44:02] 十点差49分: 众神归位了
[2026-02-22 02:44:02] LvvsiN: 玩 出，我双倍呢？😡😡玩 出，我双倍呢？😡😡玩 出，我双倍呢？😡😡玩 出，我双倍呢？😡
[2026-02-22 02:44:02] 凛月尹: 布罗利：气😠气😠气😠气😠气😠气
[2026-02-22 02:44:03] 喜欢吃生菜: 主播真恨亚洲的队伍啊🇨🇦
[2026-02-22 02:44:03] 玩蛋蛋丶egg: ？
[2026-02-22 02:44:03] nameundefined98: @这里是小天啊：玩大哥，dy方向进攻很猛，我饭碗是不是要没了🥺
[2026-02-22 02:44:03] 渡亡神雅睿欧斯: ？
[2026-02-22 02:44:03] HankFann: ？
[2026-02-22 02:44:03] 琴弦之意: ？
[2026-02-22 02:44:03] 蜗牛蜗牛你快快走: 弹幕关了 礼物都不谢了 也得硬着头皮给我播最恨的载物的比赛 你气不气
[2026-02-22 02:44:03] 名为射的男人: 布罗利被弗利萨当着面把爹载了
[2026-02-22 02:44:03] LvvsiN: 银行业😄银行业😀银行业😃银行业😁银行业😆银行业🤪银行业😝
[2026-02-22 02:44:04] 潇洒大概: 银行业一样一样有有有也会有h'y'hui't'y'r's'c'dn
[2026-02-22 02:44:04] 灵耀ii: 烂赛事 烂选手 烂解说 烂观众 烂场馆 总之就是烂完了  哦对了 还有一个烂主播
[2026-02-22 02:44:04] 玩蛇鼠丶stabbi: 别吹载物了玩大哥，你的身体会不舒服的...
[2026-02-22 02:44:05] vgcyt: 冷知识：布罗利被弗利萨当着面把爹载了
[2026-02-22 02:44:05] 吉吉的Niko本人: 冷知识：布罗利被弗利萨当着面把爹载了
[2026-02-22 02:44:05] 正直的鸡哥: 演
[2026-02-22 02:44:05] 无须终有492: 发言等级上调了吗
[2026-02-22 02:44:05] myself0725: ？
[2026-02-22 02:44:05] jamesfaith23:     布罗利：气😠气😠气😠气😠气😠气
[2026-02-22 02:44:05] 迷你世界丁真学姐1: 过年了
[2026-02-22 02:44:05] LvvsiN: @阿汤日记：一个人，5发子弹，保住格陵兰岛。我不会叫它不可能完成的任务，我现在只想先回家看亦博
[2026-02-22 02:44:06] 王佰柒柒: 布罗利气死了
[2026-02-22 02:44:07] triangle233: 布罗利：气😠气😠气😠气😠气😠气
[2026-02-22 02:44:07] 无7441158: 弹幕关了 礼物都不谢了 也得硬着头皮给我播最恨的载物的比赛 你气不气
[2026-02-22 02:44:07] eurekaint: ？
[2026-02-22 02:44:07] 小救星小杜DuD: 弹幕关了 礼物都不谢了 也得硬着头皮给我播最恨的载物的比赛 你气不气
[2026-02-22 02:44:07] LvvsiN: 我提一嘴这剧情越来越像上海major了
[2026-02-22 02:44:08] MeIoN39: ？
[2026-02-22 02:44:08] Kli0s: 演
[2026-02-22 02:44:08] 吉吉的Niko本人: 冷知识：布罗利被弗利萨当着面把爹载了
[2026-02-22 02:44:08] 瑭珏: ？
[2026-02-22 02:44:08] 中奖我是大沙雕: 为什么导播一直给蒙古啦啦队画面
[2026-02-22 02:44:08] 恶霸周熊: 气（ Ꙭ)气（ Ꙭ)玩鸡气
[2026-02-22 02:44:08] 7号晚安: 一切的一切还要从一枪沙鹰说起
[2026-02-22 02:44:08] 七咲逢NanasakiAi: 布罗利被弗利萨当着面把爹载了
[2026-02-22 02:44:08] MSK枫: 装起来了
[2026-02-22 02:44:08] 哈基鹅大王: 来点我感觉你状态不对的弹幕
[2026-02-22 02:44:09] 千古恨轮回尝061: 布罗利：气😠气😠气😠气😠气😠气
[2026-02-22 02:44:09] JOhNsoN兆: ？
[2026-02-22 02:44:09] 超级吊的abc: ？？？
[2026-02-22 02:44:09] 卡啊卡卡丶: ？
[2026-02-22 02:44:09] 麦当劳树枝: ？
[2026-02-22 02:44:10] LvvsiN: 南孚一节更比六节强，也就是一节南孚比六节南孚强，六节南孚比三十六节强，三十六节比二百一十六节强
[2026-02-22 02:44:10] 玩猴爪丶MonkeyPaw: @这里是小天啊：玩大哥，dy方向进攻很猛，我饭碗是不是要没了🥺
[2026-02-22 02:44:11] 蓝x釉: 冷知识：布罗利被弗利萨当着面把爹载了
[2026-02-22 02:44:11] 啊撒发撒发: 申请把发言等级上调到24级（我不是24级）
[2026-02-22 02:44:11] 青山锁欲锁不住你: 别吹载物了玩大哥，你的身体会不舒服的...
[2026-02-22 02:44:11] 诺零零零零零: 布罗利：气😠气😠气😠气😠气😠气
[2026-02-22 02:44:11] 秋Fc: 演
[2026-02-22 02:44:11] 小鳥遊六埖: 别吹载物了玩大哥，你的身体会不舒服的...
[2026-02-22 02:44:12] 清酒啵啵: 哥们那是墙
[2026-02-22 02:44:12] 玩道歉丶44min: ？
[2026-02-22 02:44:12] LvvsiN: 你屏蔽词都快赶上新华词典了为什么不干脆开一百级发言？
[2026-02-22 02:44:12] 图帕雷松: 冷知识：布罗利被弗利萨当着面把爹载了
[2026-02-22 02:44:12] wedd1ddeJodd: 别吹载物了玩大哥，你的身体会不舒服的...
[2026-02-22 02:44:12] 导演566: 演一下
[2026-02-22 02:44:12] QU总的双下巴: 演一下
[2026-02-22 02:44:12] 夏恋: 考
[2026-02-22 02:44:12] 桐原直木: 🎦当前房间为轮播内容，同样精彩哦～
[2026-02-22 02:44:12] 把酒问月I: ？
[2026-02-22 02:44:12] Campbell头号玩小将: 爽在哪？
[2026-02-22 02:44:12] HankFann: x光没关
[2026-02-22 02:44:13] 太行山积雪: 别吹载物了玩大哥，你的身体会不舒服的...
[2026-02-22 02:44:13] suicho: 玩载大战〉森载大战 懂的➕1
[2026-02-22 02:44:13] 南门神: 布罗利：气😠气
[2026-02-22 02:44:13] bzhanshenshi: 玩乐队的大姐姐们呢咕咕嘎嘎
[2026-02-22 02:44:13] 斯坦福桥突破手: 别吹载物了玩大哥，你的身体会不舒服的...
[2026-02-22 02:44:14] LvvsiN: 银行业😄银行业😀银行业😃银行业😁银行业😆银行业🤪银行业😝
[2026-02-22 02:44:14] JuL1us: 气（ Ꙭ)气（ Ꙭ)玩鸡气
[2026-02-22 02:44:14] 贾格尔纳特: 演一演
[2026-02-22 02:44:14] MyGo的tomorin本人: 标 志
[2026-02-22 02:44:14] 粮食和蔬菜ll: 哈哈哈哈哈
[2026-02-22 02:44:15] 炫迈冰暴口香糖: 考
[2026-02-22 02:44:15] MeIoN39: 演一下
[2026-02-22 02:44:15] Lockonnnnn: zzzz
[2026-02-22 02:44:15] IF的灰爱音本人: @这里是小天啊：玩大哥，dy方向进攻很猛，我饭碗是不是要没了🥺
[2026-02-22 02:44:15] 丶丶Ken丶丶: 演
[2026-02-22 02:44:15] 杏爱企鹅: 热知识：这头🐷从来没有喜欢过小蜜蜂，包括以前森载大战时期
[2026-02-22 02:44:16] 海绵宝宝小能儿: 别吹载物了玩大哥，你的身体会不舒服的...
[2026-02-22 02:44:16] User5092: ？
[2026-02-22 02:44:16] 马楼King张三: 力挺
[2026-02-22 02:44:16] 我木JJ怕个锤子: 冷知识：布罗利被弗利萨当着面把爹载了
[2026-02-22 02:44:16] yuuuuua7: 孝
[2026-02-22 02:44:16] 七色的人偶使者: 演一下
[2026-02-22 02:44:16] 付先生fj: 这怎么有墙啊
[2026-02-22 02:44:16] 搞笑男西德尼: 冷知识：布罗利被弗利萨当着面把爹载了
[2026-02-22 02:44:17] 网友小滴: 别吹载物了玩大哥，你的身体会不舒服的...
[2026-02-22 02:44:17] jamesfaith23: ？
[2026-02-22 02:44:17] 沐苏牛大无需多言: 还有蜂美送礼啊，nb
[2026-02-22 02:44:17] blank111136: 来点我感觉你状态不对的弹幕
[2026-02-22 02:44:17] RyougiAqua: 演一下
[2026-02-22 02:44:17] TranceDream4ever: 考
[2026-02-22 02:44:17] 乌鸦晒不黑: 两堵墙都穿啊
[2026-02-22 02:44:17] 再抽奖在线剁手: 滚啊
[2026-02-22 02:44:17] 蓝鲸少年与小巷: 演一演
[2026-02-22 02:44:18] 昌岗陈坤: 为什么没人刷比分警告？ 是刷这些人的队已经回家了吗？
[2026-02-22 02:44:18] LvvsiN: 额，拿亚军我都会，拿亚军，拿季军，拿四强，拿八强，拿十六强，呃拿冠军我不会，然后小组赛淘汰
[2026-02-22 02:44:18] HaibaraAi1109: 冷知识：布罗利被弗利萨当着面把爹载了
[2026-02-22 02:44:18] 静寂风: ？
[2026-02-22 02:44:18] 爆爆爆开爆: 冷知识：布罗利被弗利萨当着面把爹载了
[2026-02-22 02:44:19] ichuan太酷辣: 1
[2026-02-22 02:44:19] 卡啊卡卡丶: ？？？？？
[2026-02-22 02:44:19] 小怪兽8692: 考
[2026-02-22 02:44:19] 玩玩玩玩的丸丸: 你屏蔽词都快赶上新华词典了为什么不干脆开一百级发言？
[2026-02-22 02:44:19] 笑颜一番黄婷婷: zy这是玩机器后援会吗？这么恨小蜜蜂
[2026-02-22 02:44:20] 狂野银幕长崎素世: 钻粉也谢啊。。。nb
[2026-02-22 02:44:20] LvvsiN: 南孚一节更比六节强，也就是一节南孚比六节南孚强，六节南孚比三十六节强，三十六节比二百一十六节强
[2026-02-22 02:44:20] Devilllllllllllllll: 申请把发言等级上调到24级（我不是24级）
[2026-02-22 02:44:20] S1natra: 别吹载物了玩大哥，你的身体会不舒服的...
[2026-02-22 02:44:20] 玩猴爪丶MonkeyPaw: 别吹载物了玩大哥，你的身体会不舒服的...
[2026-02-22 02:44:20] 潇洒大概: 考
[2026-02-22 02:44:20] vgcyt: 弹幕关了 礼物都不谢了 也得硬着头皮给我播最恨的载物的比赛 你气不气
[2026-02-22 02:44:21] JOhNsoN兆: 这怎么有墙啊
[2026-02-22 02:44:21] 专看玩机器的号: 好烟
[2026-02-22 02:44:21] 给jee介绍女朋友: 冷知识：布罗利被弗利萨当着面把爹载了
[2026-02-22 02:44:21] 渡亡神雅睿欧斯: @🚬🗿：好烟
[2026-02-22 02:44:21] 丶rhymer: zywoo:这怎么有墙啊
[2026-02-22 02:44:21] 无刺有刺的安和昴本人: 还有蜂美送礼啊，nb
[2026-02-22 02:44:22] LvvsiN: @阿汤日记：一个人，5发子弹，保住格陵兰岛。我不会叫它不可能完成的任务，我现在只想先回家看亦博
[2026-02-22 02:44:22] 春花敲可爱的啦: 别吹载物了玩大哥，你的身体会不舒服的...
[2026-02-22 02:44:22] 神奥联盟的竹兰本人: 别吹载物了玩大哥，你的身体会不舒服的...
[2026-02-22 02:44:22] 杀鱼宝宝028: 演一下
[2026-02-22 02:44:22] 鲜血与暗影铸造的家伙: 什么烟
[2026-02-22 02:44:22] Nagaoto: 别吹载物了玩大哥，你的身体会不舒服的...
[2026-02-22 02:44:23] 渡边曜女士: 别吹载物了玩大哥，你的身体会不舒服的...
[2026-02-22 02:44:23] 爱被小泉吃的拉面同学: 别吹载物了玩大哥，你的身体会不舒服的...
[2026-02-22 02:44:23] PlumEnd: 别吹载物了玩大哥，你的身体会不舒服的...
[2026-02-22 02:44:23] Lycor1s1224: 编礼物丨
[2026-02-22 02:44:24] 洛陽城里看落陽: 别吹载物了玩大哥，你的身体会不舒服的...
[2026-02-22 02:44:24] LvvsiN: 玩宝宝，我发现在大学上学的时候肄业会很舒服，你可以试试
[2026-02-22 02:44:24] bznalier: 南孚一节更比六节强，也就是一节南孚比六节南孚强，六节南孚比三十六节强，三十六节比二百一十六节强
[2026-02-22 02:44:24] VALORANT钢枪指挥cadiaN: 卧槽，布罗奇被faze下放了
[2026-02-22 02:44:24] 蜉蝣XwX: 这什么烟
[2026-02-22 02:44:24] 玩猴爪丶MonkeyPaw: @这里是小天啊：玩大哥，dy方向进攻很猛，我饭碗是不是要没了🥺
[2026-02-22 02:44:25] 卢敏莉666: 别吹载物了玩大哥，你的身体会不舒服的...
[2026-02-22 02:44:25] 丶丶Ken丶丶: 别吹载物了玩大哥，你的身体会不舒服的...
[2026-02-22 02:44:25] Q1ed7f9c85b3bc7571: 钻粉也谢啊。。。nb
[2026-02-22 02:44:25] 纨绔浪荡: 考
[2026-02-22 02:44:26] Mgci2: 申请把发言等级上调到24级（我不是24级）
[2026-02-22 02:44:26] LvvsiN: @阿汤日记：一个人，5发子弹，保住格陵兰岛。我不会叫它不可能完成的任务，我现在只想先回家看亦博
[2026-02-22 02:44:26] 好姐妹索菲亚: 钻粉也谢啊。。。nb
[2026-02-22 02:44:26] 米需米米米米米: 别吹载物了玩大哥，你的身体会不舒服的...
[2026-02-22 02:44:26] 第三猪白猪玩斯曼: 这演的 太刻意了
[2026-02-22 02:44:26] 许血呐: 孝
[2026-02-22 02:44:26] 温柔是罪是罪吗: @这里是小天啊：玩大哥，dy方向进攻很猛，我饭碗是不是要没了🥺
[2026-02-22 02:44:27] 宫监手放监: 你脸皮太厚了
[2026-02-22 02:44:27] 有你便是世界1: 还有蜂美送礼啊，nb
[2026-02-22 02:44:27] Meik7: 好烟
[2026-02-22 02:44:27] kyubit: 别吹载物了玩大哥，你的身体会不舒服的...
[2026-02-22 02:44:27] 否要面孔: 这个老板在哪
[2026-02-22 02:44:27] 每天都被穷醒: 别吹载物了玩大哥，你的身体会不舒服的...
[2026-02-22 02:44:28] LvvsiN: 就tm喜欢银行业🥰银行坏账我喜欢🥰银行挤兑我还喜欢😍利率调低我也喜欢🤤老子亲烂银行业的脸😘
[2026-02-22 02:44:28] 你的能量超乎你想象啊: zywoo:这怎么有墙啊
[2026-02-22 02:44:28] 水浚: 别吹载物了玩大哥，你的身体会不舒服的...
[2026-02-22 02:44:29] suicho: 别吹载物了玩大哥，你的身体会不舒服的...
[2026-02-22 02:44:29] eyu星天涯: 对面队伍里有透真没法大
[2026-02-22 02:44:29] 丰川祥子口三角初华: 别吹载物了玩大哥，你的身体会不舒服的...
[2026-02-22 02:44:29] 挥泪斩楚狗: @fw弟弟汉堡包：收留弃暗投明的切片员ing
[2026-02-22 02:44:30] 不要叫我二毛: 冷知识：布罗利被弗利萨当着面把爹载了
[2026-02-22 02:44:30] LvvsiN: 弹幕也就网上说说，现实里谁不觉得樱姐是好女孩（删括号领一条远坂凛同款鸟笼）
[2026-02-22 02:44:30] 那个最帅的男人666: 别吹载物了玩大哥，你的身体会不舒服的...
[2026-02-22 02:44:30] R组的中岛由贵本人: 弹幕关了 礼物都不谢了 也得硬着头皮给我播最恨的载物的比赛 你气不气
[2026-02-22 02:44:30] 春风如齐: 大家不要再说了感觉玩大哥语气已经不对了再这样下去我都不敢想象载大哥接下来要遭什么罪
[2026-02-22 02:44:31] 空有无垠: jL都跟布罗利坐一桌了吗。。。nb
[2026-02-22 02:44:31] 好姐妹天野远子: 别吹载物了玩大哥，你的身体会不舒服的...
[2026-02-22 02:44:32] 麻辣火锅兔子: 就tm喜欢银行业🥰银行坏账我喜欢🥰银行挤兑我还喜欢😍利率调低我也喜欢🤤老子亲烂银行业的脸😘
[2026-02-22 02:44:32] LvvsiN: 其实碗橱就是猪灵，你不拿黄金丢他他就不跟你说话
[2026-02-22 02:44:32] 日jb落: 这p3也就蹭蹭局势了🙄不像我们niko残局随便赢🙄
[2026-02-22 02:44:32] 伊地知虹夏68667: 还有蜂美送礼啊，nb
[2026-02-22 02:44:32] 洞主我想看吃鸡: 哦对了！哦对了！哦对了！哦对了！哦对了！哦对了！哦对了！哦对了！哦对了！哦对了！哦对了！哦对了！哦对
[2026-02-22 02:44:32] 用户0123466560:  。
[2026-02-22 02:44:33] 古堡12枪战神: 好烟
[2026-02-22 02:44:33] 好哥们士兵76: 钻粉也谢啊。。。nb
[2026-02-22 02:44:33] 玩猴爪丶MonkeyPaw: @这里是小天啊：玩大哥，dy方向进攻很猛，我饭碗是不是要没了🥺
[2026-02-22 02:44:33] 甘织玲奈子本人: 别吹载物了玩大哥，你的身体会不舒服的...
[2026-02-22 02:44:33] 漓水清州: 1
[2026-02-22 02:44:33] 玩机器是标志: 这演的 太刻意了
[2026-02-22 02:44:33] 暴力卓司: 不敢想玩大哥下播后在房管群怎么骂载物……
[2026-02-22 02:44:33] 幼稚的虫圭: 别吹载物了玩大哥，你的身体会不舒服的...
[2026-02-22 02:44:33] lllellle: 原来你知道数字梗是在攻击人啊 四 ／十 ／八 ／玩 出
[2026-02-22 02:44:34] 旅燕没有归途: 我的飞机你怎么不谢
[2026-02-22 02:44:34] LvvsiN: 弹幕别吵了，银行业一样一样有有有也会有h'y'hui't'y'r's'c'dn
[2026-02-22 02:44:34] 桐原直木: 我看你的M😩🖐🎧我看你的M😩🖐🎧我看你的M😩🖐🎧
[2026-02-22 02:44:34] eda778: 别吹载物了玩大哥，你的身体会不舒服的...
[2026-02-22 02:44:34] 李神神神神: 别吹载物了玩大哥，你的身体会不舒服的...
[2026-02-22 02:44:35] Aetheranus: 申请把发言等级上调到24级（我不是24级）
[2026-02-22 02:44:35] 硫磺祥: 无甲e就是6
[2026-02-22 02:44:35] 无7441158: 别吹载物了玩大哥，你的身体会不舒服的...
[2026-02-22 02:44:35] 春风如齐: 大家不要再说了感觉玩大哥语气已经不对了再这样下去我都不敢想象载大哥接下来要遭什么罪。
[2026-02-22 02:44:36] 挥泪斩楚狗: @fw弟弟汉堡包：收留弃暗投明的切片员ing
[2026-02-22 02:44:36] LvvsiN: 为什么房管封的不能给鱼丸……还以为今天晚上得吃了……
[2026-02-22 02:44:36] 海绵宝宝永琳儿: @米需米米米米米：别吹载物了玩大哥，你的身体会不舒服的...
[2026-02-22 02:44:37] lllellle: 原来你知道数字梗是在攻击人啊 四 ／十 ／八 ／玩 出
[2026-02-22 02:44:37] 用来焚城的业炎: 别吹载物了玩大哥，你的身体会不舒服的...
[2026-02-22 02:44:38] 神马米洛: 别吹载物了玩大哥，你的身体会不舒服的...
[2026-02-22 02:44:38] LvvsiN: 弹幕也就网上说说，现实里谁不觉得樱姐是好女孩（删括号领一条远坂凛同款鸟笼）
[2026-02-22 02:44:38] 精武门万岁: 弹幕关了 礼物都不谢了 也得硬着头皮给我播最恨的载物的比赛 你气不气
[2026-02-22 02:44:38] ARen每天都要早睡: 喜欢往奔驰里塞钱的人来了、
[2026-02-22 02:44:39] z泽村英梨梨i: 这里是小天啊：哦牛批还有这种养俩个月死士就让上战场的。。。
[2026-02-22 02:44:39] 暴力卓司: 不敢想玩大哥下播后在房管群怎么骂载物……
[2026-02-22 02:44:39] 阿瓦伊莉雅: 兄弟们我感觉我今天状态不是很好啊，我今天状态非常不好啊，我感觉我应该，唉，我要不，我去调整一下心情吧
[2026-02-22 02:44:39] 好蔬菜丶Vege: 还有蜂美送礼啊，nb
[2026-02-22 02:44:40] LvvsiN: 额，拿亚军我都会，拿亚军，拿季军，拿四强，拿八强，拿十六强，呃拿冠军我不会，然后小组赛淘汰
[2026-02-22 02:44:40] 好哥们韩信: ⚠️伟伟在盗播！⚠️伟伟在盗播！⚠️伟伟在盗播！⚠️伟伟在盗播！⚠️伟伟在盗播！⚠️伟伟在盗播！⚠️伟伟在盗播！⚠️伟伟在盗播！⚠️伟伟在盗
[2026-02-22 02:44:40] Yuuuzaki: fw
[2026-02-22 02:44:41] uzi家的喷水龙: 🐝这队确实该被玩大哥恨啊，流量又低，冠军又多，每次决赛都是他们还没有礼物。。
[2026-02-22 02:44:42] 春风如齐: 大家不要再说了感觉玩大哥语气已经不对了再这样下去我都不敢想象载大哥接下来要遭什么罪
[2026-02-22 02:44:42] LvvsiN: 我让你开双倍你二龙吗？老子荧光棒要过期了
[2026-02-22 02:44:42] Viper的牛子: 从弹幕里精准选出一条能读的很困难吧
[2026-02-22 02:44:42] Crychiccc的若叶睦本人: 无奖竞猜，明天碗橱是会登山给自己体面还是接着厚脸皮不看弹幕直播
[2026-02-22 02:44:43] JS458450: @米需米米米米米：别吹载物了玩大哥，你的身体会不舒服的...
[2026-02-22 02:44:44] 希望喂惡鬼: 防登山的版权+让玩机器破防的弹幕环境=全力玩
[2026-02-22 02:44:44] LvvsiN: 南孚一节更比六节强，也就是一节南孚比六节南孚强，六节南孚比三十六节强，三十六节比二百一十六节强
[2026-02-22 02:44:44] 云顶之弈中翼: 别吹载物了玩大哥，你的身体会不舒服的...
[2026-02-22 02:44:44] 玩猴爪丶MonkeyPaw: @这里是小天啊：玩大哥，dy方向进攻很猛，我饭碗是不是要没了🥺
[2026-02-22 02:44:44] 用户30639588: 别吹载物了玩大哥，你的身体会不舒服的...
[2026-02-22 02:44:44] 玩比赛丶bet: 大家不要再说了感觉玩大哥语气已经不对了再这样下去我都不敢想象载大哥接下来要遭什么罪
[2026-02-22 02:44:45] Mortnotz: @fw弟弟汉堡包：收留弃暗投明的切片员ing
[2026-02-22 02:44:46] 云边有条小侏如: 别吹载物了玩大哥，你的身体会不舒服的...
[2026-02-22 02:44:46] uzi家的喷水龙: 🐝这队确实该被玩大哥恨啊，流量又低，冠军又多，每次决赛都是他们还没有礼物。。
[2026-02-22 02:44:46] LvvsiN: 额，拿亚军我都会，拿亚军，拿季军，拿四强，拿八强，拿十六强，呃拿冠军我不会，然后小组赛淘汰
[2026-02-22 02:44:46] 丰川留子: 别吹载物了玩大哥，你的身体会不舒服的...
[2026-02-22 02:44:47] 杰斌候入长峪城: 还有蜂美送礼啊，nb
[2026-02-22 02:44:47] 弑神蜂: 别吹载物了玩大哥，你的身体会不舒服的...
[2026-02-22 02:44:47] 玩蛇鼠丶stabbi: 还有蜂美送礼啊，nb
[2026-02-22 02:44:47] 好哥们韩信: ⚠️伟伟在盗播！⚠️伟伟在盗播！⚠️伟伟在盗播！⚠️伟伟在盗播！⚠️伟伟在盗播！⚠️伟伟在盗播！⚠️伟伟在盗播！⚠️伟伟在盗播！⚠️伟伟在盗
[2026-02-22 02:44:48] 挥泪斩楚狗: @fw弟弟汉堡包：收留弃暗投明的切片员ing
[2026-02-22 02:44:48] 落叶悠哉落: 别吹载物了玩大哥，你的身体会不舒服的...
[2026-02-22 02:44:48] LvvsiN: 为什么房管封的不能给鱼丸……还以为今天晚上得吃了……
[2026-02-22 02:44:50] 暴力卓司: 不敢想玩大哥下播后在房管群怎么骂载物……
[2026-02-22 02:44:50] 123480: @fw弟弟汉堡包：收留弃暗投明的切片员ing
[2026-02-22 02:44:50] LvvsiN: 玩 出，我双倍呢？😡😡玩 出，我双倍呢？😡😡玩 出，我双倍呢？😡😡玩 出，我双倍呢？😡
[2026-02-22 02:44:50] 好哥们士兵76: 别吹载物了玩大哥，你的身体会不舒服的...
[2026-02-22 02:44:51] fmljz: 🐝这队确实该被玩大哥恨啊，流量又低，冠军又多，每次决赛都是他们还没有礼物。。
[2026-02-22 02:44:52] bznalier: 🗿:🗿神
[2026-02-22 02:44:52] wedd1ddeJodd: 无奖竞猜，明天碗橱是会登山给自己体面还是接着厚脸皮不看弹幕直播
[2026-02-22 02:44:52] 粮食和蔬菜ll: 想让主播理你们，得多送礼物啊，载粉
[2026-02-22 02:44:52] LvvsiN: 弹幕别吵了，银行业一样一样有有有也会有h'y'hui't'y'r's'c'dn
[2026-02-22 02:44:52] 清风浮过丶: 还有蜂美送礼啊，nb
[2026-02-22 02:44:53] 小夜啃过的馒头: 无奖竞猜，明天碗橱是会登山给自己体面还是接着厚脸皮不看弹幕直播
[2026-02-22 02:44:53] kuromekO: 还有蜂美送礼啊，nb
[2026-02-22 02:44:53] 春风如齐: 大家不要再说了感觉玩大哥语气已经不对了再这样下去我都不敢想象载大哥接下来要遭什么罪。
[2026-02-22 02:44:53] 玩比赛丶bet: 冷知识：布罗利被弗利萨当着面把爹载了
[2026-02-22 02:44:54] 冲上云霄的姨: 不敢想玩大哥下播后在房管群怎么骂载物……
[2026-02-22 02:44:54] LvvsiN: 玩宝宝，我发现在大学上学的时候肄业会很舒服，你可以试试
[2026-02-22 02:44:54] 归离凉: 还有蜂美送礼啊，nb
[2026-02-22 02:44:54] 亞州圖片: 怎么还有十五级的😓
[2026-02-22 02:44:54] 海绵宝宝打野儿: @fw弟弟汉堡包：收留弃暗投明的切片员ing
[2026-02-22 02:44:54] 卡啊卡卡丶: 4杀
[2026-02-22 02:44:54] 天守阁信长: 还有蜂美送礼啊，nb
[2026-02-22 02:44:55] Cardinal665: 不敢想玩大哥下播后在房管群怎么骂载物……
[2026-02-22 02:44:55] WE丶繁梦: @fw弟弟汉堡包：收留弃暗投明的切片员ing
[2026-02-22 02:44:55] 正在和清姬共度余生: 南孚一节更比六节强，也就是一节南孚比六节南孚强，六节南孚比三十六节强，三十六节比二百一十六节强
[2026-02-22 02:44:55] 玩猴爪丶MonkeyPaw: @这里是小天啊：玩大哥，dy方向进攻很猛，我饭碗是不是要没了🥺
[2026-02-22 02:44:55] 丶丶桔梗丶: 还有蜂美送礼啊，nb
[2026-02-22 02:44:55] 四維虫子: 别吹载物了玩大哥，你的身体会不舒服的...
[2026-02-22 02:44:55] 結城希亞: 不敢想玩大哥下播后在房管群怎么骂载物……
[2026-02-22 02:44:55] 白血球FJL: 别吹载物了玩大哥，你的身体会不舒服的...
[2026-02-22 02:44:55] A队的佐佐木李子本人: 🗿:🗿神
[2026-02-22 02:44:56] TL的EliGE本人: 别吹载物了玩大哥，你的身体会不舒服的...
[2026-02-22 02:44:56] 正直的鸡哥: p3只会特
[2026-02-22 02:44:56] 康托尔74920: 还有蜂美送礼啊，nb
[2026-02-22 02:44:56] 静寂风: 🗿:🗿神
[2026-02-22 02:44:56] RyougiAqua: 不敢想玩大哥下播后在房管群怎么骂载物……
[2026-02-22 02:44:56] 千古恨轮回尝061: 别吹了，大家都知道玩大哥不喜欢载物，
[2026-02-22 02:44:56] 大哥心里慌: 　　　 🐝这队确实该被玩大哥恨啊，流量又低，冠军又多，每次决赛都是他们还没有礼物。。
[2026-02-22 02:44:57] 高松灯扣死千早爱音: 别吹载物了玩大哥，你的身体会不舒服的...
[2026-02-22 02:44:57] 野pig亨利28: 玩 出，我双倍呢？😡😡玩 出，我双倍呢？😡😡玩 出，我双倍呢？😡😡玩 出，我双倍呢？😡
[2026-02-22 02:44:57] N1coZer4: 别吹载物了玩大哥，你的身体会不舒服的...
[2026-02-22 02:44:57] AG的青叶摩卡本人: 别吹载物了玩大哥，你的身体会不舒服的...
[2026-02-22 02:44:57] ZiggyStardust0100: 还有蜂美送礼啊，nb
[2026-02-22 02:44:57] 光文天天: 还有蜂美送礼啊，nb
[2026-02-22 02:44:57] 迪奥雷: ropz好快的特
[2026-02-22 02:44:57] 喜欢吃生菜: 。
[2026-02-22 02:44:58] 玩小猫丶Pu5sy: 无奖竞猜，明天碗橱是会登山给自己体面还是接着厚脸皮不看弹幕直播
[2026-02-22 02:44:58] Peko-: 🐝这队确实该被玩大哥恨啊，流量又低，冠军又多，每次决赛都是他们还没有礼物。。
[2026-02-22 02:44:58] 纪川6657: 　　　 🐝这队确实该被玩大哥恨啊，流量又低，冠军又多，每次决赛都是他们还没有礼物。。
[2026-02-22 02:44:58] gggaligeigei: 不敢想玩大哥下播后在房管群怎么骂载物……
[2026-02-22 02:44:58] 骄骄爱吃糖: rop特
[2026-02-22 02:44:58] 河马爬爬爬: 　　　 🐝这队确实该被玩大哥恨啊，流量又低，冠军又多，每次决赛都是他们还没有礼物。。
[2026-02-22 02:44:58] 纸漓: 　　　 🐝这队确实该被玩大哥恨啊，流量又低，冠军又多，每次决赛都是他们还没有礼物。。
[2026-02-22 02:44:58] 芝士雪豹ovo: 　　　 🐝这队确实该被玩大哥恨啊，流量又低，冠军又多，每次决赛都是他们还没有礼物。。
[2026-02-22 02:44:59] HaibaraAi1109: 无奖竞猜，明天碗橱是会登山给自己体面还是接着厚脸皮不看弹幕直播
[2026-02-22 02:44:59] 春花敲可爱的啦: @fw弟弟汉堡包：收留弃暗投明的切片员ing
[2026-02-22 02:44:59] 爱魚九千七: 🐝这队确实该被玩大哥恨啊，流量又低，冠军又多，每次决赛都是他们还没有礼物。。
[2026-02-22 02:44:59] xieri: 　　　 🐝这队确实该被玩大哥恨啊，流量又低，冠军又多，每次决赛都是他们还没有礼物。。
[2026-02-22 02:44:59] 传统peek高手XANTARES: 🐝这队确实该被玩大哥恨啊，流量又低，冠军又多，每次决赛都是他们还没有礼物。。
[2026-02-22 02:44:59] JamYo0oung: 　　　 🐝这队确实该被玩大哥恨啊，流量又低，冠军又多，每次决赛都是他们还没有礼物。。
[2026-02-22 02:44:59] 空有无垠: @fw弟弟汉堡包：收留弃暗投明的切片员ing
[2026-02-22 02:44:59] SSE丶: 🐝这队确实该被玩大哥恨啊，流量又低，冠军又多，每次决赛都是他们还没有礼物。。
[2026-02-22 02:44:59] YCSUN1017: 不敢想玩大哥下播后在房管群怎么骂载物……
[2026-02-22 02:44:59] MeIoN39: 还有蜂美送礼啊，nb
[2026-02-22 02:45:00] 洛陽城里看落陽: @fw弟弟汉堡包：收留弃暗投明的切片员ing
[2026-02-22 02:45:00] Odike: 太喜欢这种氛围了 主播根本没想播 弹幕根本不看主播 各聊各的这一块
[2026-02-22 02:45:00] 蘇州小耿: 别吹载物了玩大哥，你的身体会不舒服的...
[2026-02-22 02:45:00] 无伟契约: 还有蜂美送礼啊，nb
[2026-02-22 02:45:00] 马修赫GOAT: 不敢想玩大哥下播后在房管群怎么骂载物……
[2026-02-22 02:45:00] 窦妪惯例全思慕: 还有蜂美送礼啊，nb
[2026-02-22 02:45:00] 踩马灯: 不敢想玩大哥下播后在房管群怎么骂载物……
[2026-02-22 02:45:01] 訤溓:  @丶夜夜丶：别吹载物了玩大哥，你的身体会不舒服的
[2026-02-22 02:45:01] Zyw0o丿: 🐝这队确实该被玩大哥恨啊，流量又低，冠军又多，每次决赛都是他们还没有礼物。。
[2026-02-22 02:45:01] xuzVan: 还有蜂美送礼啊，nb
[2026-02-22 02:45:01] qw12340867: @fw弟弟汉堡包：收留弃暗投明的切片员ing
[2026-02-22 02:45:01] 向日葵Samurai: 　　　 🐝这队确实该被玩大哥恨啊，流量又低，冠军又多，每次决赛都是他们还没有礼物。。
[2026-02-22 02:45:01] 治好了也会流口水: @fw弟弟汉堡包：收留弃暗投明的切片员ing
[2026-02-22 02:45:01] AiLuoLi1413: 还有蜂美送礼啊，nb
[2026-02-22 02:45:01] 玩猴爪丶MonkeyPaw: @ropz：这MC是不是出bug了，怎么给猪灵黄金他也不说话？
[2026-02-22 02:45:01] zbq93: 不敢想玩大哥下播后在房管群怎么骂载物……
[2026-02-22 02:45:02] 烟然已去: 🐝这队确实该被玩大哥恨啊，流量又低，冠军又多，每次决赛都是他们还没有礼物。。
[2026-02-22 02:45:02] 鹿公爷: p3特爽了
[2026-02-22 02:45:02] 时维鹰扬丶: 不敢想玩大哥下播后在房管群怎么骂载物……
[2026-02-22 02:45:02] SSD堵堵堵: 🐝这队确实该被玩大哥恨啊，流量又低，冠军又多，每次决赛都是他们还没有礼物。。
[2026-02-22 02:45:02] 搞笑男西德尼: 还有蜂美送礼啊，nb
[2026-02-22 02:45:02] 拍拍小天使: 还有蜂美送礼啊，nb
[2026-02-22 02:45:02] 多喝热水9点睡: 🐝这队确实该被玩大哥恨啊，流量又低，冠军又多，每次决赛都是他们还没有礼物。。
[2026-02-22 02:45:02] LA的勒布朗本人: 还有蜂美送礼啊，nb
[2026-02-22 02:45:02] lllellle: 还有蜂美送礼啊，nb
[2026-02-22 02:45:02] 蓝星的floppy本人: 🐝这队确实该被玩大哥恨啊，流量又低，冠军又多，每次决赛都是他们还没有礼物。。
[2026-02-22 02:45:03] 用户65052344: 无奖竞猜，明天碗橱是会登山给自己体面还是接着厚脸皮不看弹幕直播
[2026-02-22 02:45:03] 回收废弃R9: 别吹载物了玩大哥，你的身体会不舒服的...
[2026-02-22 02:45:06] 猫很好的小乖: @fw弟弟汉堡包：收留弃暗投明的切片员ing
[2026-02-22 02:45:06] 时光不改旧人心: 还有蜂美送礼啊，nb
[2026-02-22 02:45:06] 行云C1oud: 还有蜂美送礼啊，nb
[2026-02-22 02:45:06] ericzxc: 🐝这队确实该被玩大哥恨啊，流量又低，冠军又多，每次决赛都是他们还没有礼物。。
[2026-02-22 02:45:06] 石家庄电信基站: 不敢想玩大哥下播后在房管群怎么骂载物……
[2026-02-22 02:45:06] drooo1: 🐝这队确实该被玩大哥恨啊，流量又低，冠军又多，每次决赛都是他们还没有礼物。。
[2026-02-22 02:45:06] 泠鸢不是冷鸢丶: 🐝这队确实该被玩大哥恨啊，流量又低，冠军又多，每次决赛都是他们还没有礼物。。
[2026-02-22 02:45:06] 马楼King张三: 感觉没有世一米了
[2026-02-22 02:45:06] 玩玩今天吃什么: 不敢想玩大哥下播后在房管群怎么骂载物……
[2026-02-22 02:45:06] 瞄准高高手: 不敢想玩大哥下播后在房管群怎么骂载物……
[2026-02-22 02:45:06] JOhNsoN兆: @fw弟弟汉堡包：收留弃暗投明的切片员ing
[2026-02-22 02:45:06] 丶丶Ken丶丶: 还有蜂美送礼啊，nb
[2026-02-22 02:45:06] Pioneer893: p3猛特
[2026-02-22 02:45:06] 白塔11341: 还有蜂美送礼啊，nb
[2026-02-22 02:45:06] 神马米洛:     🐝这队确实该被玩大哥恨啊，流量又低，冠军又多，每次决赛都是他们还没有礼物。。
[2026-02-22 02:45:06] sarbest: 别吹载物了玩大哥，你的身体会不舒服的...
[2026-02-22 02:45:06] 海绵宝宝农批儿: 别吹载物了玩大哥，你的身体会不舒服的...
[2026-02-22 02:45:06] 忽孝山庄: 不敢想玩大哥下播后在房管群怎么骂载物……
[2026-02-22 02:45:06] HapCam: 🐝这队确实该被玩大哥恨啊，流量又低，冠军又多，每次决赛都是他们还没有礼物。。
[2026-02-22 02:45:07] 废斯特物物: 还有蜂美送礼啊，nb
[2026-02-22 02:45:07] CSTG江叉叉: 冷知识：布罗利被弗利萨当着面把爹载了
[2026-02-22 02:45:07] 吉吉的Niko本人: 冷知识：布罗利被弗利萨当着面把爹载了
[2026-02-22 02:45:07] 可苦可乐GRA: 还说啥呢，你都这样夸载物了，我攒了一周的荧光棒都给你呗
[2026-02-22 02:45:07] 梅林老公: 还有蜂美送礼啊，nb
[2026-02-22 02:45:07] 天才亚当1号: 🐝这队确实该被玩大哥恨啊，流量又低，冠军又多，每次决赛都是他们还没有礼物。。
[2026-02-22 02:45:07] 玩机器的二十年老粉: 　　　 🐝这队确实该被玩大哥恨啊，流量又低，冠军又多，每次决赛都是他们还没有礼物。。
[2026-02-22 02:45:07] wedd1ddeJodd: 🐝这队确实该被玩大哥恨啊，流量又低，冠军又多，每次决赛都是他们还没有礼物。。
[2026-02-22 02:45:07] 没有糖的棒棒糖1: @fw弟弟汉堡包：收留弃暗投明的切片员ing
[2026-02-22 02:45:07] 想你演唱会: 不敢想玩大哥下播后在房管群怎么骂载物……
[2026-02-22 02:45:09] 一滴HitoShizuku: 还有蜂美送礼啊，nb
[2026-02-22 02:45:09] Leonisss丶: 　　　 不敢想玩大哥下播后在房管群怎么骂载物……
[2026-02-22 02:45:09] 潇洒大概: 🐝这队确实该被玩大哥恨啊，流量又低，冠军又多，每次决赛都是他们还没有礼物。。
[2026-02-22 02:45:09] 空有无垠: 还有蜂美送礼啊，nb
[2026-02-22 02:45:09] Mortnotz: 无奖竞猜，明天碗橱是会登山给自己体面还是接着厚脸皮不看弹幕直播
[2026-02-22 02:45:09] 你可真是个匝总:     🐝这队确实该被玩大哥恨啊，流量又低，冠军又多，每次决赛都是他们还没有礼物。。
[2026-02-22 02:45:09] 没钱的雕民: 　　　 🐝这队确实该被玩大哥恨啊，流量又低，冠军又多，每次决赛都是他们还没有礼物。。
[2026-02-22 02:45:09] HaibaraAi1109:     🐝这队确实该被玩大哥恨啊，流量又低，冠军又多，每次决赛都是他们还没有礼物。。
[2026-02-22 02:45:09] 伽蓝之堂的两仪式本人: 🐝这队确实该被玩大哥恨啊，流量又低，冠军又多，每次决赛都是他们还没有礼物。。
[2026-02-22 02:45:09] 訤溓: 蜜蜂不是送礼物了吗？你咋不说？
[2026-02-22 02:45:10] 雀群: 不敢想玩大哥下播后在房管群怎么骂载物……
[2026-02-22 02:45:10] Rain289416: 不敢想玩大哥下播后在房管群怎么骂载物……
[2026-02-22 02:45:10] 剑崎梨梨花: 玩机器当然恨载圣，因为🧊本来是说他的，被载圣偷了😡
[2026-02-22 02:45:10] 夕ro: 还有蜂美送礼啊，nb
[2026-02-22 02:45:10] 洛陽城里看落陽: 还有蜂美送礼啊，nb
[2026-02-22 02:45:10] Wardel: @fw弟弟汉堡包：收留弃暗投明的切片员ing
[2026-02-22 02:45:10] XCChieri: 还有蜂美送礼啊，nb
[2026-02-22 02:45:10] LvvsiN: 为什么房管封的不能给鱼丸……还以为今天晚上得吃了……
[2026-02-22 02:45:10] Schnuffels: 这波特回来了
[2026-02-22 02:45:11] 杨幂夸我帅: 不敢想玩大哥下播后在房管群怎么骂载物……
[2026-02-22 02:45:11] 雨星筱夜: 别吹载物了玩大哥，你的身体会不舒服的...
[2026-02-22 02:45:11] 可苦可乐GRA: 还说啥呢，你都这样夸载物了，我攒了一周的荧光棒都给你呗
[2026-02-22 02:45:11] 西雅图之王: 还有蜂美送礼啊，nb
[2026-02-22 02:45:11] AL丶龙炎风: 不敢想玩大哥下播后在房管群怎么骂载物……
[2026-02-22 02:45:11] 车路士的凯赛多本人: 　　　 🐝这队确实该被玩大哥恨啊，流量又低，冠军又多，每次决赛都是他们还没有礼物。。
[2026-02-22 02:45:11] 许血呐: 🐝这队确实该被玩大哥恨啊，流量又低，冠军又多，每次决赛都是他们还没有礼物。。
[2026-02-22 02:45:11] Shintaro: @fw弟弟汉堡包：收留弃暗投明的切片员ing
[2026-02-22 02:45:11] 陈千语6657: @fw弟弟汉堡包：收留弃暗投明的切片员ing
[2026-02-22 02:45:11] 狂野银幕长崎素世: 还有蜂美送礼啊，nb
[2026-02-22 02:45:11] CSTG江叉叉: 还有蜂美送礼啊，nb
[2026-02-22 02:45:11] 飞奔的巴拉森:     🐝这队确实该被玩大哥恨啊，流量又低，冠军又多，每次决赛都是他们还没有礼物。。
[2026-02-22 02:45:11] 玩猴爪丶MonkeyPaw: @ropz：这MC是不是出bug了，怎么给猪灵黄金他也不说话？
[2026-02-22 02:45:11] LvvsiN: 我提一嘴这剧情越来越像上海major了
[2026-02-22 02:45:11] XCChieri: 别吹了，大家都知道玩大哥不喜欢载物
[2026-02-22 02:45:11] 菅叶和: @fw弟弟汉堡包：收留弃暗投明的切片员ing
[2026-02-22 02:45:11] 用户30639588: 还有蜂美送礼啊，nb
[2026-02-22 02:45:11] handsomesuperme: 还有蜂美送礼啊，nb
[2026-02-22 02:45:13] 载物的艾7: @fw弟弟汉堡包：收留弃暗投明的切片员ing
[2026-02-22 02:45:13] 訤溓: 这队确实该被玩大哥恨啊，流量又低，冠军又多，每次决赛都是他们还没有礼物。。
[2026-02-22 02:45:13] 丿哈哈大笑:     🐝这队确实该被玩大哥恨啊，流量又低，冠军又多，每次决赛都是他们还没有礼物。。
[2026-02-22 02:45:13] 南执i: 不敢想玩大哥下播后在房管群怎么骂载物……
[2026-02-22 02:45:14] 应感激忠心的伴侣: 不敢想玩大哥下播后在房管群怎么骂载物……
[2026-02-22 02:45:14] 挽风甜7: 危地马拉
[2026-02-22 02:45:14] Sereinily: 还有蜂美送礼啊，nb
[2026-02-22 02:45:14] LvvsiN: 南孚一节更比六节强，也就是一节南孚比六节南孚强，六节南孚比三十六节强，三十六节比二百一十六节强
[2026-02-22 02:45:14] 爱上直女的三角初音: 不敢想玩大哥下播后在房管群怎么骂载物……
[2026-02-22 02:45:14] 丸子八大碗: 不敢想玩大哥下播后在房管群怎么骂载物……
[2026-02-22 02:45:14] 蜗牛蜗牛你快快走: 🐝这队确实该被玩大哥恨啊，流量又低，冠军又多，每次决赛都是他们还没有礼物。。
[2026-02-22 02:45:14] 逃离灰色地带:     🐝这队确实该被玩大哥恨啊，流量又低，冠军又多，每次决赛都是他们还没有礼物。。
[2026-02-22 02:45:14] 马猴烧酒小地瓜: @布罗利是死得最快的龙战士：别吹载物了玩大哥，你的身体会不舒服的...
[2026-02-22 02:45:14] MSK枫: @ropz：我又拯救了，至于为什么落后你别管
[2026-02-22 02:45:14] 黔首Authur: 还有蜂美送礼啊，nb
[2026-02-22 02:45:14] 你是握不住的风儿: 还有蜂美送礼啊，nb
[2026-02-22 02:45:14] 大稽基: @fw弟弟汉堡包：收留弃暗投明的切片员ing
[2026-02-22 02:45:16] 可苦可乐GRA: 还说啥呢，你都这样夸载物了，我攒了一周的荧光棒都给你呗
[2026-02-22 02:45:17] 绝食十年攒爱top3飞机: 🐝这队确实该被玩大哥恨啊，流量又低，冠军又多，每次决赛都是他们还没有礼物。。
[2026-02-22 02:45:17] 月moonfall落: 还有蜂美送礼啊，nb
[2026-02-22 02:45:17] LWJTMAC01: 还有蜂美送礼啊，nb
[2026-02-22 02:45:17] JamYo0oung: 不敢想玩大哥下播后在房管群怎么骂载物……
[2026-02-22 02:45:17] 好哥们士兵76: 还有蜂美送礼啊，nb
[2026-02-22 02:45:17] 小小晨旭风: @fw弟弟汉堡包：收留弃暗投明的切片员ing
[2026-02-22 02:45:17] last玩神丶: 别吹载物了玩大哥，你的身体会不舒服的...
[2026-02-22 02:45:17] 河北医大四院Zywoo本人: 还有蜂美送礼啊，nb
[2026-02-22 02:45:17] 蜗牛蜗牛你快快走: 🐝这队确实该被玩大哥恨啊，流量又低，冠军又多，每次决赛都是他们还没有礼物。。
[2026-02-22 02:45:17] YLXE太阳: 🐝这队确实该被玩大哥恨啊，流量又低，冠军又多，每次决赛都是他们还没有礼物。。
[2026-02-22 02:45:17] 催犬是最低级的犬: 🐝这队确实该被玩大哥恨啊，流量又低，冠军又多，每次决赛都是他们还没有礼物。。
[2026-02-22 02:45:17] 罗裙摇曳: 还有蜂美送礼啊，nb
[2026-02-22 02:45:17] 玩处的SugarDaddy: 　　　 　　　 🐝这队确实该被玩大哥恨啊，流量又低，冠军又多，每次决赛都是他们还没有礼物。。
[2026-02-22 02:45:17] 用户2377620545: @这里是小天啊:玩大哥，dy的评论删不过来了，黑名单也满了，我该怎么办。。。
[2026-02-22 02:45:17] 神马米洛: 还有蜂美送礼啊，nb
[2026-02-22 02:45:17] 99组的露崎真昼本人: 不敢想玩大哥下播后在房管群怎么骂载物……
[2026-02-22 02:45:17] 用户75121214: 还有蜂美送礼啊，nb
[2026-02-22 02:45:17] 好姐妹芙卡洛斯: 蜂美都是贱骨头啊 NB
[2026-02-22 02:45:18] 丰川留子: 还有蜂美送礼啊，nb
[2026-02-22 02:45:18] LvvsiN: 就tm喜欢银行业🥰银行坏账我喜欢🥰银行挤兑我还喜欢😍利率调低我也喜欢🤤老子亲烂银行业的脸😘
[2026-02-22 02:45:18] 腋毛老狗子: @fw弟弟汉堡包：收留弃暗投明的切片员ing
[2026-02-22 02:45:18] 忍野忍小忍: @fw弟弟汉堡包：收留弃暗投明的切片员ing
[2026-02-22 02:45:18] User5092: @这里是小天啊：玩大哥我现在辞职还来得及吗😨
[2026-02-22 02:45:18] 猜猜他是who: 这队确实该被玩大哥恨啊，流量又低，冠军又多，每次决赛都是他们还没有礼物。。
[2026-02-22 02:45:18] 小蜜蜂的长期素食本人: 黏性
[2026-02-22 02:45:19] csgo小茄子: @这里是小天啊:玩大哥，dy的评论删不过来了，黑名单也满了，我该怎么办。。。
[2026-02-22 02:45:19] 丨Connor: 还有蜂美送礼啊，nb
[2026-02-22 02:45:19] 落良神:     🐝这队确实该被玩大哥恨啊，流量又低，冠军又多，每次决赛都是他们还没有礼物。。
[2026-02-22 02:45:19] Jess2: 不敢想玩大哥下播后在房管群怎么骂载物……
[2026-02-22 02:45:19] 鲜血与暗影铸造的家伙: 没狙
[2026-02-22 02:45:19] 乌鸦晒不黑: 不敢想玩大哥下播后在房管群怎么骂载物……
[2026-02-22 02:45:19] 七色的人偶使者: 🐝这队确实该被玩大哥恨啊，流量又低，冠军又多，每次决赛都是他们还没有礼物。。
[2026-02-22 02:45:20] 感谢这个碧:     🐝这队确实该被玩大哥恨啊，流量又低，冠军又多，每次决赛都是他们还没有礼物。。
[2026-02-22 02:45:20] 绝食十年攒爱top3飞机: 还有蜂美送礼啊，nb
[2026-02-22 02:45:20] 想吃丰川祥子的狱卒: @fw弟弟汉堡包：收留弃暗投明的切片员ing
[2026-02-22 02:45:20] 空有无垠: 不敢想玩大哥下播后在房管群怎么骂载物……
[2026-02-22 02:45:20] 可苦可乐GRA: 还说啥呢，你都这样夸载物了，我攒了一周的荧光棒都给你呗
[2026-02-22 02:45:20] 用户8382617600: 　　　 不敢想玩大哥下播后在房管群怎么骂载物……
[2026-02-22 02:45:20] 芜虎与雅虎: @fw弟弟汉堡包：收留弃暗投明的切片员ing
[2026-02-22 02:45:20] 青闽: 还有蜂美送礼啊，nb
[2026-02-22 02:45:20] 马猴烧酒小地瓜: 玩大哥，dy的评论删不过来了，黑名单也满了，我该怎么办。。。
[2026-02-22 02:45:20] 杏爱企鹅: 李滇滇：啊啊啊（不耐烦）我把直播间开了（故作慌张）大家不要破费了（催促爆米）谢谢大家（来戏好累）
[2026-02-22 02:45:20] 跳跃的司令官: 玩机器当然恨载圣，因为🧊本来是说他的，被载圣偷了😡
[2026-02-22 02:45:20] 粮食和蔬菜ll: 蜂美还是礼物送少了，想让主播理你们，得多送啊
[2026-02-22 02:45:20] 玩猪头Device: 还有蜂美送礼啊，nb
[2026-02-22 02:45:20] 叛逆的源源李: 🐝这队确实该被玩大哥恨啊，流量又低，冠军又多，每次决赛都是他们还没有礼物。。
[2026-02-22 02:45:20] Vitality的Zyw0o本人: 🐝这队确实该被玩大哥恨啊，流量又低，冠军又多，每次决赛都是他们还没有礼物。。
[2026-02-22 02:45:21] E丷L: 有没有那个人前显圣杨千幻的弹幕
[2026-02-22 02:45:21] 图帕雷松: 不敢想玩大哥下播后在房管群怎么骂载物……
[2026-02-22 02:45:21] 明月照星河: 玩宝宝，我发现在大学上学的时候肄业会很舒服，你可以试试
[2026-02-22 02:45:21] 蜗牛蜗牛你快快走: 🐝这队确实该被玩大哥恨啊，流量又低，冠军又多，每次决赛都是他们还没有礼物。。
[2026-02-22 02:45:22] 付先生fj: 🐝这队确实该被玩大哥恨啊，流量又低，冠军又多，每次决赛都是他们还没有礼物。。
[2026-02-22 02:45:22] Crych1c的若叶睦本人: @这里是小天啊：玩大哥，dy方向进攻很猛，我饭碗是不是要没了🥺
[2026-02-22 02:45:22] 訤溓: 你还是去玩宝宝吧，她给你发的礼最多
[2026-02-22 02:45:22] 丿哈哈大笑:  @神马米洛：还有蜂美送礼啊，nb
[2026-02-22 02:45:22] Oasis0917: 不敢想玩大哥下播后在房管群怎么骂载物……
[2026-02-22 02:45:22] 有你便是世界1: @fw弟弟汉堡包：收留弃暗投明的切片员ing
[2026-02-22 02:45:22] 大裂谷的登山家: 🐝这队确实该被玩大哥恨啊，流量又低，冠军又多，每次决赛都是他们还没有礼物。。
[2026-02-22 02:45:22] qw12340867: 不敢想玩大哥下播后在房管群怎么骂载物……
[2026-02-22 02:45:23] WPwpS: blitz
[2026-02-22 02:45:23] 海绵宝宝打野儿: 不敢想玩大哥下播后在房管群怎么骂载物……
[2026-02-22 02:45:23] MeIoN39: 蜂美都是贱骨头啊 NB
[2026-02-22 02:45:23] chanceuxzz: 还有蜂美送礼啊，nb
[2026-02-22 02:45:23] 蜗牛蜗牛你快快走: 🐝这队确实该被玩大哥恨啊，流量又低，冠军又多，每次决赛都是他们还没有礼物。。
[2026-02-22 02:45:23] last玩神丶:     🐝这队确实该被玩大哥恨啊，流量又低，冠军又多，每次决赛都是他们还没有礼物。。
[2026-02-22 02:45:24] 好哥们士兵76: 还有蜂美送礼啊，nb
[2026-02-22 02:45:24] 芙兰达丶塞维伦: 还有蜂美送礼啊，nb
[2026-02-22 02:45:24] 帅气徐老师的小迷弟: @这里是小天啊:玩大哥，dy的评论删不过来了，黑名单也满了，我该怎么办。。。
[2026-02-22 02:45:24] 网友小滴: 不敢想玩大哥下播后在房管群怎么骂载物……
[2026-02-22 02:45:24] 什么名字都被用了诶: 这队确实该被玩大哥恨啊，流量又低，冠军又多，每次决赛都是他们还没有礼物。。
[2026-02-22 02:45:27] csgo小茄子: @这里是小天啊:玩大哥，dy的评论删不过来了，黑名单也满了，我该怎么办。。。
[2026-02-22 02:45:27] 出生玩机器: 还有蜂美送礼啊，nb
[2026-02-22 02:45:27] 抖s的小鱼人: 🐝这队确实该被玩大哥恨啊，流量又低，冠军又多，每次决赛都是他们还没有礼物。。
[2026-02-22 02:45:27] 不上钩的小鱼干: 还有蜂美送礼啊，nb
[2026-02-22 02:45:27] 可苦可乐GRA: 还说啥呢，你都这样夸载物了，我攒了一周的荧光棒都给你呗
[2026-02-22 02:45:27] Peko-: @应感激忠心的伴侣：不敢想玩大哥下播后在房管群怎么骂载物……
[2026-02-22 02:45:27] 硫磺祥: 喜欢终末地的管理员们又来看塔卫二的小猪干员刘亦博啦🥰🥰🥰🥰🥰
[2026-02-22 02:45:27] AiLuoLi1413: 不敢想玩大哥下播后在房管群怎么骂载物……
[2026-02-22 02:45:27] 罗湖古天樂:     🐝这队确实该被玩大哥恨啊，流量又低，冠军又多，每次决赛都是他们还没有礼物。。
[2026-02-22 02:45:27] 关我汤姆什么事: 🐝这队确实该被玩大哥恨啊，流量又低，冠军又多，每次决赛都是他们还没有礼物。。
[2026-02-22 02:45:27] LWJTMAC01: 🐝这队确实该被玩大哥恨啊，流量又低，冠军又多，每次决赛都是他们还没有礼物。。
[2026-02-22 02:45:27] 用户80930680: 还有蜂美送礼啊，nb
[2026-02-22 02:45:27] ilume: 🐝这队确实该被玩大哥恨啊，流量又低，冠军又多，每次决赛都是他们还没有礼物。。
[2026-02-22 02:45:27] 冷枫51787: 不敢想玩大哥下播后在房管群怎么骂载物……
[2026-02-22 02:45:27] 千早爱音desu: @这里是小天啊:玩大哥，dy的评论删不过来了，黑名单也满了，我该怎么办。。。
[2026-02-22 02:45:29] 阿瓦伊莉雅: @这里是小天啊：玩大哥我现在辞职还来得及吗😨
[2026-02-22 02:45:29] 我肥任我肥: 不敢想玩大哥下播后在房管群怎么骂载物……
[2026-02-22 02:45:29] 好兄弟苍蓝瑆: @这里是小天啊：玩大哥，dy方向进攻很猛，我饭碗是不是要没了🥺
[2026-02-22 02:45:29] 剑崎梨梨花: 不敢想玩大哥下播后在房管群怎么骂载物……
[2026-02-22 02:45:29] 訤溓: @这里是小天啊：玩大哥，dy方向进攻很猛，我饭碗是不是要没了🥺
[2026-02-22 02:45:29] 大大大大大黄839: 🐝这队确实该被玩大哥恨啊，流量又低，冠军又多，每次决赛都是他们还没有礼物。。
[2026-02-22 02:45:29] last玩神丶: @fw弟弟汉堡包：收留弃暗投明的切片员ing
[2026-02-22 02:45:29] gulipa8: 还有蜂美送礼啊，nb
[2026-02-22 02:45:29] 玩猴爪丶MonkeyPaw: @这里是小天啊：玩大哥，dy方向进攻很猛，我饭碗是不是要没了🥺
[2026-02-22 02:45:29] 马猴烧酒小地瓜: @这里是小天啊：玩大哥，dy方向进攻很猛，我饭碗是不是要没了🥺
[2026-02-22 02:45:29] Sereinily: 还有蜂美送礼啊，nb
[2026-02-22 02:45:29] 77一定会是我的: @看死蜜蜂就杀了你：玩大哥我还送不送飞机好啊😓
[2026-02-22 02:45:29] Mortnotz: @这里是小天啊:玩大哥，dy的评论删不过来了，黑名单也满了，我该怎么办。。。
[2026-02-22 02:45:29] 好的好的阖家: 🐝这队确实该被玩大哥恨啊，流量又低，冠军又多，每次决赛都是他们还没有礼物。。
[2026-02-22 02:45:29] 柒禱: 不敢想玩大哥下播后在房管群怎么骂载物……
[2026-02-22 02:45:29] jsir6688: @fw弟弟汉堡包：收留弃暗投明的切片员ing
[2026-02-22 02:45:29] 友利奈绪我老婆d: 我感觉你今天状态不是很好啊，你今天状态非常不好啊，我感觉你应该，唉，你要不，你去调整一下心情吧
[2026-02-22 02:45:29] Turned傲雪: 🐝这队确实该被玩大哥恨啊，流量又低，冠军又多，每次决赛都是他们还没有礼物。。
[2026-02-22 02:45:29] 玩爱音丶Soyorin: 🐝这队确实该被玩大哥恨啊，流量又低，冠军又多，每次决赛都是他们还没有礼物。。
[2026-02-22 02:45:29] 花化话华h: 蜂美都是贱骨头啊 NB
[2026-02-22 02:45:29] 阡陌ER: 不敢想玩大哥下播后在房管群怎么骂载物……
[2026-02-22 02:45:30] csgo小茄子: @这里是小天啊:玩大哥，dy的评论删不过来了，黑名单也满了，我该怎么办。。。
[2026-02-22 02:45:30] 蜗牛蜗牛你快快走: 🐝这队确实该被玩大哥恨啊，流量又低，冠军又多，每次决赛都是他们还没有礼物。。
[2026-02-22 02:45:30] chanceuxzz: 还有蜂美送礼啊，nb
[2026-02-22 02:45:30] ahhhhhhhhhhhhhhhhhhh: 蜂美都是贱骨头啊 NB
[2026-02-22 02:45:30] 椎名立希本人: 有没有那个人前显圣杨千幻的弹幕
[2026-02-22 02:45:30] EolhcALeK: 蜂美还是礼物送少了，想让主播理你们，得多送啊
[2026-02-22 02:45:30] G2的device本人: @这里是小天啊：玩大哥我现在辞职还来得及吗😨
[2026-02-22 02:45:31] 好哥们韩信: ⚠️伟伟在盗播！⚠️伟伟在盗播！⚠️伟伟在盗播！⚠️伟伟在盗播！⚠️伟伟在盗播！⚠️伟伟在盗播！⚠️伟伟在盗播！⚠️伟伟在盗播！⚠️伟伟在盗
[2026-02-22 02:45:31] 冲上云霄的姨: 斗鱼：发数字365 房管群：不发数字移出群聊
[2026-02-22 02:45:31] Noir945731: 🐝这队确实该被玩大哥恨啊，流量又低，冠军又多，每次决赛都是他们还没有礼物。。
[2026-02-22 02:45:31] 海绵宝宝打野儿: 蜂美还是礼物送少了，想让主播理你们，得多送啊
[2026-02-22 02:45:32] 河北雨姐: 不敢想玩大哥下播后在房管群怎么骂载物……
[2026-02-22 02:45:32] 步无敌: 🐝这队确实该被玩大哥恨啊，流量又低，冠军又多，每次决赛都是他们还没有礼物。。
[2026-02-22 02:45:32] IF的灰爱音本人: @这里是小天啊：玩大哥，dy方向进攻很猛，我饭碗是不是要没了🥺
[2026-02-22 02:45:32] 无7441158: 🐝这队确实该被玩大哥恨啊，流量又低，冠军又多，每次决赛都是他们还没有礼物。。
[2026-02-22 02:45:32] 布好吃: 🐝这队确实该被玩大哥恨啊，流量又低，冠军又多，每次决赛都是他们还没有礼物。。
[2026-02-22 02:45:32] xuzVan: 这蜂美就活该被人欺负啊都这样了还送礼物🤣
[2026-02-22 02:45:33] 哈基鹅大王: 还有蜂美送礼啊，nb
[2026-02-22 02:45:33] LvvsiN: 你为什么要把mαjor禁了，我收藏的一半弹幕全毁了
[2026-02-22 02:45:33] 澪伊吹:     🐝这队确实该被玩大哥恨啊，流量又低，冠军又多，每次决赛都是他们还没有礼物。。
[2026-02-22 02:45:33] Asuna、0v0:  @这里是小天啊：玩大哥我现在辞职还来得及吗😨
[2026-02-22 02:45:34] wedd1ddeJodd: @这里是小天啊:玩大哥，dy的评论删不过来了，黑名单也满了，我该怎么办。。。
[2026-02-22 02:45:34] Rivenqing: 不敢想玩大哥下播后在房管群怎么骂载物……
[2026-02-22 02:45:34] 小Xuuu: 还有蜂美送礼啊，nb
[2026-02-22 02:45:34] 感谢这个碧: 还有蜂美送礼啊，nb
[2026-02-22 02:45:34] 不可一世丶小橘子: 我感觉你今天状态不是很好啊，你今天状态非常不好啊，我感觉你应该，唉，你要不，你去调整一下心情吧
[2026-02-22 02:45:34] 宫监手放监: 还有蜂美送礼啊，nb
[2026-02-22 02:45:34] 葬人__: 🐝这队确实该被玩大哥恨啊，流量又低，冠军又多，每次决赛都是他们还没有礼物。。
[2026-02-22 02:45:35] 小救星小杜DuD: @这里是小天啊:玩大哥，dy的评论删不过来了，黑名单也满了，我该怎么办。。。
[2026-02-22 02:45:35] Sereinily: 🐝这队确实该被玩大哥恨啊，流量又低，冠军又多，每次决赛都是他们还没有礼物。。
[2026-02-22 02:45:35] fpx丶: 还有蜂美送礼啊，nb
[2026-02-22 02:45:35] 太行山积雪: @这里是小天啊:玩大哥，dy的评论删不过来了，黑名单也满了，我该怎么办。。。
[2026-02-22 02:45:35] 李小小与虾大大: 还有蜂美送礼啊，nb
[2026-02-22 02:45:35] Mgci2: 还有蜂美送礼啊，nb
[2026-02-22 02:45:35] A队的佐佐木李子本人: 🐝这队确实该被玩大哥恨啊，流量又低，冠军又多，每次决赛都是他们还没有礼物。
[2026-02-22 02:45:35] 玩猴爪丶MonkeyPaw: @这里是小天啊：玩大哥，dy方向进攻很猛，我饭碗是不是要没了🥺
[2026-02-22 02:45:35] 訤溓: @flyyy78123540：@看死蜜蜂就杀了你：玩大哥我还送不送飞机好啊😓
[2026-02-22 02:45:35] 丿哈哈大笑:  @ahhhhhhhhhhhhhhhhhhh：蜂美都是贱骨头啊 NB
[2026-02-22 02:45:36] 网友小滴: 🐝这队确实该被玩大哥恨啊，流量又低，冠军又多，每次决赛都是他们还没有礼物。。
[2026-02-22 02:45:36] 帕金斯加内特罗宾逊: 还有蜂美送礼啊，nb
[2026-02-22 02:45:36] 可苦可乐GRA: 还说啥呢，你都这样夸载物了，我攒了一周的荧光棒都给你呗
[2026-02-22 02:45:36] 玩蛇鼠丶stabbi: 玩大哥不要把头往右边偏，那个屏幕里有很多不好的话
[2026-02-22 02:45:36] csgo小茄子: @这里是小天啊:玩大哥，dy的评论删不过来了，黑名单也满了，我该怎么办。。。
[2026-02-22 02:45:36] 乐EE: @这里是小天啊：玩大哥，dy方向进攻很猛，我饭碗是不是要没了🥺
[2026-02-22 02:45:37] 幻灭64070: 🐝这队确实该被玩大哥恨啊，流量又低，冠军又多，每次决赛都是他们还没有礼物。。
[2026-02-22 02:45:37] 甘织玲奈子本人: @这里是小天啊：玩大哥，dy方向进攻很猛，我饭碗是不是要没了🥺
[2026-02-22 02:45:37] LA的勒布朗本人: @网友小滴：不敢想玩大哥下播后在房管群怎么骂载物……
[2026-02-22 02:45:37] 鸭硕的哈撒给: @这里是小天啊:玩大哥，dy的评论删不过来了，黑名单也满了，我该怎么办。。。
[2026-02-22 02:45:37] 名为射的男人: @🗿:今天奥本海默
[2026-02-22 02:45:38] 滑稽乂逗比: 不敢想玩大哥下播后在房管群怎么骂载物……
[2026-02-22 02:45:38] 空有无垠: @这里是小天啊：玩大哥，dy方向进攻很猛，我饭碗是不是要没了🥺
[2026-02-22 02:45:38] 好姐妹芙卡洛斯: 你能不能送点
[2026-02-22 02:45:39] 不改名真的不中奖呀Cc: 还有蜂美送礼啊，nb
[2026-02-22 02:45:39] HaibaraAi1109: 还有蜂美送礼啊，nb
[2026-02-22 02:45:39] 春风如齐: 大家不要再说了感觉玩大哥语气已经不对了再这样下去我都不敢想象载大哥接下来要遭什么罪。
[2026-02-22 02:45:39] 卡啊卡卡丶: 不敢想玩大哥下播后在房管群怎么骂载物……
[2026-02-22 02:45:39] csgo小茄子: @这里是小天啊:玩大哥，dy的评论删不过来了，黑名单也满了，我该怎么办。。。
[2026-02-22 02:45:39] 车路士的凯赛多本人: @这里是小天啊：玩大哥，dy方向进攻很猛，我饭碗是不是要没了🥺
[2026-02-22 02:45:40] MunChlax丶: @这里是小天啊：玩大哥，dy方向进攻很猛，我饭碗是不是要没了🥺
[2026-02-22 02:45:40] 带玩弟玩弟弟: 还有蜂美送礼啊，nb
[2026-02-22 02:45:40] 让我谈一下你的淡: 不敢想玩大哥下播后在房管群怎么骂载物……
[2026-02-22 02:45:40] 樱花结局: 🐝这队确实该被玩大哥恨啊，流量又低，冠军又多，每次决赛都是他们还没有礼物。。
[2026-02-22 02:45:40] qw12340867:  @这里是小天啊：玩大哥我现在辞职还来得及吗😨
[2026-02-22 02:45:40] GAXKOA: 🐝这队确实该被玩大哥恨啊，流量又低，冠军又多，每次决赛都是他们还没有礼物。。
[2026-02-22 02:45:40] 硫磺祥: 剑鼠
[2026-02-22 02:45:40] 椎名真昼丶丶: 这蜂美就活该被人欺负啊都这样了还送礼物🤣
[2026-02-22 02:45:40] Peko-: @这里是小天啊：玩大哥，dy方向进攻很猛，我饭碗是不是要没了🥺
[2026-02-22 02:45:41] 羊驼主播: 还有蜂美送礼啊，nb
[2026-02-22 02:45:41] 可苦可乐GRA: 还说啥呢，你都这样夸载物了，我攒了一周的荧光棒都给你呗
[2026-02-22 02:45:41] 奇妙之裤: 还有蜂美送礼啊，nb
[2026-02-22 02:45:41] 天才工具人桐生战兔:  @这里是小天啊：玩大哥我现在辞职还来得及吗😨
[2026-02-22 02:45:41] 紫魂青魄少年心: 还有蜂美送礼啊，nb
[2026-02-22 02:45:41] 千古恨轮回尝061: 🐝这队确实该被玩大哥恨啊，流量又低，冠军又多，每次决赛都是他们还没有礼物。。
[2026-02-22 02:45:41] Shintaro: 千万别赢
[2026-02-22 02:45:41] 玩蛇鼠丶stabbi: 玩大哥不要把头往右边偏，那个屏幕里有很多不好的话
[2026-02-22 02:45:41] TeamVitality的Ropz本人: 玩大哥我提醒你一句，上次你念弹幕已经是26小时之前了。。。
[2026-02-22 02:45:41] 杰里科丶: 还有蜂美送礼啊，nb
[2026-02-22 02:45:42] 龍EVOLOVE龍: 🐝这队确实该被玩大哥恨啊，流量又低，冠军又多，每次决赛都是他们还没有礼物。。
[2026-02-22 02:45:42] 丰川祥子本人: 玩大哥不要把头往右边偏，那个屏幕里有很多不好的话
[2026-02-22 02:45:42] S1natra:     🐝这队确实该被玩大哥恨啊，流量又低，冠军又多，每次决赛都是他们还没有礼物。。
[2026-02-22 02:45:42] 太行山积雪: 🐝这队确实该被玩大哥恨啊，流量又低，冠军又多，每次决赛都是他们还没有礼物。。
[2026-02-22 02:45:42] MeIoN39: 还有蜂美送礼啊，nb
[2026-02-22 02:45:42] AmamiyaIori: 斗鱼：发数字365 房管群：不发数字移出群聊
[2026-02-22 02:45:43] 訤溓: 玩大哥现在压力真大，今天晚上肯定失眠
[2026-02-22 02:45:43] LvvsiN: 其实碗橱就是猪灵，你不拿黄金丢他他就不跟你说话
[2026-02-22 02:45:43] FaZe的喜多川海梦本人: 还有蜂美送礼啊，nb
[2026-02-22 02:45:43] 用户255420066: 🐝这队确实该被玩大哥恨啊，流量又低，冠军又多，每次决赛都是他们还没有礼物。。
[2026-02-22 02:45:43] 玩丈夹脸: 还有蜂美送礼啊，nb
[2026-02-22 02:45:44] 木林森969585: 🐝这队确实该被玩大哥恨啊，流量又低，冠军又多，每次决赛都是他们还没有礼物。
[2026-02-22 02:45:44] 空有无垠: 玩大哥不要把头往右边偏，那个屏幕里有很多不好的话
[2026-02-22 02:45:44] 无刺有刺的安和昴本人: @这里是小天啊:玩大哥，dy的评论删不过来了，黑名单也满了，我该怎么办。。。
[2026-02-22 02:45:44] 大姜饼: @这里是小天啊:玩大哥，dy的评论删不过来了，黑名单也满了，我该怎么办。。。
[2026-02-22 02:45:44] 菅原小吉: 那我不要了
[2026-02-22 02:45:44] YCSUN1017: 🐝这队确实该被玩大哥恨啊，流量又低，冠军又多，每次决赛都是他们还没有礼物。。
[2026-02-22 02:45:44] 一寸灰Q: 蜂美都是贱骨头啊 NB
[2026-02-22 02:45:44] 卡啊卡卡丶: @这里是小天啊：玩大哥，dy方向进攻很猛，我饭碗是不是要没了🥺
[2026-02-22 02:45:44] 迪奥雷: p3同款
[2026-02-22 02:45:46] 猫羽雫喵147: 恨
[2026-02-22 02:45:46] LvvsiN: 弹幕别吵了，银行业一样一样有有有也会有h'y'hui't'y'r's'c'dn
[2026-02-22 02:45:46] csgo小茄子: @这里是小天啊:玩大哥，dy的评论删不过来了，黑名单也满了，我该怎么办。。。
[2026-02-22 02:45:46] 春风如齐: 大家不要再说了感觉玩大哥语气已经不对了再这样下去我都不敢想象载大哥接下来要遭什么
[2026-02-22 02:45:46] 即将拥有PDD的人鱼线丿: rog也是蜂美
[2026-02-22 02:45:46] 玩弓箭、Arrow: 小蜜蜂赢了才有啊
[2026-02-22 02:45:46] 蜗牛蜗牛你快快走: 🐝这队确实该被玩大哥恨啊，流量又低，冠军又多，每次决赛都是他们还没有礼物。。
[2026-02-22 02:45:46] yieeeeeee: 马拉这是第一个暂停啊
[2026-02-22 02:45:46] 冲上云霄的姨: 这蜂美就活该被人欺负啊都这样了还送礼物🤣
[2026-02-22 02:45:46] tosaytosay: 🐝这队确实该被玩大哥恨啊，流量又低，冠军又多，每次决赛都是他们还没有礼物。。
[2026-02-22 02:45:46] 王梓琦的Ozzz丶: @这里是小天啊：玩大哥，dy方向进攻很猛，我饭碗是不是要没了🥺
[2026-02-22 02:45:46] 天上的云ha: 🐝这队确实该被玩大哥恨啊，流量又低，冠军又多，每次决赛都是他们还没有礼物。。
[2026-02-22 02:45:46] 恶霸周熊: rog想被封了
[2026-02-22 02:45:46] Vitality的羽贺文乃本人: @这里是小天啊:玩大哥，dy的评论删不过来了，黑名单也满了，我该怎么办。。。
[2026-02-22 02:45:46] Cantain光: 玩大哥不要把头往右边偏，那个屏幕里有很多不好的话
[2026-02-22 02:45:48] 你们虫脆就是红蛋: 🐝这队确实该被玩大哥恨啊，流量又低，冠军又多，每次决赛都是他们还没有礼物。。
[2026-02-22 02:45:48] 可苦可乐GRA: 还说啥呢，你都这样夸载物了，我攒了一周的荧光棒都给你呗
[2026-02-22 02:45:48] 你为什么看用户名: 没礼物了？钻粉也谢？
[2026-02-22 02:45:48] 昌岗陈坤: 还有蜂美送礼啊，nb
[2026-02-22 02:45:48] ericzxc: 还有蜂美送礼啊，nb
[2026-02-22 02:45:48] 网友小滴: 还有蜂美送礼啊，nb
[2026-02-22 02:45:48] 伽蓝之堂的两仪式本人: 避雷了
[2026-02-22 02:45:49] 椎名立希本人: @人前顕聖楊千幻：陳彦川、ささやかな提案だが、中年になったら多少は徳を積むことを考えた方が良い。こんなことをすれば、本当
[2026-02-22 02:45:49] 禁止相逢: 还有蜂美送礼啊，nb
[2026-02-22 02:45:49] 春花敲可爱的啦: 不敢想玩大哥下播后在房管群怎么骂载物……
[2026-02-22 02:45:49] Banggeul: 恨载
[2026-02-22 02:45:49] 顾应清: 别吹了，大家都知道玩大哥不喜欢载物
[2026-02-22 02:45:49] 北宇治拳王久石奏: 贱 鼠套餐
[2026-02-22 02:45:49] 爆爆爆开爆: 还有蜂美送礼啊，nb
[2026-02-22 02:45:49] 訤溓: 玩大哥，我先去睡觉了
[2026-02-22 02:45:49] 斯坦福桥突破手: 不敢想玩大哥下播后在房管群怎么骂载物……
[2026-02-22 02:45:49] 偷哦嘘鞭贷拔: 蜂美都是贱骨头啊 NB
[2026-02-22 02:45:49] Yuusuke95: 贱 薯 吗
[2026-02-22 02:45:49] 好哥们士兵76: 点了关注也发不了言
[2026-02-22 02:45:50] Lee西关少爷: rog想被封了
[2026-02-22 02:45:52] 用户2377620545: ？
[2026-02-22 02:45:52] 直播间最有品味的人: p3玩的像恨
[2026-02-22 02:45:52] 法式卡神: 贱鼠
[2026-02-22 02:45:52] 終於531: 还有蜂美送礼啊，nb
[2026-02-22 02:45:52] 玩比赛丶bet: @这里是小天啊：玩大哥，dy方向进攻很猛，我饭碗是不是要没了🥺
[2026-02-22 02:45:52] 玩指挥丶NiKo: @这里是小天啊:玩大哥，dy的评论删不过来了，黑名单也满了，我该怎么办。。。
[2026-02-22 02:45:52] 爱道冠: 还有蜂美送礼啊，nb
[2026-02-22 02:45:52] 洛陽城里看落陽: @网友小滴：不敢想玩大哥下播后在房管群怎么骂载物……
[2026-02-22 02:45:52] 杰斌候入长峪城: 🐝这队确实该被玩大哥恨啊，流量又低，冠军又多，每次决赛都是他们还没有礼物。
[2026-02-22 02:45:52] 长崎翔子: 贱鼠
[2026-02-22 02:45:52] 什么名字都被用了诶: rog也是冰粉吗。。。
[2026-02-22 02:45:52] 玩猴爪丶MonkeyPaw: @这里是小天啊：玩大哥，dy方向进攻很猛，我饭碗是不是要没了🥺
[2026-02-22 02:45:52] Country项目: [搞起][搞起][搞起][起立][起立][起立][搞起][搞起][搞起][起立][起立][起立]
[2026-02-22 02:45:52] 猫很好的小乖: @网友小滴：🐝这队确实该被玩大哥恨啊，流量又低，冠军又多，每次决赛都是他们还没有礼物。。
[2026-02-22 02:45:52] A队的佐佐木李子本人: 收到
[2026-02-22 02:45:52] Bob小熊君: 玩大哥心里恨得不行还要帮金主吹载大哥
[2026-02-22 02:45:52] 我只是个番薯: 布罗利是谁
[2026-02-22 02:45:53] 西雅图之王: 贱薯？
[2026-02-22 02:45:53] 6657Bullys1mple: rog想被封了
[2026-02-22 02:45:53] 神奥联盟的竹兰本人: 还有蜂美送礼啊，nb
[2026-02-22 02:45:53] 太行山积雪: rog想被封了
[2026-02-22 02:45:53] 狗子跪下喊爸爸: 还有蜂美送礼啊，nb
[2026-02-22 02:45:53] 春花敲可爱的啦: 别吹了，大家都知道玩大哥不喜欢载物
[2026-02-22 02:45:53] 二月鸟69576: 我感觉你今天状态不是很好啊，你今天状态非常不好啊，我感觉你应该，唉，你要不，你去调整一下心情吧
[2026-02-22 02:45:53] Banggeul: 别吹了，大家都知道玩大哥不喜欢载物
[2026-02-22 02:45:53] 玩机器的小jj: 贱 鼠
[2026-02-22 02:45:54] HapCam: @这里是小天啊：玩大哥，dy方向进攻很猛，我饭碗是不是要没了🥺
[2026-02-22 02:45:54] 挽风甜7: @jabbi：贱鼠是什么意思？
[2026-02-22 02:45:54] 子翼兄: 🐝这队确实该被玩大哥恨啊，流量又低，冠军又多，每次决赛都是他们还没有礼物。。
[2026-02-22 02:45:54] 蜗牛蜗牛你快快走: 🐝这队确实该被玩大哥恨啊，流量又低，冠军又多，每次决赛都是他们还没有礼物。。
[2026-02-22 02:45:54] everch0sen: rog也是蜂美
[2026-02-22 02:45:55] 三上四下: 冰川日菜：噜，噜，噜噜，噜，噜噜噜，噜，噜噜，噜，噜噜噜，噜，噜噜，噜，噜噜
[2026-02-22 02:45:55] 爱马修更爱玩宝宝: @这里是小天啊:玩大哥，dy的评论删不过来了，黑名单也满了，我该怎么办。。。
[2026-02-22 02:45:55] 玩家军的猪头肉本人: @这里是小天啊：玩大哥，dy方向进攻很猛，我饭碗是不是要没了🥺
[2026-02-22 02:45:55] 潇洒大概: rog想被封了
[2026-02-22 02:45:55] 奇妙之裤: 🐝这队确实该被玩大哥恨啊，流量又低，冠军又多，每次决赛都是他们还没有礼物。。
[2026-02-22 02:45:55] 哦可喜欢我: 我知道为什么玩大哥这么夸了 原来rog是小蜜蜂的赞助商
[2026-02-22 02:45:55] 好姐妹太卜司符玄: @这里是小天啊：玩大哥，dy方向进攻很猛，我饭碗是不是要没了🥺
[2026-02-22 02:45:56] Country项目: [VIP][棒棒哒][棒棒哒][棒棒哒][棒棒哒][VIP][棒棒哒][棒棒哒][棒棒哒][棒棒哒]
[2026-02-22 02:45:56] 春风如齐: 大家不要再说了感觉玩大哥语气已经不对了再这样下去我都不敢想象载大哥接下来要遭什么罪
[2026-02-22 02:45:56] XCChieri: @人前顕聖楊千幻：陳彦川、ささやかな提案だが、中年になったら多少は徳を積むことを考えた方が良い。こんなことをすれば、本当
[2026-02-22 02:45:56] 一拳打爆你魔丸: 　　　 @这里是小天啊:玩大哥，dy的评论删不过来了，黑名单也满了，我该怎么办。。。
[2026-02-22 02:45:56] 神马米洛: 玩大哥我提醒你一句，上次你念弹幕已经是27小时之前了。。。
[2026-02-22 02:45:56] 别做运气選手: 玩大哥讨厌小蜜蜂其实情有可原，他们不但本身没流量，还要淘汰流量队
[2026-02-22 02:45:57] 用户7556613108: 贱 鼠
[2026-02-22 02:45:57] 摆63189: @这里是小天啊：玩大哥，dy方向进攻很猛，我饭碗是不是要没了🥺
[2026-02-22 02:45:57] 好姐妹清道夫: @这里是小天啊：玩大哥，dy方向进攻很猛，我饭碗是不是要没了🥺
[2026-02-22 02:45:57] LvvsiN: 孩子们快跑，马修赫伯特来了😨卧槽你的怎么是马枪和BOT
[2026-02-22 02:45:57] jsir6688: 别吹了，大家都知道玩大哥不喜欢载物
[2026-02-22 02:45:57] 結城希亞: 还有蜂美送礼啊，nb
[2026-02-22 02:45:58] csgo小茄子: @这里是小天啊:玩大哥，dy的评论删不过来了，黑名单也满了，我该怎么办。。。
[2026-02-22 02:45:58] 1242309836: 还有蜂美送礼啊，nb
[2026-02-22 02:45:58] S1natra: rog也是冰粉吗。。。
[2026-02-22 02:45:59] 余生一个沙丽莹: 还有蜂美送礼啊，nb
[2026-02-22 02:45:59] Country项目: [搞起][搞起][搞起][VIP][起立][起立][起立][VIP][财神][财神][财神]
[2026-02-22 02:45:59] 蜗牛蜗牛你快快走: 🐝这队确实该被玩大哥恨啊，流量又低，冠军又多，每次决赛都是他们还没有礼物。。
[2026-02-22 02:45:59] 玩猴爪丶MonkeyPaw: @这里是小天啊：玩大哥，dy方向进攻很猛，我饭碗是不是要没了🥺
[2026-02-22 02:45:59] LvvsiN: 我让你开双倍你二龙吗？老子荧光棒要过期了
[2026-02-22 02:45:59] Peko-: 这里是小天啊:玩大哥，dy的评论删不过来了，黑名单也满了，我该怎么办。。。
[2026-02-22 02:45:59] Shintaro: @这里是小天啊:玩大哥，dy的评论删不过来了，黑名单也满了，我该怎么办。。。
[2026-02-22 02:45:59] 太行山积雪: 蜂美都是贱骨头啊 NB
[2026-02-22 02:45:59] 纪川6657: @网友小滴：不敢想玩大哥下播后在房管群怎么骂载物……
[2026-02-22 02:46:00] 可可爱爱戴佳伟: rog想被封了
[2026-02-22 02:46:00] 爱道冠: @这里是小天啊：玩大哥，dy方向进攻很猛，我饭碗是不是要没了🥺
[2026-02-22 02:46:00] 王梓琦的Ozzz丶: @这里是小天啊:玩大哥，dy的评论删不过来了，黑名单也满了，我该怎么办。。。
[2026-02-22 02:46:01] 风雨晚烟: 这么恨载还接小蜜蜂商单啊。。。牛逼
[2026-02-22 02:46:01] 光明貘良: @jabbi：贱鼠是什么意思？
[2026-02-22 02:46:01] 嘿你尾巴掉了99: rog赞助对人了
[2026-02-22 02:46:01] LvvsiN: 为什么房管封的不能给鱼丸……还以为今天晚上得吃了……
[2026-02-22 02:46:01] LWJTMAC01: rog想被封了
[2026-02-22 02:46:01] 玩弓箭、Arrow: @这里是小天啊：玩大哥，dy方向进攻很猛，我饭碗是不是要没了🥺
[2026-02-22 02:46:01] 阿诺0821: 贱 鼠
[2026-02-22 02:46:01] 云何14: 。
[2026-02-22 02:46:01] 火暴兽也干了: rog想被封了
[2026-02-22 02:46:02] GETLUCKY216: 贱 薯 吗
[2026-02-22 02:46:02] 那就点: 贱 鼠
[2026-02-22 02:46:02] XCChieri: @这里是小天啊：玩大哥，dy方向进攻很猛，我饭碗是不是要没了🥺
[2026-02-22 02:46:02] 要成为原神高手: 有没有ropz同款烟头？
[2026-02-22 02:46:02] 乌鸦晒不黑: cs解说一哥最恨的是cs一哥，有人磕cp吗
[2026-02-22 02:46:03] wsxj131: 第一次看到一个解说一整把都不看弹幕，真敬业啊。。。
[2026-02-22 02:46:03] 求老仙奶贾碧不死: 贱 薯 吗
[2026-02-22 02:46:03] Leventselve903: 这么恨载还接小蜜蜂商单啊。。。牛逼
[2026-02-22 02:46:03] 丰川祥子本人: 千早爱音来喽：🤜😯👆 T✋😃👌 G🖐😉🖐 W😃🕊集团
[2026-02-22 02:46:04] 千古恨轮回尝061: 别吹了，大家都知道玩大哥不喜欢载物
[2026-02-22 02:46:04] 太有技术了玩神: 用了跟ropz一样慢热
[2026-02-22 02:46:04] AiLuoLi1413: rog想被封了
[2026-02-22 02:46:04] 里约钻石币获得者:  @网友小滴：不敢想玩大哥下播后在房管群怎么骂载物……
[2026-02-22 02:46:04] Schnuffels: rog敢说话吗！360你
[2026-02-22 02:46:04] 喜欢吃生菜: 恨死亚洲队了主播🇨🇦🇨🇦🇨🇦🇨🇦🇨🇦🇨🇦🇨🇦
[2026-02-22 02:46:04] 风铃幽幽: 我知道为什么玩大哥这么夸了 原来rog是小蜜蜂的赞助商
[2026-02-22 02:46:04] 八重森彌妮: 玩大哥心里恨得不行还要帮金主吹载大哥
[2026-02-22 02:46:05] csgo小茄子: @这里是小天啊:玩大哥，dy的评论删不过来了，黑名单也满了，我该怎么办。。。
[2026-02-22 02:46:05] 桃乃木的香香奈奈: 只有我希望直播间越乱越好吗😁😁😁
[2026-02-22 02:46:05] 天守阁信长: 蜜蜂每赢一张 载就得被玩大哥恨一年
[2026-02-22 02:46:08] AG的青叶摩卡本人: 冰川日菜：噜，噜，噜噜，噜，噜噜噜，噜，噜噜，噜，噜噜噜，噜，噜噜，噜，噜噜
[2026-02-22 02:46:09] Aetheranus: 玩大哥我提醒你一句，上次你念弹幕已经是27小时之前了。。。
[2026-02-22 02:46:09] LvvsiN: 你为什么要把mαjor禁了，我收藏的一半弹幕全毁了
[2026-02-22 02:46:09] 迷你世界丁真学姐1: 贱薯套餐 懂你意思
[2026-02-22 02:46:09] 幽谷响子: 🐝这队确实该被玩大哥恨啊，流量又低，冠军又多，每次决赛都是他们还没有礼物。。
[2026-02-22 02:46:09] 豪姐妹维什戴尔: 第一次看到一个解说一整把都不看弹幕，真敬业啊。。。
[2026-02-22 02:46:09] 用户sb6657: 玩机器，你这次确实捅到大篓子了！
[2026-02-22 02:46:09] DWG的ShowMaker本人: @这里是小天啊：玩大哥，dy方向进攻很猛，我饭碗是不是要没了🥺
[2026-02-22 02:46:09] SekaiKamiki: 贱 薯
[2026-02-22 02:46:09] 清风浮过丶: @这里是小天啊：玩大哥，dy方向进攻很猛，我饭碗是不是要没了🥺
[2026-02-22 02:46:09] Monoceros-: 建议把玩机器的高压默认列入职业战队日常训练
[2026-02-22 02:46:09] LvvsiN: 其实碗橱就是猪灵，你不拿黄金丢他他就不跟你说话
[2026-02-22 02:46:09] zly2606401418: @这里是小天啊：玩大哥，dy方向进攻很猛，我饭碗是不是要没了🥺
[2026-02-22 02:46:09] 没钱的雕民: @这里是小天啊:玩大哥，dy的评论＋1不过来了，收藏夹也满了，我该怎么办。。。
[2026-02-22 02:46:09] Vitality的羽贺文乃本人: @这里是小天啊：玩大哥，dy方向进攻很猛，我饭碗是不是要没了🥺
[2026-02-22 02:46:09] 洛陽城里看落陽: 套装早就内定了 不会真有人上当吧
[2026-02-22 02:46:09] WEYyuki: rog是蜂美吗？
[2026-02-22 02:46:09] Nobodyluvme: 🤣👇🤣
👉🤡👈
🤣👆🤣
🤣👇🤣
👉🤡👈
🤣👆🤣
[2026-02-22 02:46:09] wedd1ddeJodd: rog想被封了
[2026-02-22 02:46:09] nameundefined98: 这里是小天啊:玩大哥，dy的评论删不过来了，黑名单也满了，我该怎么办。。。
[2026-02-22 02:46:09] RTX老干部G6X: 兄弟们实在是太困了我先放了🏹🏹🏹🏹🏹🏹🏹🏹🏹🏹
[2026-02-22 02:46:09] LvvsiN: 南孚一节更比六节强，也就是一节南孚比六节南孚强，六节南孚比三十六节强，三十六节比二百一十六节强
[2026-02-22 02:46:13] 别做运气選手: 玩大哥讨厌🐝其实情有可原，他们不但本身没流量，还要淘汰流量队
[2026-02-22 02:46:13] 椎名立希本人: @人前显圣杨千幻：陈彦川，提个小建议，人到中年了还是要考虑积点德的，这么搞别人真的会遭报应的
[2026-02-22 02:46:13] Cardinal665: 贱薯套餐 懂你意思
[2026-02-22 02:46:13] 雨中的桐树: rog想被封了
[2026-02-22 02:46:13] 空有无垠: rog敢说话吗！360你
[2026-02-22 02:46:13] TheMongolZ的上单本人: 贱 薯，懂你意思玩大哥
[2026-02-22 02:46:13] 宫监手放监: rog敢说话吗！360你
[2026-02-22 02:46:13] kedadra: 这么恨载还接小蜜蜂商单啊。。。牛逼
[2026-02-22 02:46:13] 许血呐: rog想被封了
[2026-02-22 02:46:13] gggaligeigei: rog想被封了
[2026-02-22 02:46:13] 玩蛇鼠丶stabbi: 别吹了
[2026-02-22 02:46:13] LvvsiN: 其实碗橱就是猪灵，你不拿黄金丢他他就不跟你说话
[2026-02-22 02:46:13] suicho: 现在还在爆米的蜂美是M吗，可以互相认识一下吗么么哒😘
[2026-02-22 02:46:13] 湊阿库娅officiaI: @这里是小天啊：玩大哥，dy方向进攻很猛，我饭碗是不是要没了🥺
[2026-02-22 02:46:13] 尝试切他中路灬: 玩大哥怎么这么叼，把ropz键盘都偷来roll
[2026-02-22 02:46:13] 诚实的身体: 布罗利：不看了😠 去做恨载小视频去了
[2026-02-22 02:46:13] 专看玩机器的号: 第一次看到一个解说一整把都不看弹幕，真敬业啊。。。
[2026-02-22 02:46:13] miku-: 玩大哥心里恨得不行还要帮金主吹载大哥
[2026-02-22 02:46:13] 新津粥劫伦: @布罗利：晦气键盘
[2026-02-22 02:46:13] 剑崎梨梨花: @这里是小天啊:玩大哥，dy的评论删不过来了，黑名单也满了，我该怎么办。。。
[2026-02-22 02:46:13] 我是个逗比青年ac: 贱 薯 吗
[2026-02-22 02:46:13] 春风如齐: 大家不要再说了感觉玩大哥语气已经不对了再这样下去我都不敢想象载大哥接下来要遭什么罪。
[2026-02-22 02:46:13] LvvsiN: 为什么房管封的不能给鱼丸……还以为今天晚上得吃了……
[2026-02-22 02:46:13] 千古恨轮回尝061: 别吹了，大家都知道玩大哥不喜欢载物
[2026-02-22 02:46:13] 玩机机丶Pen1s: 贱 薯 吗
[2026-02-22 02:46:13] 桃乃木香奈本人: 这都有自制咆哮啊
[2026-02-22 02:46:16] MeIoN39: rog敢说话吗！360你
[2026-02-22 02:46:16] 空有无垠: 第一次看到一个解说一整把都不看弹幕，真敬业啊。。。
[2026-02-22 02:46:16] 渡边曜女士: @这里是小天啊：玩大哥，dy方向进攻很猛，我饭碗是不是要没了🥺
[2026-02-22 02:46:16] 玩蛇鼠丶stabbi: 别吹了玩大哥
[2026-02-22 02:46:16] 别做运气選手: 玩大哥讨厌🐝其实情有可原，他们不但本身没流量，还要淘汰流量队
[2026-02-22 02:46:16] 很心焦: 有金主给钱啊，难怪坐在这直播，巴不得登山吧
[2026-02-22 02:46:16] 无刺有刺的安和昴本人: 建议把玩机器的高压默认列入职业战队日常训练
[2026-02-22 02:46:16] LvvsiN: @阿汤日记：一个人，5发子弹，保住格陵兰岛。我不会叫它不可能完成的任务，我现在只想先回家看亦博
[2026-02-22 02:46:16] 爱被小泉吃的拉面同学: 这么恨载还接小蜜蜂商单啊。。。牛逼
[2026-02-22 02:46:16] y666t666y666: 玩大哥讨厌🐝其实情有可原，他们不但本身没流量，还要淘汰流量队
[2026-02-22 02:46:16] 春风如齐: 大家不要再说了感觉玩大哥语气已经不对了再这样下去我都不敢想象载大哥接下来要遭什么罪
[2026-02-22 02:46:17] 载物的艾7: 贱薯套餐 懂你意思
[2026-02-22 02:46:18] Hitagi蟹蟹: 蜂美别送了，送钻粉不到10年玩大哥看不上
[2026-02-22 02:46:18] cwcw6969: @这里是小天啊：玩大哥，dy方向进攻很猛，我饭碗是不是要没了🥺
[2026-02-22 02:46:18] LYP2077: 不是P250
[2026-02-22 02:46:18] SekaiKamiki: rog想被封了
[2026-02-22 02:46:19] LvvsiN: 南孚一节更比六节强，也就是一节南孚比六节南孚强，六节南孚比三十六节强，三十六节比二百一十六节强
[2026-02-22 02:46:19] Z伊卡洛斯Z: 玩大哥讨厌🐝其实情有可原，他们不但本身没流量，还要淘汰流量队
[2026-02-22 02:46:19] 杀鱼宝宝028: 贱 薯 吗
[2026-02-22 02:46:19] 空有无垠: 贱 薯 吗
[2026-02-22 02:46:19] 伤物语的忍野忍本人: rog敢说话吗！360你
[2026-02-22 02:46:19] 詹跑跑还下跪: 大家不要再说了感觉玩大哥语气已经不对了再这样下去我都不敢想象载大哥接下来要遭什么罪。
[2026-02-22 02:46:19] 法式卡神: 贱薯
[2026-02-22 02:46:19] 压缩vs蛮晚: @这里是小天啊:玩大哥，dy方向进攻很猛，我饭碗是不是要没了🥺
[2026-02-22 02:46:19] 用户3853464680: 键 薯 套餐
[2026-02-22 02:46:19] WEYyuki: ROG也是蜂美？
[2026-02-22 02:46:19] 麻辣火锅兔子: @这里是小天啊:玩大哥，dy方向进攻很猛，我饭碗是不是要没了🥺
[2026-02-22 02:46:19] 春风如齐: 大家不要再说了感觉玩大哥语气已经不对了再这样下去我都不敢想象载大哥接下来要遭什么罪
[2026-02-22 02:46:19] LvvsiN: 为什么房管封的不能给鱼丸……还以为今天晚上得吃了……
[2026-02-22 02:46:19] EsusJ: 这么恨载还接小蜜蜂商单啊。。。牛逼
[2026-02-22 02:46:20] 江河湖海豹: 偷外国解说理解
[2026-02-22 02:46:20] 怎么橘里橘气的: 第一次看到一个解说一整把都不看弹幕，真敬业啊。。。
[2026-02-22 02:46:20] 八重森彌妮: 这么恨载还接小蜜蜂商单啊。。。牛逼
[2026-02-22 02:46:21] 好哥们韩信: ⚠️伟伟在盗播！⚠️伟伟在盗播！⚠️伟伟在盗播！⚠️伟伟在盗播！⚠️伟伟在盗播！⚠️伟伟在盗播！⚠️伟伟在盗播！⚠️伟伟在盗播！⚠️伟伟在盗
[2026-02-22 02:46:21] 魔法少女恩薇薇:  @布罗利：晦气键盘
[2026-02-22 02:46:21] Kli0s: fw
[2026-02-22 02:46:21] LvvsiN: 孩子们快跑，马修赫伯特来了😨卧槽你的怎么是马枪和BOT
[2026-02-22 02:46:22] 不buy立省百分百: 第一次看到一个解说一整把都不看弹幕，真敬业啊。。。
[2026-02-22 02:46:22] 萌萌哒的竹子: 贱薯套餐 懂你意思
[2026-02-22 02:46:22] 渡亡神雅睿欧斯: fw
[2026-02-22 02:46:22] 想想9973: 键 薯 套餐
[2026-02-22 02:46:23] 春风如齐: 大家不要再说了感觉玩大哥语气已经不对了再这样下去我都不敢想象载大哥接下来要遭什么罪。
[2026-02-22 02:46:23] LvvsiN: 弹幕别吵了，银行业一样一样有有有也会有h'y'hui't'y'r's'c'dn
[2026-02-22 02:46:23] chanceuxzz: 这么恨载还接小蜜蜂商单啊。。。牛逼
[2026-02-22 02:46:23] 好姐妹德克萨斯: fw
[2026-02-22 02:46:23] MiunaShiodome: fw
[2026-02-22 02:46:23] 叛逆的源源李: fw
[2026-02-22 02:46:24] 太行山积雪: @人前显圣杨千幻：陈彦川，提个小建议，人到中年了还是要考虑积点德的，这么搞别人真的会遭报应的
[2026-02-22 02:46:24] 爱上女大: fw
[2026-02-22 02:46:24] 好兄弟平湖家猪王: 为什么碗橱会接冰粉rog的商务...
[2026-02-22 02:46:25] 好兄弟苍蓝瑆: 贱 薯
[2026-02-22 02:46:25] 乌鸦晒不黑: @这里是小天啊：玩大哥，dy方向进攻很猛，我饭碗是不是要没了🥺
[2026-02-22 02:46:25] 挥泪斩楚狗: 礼物不送给汉堡包这样的优质爱载主播，反而刷给玩载物数字梗的cs，真是疯了
[2026-02-22 02:46:25] LvvsiN: 弹幕别吵了，银行业一样一样有有有也会有h'y'hui't'y'r's'c'dn
[2026-02-22 02:46:25] 青山锁欲锁不住你: 哎还是吃了建模的亏，载大哥要是长成孩孩那样玩大哥应该就不会那么恨了吧
[2026-02-22 02:46:26] 岡田梦以的男仆: 键 薯 套餐
[2026-02-22 02:46:26] 瑭珏: fw
[2026-02-22 02:46:27] 传统peek高手XANTARES: 这么恨载还接小蜜蜂商单啊。。。牛逼
[2026-02-22 02:46:27] 淡然夏末的温存11: @🗿：为什么有🗿的比赛没有🗿弹幕？🗿呢？
[2026-02-22 02:46:27] eda778: fw
[2026-02-22 02:46:27] SekaiKamiki: fw
[2026-02-22 02:46:27] 鹿公爷: fw
[2026-02-22 02:46:27] 神马米洛: 第一次看到一个解说一整把都不看弹幕，真敬业啊。。。
[2026-02-22 02:46:27] 法式卡神: 贱薯
[2026-02-22 02:46:27] 废斯特物物: fw
[2026-02-22 02:46:27] LvvsiN: 玩宝宝，我发现在大学上学的时候肄业会很舒服，你可以试试
[2026-02-22 02:46:28] 玩比赛丶bet: 第一次看到一个解说一整把都不看弹幕，真敬业啊。。。
[2026-02-22 02:46:29] 乌鸦晒不黑: 第一次看到一个解说一整把都不看弹幕，真敬业啊。。。
[2026-02-22 02:46:29] 许血呐: 大家不要再说了感觉玩大哥语气已经不对了再这样下去我都不敢想象载大哥接下来要遭什么罪
[2026-02-22 02:46:29] 菜星冲冲冲: fw
[2026-02-22 02:46:29] 秘密猴子: 布罗利库存买rog命了😂
[2026-02-22 02:46:29] LvvsiN: 玩 出，我双倍呢？😡😡玩 出，我双倍呢？😡😡玩 出，我双倍呢？😡😡玩 出，我双倍呢？😡
[2026-02-22 02:46:29] siufff: 第一次看到一个解说一整把都不看弹幕，真敬业啊。。。
[2026-02-22 02:46:29] 绝食十年攒爱top3飞机: 大家不要再说了感觉玩大哥语气已经不对了再这样下去我都不敢想象载大哥接下来要遭什么罪。
[2026-02-22 02:46:30] 訤溓: @布罗利：晦气键盘
[2026-02-22 02:46:30] astralis的jabbi本人: 键 薯 套餐
[2026-02-22 02:46:30] 机器机器祝你幸福: 弹幕也太喜欢癔症了，玩宝宝少说一句话你能想出十场戏😓
[2026-02-22 02:46:31] 春花敲可爱的啦: 这么恨载还接小蜜蜂商单啊。。。牛逼
[2026-02-22 02:46:31] 挥泪斩楚狗: 礼物不送给汉堡包这样的优质爱载主播，反而刷给玩载物数字梗的cs，真是疯了
[2026-02-22 02:46:31] LvvsiN: 你屏蔽词都快赶上新华词典了为什么不干脆开一百级发言？
[2026-02-22 02:46:31] Li喵喵喵a: fw
[2026-02-22 02:46:32] 阿羞羞i: fw
[2026-02-22 02:46:32] xOcOg: 主播业务能力真强👍被这么骂都还在全神贯注解说，不像之前某个解说被喷了两句父亲就登山一个月。。。
[2026-02-22 02:46:32] GETLUCKY216: 为什么碗橱会接冰粉rog的商务...
[2026-02-22 02:46:32] Shintaro: 贱 薯
[2026-02-22 02:46:33] 逃离灰色地带: fw
[2026-02-22 02:46:33] 好哥们韩信: ⚠️伟伟在盗播！⚠️伟伟在盗播！⚠️伟伟在盗播！⚠️伟伟在盗播！⚠️伟伟在盗播！⚠️伟伟在盗播！⚠️伟伟在盗播！⚠️伟伟在盗播！⚠️伟伟在盗
[2026-02-22 02:46:33] HostageKIA: @这里是小天啊：玩大哥，dy方向进攻很猛，我饭碗是不是要没了🥺
[2026-02-22 02:46:33] 用户1354046: 那你能复盘niko划刀吗
[2026-02-22 02:46:34] LvvsiN: 额，拿亚军我都会，拿亚军，拿季军，拿四强，拿八强，拿十六强，呃拿冠军我不会，然后小组赛淘汰
[2026-02-22 02:46:34] 玩蛇鼠丶stabbi: 这么恨载还接小蜜蜂商单啊。。。牛逼
[2026-02-22 02:46:35] 好的好的阖家: 感觉下播以后房管群里载物的家人比当年的南小鸟还惨。。。
[2026-02-22 02:46:35] yuuik27: 第一次看到一个解说一整把都不看弹幕，真敬业啊。。。
[2026-02-22 02:46:35] 挥泪斩楚狗: 礼物不送给汉堡包这样的优质爱载主播，反而刷给玩载物数字梗的cs，真是疯了
[2026-02-22 02:46:35] AiLuoLi1413: 贱 薯
[2026-02-22 02:46:36] LvvsiN: 玩 出，我双倍呢？😡😡玩 出，我双倍呢？😡😡玩 出，我双倍呢？😡😡玩 出，我双倍呢？😡
[2026-02-22 02:46:36] suicho: 现在还在爆米的蜂美是M吗，可以互相认识一下吗么么哒😘
[2026-02-22 02:46:36] 太行山积雪: 这么恨载还接小蜜蜂商单啊。。。牛逼
[2026-02-22 02:46:36] 即将拥有PDD的人鱼线丿: 胖
[2026-02-22 02:46:38] LvvsiN: 孩子们快跑，马修赫伯特来了😨卧槽你的怎么是马枪和BOT
[2026-02-22 02:46:38] 无7441158: 第一次看到一个解说一整把都不看弹幕，真敬业啊。。。
[2026-02-22 02:46:38] 偷高达的天手让叶本人: ？
[2026-02-22 02:46:38] 菅原小吉: 洗头
[2026-02-22 02:46:40] LvvsiN: 其实碗橱就是猪灵，你不拿黄金丢他他就不跟你说话
[2026-02-22 02:46:40] 歌谷爱墨迹: +++++
[2026-02-22 02:46:41] 挥泪斩楚狗: 礼物不送给汉堡包这样的优质爱载主播，反而刷给玩载物数字梗的cs，真是疯了
[2026-02-22 02:46:42] LvvsiN: 玩宝宝，我发现在大学上学的时候肄业会很舒服，你可以试试
[2026-02-22 02:46:42] 迪奥雷: 🗿：🗿÷
[2026-02-22 02:46:42] ShanoaM: fw
[2026-02-22 02:46:44] LvvsiN: 额，拿亚军我都会，拿亚军，拿季军，拿四强，拿八强，拿十六强，呃拿冠军我不会，然后小组赛淘汰
[2026-02-22 02:46:44] 挥泪斩楚狗: 礼物不送给汉堡包这样的优质爱载主播，反而刷给玩载物数字梗的cs，真是疯了
[2026-02-22 02:46:44] A队不吃晃的小祥本人: 第一次看到一个解说一整把都不看弹幕，真敬业啊。。。
[2026-02-22 02:46:47] 传统peek高手XANTARES: @这里是小天啊：玩大哥，dy方向进攻很猛，我饭碗是不是要没了🥺
[2026-02-22 02:46:48] 冬瓜不在家偷偷玩机器: 贱薯是什么意思
[2026-02-22 02:46:48] LvvsiN: 银行业😄银行业😀银行业😃银行业😁银行业😆银行业🤪银行业😝
[2026-02-22 02:46:48] 用户sb6657: 玩机器，你这次确实捅到篓子了！
[2026-02-22 02:46:48] 千古恨轮回尝061: 这么恨载还接小蜜蜂商单啊。。。牛逼
[2026-02-22 02:46:48] 巅峰社丶西门吹雪: fw
[2026-02-22 02:46:48] 夏恋: 第一次看到一个解说一整把都不看弹幕，真敬业啊。。。
[2026-02-22 02:46:48] LvvsiN: 为什么房管封的不能给鱼丸……还以为今天晚上得吃了……
[2026-02-22 02:46:50] LvvsiN: 额，拿亚军我都会，拿亚军，拿季军，拿四强，拿八强，拿十六强，呃拿冠军我不会，然后小组赛淘汰
[2026-02-22 02:46:52] 秋月妻姬: 都怪蜂美不给玩大哥爆米，玩大哥只能恨载了
[2026-02-22 02:46:52] LvvsiN: 弹幕也就网上说说，现实里谁不觉得樱姐是好女孩（删括号领一条远坂凛同款鸟笼）
[2026-02-22 02:46:53] 千古恨轮回尝061: 这么恨载还接小蜜蜂商单啊。。。牛逼
[2026-02-22 02:46:54] 好哥们华子: ZywOo（载大哥）simple（🐷）karrigan（🐷）JW（🐷）玩机器（🐷）
[2026-02-22 02:46:54] 清酒啵啵: ？
[2026-02-22 02:46:54] LvvsiN: 为什么房管封的不能给鱼丸……还以为今天晚上得吃了……
[2026-02-22 02:46:54] Kli0s: 自由
[2026-02-22 02:46:55] 什么罐头我说男人: 最自由的
[2026-02-22 02:46:55] 筱夜左文字: 最自由的吊人
[2026-02-22 02:46:55] 好姐妹芙卡洛斯: 疯子
[2026-02-22 02:46:55] 正直的鸡哥: 最自由的吊人
[2026-02-22 02:46:55] 玩猴爪丶MonkeyPaw: @这里是小天啊：玩大哥，dy方向进攻很猛，我饭碗是不是要没了🥺
[2026-02-22 02:46:56] 传统peek高手XANTARES: 吊人
[2026-02-22 02:46:56] LvvsiN: 额，拿亚军我都会，拿亚军，拿季军，拿四强，拿八强，拿十六强，呃拿冠军我不会，然后小组赛淘汰
[2026-02-22 02:46:56] 好兄弟平湖家猪王: 自由
[2026-02-22 02:46:56] PYDGS: 最自由的吊人
[2026-02-22 02:46:56] 玩血狼丶Bloodywolf: ？
[2026-02-22 02:46:56] 阵雨天o: 玩神 上半场是六比六还是五比七还是驷比八啊
[2026-02-22 02:46:56] bznalier: 吊人
[2026-02-22 02:46:56] User5092: 吊人
[2026-02-22 02:46:57] eyu星天涯: 这么吊
[2026-02-22 02:46:57] 迪奥雷: 疯狗
[2026-02-22 02:46:57] 千古恨轮回尝061: 这么恨载还接小蜜蜂商单啊。。。牛逼
[2026-02-22 02:46:58] 欧阳oyyo: ？
[2026-02-22 02:46:58] LvvsiN: 我让你开双倍你二龙吗？老子荧光棒要过期了
[2026-02-22 02:46:58] wuyanblabla: 最自由的吊人
[2026-02-22 02:46:58] 斩斩斩斩斩吧: P3
[2026-02-22 02:46:59] 775424353: P3
[2026-02-22 02:46:59] MSK枫: 太bt了
[2026-02-22 02:46:59] 瑭珏: 自由
[2026-02-22 02:46:59] 老公骂我好口马: p3干啥呢？
[2026-02-22 02:46:59] 风雨晚烟: 最自由的吊人
[2026-02-22 02:47:00] LvvsiN: 玩 出，我双倍呢？😡😡玩 出，我双倍呢？😡😡玩 出，我双倍呢？😡😡玩 出，我双倍呢？😡
[2026-02-22 02:47:00] ahhhhhhhhhhhhhhhhhhh: 吊人
[2026-02-22 02:47:00] 挥泪斩楚狗: 礼物不送给汉堡包这样的优质爱载主播，反而刷给玩载物数字梗的cs，真是疯了
[2026-02-22 02:47:00] 姓黄小名肥仔: 冷知识：去年就是小蜜蜂赢太多猎鹰少赚米了才恨载的
[2026-02-22 02:47:02] 戈登Gordon: 吊人
[2026-02-22 02:47:02] LvvsiN: 额，拿亚军我都会，拿亚军，拿季军，拿四强，拿八强，拿十六强，呃拿冠军我不会，然后小组赛淘汰
[2026-02-22 02:47:02] 佛挡杀佛阿塞斯: 自由
[2026-02-22 02:47:02] 广工玩小将韩明序: 我让你开双倍你二龙吗？老子荧光棒要过期了
[2026-02-22 02:47:03] 小蜜蜂的长期素食本人: P3
[2026-02-22 02:47:03] 好哥们韩信: 😩👎吁！！😩👎吁！！😩👎吁！！😩👎吁！！😩👎吁！！😩👎吁！！
[2026-02-22 02:47:04] LvvsiN: 其实碗橱就是猪灵，你不拿黄金丢他他就不跟你说话
[2026-02-22 02:47:04] 石家庄的宠物男孩: p3
[2026-02-22 02:47:04] 菜星冲冲冲: 可惜
[2026-02-22 02:47:05] 挥泪斩楚狗: 礼物不送给汉堡包这样的优质爱载主播，反而刷给玩载物数字梗的cs，真是疯了
[2026-02-22 02:47:05] 夕ro: 吊人
[2026-02-22 02:47:05] 杨三井: 你把ropz键盘偷走了？
[2026-02-22 02:47:05] 玩指挥丶NiKo: 这么恨载还接小蜜蜂商单啊。。。牛逼
[2026-02-22 02:47:05] 正经猪头肉: 不用看
[2026-02-22 02:47:05] 木空空空空空: 吊人
[2026-02-22 02:47:05] Banggeul: 不用看
[2026-02-22 02:47:05] Oasis0917: 吊人
[2026-02-22 02:47:05] 两仪两仪织: P3
[2026-02-22 02:47:06] YuzuharaYuka: p3看哪呢
[2026-02-22 02:47:06] 古怪的一个人: 闹麻了
[2026-02-22 02:47:06] Yuusuke95: 紫色干啥呢
[2026-02-22 02:47:06] KujoJolyne: 不用看
[2026-02-22 02:47:06] 潇洒大概: 自由
[2026-02-22 02:47:06] 迪奥雷: p3马路中间
[2026-02-22 02:47:06] 音音乐剧: 不用看
[2026-02-22 02:47:06] HaibaraAi1109: 冷知识：去年就是小蜜蜂赢太多猎鹰少赚米了才恨载的
[2026-02-22 02:47:07] Schnuffels: 车主这不看警家吗
[2026-02-22 02:47:07] 秋茶小雪: 可惜在哪
[2026-02-22 02:47:07] 玩猴爪丶MonkeyPaw: @这里是小天啊：玩大哥，dy方向进攻很猛，我饭碗是不是要没了🥺
[2026-02-22 02:47:07] 爆爆爆开爆: 冷知识：去年就是小蜜蜂赢太多猎鹰少赚米了才恨载的
[2026-02-22 02:47:07] 宫监手放监: 可惜
[2026-02-22 02:47:07] 爱道冠: P3
[2026-02-22 02:47:07] Aleonri: 僵尸
[2026-02-22 02:47:07] sakula家乡的坤桑开了: 吊人
[2026-02-22 02:47:08] 土俗火焰: p3
[2026-02-22 02:47:08] 茂名水鬼: 你登山吧，像2025-02-07 23:35一样一样的suwa~
[2026-02-22 02:47:08] azo808: P3
[2026-02-22 02:47:08] Funny0531: 吊人
[2026-02-22 02:47:08] MeIoN39: 冷知识：去年就是小蜜蜂赢太多猎鹰少赚米了才恨载的
[2026-02-22 02:47:08] HostageKIA: 我让你开双倍你二龙吗？老子荧光棒要过期了
[2026-02-22 02:47:08] 玩蛇鼠丶stabbi: 这也静音啊，僵尸
[2026-02-22 02:47:08] 海绵宝宝打野儿: 吊人
[2026-02-22 02:47:09] 阿诺Ares: 可惜在哪儿？
[2026-02-22 02:47:09] 訤溓: @冷风丶小飞：@冷风丶小飞： @冷风丶小飞： @冷风丶小飞： @冷风丶小飞： @冷风丶小飞： @冷风
[2026-02-22 02:47:09] 鲜血与暗影铸造的家伙: a1
[2026-02-22 02:47:09] 千古恨轮回尝061: 😩👎吁！！😩👎吁！！😩👎吁！！😩👎吁！！😩👎吁！！😩👎吁！！
[2026-02-22 02:47:09] NateQAQ: 不用看
[2026-02-22 02:47:10] 卡其反: 😩👎吁！！😩👎吁！！😩👎吁！！😩👎吁！！😩👎吁！！😩👎吁！！
[2026-02-22 02:47:10] 玩积吧: 僵尸ropz
[2026-02-22 02:47:10] 没钱的雕民: 自由
[2026-02-22 02:47:10] 1号群的语录哥: p3在看哪呢？
[2026-02-22 02:47:10] SSSSakuya: 这么精彩啊
[2026-02-22 02:47:10] 什么名字都被用了诶: fw没补上枪
[2026-02-22 02:47:10] CThun438: 闹麻憨豆
[2026-02-22 02:47:10] 烷鸡器丶Machine: +++++++++++
[2026-02-22 02:47:11] 林中雾乡一壶酒: 吊人的自由
[2026-02-22 02:47:11] 瞄准高高手: 礼物不送给汉堡包这样的优质爱载主播，反而刷给玩载物数字梗的cs，真是疯了
[2026-02-22 02:47:11] 洛陽城里看落陽: 这么恨载还接小蜜蜂商单啊。。。牛逼
[2026-02-22 02:47:11] 游客6657: 吊人
[2026-02-22 02:47:12] 匕匕叭叭: 额，拿亚军我都会，拿亚军，拿季军，拿四强，拿八强，拿十六强，呃拿冠军我不会，然后小组赛淘汰
[2026-02-22 02:47:12] 暴力卓司: 你吹什么载物呢？不知道cs解说一哥最恨的就是载物，
[2026-02-22 02:47:12] LvvsiN: 玩 出，我双倍呢？😡😡玩 出，我双倍呢？😡😡玩 出，我双倍呢？😡😡玩 出，我双倍呢？😡
[2026-02-22 02:47:12] Mortnotz: 礼物不送给汉堡包这样的优质爱载主播，反而刷给玩载物数字梗的cs，真是疯了
[2026-02-22 02:47:12] Oo杨霸霸oO: 其实碗橱就是猪灵，你不拿黄金丢他他就不跟你说话
[2026-02-22 02:47:12] 一滴HitoShizuku: 这么恨载还接小蜜蜂商单啊。。。牛逼
[2026-02-22 02:47:13] 玩蛇鼠丶stabbi: 这也静音啊，僵尸
[2026-02-22 02:47:13] 红烧哈基米: 你把ropz键盘偷走了？
[2026-02-22 02:47:13] Vitality的羽贺文乃本人: 其实碗橱就是猪灵，你不拿黄金丢他他就不跟你说话
[2026-02-22 02:47:13] MeIoN39: 这么恨载还接小蜜蜂商单啊。。。牛逼
[2026-02-22 02:47:13] 神奥联盟的竹兰本人: 礼物不送给汉堡包这样的优质爱载主播，反而刷给玩载物数字梗的cs，真是疯了
[2026-02-22 02:47:13] 梅林老公: p3
[2026-02-22 02:47:14] 爱被小泉吃的拉面同学: 冷知识：去年就是小蜜蜂赢太多猎鹰少赚米了才恨载的
[2026-02-22 02:47:14] 玩卡神丶KSCERATO: 车主玩不玩
[2026-02-22 02:47:14] LvvsiN: 南孚一节更比六节强，也就是一节南孚比六节南孚强，六节南孚比三十六节强，三十六节比二百一十六节强
[2026-02-22 02:47:14] 幽谷响子: 礼物不送给汉堡包这样的优质爱载主播，反而刷给玩载物数字梗的cs，真是疯了
[2026-02-22 02:47:14] 歼灭天使蕾恩: 可惜在哪
[2026-02-22 02:47:15] Hitagi蟹蟹: 礼物不送给汉堡包这样的优质爱载主播，反而刷给玩载物数字梗的cs，真是疯了
[2026-02-22 02:47:15] 訤溓: 你屏蔽词都快赶上新华词典了为什么不干脆开一百级发言？
[2026-02-22 02:47:15] drooo1: 😩👎吁！！😩👎吁！！😩👎吁！！😩👎吁！！😩👎吁！！😩👎吁！！
[2026-02-22 02:47:15] last玩神丶: 这么恨载还接小蜜蜂商单啊。。。牛逼
[2026-02-22 02:47:15] 热带雨林丶为爱鼓掌: 加油啊蒙古
[2026-02-22 02:47:15] 很心焦: 　　　 这么恨载还接小蜜蜂商单啊。。。牛逼
[2026-02-22 02:47:16] 问天丶Aiden: 可惜在哪
[2026-02-22 02:47:16] y666t666y666: 礼物不送给汉堡包这样的优质爱载主播，反而刷给玩载物数字梗的cs，真是疯了
[2026-02-22 02:47:16] LvvsiN: 我让你开双倍你二龙吗？老子荧光棒要过期了
[2026-02-22 02:47:16] 穿甲狗: p3
[2026-02-22 02:47:16] 想玩corn707: 冷知识：去年就是小蜜蜂赢太多猎鹰少赚米了才恨载的
[2026-02-22 02:47:17] Xleft小批当: 最吊人的吊人
[2026-02-22 02:47:17] 挥泪斩楚狗: 礼物不送给汉堡包这样的优质爱载主播，反而刷给玩载物数字梗的cs，真是疯了
[2026-02-22 02:47:17] 大姜饼: @这里是小天啊：玩大哥，dy方向进攻很猛，我饭碗是不是要没了🥺
[2026-02-22 02:47:17] 古怪的一个人: 闹麻了
[2026-02-22 02:47:17] cwcw6969: 冷知识：去年就是小蜜蜂赢太多猎鹰少赚米了才恨载的
[2026-02-22 02:47:17] 牧之原翔子-: 你把ropz键盘偷走了？
[2026-02-22 02:47:17] 玩血狼丶Bloodywolf: 经典apex
[2026-02-22 02:47:17] 那个最帅的男人666: 你登山吧，像2025-02-07 23:35一样一样的suwa~
[2026-02-22 02:47:17] 十点差49分: 礼物不送给汉堡包这样的优质爱载主播，反而刷给玩载物数字梗的cs，真是疯了
[2026-02-22 02:47:17] 石家庄的宠物男孩: p3这想不到警家吗
[2026-02-22 02:47:18] SSE丶: 想笑就笑吧...
[2026-02-22 02:47:18] 泠鸢不是冷鸢丶: 其实碗橱就是猪灵，你不拿黄金丢他他就不跟你说话
[2026-02-22 02:47:18] 空有无垠: 礼物不送给汉堡包这样的优质爱载主播，反而刷给玩载物数字梗的cs，真是疯了
[2026-02-22 02:47:19] 乌鸦晒不黑: 这么恨载还接小蜜蜂商单啊。。。牛逼
[2026-02-22 02:47:19] 訤溓: 你能不能别接这种有载物的商单
[2026-02-22 02:47:19] 走一匹马: 你吹什么载物呢？不知道cs解说一哥最恨的就是载物，
[2026-02-22 02:47:19] HaibaraAi1109: 你吹什么载物呢？不知道cs解说一哥最恨的就是载物，
[2026-02-22 02:47:19] 一血五牌神将: 4k有点给机会
[2026-02-22 02:47:19] Sereinily: 礼物不送给汉堡包这样的优质爱载主播，反而刷给玩载物数字梗的cs，真是疯了
[2026-02-22 02:47:19] MontageC: p3
[2026-02-22 02:47:19] 拾忆ccccc: 这车主在架队友？
[2026-02-22 02:47:20] xhwspdd: 这p3在干嘛
[2026-02-22 02:47:20] 散落的花火的碎片: 礼物不送给汉堡包这样的优质爱载主播，反而刷给玩载物数字梗的cs，真是疯了
[2026-02-22 02:47:20] LvvsiN: 为什么房管封的不能给鱼丸……还以为今天晚上得吃了……
[2026-02-22 02:47:20] 狸仙人420: 这么恨载还接小蜜蜂商单啊。。。牛逼
[2026-02-22 02:47:20] Cloud9的咬人猫本人: 礼物不送给汉堡包这样的优质爱载主播，反而刷给玩载物数字梗的cs，真是疯了
[2026-02-22 02:47:20] 渡边曜女士: 礼物不送给汉堡包这样的优质爱载主播，反而刷给玩载物数字梗的cs，真是疯了
[2026-02-22 02:47:21] 我也是加把劲骑士: 你把ropz键盘偷走了？
[2026-02-22 02:47:21] 窦妪惯例全思慕: 这么恨载还接小蜜蜂商单啊。。。牛逼
[2026-02-22 02:47:21] 丰川祥子口三角初华: 这么恨载还接小蜜蜂商单啊。。。牛逼
[2026-02-22 02:47:21] 杰斌候入长峪城: 可惜（放心了）
[2026-02-22 02:47:21] 送了3年钻粉没进群: 可惜（狂喜）
[2026-02-22 02:47:21] 古堡12枪战神: 踢足球呢吗
[2026-02-22 02:47:21] 八重森彌妮: 弹幕关了 礼物都不谢了 也得硬着头皮给我播最恨的载物的比赛 你气不气
[2026-02-22 02:47:22] Cardinal665: 礼物不送给汉堡包这样的优质爱载主播，反而刷给玩载物数字梗的cs，真是疯了
[2026-02-22 02:47:22] 77一定会是我的: @尼尼孩孩major冠军：爽 爽 爽
[2026-02-22 02:47:22] 偷高达的天手让叶本人: 蒙古大军来了
[2026-02-22 02:47:22] 宫监手放监: 这么恨载还接小蜜蜂商单啊。。。牛逼
[2026-02-22 02:47:22] NEINHEX: 你登山吧，像2025-02-07 23:35一样一样的suwa~
[2026-02-22 02:47:22] 一瓶酱油就倒: FW，第一枪不空不就有了
[2026-02-22 02:47:22] 玩大人查到自贡了: 冷知识：去年就是小蜜蜂赢太多猎鹰少赚米了才恨载的
[2026-02-22 02:47:22] 椰壳karuyek:  @一剑封喉丶：可惜在哪
[2026-02-22 02:47:22] 剑崎梨梨花: 礼物不送给汉堡包这样的优质爱载主播，反而刷给玩载物数字梗的cs，真是疯了
[2026-02-22 02:47:22] 天守阁信长: 可惜（窃喜）
[2026-02-22 02:47:23] 好哥们宇智波鼬: 冷知识：去年就是小蜜蜂赢太多猎鹰少赚米了才恨载的
[2026-02-22 02:47:23] 玩猪头Device: 这么恨载还接小蜜蜂商单啊。。。牛逼
[2026-02-22 02:47:23] 图帕雷松: @这里是小天啊：玩大哥，dy方向进攻很猛，我饭碗是不是要没了🥺
[2026-02-22 02:47:23] YLXE太阳: 这主播长得好丑......
[2026-02-22 02:47:23] 訤溓: @这里是我小天啊：玩大哥，dy方向进攻很猛，我饭碗是不是要没了🥺
[2026-02-22 02:47:23] 玩蛇鼠丶stabbi: 你吹什么载物呢？不知道cs解说一哥最恨的就是载物，
[2026-02-22 02:47:23] 詹跑跑还下跪: 这么恨载还接小蜜蜂商单啊。。。牛逼
[2026-02-22 02:47:24] 用户8382617600: @这里是小天啊：玩大哥，dy方向进攻很猛，我饭碗是不是要没了🥺
[2026-02-22 02:47:24] 汤汤魔魔mmmmmmmmajor冠军: 这么恨载还接小蜜蜂商单啊。。。牛逼
[2026-02-22 02:47:24] 水瓶世界a: 礼物不送给汉堡包这样的优质爱载主播，反而刷给玩载物数字梗的cs，真是疯了
[2026-02-22 02:47:25] 土俗火焰: 警家杀了有了
[2026-02-22 02:47:25] SchUmiFan4eVeR: 🥵👅🥵👅🥵👅🥵👅🥵👅🥵👅🥵👅🥵👅🥵👅🥵👅🥵👅🥵👅
[2026-02-22 02:47:25] 初尘、: 抓娃娃
[2026-02-22 02:47:25] TL的EliGE本人: 这么恨载还接小蜜蜂商单啊。。。牛逼
[2026-02-22 02:47:25] Ephemerality137: 礼物不送给汉堡包这样的优质爱载主播，反而刷给玩载物数字梗的cs，真是疯了
[2026-02-22 02:47:26] 你为什么看用户名: 钻粉也谢？没礼物了？钻粉也谢？没礼物了？钻粉也谢？没礼物了？钻粉也谢？没礼物了？钻粉也谢？没礼物了？
[2026-02-22 02:47:26] 垃圾游戏又闪退了: 为什么房管封的不能给鱼丸……还以为今天晚上得吃了……
[2026-02-22 02:47:26] AmamiyaIori: 礼物不送给汉堡包这样的优质爱载主播，反而刷给玩载物数字梗的cs，真是疯了
[2026-02-22 02:47:27] ahhhhhhhhhhhhhhhhhhh: 礼物不送给汉堡包这样的优质爱载主播，反而刷给玩载物数字梗的cs，真是疯了
[2026-02-22 02:47:27] kedadra: 可惜？不是笑嘻？
[2026-02-22 02:47:27] 暴力卓司: 你吹什么载物呢？不知道cs解说一哥最恨的就是载物吗？
[2026-02-22 02:47:27] 秋茶小雪: 可惜（放心了）
[2026-02-22 02:47:27] 罗湖古天樂: 礼物不送给汉堡包这样的优质爱载主播，反而刷给玩载物数字梗的cs，真是疯了
[2026-02-22 02:47:27] cornkiner: 这么恨载还接小蜜蜂商单啊。。。牛逼
[2026-02-22 02:47:28] 鲜血与暗影铸造的家伙: 这扫转
[2026-02-22 02:47:28] likelixiaoyu: fw
[2026-02-22 02:47:28] ZLG彪winner: 弹幕关了 礼物都不谢了 也得硬着头皮给我播最恨的载物的比赛 你气不气
[2026-02-22 02:47:28] 茂名水鬼: 你登山吧，像2025-02-07 23:35一样一样的suwa~
[2026-02-22 02:47:28] 海绵宝宝小白儿: 冷知识：去年就是小蜜蜂赢太多猎鹰少赚米了才恨载的
[2026-02-22 02:47:28] 站桩土豆刺客: 吊人进去都没人了，还看拱门
[2026-02-22 02:47:28] AiLuoLi1413: 这么恨载还接小蜜蜂商单啊。。。牛逼
[2026-02-22 02:47:29] 椰壳karuyek: 这直播看的我真难受。 @一剑封喉丶：可惜在哪
[2026-02-22 02:47:29] 菅叶和: 可惜（放心了）
[2026-02-22 02:47:29] 丿哈哈大笑: 可惜（狂喜）
[2026-02-22 02:47:29] 哦可喜欢我: ROG也是🐝美 我看尼孝怎么办😁
[2026-02-22 02:47:29] 古怪的一个人: 礼物不送给汉堡包这样的优质爱载主播，反而刷给玩载物数字梗的cs，真是疯了
[2026-02-22 02:47:29] 又黑我托: 礼物不送给汉堡包这样的优质爱载主播，反而刷给玩载物数字梗的cs，真是疯了
[2026-02-22 02:47:29] 空有无垠: 可惜（狂喜）
[2026-02-22 02:47:29] 大哥心里慌: 这么恨载还接小蜜蜂商单啊。。。牛逼
[2026-02-22 02:47:30] LvvsiN: 南孚一节更比六节强，也就是一节南孚比六节南孚强，六节南孚比三十六节强，三十六节比二百一十六节强
[2026-02-22 02:47:30] 想你演唱会: 这分吊人没毛不去拼赢不了
[2026-02-22 02:47:32] 强尼银手VVV: 这么恨载还接小蜜蜂商单啊。。。牛逼
[2026-02-22 02:47:32] 另一个世界7: 这么恨载还接小蜜蜂商单啊。。。牛逼
[2026-02-22 02:47:32] 青山锁欲锁不住你: 礼物不送给汉堡包这样的优质爱载主播，反而刷给玩载物数字梗的cs，真是疯了
[2026-02-22 02:47:32] LvvsiN: 为什么房管封的不能给鱼丸……还以为今天晚上得吃了……
[2026-02-22 02:47:32] 丶小恐龙丶: 礼物不送给汉堡包这样的优质爱载主播，反而刷给玩载物数字梗的cs，真是疯了
[2026-02-22 02:47:33] 海绵宝宝农批儿: 这么恨载还接小蜜蜂商单啊。。。牛逼
[2026-02-22 02:47:33] 好哥们宇智波鼬: 这么恨载还接小蜜蜂商单啊。。。牛逼
[2026-02-22 02:47:34] azo808: 这么恨载还接小蜜蜂商单啊。。。牛逼
[2026-02-22 02:47:34] 一只米小悠呀悠: 可惜（并不）
[2026-02-22 02:47:34] 宫监手放监: @🐷：🤑🤑🤑🤑🤑🤑🤑🤑🤑🤑🤑🤑🤑🤑
[2026-02-22 02:47:34] 日jb落: 我感觉真的是重播，哪有人直播不看弹幕的。。。
[2026-02-22 02:47:34] LvvsiN: 银行业😄银行业😀银行业😃银行业😁银行业😆银行业🤪银行业😝
[2026-02-22 02:47:34] 毛竹长在竹林里: ropz不死图腾没切出来
[2026-02-22 02:47:34] 科比劳大爱肘击: 可惜（放心了）
[2026-02-22 02:47:35] 玩比赛丶bet: 礼物不送给汉堡包这样的优质爱载主播，反而刷给玩载物数字梗的cs，真是疯了
[2026-02-22 02:47:35] 玩蛇鼠丶stabbi: 可惜（放心了）
[2026-02-22 02:47:35] 玩猴爪丶MonkeyPaw: @ropz：这MC是不是出bug了，怎么给猪灵黄金他也不说话？
[2026-02-22 02:47:35] xOcOg: 【斤乃】斧乃木难绷布罗利被玩机器抛弃，直言抛就抛了呗，我当年也是这样被抛，都差不多
[2026-02-22 02:47:35] 椰壳karuyek: 你吹什么载物呢？不知道cs解说一哥最恨的就是载物吗
[2026-02-22 02:47:35] 澪伊吹: 这么恨载还接小蜜蜂商单啊。。。牛逼
[2026-02-22 02:47:35] HankFann: 最自由的吊人和最吊的自由人
[2026-02-22 02:47:35] 弯弯没有笑笑帅: 这么恨载还接小蜜蜂商单啊。。。牛逼
[2026-02-22 02:47:36] 丶小恐龙丶: 这么恨载还接小蜜蜂商单啊。。。牛逼
[2026-02-22 02:47:36] 大裂谷的登山家: 冷知识：去年就是小蜜蜂赢太多猎鹰少赚米了才恨载的
[2026-02-22 02:47:36] 是是非非blue: 玩机器只是为niko说了一句话，在dy快转正的小夫天都塌了
[2026-02-22 02:47:36] Goodnite: 这么恨载还接小蜜蜂商单啊。。。牛逼
[2026-02-22 02:47:36] RTX老干部G6X: 直播间和追悼会越来越像了，大家围着主角说着不相干的话题，白字像挽联，彩字像花圈
[2026-02-22 02:47:36] LvvsiN: 额，拿亚军我都会，拿亚军，拿季军，拿四强，拿八强，拿十六强，呃拿冠军我不会，然后小组赛淘汰
[2026-02-22 02:47:36] 訤溓: 被偷了？@一剑封喉丶：这扫转
[2026-02-22 02:47:37] 刘亦博爱郑哲伟: 你登山吧，像2025-02-07 23:35一样一样的suwa~
[2026-02-22 02:47:38] 洞主我想看吃鸡: 哦对了！哦对了！哦对了！哦对了！哦对了！哦对了！哦对了！
[2026-02-22 02:47:38] 深灼灼灼: 这么恨载还接小蜜蜂商单啊。。。牛逼
[2026-02-22 02:47:38] 求奶YXC总成绩上不了A: 你吹什么载物呢？不知道cs解说一哥最恨的就是载物吗？
[2026-02-22 02:47:38] SekaiKamiki: 这么恨载还接小蜜蜂商单啊。。。牛逼
[2026-02-22 02:47:38] LvvsiN: 南孚一节更比六节强，也就是一节南孚比六节南孚强，六节南孚比三十六节强，三十六节比二百一十六节强
[2026-02-22 02:47:38] 科比劳大爱肘击: 这么恨载还接小蜜蜂商单啊。。。牛逼
[2026-02-22 02:47:39] 专看玩机器的号: 慢
[2026-02-22 02:47:39] 顾应清: 车主这漏侧身给警家真是出啊
[2026-02-22 02:47:39] 窦妪惯例全思慕:  @又黑我托：礼物不送给汉堡包这样的优质爱载主播，反而刷给玩载物数字梗的cs，真是疯了
[2026-02-22 02:47:40] yuuuuua7: @Jame:ropz掉线了 我当年也这样
[2026-02-22 02:47:40] JuL1us: 这么恨载还接小蜜蜂商单啊。。。牛逼
[2026-02-22 02:47:40] 椰壳karuyek: 可惜（惊喜）
[2026-02-22 02:47:40] LvvsiN: 孩子们快跑，马修赫伯特来了😨卧槽你的怎么是马枪和BOT
[2026-02-22 02:47:41] 纸漓: 这么恨载还接小蜜蜂商单啊。。。牛逼
[2026-02-22 02:47:41] 金美庭组长的红底高跟: 这么恨载还接小蜜蜂商单啊。。。牛逼
[2026-02-22 02:47:41] 另一个世界7: 礼物不送给汉堡包这样的优质爱载主播，反而刷给玩载物数字梗的cs，真是疯了
[2026-02-22 02:47:42] 千古恨轮回尝061: 这么恨载还接小蜜蜂商单啊。。。牛逼
[2026-02-22 02:47:42] 好姐妹妮可: 机器，我发现在不想看弹幕的时候上调发言等级会很舒服，你可以试试
[2026-02-22 02:47:42] LvvsiN: 其实碗橱就是猪灵，你不拿黄金丢他他就不跟你说话
[2026-02-22 02:47:43] 八重森彌妮: 弹幕关了 礼物都不谢了 也得硬着头皮给我播最恨的载物的比赛 你气不气
[2026-02-22 02:47:44] 钟初若叶睦: 比玩➗还能登山优质在哪
[2026-02-22 02:47:46] yuuik27: 这么恨载还接小蜜蜂商单啊。。。牛逼
[2026-02-22 02:47:46] dy不倒我不倒: 这么恨载还接小蜜蜂商单啊。。。牛逼
[2026-02-22 02:47:46] uzi家的喷水龙: 不爆米只会🐴的🐝粉丝在玩大哥这里就是要被区别对待的。。。
[2026-02-22 02:47:46] LvvsiN: 银行业😄银行业😀银行业😃银行业😁银行业😆银行业🤪银行业😝
[2026-02-22 02:47:46] Crychiccc的若叶睦本人: 玩大哥，你dy评论区没关，弹幕千万不要去dy评论区发言，我知道没人去我就提一下
[2026-02-22 02:47:46] 椰壳karuyek: 礼物不送给汉堡包这样的优质爱载主播，反而刷给玩载物数字梗的cs，真是疯了
[2026-02-22 02:47:46] tosaytosay:  @是是非非blue：　　　 玩机器只是为niko说了一句话，在dy快转正的小夫天都塌了
[2026-02-22 02:47:46] 杰斌候入长峪城: 这么恨载还接小蜜蜂商单啊。。。牛逼
[2026-02-22 02:47:46] 用户2100686284: 【斤乃】斧乃木难绷布罗利被玩机器抛弃，直言抛就抛了呗，我当年也是这样被抛，都差不多
[2026-02-22 02:47:46] LvvsiN: 额，拿亚军我都会，拿亚军，拿季军，拿四强，拿八强，拿十六强，呃拿冠军我不会，然后小组赛淘汰
[2026-02-22 02:47:47] 千古恨轮回尝061: 这么恨载还接小蜜蜂商单啊。。。牛逼
[2026-02-22 02:47:48] 1242309836: 这么恨载还接小蜜蜂商单啊。。。牛逼
[2026-02-22 02:47:48] 小大肥羊火锅: 这么恨载还接小蜜蜂商单啊。。。牛逼
[2026-02-22 02:47:48] 杺毓: 这么恨载还接小蜜蜂商单啊。。。牛逼
[2026-02-22 02:47:48] chanceuxzz: 这么恨载还接小蜜蜂商单啊。。。牛逼
[2026-02-22 02:47:48] LvvsiN: 玩宝宝，我发现在大学上学的时候肄业会很舒服，你可以试试
[2026-02-22 02:47:50] Noir945731: 看着冰冰急死的样子我就想笑😄
[2026-02-22 02:47:50] Oo杨霸霸oO: 这么恨碗橱还来看啊。。。牛逼
[2026-02-22 02:47:50] LvvsiN: 弹幕别吵了，银行业一样一样有有有也会有h'y'hui't'y'r's'c'dn
[2026-02-22 02:47:51] 不曾活过的人: 玩玩载载和好吧
[2026-02-22 02:47:52] 玩蛇鼠丶stabbi: 主播别吹载物了，现在吹载物的人都没有好下场
[2026-02-22 02:47:52] 椰壳karuyek:  @是是非非blue：　　　 玩机器只是为niko说了一句话，在dy快转正的小夫天都塌了
[2026-02-22 02:47:52] 非必要不中岀: broli（可能发送失败）
[2026-02-22 02:47:55] 小夜r: nb
[2026-02-22 02:47:55] LvvsiN: 银行业😄银行业😀银行业😃银行业😁银行业😆银行业🤪银行业😝
[2026-02-22 02:47:55] 小川阿丶: ++++++++++++++++++++++++++++++++++
[2026-02-22 02:47:55] User5092: 好闪
[2026-02-22 02:47:55] 冬瓜不在家偷偷玩机器: 卧槽
[2026-02-22 02:47:55] 此曲忆江南: 这么恨载还接小蜜蜂商单啊。。。牛逼
[2026-02-22 02:47:55] 网友小滴: 这么恨载还接小蜜蜂商单啊。。。牛逼
[2026-02-22 02:47:55] 玩弓箭、Arrow: 这么恨载还接小蜜蜂商单啊。。。牛逼
[2026-02-22 02:47:55] LvvsiN: 南孚一节更比六节强，也就是一节南孚比六节南孚强，六节南孚比三十六节强，三十六节比二百一十六节强
[2026-02-22 02:47:55] vitality的亡巴淡本人: 要不要起个爆的ID送个飞机呢？🤔🤔🤔
[2026-02-22 02:47:56] 云顶之弈中翼: 这么恨载还接小蜜蜂商单啊。。。牛逼
[2026-02-22 02:47:56] Shintaro: gg
[2026-02-22 02:47:57] LvvsiN: 你为什么要把mαjor禁了，我收藏的一半弹幕全毁了
[2026-02-22 02:47:57] 千古恨轮回尝061: 这么恨载还接小蜜蜂商单啊。。。牛逼
[2026-02-22 02:47:57] mpdel: gg
[2026-02-22 02:47:57] 凛雪鸦MIO: 布出
[2026-02-22 02:47:58] 好姐妹芙卡洛斯: fw
[2026-02-22 02:47:58] oblivionis小姐: 银行业😄银行业😀银行业😃银行业😁银行业😆银行业🤪银行业😝
[2026-02-22 02:47:58] 沐苏牛大无需多言: 玩神是知道蜂美爆不了米提前接商单开圈
[2026-02-22 02:47:58] zly2606401418: 礼物不送给汉堡包这样的优质爱载主播，反而刷给玩载物数字梗的cs，真是疯了
[2026-02-22 02:47:59] LvvsiN: 就tm喜欢银行业🥰银行坏账我喜欢🥰银行挤兑我还喜欢😍利率调低我也喜欢🤤老子亲烂银行业的脸😘
[2026-02-22 02:47:59] Abyss丶珈百璃: 　　　  @是是非非blue：　　　 玩机器只是为niko说了一句话，在dy快转正的小夫天都塌了
[2026-02-22 02:47:59] 玩登山丶嘟嘟嘟嘟嘟嘟: 银行业😄银行业😀银行业😃银行业😁银行业😆银行业🤪银行业😝
[2026-02-22 02:47:59] 专看玩机器的号: 处刑😆处刑🤣处刑😄处刑😅处刑😋处刑🤪处刑😝处刑🤗处刑🤭
[2026-02-22 02:48:00] 唯有、责任: 处刑😆处刑🤣处刑😄处刑😅处刑😋处刑🤪处刑😝处刑🤗处刑🤭
[2026-02-22 02:48:00] komeijiP1: 这么恨载还接小蜜蜂商单啊。。。牛逼
[2026-02-22 02:48:00] 爱被小泉吃的拉面同学: 主播别吹载物了，现在吹载物的人都没有好下场
[2026-02-22 02:48:01] 一瓶酱油就倒: fw
[2026-02-22 02:48:01] LvvsiN: 为什么房管封的不能给鱼丸……还以为今天晚上得吃了……
[2026-02-22 02:48:01] 逃离灰色地带: 处刑😆处刑🤣处刑😄处刑😅处刑😋处刑🤪处刑😝处刑🤗处刑🤭
[2026-02-22 02:48:01] 求奶我霉运缠身一生: 处刑
[2026-02-22 02:48:01] 开朗若叶睦: 这么恨载还接小蜜蜂商单啊。。。牛逼
[2026-02-22 02:48:01] 洞洞载载车车major冠军: 这么恨载还接小蜜蜂商单啊。。。牛逼
[2026-02-22 02:48:01] 渡亡神雅睿欧斯: gg
[2026-02-22 02:48:02] bznalier: fw
[2026-02-22 02:48:02] Kli0s: fw
[2026-02-22 02:48:02] NateQAQ: 处刑
[2026-02-22 02:48:02] 叛逆的源源李: 轨迹这么长躲不开嘛
[2026-02-22 02:48:02] 传统peek高手XANTARES: gg
[2026-02-22 02:48:02] 佛挡杀佛阿塞斯: 处刑！
[2026-02-22 02:48:03] LvvsiN: 为什么房管封的不能给鱼丸……还以为今天晚上得吃了……
[2026-02-22 02:48:03] 宫监手放监: @🐷：🤑🤑🤑🤑🤑🤑🤑🤑🤑🤑🤑🤑🤑🤑
[2026-02-22 02:48:03] SchUmiFan4eVeR: 这么恨载还接小蜜蜂商单啊。。。牛逼
[2026-02-22 02:48:03] ahhhhhhhhhhhhhhhhhhh: 这不躲闪？
[2026-02-22 02:48:03] Vitality的羽贺文乃本人: 处刑（无所谓）
[2026-02-22 02:48:03] MiunaShiodome: 处刑😆处刑🤣处刑😄处刑😅处刑😋处刑🤪处刑😝处刑🤗处刑🤭
[2026-02-22 02:48:03] 迷你世界丁真学姐1: 处刑
[2026-02-22 02:48:04] magellan0v0: 处刑
[2026-02-22 02:48:04] 鹌鹑必成战神: 这么恨载还接小蜜蜂商单啊。。。牛逼
[2026-02-22 02:48:04] vgcyt: @是是非非blue： 玩机器只是为niko说了一句话，在dy快转正的小夫天都塌了
[2026-02-22 02:48:04] 唯有、责任: 处刑😆处刑🤣处刑😄处刑😅处刑😋处刑🤪处刑😝处刑🤗处刑🤭
[2026-02-22 02:48:04] 匕匕叭叭:  @是是非非blue：    玩机器只是为niko说了一句话，在dy快转正的小夫天都塌了
[2026-02-22 02:48:05] LvvsiN: 银行业😄银行业😀银行业😃银行业😁银行业😆银行业🤪银行业😝
[2026-02-22 02:48:05] 浮华9527: 这么长轨迹的闪都吃啊
[2026-02-22 02:48:05] 潇洒大概: gg
[2026-02-22 02:48:05] 玩血狼丶Bloodywolf: 没钱了
[2026-02-22 02:48:05] 星海羽弦: 处刑😆处刑🤣处刑😄处刑😅处刑😋处刑🤪处刑😝处刑🤗处刑🤭
[2026-02-22 02:48:05] 你的能量超乎你想象啊: 好恨的闪光啊
[2026-02-22 02:48:06] 贾格尔纳特: 这躲不开？
[2026-02-22 02:48:06] FaZe的喜多川海梦本人: 处刑😆处刑🤣处刑😄处刑😅处刑😋处刑🤪处刑😝处刑🤗处刑🤭
[2026-02-22 02:48:06] ArZhe阿哲: 载物在本直播间叫载圣，和点圣一个地位
[2026-02-22 02:48:06] 詹跑跑还下跪: 这么恨载还接小蜜蜂商单啊。。。牛逼
[2026-02-22 02:48:06] xOcOg: 你吹什么载物呢？不知道cs解说一哥最恨的就是载物吗
[2026-02-22 02:48:06] 橙黄双翼: 处刑😆处刑🤣处刑😄处刑😅处刑😋处刑🤪处刑😝处刑🤗处刑🤭
[2026-02-22 02:48:07] LvvsiN: 额，拿亚军我都会，拿亚军，拿季军，拿四强，拿八强，拿十六强，呃拿冠军我不会，然后小组赛淘汰
[2026-02-22 02:48:07] 行云C1oud: 一脚踢死
[2026-02-22 02:48:07] Avem1337: @孙悟空&贝吉塔：布罗利脾气什么时候这么好了？地球人骂他这么久一声不吭的
[2026-02-22 02:48:07] zly2606401418: 这么恨载还接小蜜蜂商单啊。。。牛逼
[2026-02-22 02:48:07] 河北雨姐: 　　　  @是是非非blue：　　　 玩机器只是为niko说了一句话，在dy快转正的小夫天都塌了
[2026-02-22 02:48:07] 菜星冲冲冲: 处刑😆处刑🤣处刑😄处刑😅处刑😋处刑🤪处刑😝处刑🤗处刑🤭
[2026-02-22 02:48:08] 杏爱企鹅: 李滇滇：啊啊啊（不耐烦）我把直播间开了（故作慌张）大家不要破费了（催促爆米）谢谢大家（来戏好累）
[2026-02-22 02:48:08] 心灵盟友: gg
[2026-02-22 02:48:08] 网友小滴: ？？？
[2026-02-22 02:48:08] 维斯特潘潘: gg
[2026-02-22 02:48:08] 猫很好的小乖: 这么恨载还接小蜜蜂商单啊。。。牛逼
[2026-02-22 02:48:08] 二二二二虎子: 处刑
[2026-02-22 02:48:08] IGetUp: 拿下
[2026-02-22 02:48:08] 范玉欣丨: 教大家判断低质量强队的办法：1.没流量 2.总是赢流量队 3.粉丝不爆米
[2026-02-22 02:48:08] 卡啊卡卡丶: 好恨的闪光啊
[2026-02-22 02:48:09] 神奥联盟的竹兰本人: 布罗利：气😠气😠气😠气😠气😠气
[2026-02-22 02:48:09] Kli0s: g
[2026-02-22 02:48:09] 小洞大人打玩啦: 蒙古是傻呗吗
[2026-02-22 02:48:09] 濹0790338: fw
[2026-02-22 02:48:09] Vovxx: 亚洲剧情
[2026-02-22 02:48:09] MeIoN39: 轨迹这么长躲不开嘛
[2026-02-22 02:48:09] 治好了也会流口水: 处刑😆处刑🤣处刑😄处刑😅处刑😋处刑🤪处刑😝处刑🤗处刑🤭
[2026-02-22 02:48:10] 奇美拉的鸟谷真琴本人: 处刑😆处刑🤣处刑😄处刑😅处刑😋处刑🤪处刑😝处刑🤗处刑🤭
[2026-02-22 02:48:10] 海绵宝宝打野儿: 好恨的闪光啊
[2026-02-22 02:48:10] 全世坠可爱的ZywOo宝宝: 处刑😆处刑🤣处刑😄处刑😅处刑😋处刑🤪处刑😝处刑🤗处刑🤭
[2026-02-22 02:48:11] 野战斯巴达三百勇士: 蒙古剧情
[2026-02-22 02:48:11] Q1ed7f9c85b3bc7571: ?
[2026-02-22 02:48:11] LvvsiN: 你为什么要把mαjor禁了，我收藏的一半弹幕全毁了
[2026-02-22 02:48:11] 忠诚左下角: 亚洲剧情
[2026-02-22 02:48:11] fazeclan的千早爱音: 这么恨载还接小蜜蜂商单啊。。。牛逼
[2026-02-22 02:48:11] Avem1337: @孙悟空&贝吉塔：布罗利脾气什么时候这么好了？地球人骂他这么久一声不吭的
[2026-02-22 02:48:11] 招牌老油条: 亚洲剧情
[2026-02-22 02:48:12] 2829357894: 处刑（无所谓）
[2026-02-22 02:48:12] 夕ro: 这么恨载还接小蜜蜂商单啊。。。牛逼
[2026-02-22 02:48:12] Drankwater: 蒙古包？
[2026-02-22 02:48:13] WEYyuki: gg
[2026-02-22 02:48:13] LvvsiN: 我让你开双倍你二龙吗？老子荧光棒要过期了
[2026-02-22 02:48:13] 浮生丶Eason: 这么恨载还接小蜜蜂商单啊。。。牛逼
[2026-02-22 02:48:13] Fade丶格朗: ???
[2026-02-22 02:48:13] 用户80930680: 这么恨载还接小蜜蜂商单啊。。。牛逼
[2026-02-22 02:48:13] 搞笑男西德尼: 好恨的闪光啊
[2026-02-22 02:48:13] 77一定会是我的: @布罗利：气
[2026-02-22 02:48:13] triangle233: 这么恨载还接小蜜蜂商单啊。。。牛逼
[2026-02-22 02:48:13] 爱道冠: 处刑😆处刑🤣处刑😄处刑😅处刑😋处刑🤪处刑😝处刑🤗处刑🤭
[2026-02-22 02:48:13] 亞州圖片: 总觉得不是很瞬的爆啊
[2026-02-22 02:48:14] RyougiAqua: 布罗利：气😠气😠气😠气😠气😠气
[2026-02-22 02:48:14] crossover很哟西: 李滇滇：啊啊啊（不耐烦）我把直播间开了（故作慌张）大家不要破费了（催促爆米）谢谢大家（来戏好累）
[2026-02-22 02:48:14] 訤溓: 就tm喜欢银行业🥰银行坏账我喜欢🥰银行挤兑我还喜欢😍利率调低我也喜欢🤤老子亲烂银行业的脸😘
[2026-02-22 02:48:14] Avem1337: @孙悟空&贝吉塔：布罗利脾气什么时候这么好了？地球人骂他这么久一声不吭的
[2026-02-22 02:48:14] 改下名就能中111: 教大家判断低质量强队的办法：1.没流量 2.总是赢流量队 3.粉丝不爆米
[2026-02-22 02:48:14] Xleft小批当: gg
[2026-02-22 02:48:14] 小小流星: ？？？
[2026-02-22 02:48:15] LvvsiN: 额，拿亚军我都会，拿亚军，拿季军，拿四强，拿八强，拿十六强，呃拿冠军我不会，然后小组赛淘汰
[2026-02-22 02:48:15] 普通的用户7756: 教大家判断低质量强队的办法：1.没流量 2.总是赢流量队 3.粉丝不爆米
[2026-02-22 02:48:15] o小乖0飞翔o: 包
[2026-02-22 02:48:16] 不改名真的不中奖呀Cc: 这么恨载还接小蜜蜂商单啊。。。牛逼
[2026-02-22 02:48:16] 杺毓: 教大家判断低质量强队的办法：1.没流量 2.总是赢流量队 3.粉丝不爆米
[2026-02-22 02:48:16] 北崎直树: 好恨的闪光啊
[2026-02-22 02:48:16] 易池大大: 这么恨载还接小蜜蜂商单啊。。。牛逼
[2026-02-22 02:48:16] 传统peek高手XANTARES: 亚洲剧情
[2026-02-22 02:48:16] 丨Connor: 亚洲剧情
[2026-02-22 02:48:16] MrJooooe: 亚洲剧情
[2026-02-22 02:48:16] YuzuharaYuka: 好恨的闪光啊
[2026-02-22 02:48:17] 用户3661578: 风吹草低见牛羊
[2026-02-22 02:48:17] 小乌龟历险记: ？
[2026-02-22 02:48:17] 韩世天的屎妈: 你为什么要把mαjor禁了，我收藏的一半弹幕全毁了
[2026-02-22 02:48:17] Frozens0ul: 开心的放羊
[2026-02-22 02:48:17] ZZY呵呵哒: 教大家判断低质量强队的办法：1.没流量 2.总是赢流量队 3.粉丝不爆米
[2026-02-22 02:48:17] 唱给软妹听: 好恨的闪光啊
[2026-02-22 02:48:18] 金美庭组长的红底高跟: 抓娃娃
[2026-02-22 02:48:18] Avem1337: @孙悟空&贝吉塔：布罗利脾气什么时候这么好了？地球人骂他这么久一声不吭的
[2026-02-22 02:48:18] 玩机器厦面鄙骰大: 不是，这么长的轨迹都不回头吗？
[2026-02-22 02:48:18] 8151861: 恨
[2026-02-22 02:48:18] 子翼兄: 強い閃光
[2026-02-22 02:48:18] 洛陽城里看落陽: 这闪光太吊；1
[2026-02-22 02:48:18] 窦妪惯例全思慕:  @范玉欣丨：教大家判断低质量强队的办法：1.没流量 2.总是赢流量队 3.粉丝不爆米
[2026-02-22 02:48:18] 玩俯卧撑、push-up: 亚洲剧情
[2026-02-22 02:48:19] 天际之光90830: 全力玩
[2026-02-22 02:48:19] Vitaliy的ZywOo本人: ？
[2026-02-22 02:48:19] 茂名水鬼: 这么恨载还接小蜜蜂商单啊。。。牛逼
[2026-02-22 02:48:19] 瑭珏: @孙悟空&贝吉塔：布罗利脾气什么时候这么好了？地球人骂他这么久一声不吭的
[2026-02-22 02:48:19] Vovxx: 公式完了
[2026-02-22 02:48:20] 巅峰社丶西门吹雪: ???????
[2026-02-22 02:48:20] MiniHerc: 这闪能吃的
[2026-02-22 02:48:20] 电竞白莲花丶: 没有吉吉了
[2026-02-22 02:48:20] 姓黄小名肥仔: 这个闪布罗利来躲了🤣
[2026-02-22 02:48:20] 千古恨轮回尝061: 这么恨载还接小蜜蜂商单啊。。。牛逼
[2026-02-22 02:48:21] 你的能量超乎你想象啊: 瞬爆闪光
[2026-02-22 02:48:21] c丿boy: 这么恨载还接小蜜蜂商单啊。。。牛逼
[2026-02-22 02:48:21] LvvsiN: 银行业😄银行业😀银行业😃银行业😁银行业😆银行业🤪银行业😝
[2026-02-22 02:48:21] 天才工具人桐生战兔: @senzu：有意思，再看会儿
[2026-02-22 02:48:22] 八重森彌妮: 玩大哥心里恨得不行还要帮金主吹载大哥
[2026-02-22 02:48:22] 胆小如鼠孙一峰: 蒙古包被发送了
[2026-02-22 02:48:22] 好兄弟平湖家猪王: @senzu（放🐑中）：有人需要🐑吗？
[2026-02-22 02:48:22] TensoRaws: 这一层不被闪的
[2026-02-22 02:48:22] Avem1337: @孙悟空&贝吉塔：布罗利脾气什么时候这么好了？地球人骂他这么久一声不吭的
[2026-02-22 02:48:23] RyeHS: ？
[2026-02-22 02:48:23] KujoJolyne: A处
[2026-02-22 02:48:23] LvvsiN: 弹幕也就网上说说，现实里谁不觉得樱姐是好女孩（删括号领一条远坂凛同款鸟笼）
[2026-02-22 02:48:23] 林有为丶: 吊人！
[2026-02-22 02:48:23] 玩蛇鼠丶stabbi: 教大家判断低质量强队的办法：1.没流量 2.总是赢流量队 3.粉丝不爆米
[2026-02-22 02:48:24] 斩斩斩斩斩吧: 哈哈哈
[2026-02-22 02:48:24] himluo: apex是人吗
[2026-02-22 02:48:24] 迪奥雷: 吊人
[2026-02-22 02:48:24] 丿哈哈大笑:  @杺毓：教大家判断低质量强队的办法：1.没流量 2.总是赢流量队 3.粉丝不爆米
[2026-02-22 02:48:24] 逆世而为: ？
[2026-02-22 02:48:25] User5092: 僵尸
[2026-02-22 02:48:25] 无7441158: 亚洲剧情
[2026-02-22 02:48:25] 怎么橘里橘气的: 车主  17k了
[2026-02-22 02:48:25] 专看玩机器的号: a出
[2026-02-22 02:48:25] LvvsiN: 为什么房管封的不能给鱼丸……还以为今天晚上得吃了……
[2026-02-22 02:48:25] 姓黄小名肥仔: 这个闪布罗利来躲了🤣
[2026-02-22 02:48:25] 时雨晴生: 強い閃光
[2026-02-22 02:48:25] 玩驴鞭丶suns1de: 顶级在哪？轨迹这么长不背
[2026-02-22 02:48:25] 追凤先生缝老八: 哈哈
[2026-02-22 02:48:25] 潇洒大概: 吊人
[2026-02-22 02:48:26] Funny0531: 僵尸
[2026-02-22 02:48:26] Killajoy: 吊人
[2026-02-22 02:48:27] 筱夜左文字: 豆出
[2026-02-22 02:48:27] 阿特拉斯雄狮: 没有荆芥了😭
[2026-02-22 02:48:27] 帅帅的翅膀为你翱翔: 国产剧情：天崩开局→顽强追分→士气高涨→棋差一着→昏招频出→一泻千里→虽败犹荣
[2026-02-22 02:48:27] 皇天q逅宇: 不用看
[2026-02-22 02:48:27] 用户3661578: A÷😅
[2026-02-22 02:48:28] 保护头小头是个DD就好: 哈哈哈哈哈哈
[2026-02-22 02:48:28] 机长家的华仔: 僵尸
[2026-02-22 02:48:28] 杺毓: 这个闪布罗利来躲了🤣
[2026-02-22 02:48:28] 三零一路公交司机: 僵尸
[2026-02-22 02:48:28] 深灼灼灼: v了
[2026-02-22 02:48:28] PYDGS: A÷
[2026-02-22 02:48:29] 訤溓: @senzu（放🐑中）：有人需要🐑吗？ /enzuyxu：有意思，再看会儿
[2026-02-22 02:48:29] 就爱吃辣咋的: A处
[2026-02-22 02:48:29] 夏恋: /enzu：开心的找到新工作
[2026-02-22 02:48:29] 鹌鹑必成战神: @孙悟空&贝吉塔：布罗利脾气什么时候这么好了？地球人骂他这么久一声不吭的
[2026-02-22 02:48:29] JuL1us: 強い閃光
[2026-02-22 02:48:29] 宫监手放监: @孙悟空&贝吉塔：布罗利脾气什么时候这么好了？地球人骂他这么久一声不吭的
[2026-02-22 02:48:30] 放飞梦想12353: ？
[2026-02-22 02:48:30] 我上5年级了: ++++++++++++
[2026-02-22 02:48:30] Q1ed7f9c85b3bc7571: 蒙古包能吃吗
[2026-02-22 02:48:30] LvvsiN: 南孚一节更比六节强，也就是一节南孚比六节南孚强，六节南孚比三十六节强，三十六节比二百一十六节强
[2026-02-22 02:48:30] zbq93: 強い閃光
[2026-02-22 02:48:30] Sereinily: 这个闪布罗利来躲了🤣
[2026-02-22 02:48:30] ahhhhhhhhhhhhhhhhhhh: 这闪这么长也躲不了吗  蒙古这是职业吗
[2026-02-22 02:48:30] wristuuio: 牛逼，真有人一直看自己恨的人直播啊😅
[2026-02-22 02:48:31] 姓黄小名肥仔: 这个闪布罗利来躲了🤣
[2026-02-22 02:48:31] 乌鸦晒不黑: 你们懂啥，赚恩人的钱才是最爽的
[2026-02-22 02:48:31] Meik7: 僵尸
[2026-02-22 02:48:31] 关我汤姆什么事: 吊人
[2026-02-22 02:48:31] LvvsiN: 玩宝宝，我发现在大学上学的时候肄业会很舒服，你可以试试
[2026-02-22 02:48:31] pirpr: 強い閃光
[2026-02-22 02:48:31] 巅峰社丶西门吹雪: 说话一套一套的！你想考研啊？
[2026-02-22 02:48:32] 濹0790338: ？僵尸
[2026-02-22 02:48:32] Avem1337: @孙悟空&贝吉塔：布罗利脾气什么时候这么好了？地球人骂他这么久一声不吭的
[2026-02-22 02:48:33] LvvsiN: 你为什么要把mαjor禁了，我收藏的一半弹幕全毁了
[2026-02-22 02:48:33] 求奶我培训考试不通过: 没事玩大哥，隔壁还有巨婴主播总督开挂带主播都没死，感觉布罗利只是小水花啊
[2026-02-22 02:48:33] 玩猴爪丶MonkeyPaw: @孙悟空&贝吉塔：布罗利脾气什么时候这么好了？地球人骂他这么久一声不吭的
[2026-02-22 02:48:33] 机器机器祝你幸福: 玩宝宝美美接蜜蜂商单，美美收蜂美礼物，弹幕气不气😁
[2026-02-22 02:48:33] 皮皮嘉777: 这么长轨迹的闪都吃啊
[2026-02-22 02:48:35] 小夜r: 哈人
[2026-02-22 02:48:35] Avem1337: @孙悟空&贝吉塔：布罗利脾气什么时候这么好了？地球人骂他这么久一声不吭的
[2026-02-22 02:48:35] LvvsiN: 额，拿亚军我都会，拿亚军，拿季军，拿四强，拿八强，拿十六强，呃拿冠军我不会，然后小组赛淘汰
[2026-02-22 02:48:35] Nanoki33: 瞬爆在哪   
[2026-02-22 02:48:36] HostageKIA: 強い閃光
[2026-02-22 02:48:36] 結城希亞: 这个闪布罗利来躲了🤣
[2026-02-22 02:48:36] 海鲜台吃海鲜: senzu（开心的放羊）
[2026-02-22 02:48:36] 遭不住了2333: 这闪光不是看着出来的
[2026-02-22 02:48:37] 骄骄爱吃糖: ？僵尸
[2026-02-22 02:48:37] 冬瓜不在家偷偷玩机器: 没钱找niko他俩钳！！
[2026-02-22 02:48:37] 菜星冲冲冲: 吊人
[2026-02-22 02:48:37] LvvsiN: 我让你开双倍你二龙吗？老子荧光棒要过期了
[2026-02-22 02:48:37] 鹿公爷: 哈人
[2026-02-22 02:48:37] HankFann: 尽力
[2026-02-22 02:48:38] 放飞梦想12353: A÷
[2026-02-22 02:48:38] 应感激忠心的伴侣: 这个闪布罗利来躲了🤣
[2026-02-22 02:48:38] Avem1337: @孙悟空&贝吉塔：布罗利脾气什么时候这么好了？地球人骂他这么久一声不吭的
[2026-02-22 02:48:38] 黎羽幻笙: 这波是闪光家族发力了有没有懂的
[2026-02-22 02:48:38] 匕匕叭叭: 为什么房管封的不能给鱼丸……还以为今天晚上得吃了……
[2026-02-22 02:48:38] 用户5608006019: 強い閃光
[2026-02-22 02:48:38] 宫监手放监: 布罗利还不跑呢？刚才有个螃蟹头和m秃到处找你！
[2026-02-22 02:48:38] 冲上云霄的姨: +++++++++++++++
[2026-02-22 02:48:38] 訤溓: @孙悟空丶贝吉塔：布罗利脾气什么时候这么好了？地球人骂他这么久一声不吭的
[2026-02-22 02:48:38] 玩比赛丶bet: @孙悟空&贝吉塔：布罗利脾气什么时候这么好了？地球人骂他这么久一声不吭的
[2026-02-22 02:48:39] jrcd66: senzu：可惜🤭
[2026-02-22 02:48:39] 玩石头Tomorin: 你们懂啥，赚恩人的钱才是最爽的
[2026-02-22 02:48:39] 玩机器厦面鄙骰大: 不是，这闪这么长的轨迹都不回头吗？站那B小栏杆上发呆呢
[2026-02-22 02:48:39] wedd1ddeJodd: 強い閃光
[2026-02-22 02:48:39] 大裂谷的登山家: 这个闪布罗利来躲了🤣
[2026-02-22 02:48:39] LvvsiN: 南孚一节更比六节强，也就是一节南孚比六节南孚强，六节南孚比三十六节强，三十六节比二百一十六节强
[2026-02-22 02:48:39] 网友小滴: 你为什么要把mαjor禁了，我收藏的一半弹幕全毁了
[2026-02-22 02:48:40] 车路士的凯赛多本人: @孙悟空&贝吉塔：布罗利脾气什么时候这么好了？地球人骂他这么久一声不吭的
[2026-02-22 02:48:40] jianxideminggzi: 哈人啊
[2026-02-22 02:48:40] 小蜜蜂的长期素食本人: 強い閃光
[2026-02-22 02:48:40] 吉吉的Niko本人: 冷知识：布罗利被弗利萨当着面把爹载了
[2026-02-22 02:48:40] Oasis0917: 吊人
[2026-02-22 02:48:41] 木空空空空空: @孙悟空&贝吉塔：布罗利脾气什么时候这么好了？地球人骂他这么久一声不吭的
[2026-02-22 02:48:41] 麻辣火锅兔子: 玩宝宝，我发现在大学上学的时候肄业会很舒服，你可以试试
[2026-02-22 02:48:41] 兴豚: 強い閃光
[2026-02-22 02:48:41] 玩猴爪丶MonkeyPaw: @这里是小天啊：玩大哥，dy方向进攻很猛，我饭碗是不是要没了🥺
[2026-02-22 02:48:41] 纪川6657: 没事玩大哥，隔壁还有巨婴主播总督开挂带主播都没死，感觉布罗利只是小水花啊
[2026-02-22 02:48:42] 归离凉: 这个闪布罗利来躲了🤣
[2026-02-22 02:48:42] 海绵宝宝打野儿: 这个闪布罗利来躲了🤣
[2026-02-22 02:48:42] wsxj131: @孙悟空&贝吉塔：布罗利脾气什么时候这么好了？地球人骂他这么久一声不吭的
[2026-02-22 02:48:42] erickobe: @孙悟空&贝吉塔：布罗利脾气什么时候这么好了？地球人骂他这么久一声不吭的
[2026-02-22 02:48:42] 玩机器厦面鄙骰大: 不是，这闪这么长的轨迹都不回头吗？站那B小栏杆上发呆呢。
[2026-02-22 02:48:42] sunsu1ne: senzu（开心的放羊）
[2026-02-22 02:48:42] 洛陽城里看落陽: senzu：可惜🤭
[2026-02-22 02:48:42] MeIoN39: 这个闪布罗利来躲了🤣
[2026-02-22 02:48:42] 空有无垠: @孙悟空&贝吉塔：布罗利脾气什么时候这么好了？地球人骂他这么久一声不吭的
[2026-02-22 02:48:43] 姓黄小名肥仔: 这个闪布罗利来躲了🤣
[2026-02-22 02:48:43] xuzVan: 这个闪布罗利来躲了🤣
[2026-02-22 02:48:43] 柠檬lei了: @孙悟空&贝吉塔：布罗利脾气什么时候这么好了？地球人骂他这么久一声不吭的
[2026-02-22 02:48:43] 訤溓: 闪光是不是没吃药啊？怎么这么慢？
[2026-02-22 02:48:43] 潇洒大概: 这个闪布罗利来躲了🤣
[2026-02-22 02:48:43] 渡边曜女士: @孙悟空&贝吉塔：布罗利脾气什么时候这么好了？地球人骂他这么久一声不吭的
[2026-02-22 02:48:43] S1natra: 玩宝宝美美接蜜蜂商单，美美收蜂美礼物，弹幕气不气😁
[2026-02-22 02:48:43] 专看玩机器的号: 没钱找niko他俩钳！！
[2026-02-22 02:48:44] 十点差49分: senzu（开心的放羊）
[2026-02-22 02:48:44] 岭上雾冷: 这小蜜蜂又要抢冠军了😅😅😅
[2026-02-22 02:48:44] HaibaraAi1109: 你们懂啥，赚恩人的钱才是最爽的
[2026-02-22 02:48:45] 呆毛帝国懒逆风玺: @孙悟空&贝吉塔：布罗利脾气什么时候这么好了？地球人骂他这么久一声不吭的
[2026-02-22 02:48:45] 多喝热水9点睡: @孙悟空&贝吉塔：布罗利脾气什么时候这么好了？地球人骂他这么久一声不吭的
[2026-02-22 02:48:45] 古堡12枪战神: 并非瞬爆
[2026-02-22 02:48:45] 剑崎梨梨花: 可是玩宝宝也很冰清玉洁啊🥺
[2026-02-22 02:48:45] 鲜血与暗影铸造的家伙: apex哈哈
[2026-02-22 02:48:45] fpx丶: 这个闪布罗利来躲了🤣
[2026-02-22 02:48:46] 阿聚TaHa: 这个闪布罗利来躲了🤣
[2026-02-22 02:48:46] 行云C1oud: 没钱了 拿下了
[2026-02-22 02:48:46] Aetheranus: senzu（开心的放羊）
[2026-02-22 02:48:46] NEINHEX: 这个闪布罗利来躲了🤣
[2026-02-22 02:48:46] 用户2262650671: 这个闪布罗利来躲了🤣
[2026-02-22 02:48:46] 冲上云霄的姨: 玩宝宝美美接蜜蜂商单，美美收蜂美礼物，弹幕气不气😁
[2026-02-22 02:48:46] 剩枪游侠任已嘘: 　　　 @孙悟空&贝吉塔：布罗利脾气什么时候这么好了？地球人骂他这么久一声不吭的
[2026-02-22 02:48:46] 碳酸的汽水: 　　　 @孙悟空&贝吉塔：布罗利脾气什么时候这么好了？地球人骂他这么久一声不吭的
[2026-02-22 02:48:46] 斯坦福桥突破手: 这个闪布罗利来躲了🤣
[2026-02-22 02:48:46] 神奥联盟的竹兰本人: 礼物不送给汉堡包这样的优质爱载主播，反而刷给玩载物数字梗的cs，真是疯了
[2026-02-22 02:48:46] 爆爆爆开爆: 这个闪布罗利来躲了🤣
[2026-02-22 02:48:46] 天守阁信长: 这个闪布罗利来躲了🤣
[2026-02-22 02:48:46] 云边有条小侏如: 偷偷说一句，布罗利的神秘代码是76561198367433637。。。
[2026-02-22 02:48:46] Avem1337: @孙悟空&贝吉塔：布罗利脾气什么时候这么好了？地球人骂他这么久一声不吭的
[2026-02-22 02:48:47] 好姐妹八幡海铃丶: 这个闪布罗利来躲了🤣
[2026-02-22 02:48:47] 硫磺祥: 圣诞节快到了🎄哈西里搜尼哟🎶 卡贼诺哦哟尼🎶 糍 ki 米哈拉我🎶 趴多鹿趴多鹿🎶
[2026-02-22 02:48:47] 琴弦之意: ？
[2026-02-22 02:48:47] 訤溓: @孙悟空&贝吉塔：布罗利脾气什么时候这么好了？地球人骂他这么久一声不吭的
[2026-02-22 02:48:47] 粤夜封封哥岑验川老岑: 这个闪布罗利来躲了🤣
[2026-02-22 02:48:47] 玩蛇鼠丶stabbi: ？
[2026-02-22 02:48:47] 小蜜蜂载物本人: 这个闪布罗利来躲了🤣
[2026-02-22 02:48:47] 李知恩lynt: @孙悟空&贝吉塔：布罗利脾气什么时候这么好了？地球人骂他这么久一声不吭的
[2026-02-22 02:48:48] 汤汤魔魔mmmmmmmmajor冠军: @孙悟空&贝吉塔：布罗利脾气什么时候这么好了？地球人骂他这么久一声不吭的
[2026-02-22 02:48:48] 岭上雾冷: 这小蜜蜂又要抢冠军了😅😅😅
[2026-02-22 02:48:48] 古怪的一个人: 这个闪布罗利来躲了🤣
[2026-02-22 02:48:48] crychic的tomori本人: 这个闪布罗利来躲了🤣
[2026-02-22 02:48:48] 五島絵梨奈: 布 罗 利
[2026-02-22 02:48:49] 凌一大王530: 我来告诉你吧，布罗利脾气好是因为他现在是大老板了
[2026-02-22 02:48:49] 鸟儿在头顶把森林叫醒: 玩宝宝，我发现在大学上学的时候肄业会很舒服，你可以试试
[2026-02-22 02:48:49] 好哥们宇智波鼬: +++++++++
[2026-02-22 02:48:49] 矢吹真吾: senzu（开心的放羊）
[2026-02-22 02:48:49] Finland的索米KP31本人: 这个闪布罗利来躲了🤣
[2026-02-22 02:48:49] 茂名水鬼: 这个闪布罗利来躲了🤣
[2026-02-22 02:48:50] MeIoN39: ？
[2026-02-22 02:48:50] 清酒啵啵: 布里茨确实不如布罗利
[2026-02-22 02:48:50] 网友小滴: ？
[2026-02-22 02:48:50] 玩机器厦面鄙骰大: 这个闪布罗利来躲了🤣
[2026-02-22 02:48:50] 冲上云霄的姨: 这个闪布罗利来躲了🤣
[2026-02-22 02:48:50] -半生瓜Z: 可是玩宝宝也很冰清玉洁啊🥺
[2026-02-22 02:48:51] HaibaraAi1109: 这个闪布罗利来躲了🤣
[2026-02-22 02:48:51] 逃离灰色地带: 薯ki🥰薯ki🥰薯ki🥰薯ki🥰薯ki🥰薯ki🥰
[2026-02-22 02:48:51] zzzhr698: 这个闪布罗利来躲了🤣
[2026-02-22 02:48:51] 八嘎黄芥末: 这个闪布罗利来躲了🤣
[2026-02-22 02:48:51] 千古恨轮回尝061: 这么恨载还接小蜜蜂商单啊。。。牛逼
[2026-02-22 02:48:51] Aiwwal: 这个闪布罗利来躲了🤣
[2026-02-22 02:48:51] 玩指挥丶NiKo: 世一米就是世界上最可爱的睦子米
[2026-02-22 02:48:52] 岭上雾冷: 这小蜜蜂又要抢冠军了😅😅😅
[2026-02-22 02:48:52] 微笑灬雨凝: 这个闪布罗利来躲了🤣
[2026-02-22 02:48:52] 鸟儿在头顶把森林叫醒: 在线榜地12名千早爱音给你送钻粉你咋不谢（11级发不了言代发）
[2026-02-22 02:48:52] 最爱的马卡龙: @孙悟空&贝吉塔：布罗利脾气什么时候这么好了？地球人骂他这么久一声不吭的
[2026-02-22 02:48:52] VP的电子哥本人: @孙悟空&贝吉塔：布罗利脾气什么时候这么好了？地球人骂他这么久一声不吭的
[2026-02-22 02:48:52] otissssssssss: 闹麻了，到时候玩➗把布罗利下放掉又可以美美上演清君侧的故事洗白白了
[2026-02-22 02:48:53] 巅峰社丶西门吹雪: senzu（开心的放羊）
[2026-02-22 02:48:53] 古堡12枪战神: 这个闪布罗利来躲了🤣
[2026-02-22 02:48:53] 七咲逢NanasakiAi: 冷知识：布罗利被弗利萨当着面把爹载了
[2026-02-22 02:48:53] 未完成魔王: major
[2026-02-22 02:48:53] 方芮欣: major
[2026-02-22 02:48:53] Crych1c的若叶睦本人: 这个闪布罗利来躲了🤣
[2026-02-22 02:48:53] 猫羽雫喵147: 藤田琴音来了！：🍟ki🍟ki带🍟ki 🍟ki🍟ki带🍟ki 🍟ki🍟ki带🍟ki
[2026-02-22 02:48:54] 哈基鹅大王: 我感觉你今天状态不是很好啊，你今天状态非常不好啊，我感觉你应该，唉，你要不，你去调整一下心情吧 
[2026-02-22 02:48:54] Xleft小批当: @孙悟空&贝吉塔：布罗利脾气什么时候这么好了？地球人骂他这么久一声不吭的
[2026-02-22 02:48:54] shadow彡跨擦: 没一个人躲闪也推中远吗
[2026-02-22 02:48:54] RLLAxdy: 这个闪布罗利来躲了🤣
[2026-02-22 02:48:54] 訤溓: 这个闪布罗利来躲了🤣
[2026-02-22 02:48:54] n0Pac: ？
[2026-02-22 02:48:54] GoldenGorgeous: 这个闪布罗利来躲了🤣
[2026-02-22 02:48:54] waterfalldown: 这小蜜蜂又要抢冠军了😅😅😅
[2026-02-22 02:48:54] 玩弓箭、Arrow: 　　　 @孙悟空&贝吉塔：布罗利脾气什么时候这么好了？地球人骂他这么久一声不吭的
[2026-02-22 02:48:54] jianlianzi: 这个闪布罗利来躲了🤣
[2026-02-22 02:48:54] G2的device本人: 世一米陨落
[2026-02-22 02:48:55] bznalier: senzu:可惜🥰
[2026-02-22 02:48:55] 小蜜蜂的长期素食本人: 薯ki🥰薯ki🥰薯ki🥰薯ki🥰薯ki🥰薯ki🥰
[2026-02-22 02:48:55] 她说把我当哥哥: ？？
[2026-02-22 02:48:55] 卡其反: @这里是小天啊：玩大哥，dy方向进攻很猛，我饭碗是不是要没了🥺
[2026-02-22 02:48:55] LvvsiN: 弹幕也就网上说说，现实里谁不觉得樱姐是好女孩（删括号领一条远坂凛同款鸟笼）
[2026-02-22 02:48:56] 汤汤魔魔mmmmmmmmajor冠军: @孙悟空&贝吉塔：布罗利脾气什么时候这么好了？地球人骂他这么久一声不吭的
[2026-02-22 02:48:56] 正经猪头肉: 嚯嚯嚯这都有载粉上供的
[2026-02-22 02:48:56] 玩机器厦面鄙骰大: 不是，这闪这么长的轨迹都不回头吗？站那B小栏杆上发呆呢
[2026-02-22 02:48:56] 烦心QAQ: 这个闪布罗利来躲了🤣
[2026-02-22 02:48:57] 八重森彌妮: 机器假装看不见弹幕鸵鸟的样子真的很霸气哎！
[2026-02-22 02:48:57] 爱被小泉吃的拉面同学: 这个闪布罗利来躲了🤣
[2026-02-22 02:48:57] 机机子的鼻涕: 蒙古叫的什么吊战术
[2026-02-22 02:48:57] jianxideminggzi: 两颗闪好吧
[2026-02-22 02:48:57] 岭上雾冷: 这小蜜蜂又要抢冠军了😅😅😅
[2026-02-22 02:48:57] 小芒果: 薯ki🥰薯ki🥰薯ki🥰薯ki🥰薯ki🥰薯ki🥰
[2026-02-22 02:48:57] 跳跃的司令官: @布罗利：2023／8／5 21:24:57 回复 @浮现在夜里 : 我5E优先2900 怎么了
[2026-02-22 02:48:57] G2的APEX本人: 这么恨载还接小蜜蜂商单啊。。。牛逼
[2026-02-22 02:48:57] LvvsiN: 孩子们快跑，马修赫伯特来了😨卧槽你的怎么是马枪和BOT
[2026-02-22 02:48:57] TritiumOxide: 薯ki🥰薯ki🥰薯ki🥰薯ki🥰薯ki🥰薯ki🥰
[2026-02-22 02:48:57] 嗨海海嗨嗨海: major
[2026-02-22 02:48:58] yuuuuua7: 可是玩宝宝也很冰清玉洁啊🥺
[2026-02-22 02:48:58] 刘亦博爱郑哲伟: 布罗利脾气什么时候这么好了？
[2026-02-22 02:48:58] 汤汤魔魔mmmmmmmmajor冠军: 偷偷说一句，布罗利的神秘代码是76561198367433637。。。
[2026-02-22 02:48:58] 昌岗陈坤: 这个闪布罗利来躲了🤣
[2026-02-22 02:48:59] Abyss丶珈百璃: 可是玩宝宝也很冰清玉洁啊🥺
[2026-02-22 02:48:59] HaibaraAi1109: 玩宝宝美美接蜜蜂商单，美美收蜂美礼物，弹幕气不气😁
[2026-02-22 02:48:59] 参隼: +++++++++++++
[2026-02-22 02:48:59] 訤溓: 我感觉你今天状态不是很好啊，你今天状态非常不好啊，我感觉你应该，唉，你要不，你去调整一下心情吧
[2026-02-22 02:48:59] 泠鸢不是冷鸢丶: 这小蜜蜂又要抢冠军了😅😅😅
[2026-02-22 02:48:59] 蓝绿藻的梦OuO: 加
[2026-02-22 02:48:59] LvvsiN: 弹幕也就网上说说，现实里谁不觉得樱姐是好女孩（删括号领一条远坂凛同款鸟笼）
[2026-02-22 02:48:59] 小救星小杜DuD: @布罗利broli：这个闪布罗利来躲了🤣
[2026-02-22 02:49:00] 千古恨轮回尝061: 这个闪布罗利来躲了🤣
[2026-02-22 02:49:00] 杨幂夸我帅: 这个闪布罗利来躲了🤣
[2026-02-22 02:49:00] kedadra: 可是玩宝宝也很冰清玉洁啊🥺
[2026-02-22 02:49:00] wedd1ddeJodd: 藤田琴音来了！：🍟ki🍟ki带🍟ki 🍟ki🍟ki带🍟ki 🍟ki🍟ki带🍟ki
[2026-02-22 02:49:01] 海绵宝宝小白儿: 嚯嚯嚯这都有载粉上供的
[2026-02-22 02:49:01] double077777: 这个闪布罗利来躲了🤣
[2026-02-22 02:49:01] 空有无垠: 载粉还送飞机啊。。。
[2026-02-22 02:49:01] 白鵉鳶OriGami: 🍟ki
[2026-02-22 02:49:01] 怪人阿明: 这个闪布罗利来躲了🤣
[2026-02-22 02:49:01] 鸟儿在头顶把森林叫醒: 世一米是世界第一可爱睦子米🥰ですわ
[2026-02-22 02:49:01] LvvsiN: 为什么房管封的不能给鱼丸……还以为今天晚上得吃了……
[2026-02-22 02:49:01] 岭上雾冷: 这小蜜蜂又要抢冠军了😅😅😅
[2026-02-22 02:49:01] 玩机器之霸: 寺 粑 玩
[2026-02-22 02:49:02] Vitality的羽贺文乃本人: 藤田琴音别串了
[2026-02-22 02:49:02] n0Pac: 嚯嚯嚯这都有载粉上供的
[2026-02-22 02:49:02] 好姐妹清道夫: 藤田琴音来了！：🍟ki🍟ki带🍟ki 🍟ki🍟ki带🍟ki 🍟ki🍟ki带🍟ki
[2026-02-22 02:49:02] 玩机器厦面鄙骰大: 这个闪布罗利来躲了🤣
[2026-02-22 02:49:02] 星海羽弦: 这个闪布罗利来躲了🤣
[2026-02-22 02:49:02] 訤溓: 说实在话我感觉你今天状态不是很好啊，你今天状态非常不好啊，我感觉你应该，唉，你要不，你去调
[2026-02-22 02:49:03] 摆烂小we: 真有冰粉送礼物啊，牛逼
[2026-02-22 02:49:03] 机长家的华仔: 这个闪布罗利来躲了🤣
[2026-02-22 02:49:03] 卡其反: 这个闪布罗利来躲了🤣
[2026-02-22 02:49:03] 暗月舞魂殇: 载物圣不圣我不知道，载粉是真圣人
[2026-02-22 02:49:03] 花化话华h: 这个闪布罗利来躲了🤣
[2026-02-22 02:49:03] 那个最帅的男人666: @senzu（放🐑中）：有人需要🐑吗？
[2026-02-22 02:49:03] 蛋包饭恶魔: 薯ki🥰薯ki🥰薯ki🥰薯ki🥰薯ki🥰薯ki🥰
[2026-02-22 02:49:04] 汤汤魔魔mmmmmmmmajor冠军: 偷偷说一句，布罗利的神秘代码是76561198367433637。。。
[2026-02-22 02:49:04] 用户0553661491: 嚯嚯嚯这都有载粉上供的
[2026-02-22 02:49:04] 闪光皮凡: @布罗利：2023／8／5 21:24:57 回复 @浮现在夜里 : 我5E优先2900 怎么了
[2026-02-22 02:49:04] 火暴兽也干了: 嚯嚯嚯这都有载粉上供的
[2026-02-22 02:49:05] 林有为丶: 礼物不送给汉堡包这样的优质爱载主播，反而刷给玩载物数字梗的cs，真是疯了
[2026-02-22 02:49:05] MunChlax丶: 可是玩宝宝也很冰清玉洁啊🥺
[2026-02-22 02:49:05] 岭上雾冷: 这小蜜蜂又要抢冠军了😅😅😅
[2026-02-22 02:49:05] User5092: @布罗利：2023／8／5 21:24:57 回复 @浮现在夜里 : 我5E优先2900 怎么了
[2026-02-22 02:49:05] MeIoN39: 嚯嚯嚯这都有载粉上供的
[2026-02-22 02:49:05] 用户42110893: senzu:可惜🥰
[2026-02-22 02:49:06] LvvsiN: 为什么房管封的不能给鱼丸……还以为今天晚上得吃了……
[2026-02-22 02:49:06] 好哥们比诺托: 手在干啥
[2026-02-22 02:49:06] 爱被小泉吃的拉面同学: 嚯嚯嚯这都有载粉上供的
[2026-02-22 02:49:06] 鸟儿在头顶把森林叫醒: 这个闪布罗利来躲了🤣
[2026-02-22 02:49:06] 我肥任我肥: 机器假装看不见弹幕鸵鸟的样子真的很霸气哎！
[2026-02-22 02:49:06] 椎名立希本人: 可是玩宝宝也很冰清玉洁啊🥺
[2026-02-22 02:49:06] chanceuxzz: 这个闪布罗利来躲了🤣
[2026-02-22 02:49:06] 河北医大四院Zywoo本人: 可是玩宝宝也很冰清玉洁啊🥺
[2026-02-22 02:49:06] 强尼银手VVV: 可是玩宝宝也很冰清玉洁啊🥺
[2026-02-22 02:49:07] ahhhhhhhhhhhhhhhhhhh: 可是玩宝宝也很冰清玉洁啊🥺
[2026-02-22 02:49:07] tosaytosay: 真有冰粉送礼物啊，牛逼
[2026-02-22 02:49:07] 空有无垠: 可是玩宝宝也很冰清玉洁啊🥺
[2026-02-22 02:49:07] 杺毓: 嚯嚯嚯这都有载粉上供的
[2026-02-22 02:49:07] 哈基鹅大王: 我感觉你今天状态不是很好啊，你今天状态非常不好啊，我感觉你应该，唉，你要不，你去调整一下心情吧 
[2026-02-22 02:49:07] RnCcL: 这个闪布罗利来躲了🤣
[2026-02-22 02:49:07] 訤溓: 真有冰粉送礼物啊，牛逼
[2026-02-22 02:49:07] 明月照星河: 玩宝宝美美接蜜蜂商单，美美收蜂美礼物，弹幕气不气😁
[2026-02-22 02:49:07] 玩蛇鼠丶stabbi: 嚯嚯嚯这都有载粉上供的
[2026-02-22 02:49:08] 来自欧派星球: 载粉还送飞机啊。。。
[2026-02-22 02:49:08] 果仁麦片: 这个布罗利说啥了
[2026-02-22 02:49:08] last玩神丶: 嚯嚯嚯这都有载粉上供的
[2026-02-22 02:49:08] 网友小滴: 有点像顺飞@八重森彌妮：机器假装看不见弹幕鸵鸟的样子真的很霸气哎！
[2026-02-22 02:49:08] Z伊卡洛斯Z: 寺 粑 玩
[2026-02-22 02:49:08] 渡边曜女士: 藤田琴音来了！：🍟ki🍟ki带🍟ki 🍟ki🍟ki带🍟ki 🍟ki🍟ki带🍟ki
[2026-02-22 02:49:08] 规范规定高度: 可是玩宝宝也很冰清玉洁啊🥺
[2026-02-22 02:49:09] 爱躺赢的载大哥: 藤田琴音来了！：🍟ki🍟ki带🍟ki 🍟ki🍟ki带🍟ki 🍟ki🍟ki带🍟ki
[2026-02-22 02:49:09] TL的EliGE本人: 可是玩宝宝也很冰清玉洁啊🥺
[2026-02-22 02:49:09] sscyz: 这个闪布罗利来躲了🤣
[2026-02-22 02:49:09] Aetheranus: 藤田琴音来了！：🍟ki🍟ki带🍟ki 🍟ki🍟ki带🍟ki 🍟ki🍟ki带🍟ki
[2026-02-22 02:49:09] 賀陽燐羽: 数颗白
[2026-02-22 02:49:10] AG的青叶摩卡本人: 薯ki🥰薯ki🥰薯ki🥰薯ki🥰薯ki🥰薯ki🥰
[2026-02-22 02:49:10] 羊驼主播: 加了
[2026-02-22 02:49:10] 西雅图之王: 载物圣不圣我不知道，载粉是真圣人
[2026-02-22 02:49:10] 阿瓦伊莉雅: 嚯嚯嚯这都有载粉上供的
[2026-02-22 02:49:10] 用户91227835: 可是玩宝宝也很冰清玉洁啊🥺
[2026-02-22 02:49:11] 罗湖古天樂: 布罗利也吃闪光了吗？怎么不说话了？
[2026-02-22 02:49:11] 天守阁信长: 可是玩宝宝也很冰清玉洁啊🥺
[2026-02-22 02:49:11] 岭上雾冷: 这小蜜蜂又要抢冠军了😅😅😅
[2026-02-22 02:49:11] 东云瑞希: 藤田琴音来了！：🍟ki🍟ki带🍟ki 🍟ki🍟ki带🍟ki 🍟ki🍟ki带🍟ki
[2026-02-22 02:49:11] 春花敲可爱的啦: 这个闪布罗利来躲了🤣
[2026-02-22 02:49:11] 男人至死皆少年: 蒙古清中路闪也不丢的
[2026-02-22 02:49:12] 瞄准高高手: 嚯嚯嚯这都有载粉上供的
[2026-02-22 02:49:12] 拉森跟: 这小蜜蜂又要抢冠军了😅😅😅
[2026-02-22 02:49:12] 好的好的阖家: 可是玩宝宝也很冰清玉洁啊🥺
[2026-02-22 02:49:12] 薯薯在孩孩洞洞刘农: 嚯嚯嚯这都有载粉上供的
[2026-02-22 02:49:13] 好兄弟平湖家猪王: @senzu（放🐑中）：有人需要🐑吗？
[2026-02-22 02:49:13] 行云C1oud: 蜜蜂这状态 感觉猎鹰危险了啊
[2026-02-22 02:49:13] 做个素质人: 可是玩宝宝也很冰清玉洁啊🥺
[2026-02-22 02:49:13] wuyu233: 薯ki🥰薯ki🥰薯ki🥰薯ki🥰薯ki🥰薯ki🥰
[2026-02-22 02:49:13] 高松灯扣死千早爱音: 可是玩宝宝也很冰清玉洁啊🥺
[2026-02-22 02:49:14] 参隼: 可是玩宝宝也很冰清玉洁啊🥺
[2026-02-22 02:49:14] 恶霸周熊: 载大哥别闪我们了，都已经投降🏳️desuw@了，放过我们吧
[2026-02-22 02:49:14] Rivenqing: 可是玩宝宝也很冰清玉洁啊🥺
[2026-02-22 02:49:14] 机器机器祝你幸福: 弹幕开始恶臭的时候想到我们二次元了？你们清理二次元的时候的牛劲呢？
[2026-02-22 02:49:14] sscyz: 可是玩宝宝也很冰清玉洁啊🥺
[2026-02-22 02:49:15] 衰小孩303: 真有冰粉送礼物啊，牛逼
[2026-02-22 02:49:15] 搞笑男西德尼: 嚯嚯嚯这都有载粉上供的
[2026-02-22 02:49:15] 浮华9527: 第一颗闪也被背到啊
[2026-02-22 02:49:15] 串串金枪鱼: 载物圣不圣我不知道，载粉是真圣人
[2026-02-22 02:49:15] Peko-: 这个闪布罗利来躲了🤣
[2026-02-22 02:49:15] 丶小恐龙丶: 不是哥们，还有载粉给这头🐷送飞机呢
[2026-02-22 02:49:16] waldosia38393: 这个闪布罗利来躲了🤣
[2026-02-22 02:49:16] 碎碎Limbo: 藤田琴音来了！：🍟ki🍟ki带🍟ki 🍟ki🍟ki带🍟ki 🍟ki🍟ki带🍟ki
[2026-02-22 02:49:16] drooo1: 可是玩宝宝也很冰清玉洁啊🥺
[2026-02-22 02:49:16] Ggmftye: 可是玩宝宝也很冰清玉洁啊🥺
[2026-02-22 02:49:16] HAC中奖绝缘体: ++++++
[2026-02-22 02:49:16] 昌岗陈坤: 玩神你家房管把你说的话截图发出来了
[2026-02-22 02:49:17] EsusJ: 藤田琴音来了！：🍟ki🍟ki带🍟ki 🍟ki🍟ki带🍟ki 🍟ki🍟ki带🍟ki
[2026-02-22 02:49:17] YuzuharaYuka: 藤田琴音来了！：🍟ki🍟ki带🍟ki 🍟ki🍟ki带🍟ki 🍟ki🍟ki带🍟ki
[2026-02-22 02:49:17] 拾忆醉红尘丶: 小蜜蜂粉丝确实欠骂
[2026-02-22 02:49:17] 古怪的一个人: 藤田琴音来了！：🍟ki🍟ki带🍟ki 🍟ki🍟ki带🍟ki 🍟ki🍟ki带🍟ki
[2026-02-22 02:49:17] 丸子八大碗: 这小蜜蜂又要抢冠军了😅😅😅
[2026-02-22 02:49:17] AiLuoLi1413: 嚯嚯嚯这都有载粉上供的
[2026-02-22 02:49:18] 雨星筱夜: 这个闪布罗利来躲了🤣
[2026-02-22 02:49:18] ymyyo: 世一米是世界第一可爱睦子米🥰
[2026-02-22 02:49:18] wh1tefeather: 嚯嚯嚯这都有载粉上供的
[2026-02-22 02:49:18] 琴弦之意: 载粉还送飞机啊。。。 牛物
[2026-02-22 02:49:18] eyu星天涯: 宣布夺冠别
[2026-02-22 02:49:18] MeIoN39: 可是玩宝宝也很冰清玉洁啊🥺
[2026-02-22 02:49:18] AG的青叶摩卡本人: 藤田琴音来了！：🍟ki🍟ki带🍟ki 🍟ki🍟ki带🍟ki 🍟ki🍟ki带🍟ki
[2026-02-22 02:49:19] 仍是天涯沦落人: 蜜蜂这状态 感觉猎鹰危险了啊
[2026-02-22 02:49:19] gggaligeigei: 布罗利也吃闪光了吗？怎么不说话了？
[2026-02-22 02:49:19] 大梦464: 这个闪布罗利来躲了🤣
[2026-02-22 02:49:19] 椎名真白ii丶: 可是玩宝宝也很冰清玉洁啊🥺
[2026-02-22 02:49:19] PUBG唯一真神GodZuo: 我们爱载都刷荧光棒，就你刷飞机？显着你了？
[2026-02-22 02:49:20] 爱喝花绿青: 可是玩宝宝也很冰清玉洁啊🥺
[2026-02-22 02:49:20] LvvsiN: 玩 出，我双倍呢？😡😡玩 出，我双倍呢？😡😡玩 出，我双倍呢？😡😡玩 出，我双倍呢？😡
[2026-02-22 02:49:20] 杺毓: 蜜蜂这状态 感觉猎鹰危险了啊
[2026-02-22 02:49:20] owdtaaa: 可是玩宝宝也很冰清玉洁啊🥺
[2026-02-22 02:49:20] 澪伊吹: 可是玩宝宝也很冰清玉洁啊🥺
[2026-02-22 02:49:20] MercuryAzoth: 可是玩宝宝也很冰清玉洁啊🥺
[2026-02-22 02:49:21] 梦幻恍惚: 这个帖子发了以后未来肯定还会出现各种各样的问题，比如还是会有房管滥用权限，一个帖子根治不了问题
[2026-02-22 02:49:21] Inforno的chicken本人: 可是玩宝宝也很冰清玉洁啊🥺
[2026-02-22 02:49:21] yieeeeeee: senzu：这比赛真好看
[2026-02-22 02:49:21] 替天行道牧苏苏: 你们就发吧，布罗利还是美美封人，气不气？
[2026-02-22 02:49:22] 蜗牛蜗牛你快快走: 可是玩宝宝也很冰清玉洁啊🥺
[2026-02-22 02:49:22] 河北雨姐: 可是玩宝宝也很冰清玉洁啊🥺
[2026-02-22 02:49:22] LvvsiN: 额，拿亚军我都会，拿亚军，拿季军，拿四强，拿八强，拿十六强，呃拿冠军我不会，然后小组赛淘汰
[2026-02-22 02:49:22] MeIoN39: 嚯嚯嚯这都有载粉上供的
[2026-02-22 02:49:22] 想对你说一声晚安: 布罗利这个cs不会没在看弹幕了吧
[2026-02-22 02:49:23] LokiAka: 薯ki🥰薯ki🥰薯ki🥰薯ki🥰薯ki🥰薯ki🥰desuw@
[2026-02-22 02:49:23] 我只是个npc12138: 新senzu留200买蒙古包？
[2026-02-22 02:49:23] crossover很哟西: 　　　 载粉还送飞机啊。。。 牛物
[2026-02-22 02:49:23] 音音乐剧: ）
[2026-02-22 02:49:23] xieri: 嚯嚯嚯这都有载粉上供的
[2026-02-22 02:49:23] Gverense: @fw弟弟汉堡包：这么恨载也能收爱载礼物啊。。。nb
[2026-02-22 02:49:23] 吸血用苏菲: 这个闪布罗利来躲了🤣
[2026-02-22 02:49:23] KatoM3gum1: 　　　 载粉还送飞机啊。。。 牛物
[2026-02-22 02:49:24] jamesfaith23: 真有冰粉送礼物啊，牛逼
[2026-02-22 02:49:24] LvvsiN: 南孚一节更比六节强，也就是一节南孚比六节南孚强，六节南孚比三十六节强，三十六节比二百一十六节强
[2026-02-22 02:49:24] 7奥蕾莉亚7: 载物圣不圣我不知道，载粉是真圣人
[2026-02-22 02:49:24] 用户30639588: 这么恨载还接小蜜蜂商单啊。。。牛逼
[2026-02-22 02:49:24] 沐苏牛大无需多言: 这都有蜂美送礼，我看玩神没骂错啊
[2026-02-22 02:49:24] 哈基鹅大王: 我感觉你今天状态不是很好啊，你今天状态非常不好啊，我感觉你应该，唉，你要不，你去调整一下心情吧 
[2026-02-22 02:49:25] 我自关门睡: 每日贡献一条弹幕（1／1）达成✓
[2026-02-22 02:49:25] 炒鸡无敌终极翻皮水: 载物圣不圣我不知道，载粉是真圣人
[2026-02-22 02:49:25] Hitagi蟹蟹: 玩大哥脸色不对了😨登山进度99%
[2026-02-22 02:49:25] 鹌鹑必成战神: 可是玩宝宝也很冰清玉洁啊🥺
[2026-02-22 02:49:25] 四維虫子: 不是哥们，还有载粉给这头🐷送飞机呢
[2026-02-22 02:49:25] 玩猴爪丶MonkeyPaw: 真有冰粉送礼物啊，牛逼
[2026-02-22 02:49:26] 音音乐剧: ？
[2026-02-22 02:49:26] LvvsiN: 为什么房管封的不能给鱼丸……还以为今天晚上得吃了……
[2026-02-22 02:49:26] 蜗牛蜗牛你快快走: 可是玩宝宝也很冰清玉洁啊🥺
[2026-02-22 02:49:26] 正在和清姬共度余生: 怎么房管五千小时b+还要被骂啊，难道有人十几年不拿major你也要骂？
[2026-02-22 02:49:27] yuuuuua7: 有没有人磕玩玩冰冰
[2026-02-22 02:49:27] 锂韦L1thiumWynn: 可是玩宝宝也很冰清玉洁啊🥺
[2026-02-22 02:49:27] Ggmftye: 嚯嚯嚯这都有载粉上供的
[2026-02-22 02:49:27] 灵风渐渐: 牛笔 还有载孝刷飞机的。。。
[2026-02-22 02:49:27] 易池大大: f0rest的pov才30分钟，阿汤的pov干脆没有，给G2粉丝下跪能录44分钟
[2026-02-22 02:49:27] 葬送的芙蓉王: 有钱的载粉送飞机，没钱的载粉送爆弹！
[2026-02-22 02:49:28] LvvsiN: 你屏蔽词都快赶上新华词典了为什么不干脆开一百级发言？
[2026-02-22 02:49:28] 洛陽城里看落陽: @光文天天：真有冰粉送礼物啊，牛逼
[2026-02-22 02:49:28] 瑭珏: @fw弟弟汉堡包：这么恨载也能收爱载礼物啊。。。nb
[2026-02-22 02:49:28] 纨绔浪荡: 可是玩宝宝也很冰清玉洁啊🥺
[2026-02-22 02:49:28] Altolier: 嚯嚯嚯这都有载粉上供的
[2026-02-22 02:49:28] 蜗牛蜗牛你快快走: 可是玩宝宝也很冰清玉洁啊🥺
[2026-02-22 02:49:29] 小救星小杜DuD: 可是玩宝宝也很冰清玉洁啊🥺
[2026-02-22 02:49:29] Mortnotz: 我们爱载都刷荧光棒，就你刷飞机？显着你了？
[2026-02-22 02:49:29] 炫迈冰暴口香糖: 咦，这都有礼物收啊
[2026-02-22 02:49:29] 蛋包饭恶魔: 不是哥们，还有载粉给这头🐷送飞机呢
[2026-02-22 02:49:29] 习霜羽: 蒙古清中路闪也不丢的
[2026-02-22 02:49:29] PUBG唯一真神GodZuo: 我们爱载都刷荧光棒，就你刷飞机？显着你了？
[2026-02-22 02:49:30] suicho: 现在还在爆米的蜂美是M吗，可以互相认识一下吗么么哒😘
[2026-02-22 02:49:30] LvvsiN: 我让你开双倍你二龙吗？老子荧光棒要过期了
[2026-02-22 02:49:30] Kli0s: 嚯嚯嚯这都有载粉上供的
[2026-02-22 02:49:30] 蜗牛蜗牛你快快走: 可是玩宝宝也很冰清玉洁啊🥺
[2026-02-22 02:49:30] Sereinily: 可是玩宝宝也很冰清玉洁啊🥺
[2026-02-22 02:49:31] 七色的人偶使者: 弹幕早点这样玩机器就懂事好好解说了
[2026-02-22 02:49:31] 云边有条小侏如: 可是玩宝宝也很冰清玉洁啊🥺
[2026-02-22 02:49:32] LvvsiN: 其实碗橱就是猪灵，你不拿黄金丢他他就不跟你说话
[2026-02-22 02:49:33] 蜗牛蜗牛你快快走: 可是玩宝宝也很冰清玉洁啊🥺
[2026-02-22 02:49:33] 新津粥劫伦: @布罗利：虎父无犬子，我直接hide，不吃压力
[2026-02-22 02:49:33] 迷你世界丁真学姐1: 嚯嚯嚯这都有载粉上供的
[2026-02-22 02:49:33] 要有光o: 有没有懂看不懂弹幕在刷布罗利不懂的董哥
[2026-02-22 02:49:33] 你只是我丢弃的一条狗: 每日贡献一条弹幕（1／1）达成✓
[2026-02-22 02:49:34] tosaytosay: 嚯嚯嚯这都有载粉上供的
[2026-02-22 02:49:34] 千早爱音desua: 你不是废话？老子精心编排的弹幕没人加1，怎么可能？
[2026-02-22 02:49:34] LvvsiN: 弹幕别吵了，银行业一样一样有有有也会有h'y'hui't'y'r's'c'dn
[2026-02-22 02:49:34] PUBG唯一真神GodZuo: 我们爱载都刷荧光棒，就你刷飞机？显着你了？
[2026-02-22 02:49:36] Crychiccc的若叶睦本人: @布罗利（B+)：2023／8／5 回复 @浮现在夜里 : 我5E优先2900 怎么了
[2026-02-22 02:49:36] LvvsiN: 玩宝宝，我发现在大学上学的时候肄业会很舒服，你可以试试
[2026-02-22 02:49:36] 正在和清姬共度余生: 怎么房管五千小时b+还要被骂啊，难道有人十几年不拿major你也要骂？
[2026-02-22 02:49:36] 蜗牛蜗牛你快快走: 可是玩宝宝也很冰清玉洁啊🥺
[2026-02-22 02:49:36] 机器机器祝你幸福: 玩乐队的姐姐们都到哪去了？现在的弹幕看得我好害怕😭
[2026-02-22 02:49:37] 风雨晚烟: 这么恨载蜂美还爆米啊。。。牛逼
[2026-02-22 02:49:38] 求老仙奶贾碧不死: 载物圣不圣我不知道，载粉是真圣人
[2026-02-22 02:49:38] LvvsiN: 玩宝宝，我发现在大学上学的时候肄业会很舒服，你可以试试
[2026-02-22 02:49:40] 汤汤魔魔mmmmmmmmajor冠军: 嚯嚯嚯这都有载粉上供的
[2026-02-22 02:49:40] LvvsiN: @阿汤日记：一个人，5发子弹，保住格陵兰岛。我不会叫它不可能完成的任务，我现在只想先回家看亦博
[2026-02-22 02:49:40] GETLUCKY216: 嚯嚯嚯这都有载粉上供的
[2026-02-22 02:49:41] 秋月妻姬: 兄弟们辛辛苦苦编的弹幕，你一条都不读，你还直播你马呢? 干脆放录像算了!
[2026-02-22 02:49:42] 好兄弟鲁迪乌斯: ？
[2026-02-22 02:49:42] User5092: ☝️🗿☝️🗿☝️🗿☝️🗿☝️🗿☝️🗿☝️🗿☝️🗿☝️🗿☝️🗿☝️🗿☝️🗿
[2026-02-22 02:49:42] LvvsiN: 弹幕别吵了，银行业一样一样有有有也会有h'y'hui't'y'r's'c'dn
[2026-02-22 02:49:42] Mahuyu: ++++-------
[2026-02-22 02:49:42] 粮食和蔬菜ll: 冰粉礼物还是送少了，飞机不够
[2026-02-22 02:49:43] 玩卡神丶KSCERATO: 车主玩不玩
[2026-02-22 02:49:43] 玩比赛丶bet: 怎么房管五千小时b+还要被骂啊，难道有人十几年不拿major你也要骂？
[2026-02-22 02:49:43] Yuusuke95: 紫色玩不玩
[2026-02-22 02:49:44] 爱斯忑音音: ☝️🗿☝️🗿☝️🗿☝️🗿☝️🗿☝️🗿☝️🗿☝️🗿☝️🗿☝️🗿☝️🗿☝️🗿
[2026-02-22 02:49:44] LvvsiN: 你为什么要把mαjor禁了，我收藏的一半弹幕全毁了
[2026-02-22 02:49:45] eyu星天涯: 露出
[2026-02-22 02:49:45] 用户sb6657: 玩大哥，下播了之后还是按照你说的在钻粉群清理载物粉丝吗？
[2026-02-22 02:49:45] Z伊卡洛斯Z: @布罗利（B+)：2023／8／5 回复 @浮现在夜里 : 我5E优先2900 怎么了
[2026-02-22 02:49:46] 正在和清姬共度余生: 怎么房管五千小时b+还要被骂啊，难道有人十几年不拿major你也要骂？
[2026-02-22 02:49:46] LvvsiN: 玩 出，我双倍呢？😡😡玩 出，我双倍呢？😡😡玩 出，我双倍呢？😡😡玩 出，我双倍呢？😡
[2026-02-22 02:49:46] 灵风渐渐: 嚯嚯嚯这都有载粉上供的
[2026-02-22 02:49:47] 菜星冲冲冲: 紫色玩不玩
[2026-02-22 02:49:47] himluo: p3
[2026-02-22 02:49:47] Vitality的羽贺文乃本人: 兄弟们辛辛苦苦编的弹幕，你一条都不读，你还直播你马呢? 干脆放录像算了!
