# room_id=6979222 host=玩机器丶Machine title=小众宝藏结晶直播 live_time= fetch_time=2026-02-21 23:45:46
[2026-02-22 01:48:19] 摸鱼摸到胖头鱼: @玩机器:哈哈又有傻呗房管出来给我挡 🔪了🤭这—块
[2026-02-22 01:48:19] 九条都M1YaKo: 栾华我教你一招，你现在切带布罗利节奏的弹幕绝对100w播放
[2026-02-22 01:48:19] 甘织玲奈子本人:  @玩机器:哈哈又有傻呗房管出来给我挡 🔪了🤭
[2026-02-22 01:48:20] 做个素质人: @玩机器:哈哈又有傻呗房管出来给我挡 🔪了🤭这—块
[2026-02-22 01:48:20] 我有一对电动大牛子: 为什么人家房管长这么好看，我们这个鼻毛比命还长……
[2026-02-22 01:48:20] 普通网友小沈: 玩机器难绷zywoo与jee友好互动；暴怒！玩机器怒喷niko编nota！直言：尼编尼亩呢！
[2026-02-22 01:48:20] 我木JJ怕个锤子: @玩机器:哈哈又有傻呗房管出来给我挡 🔪了🤭这—块
[2026-02-22 01:48:21] 削一只梨子啊: @玩机器:哈哈又有傻呗房管出来给我挡 🔪了🤭这—块
[2026-02-22 01:48:21] 叫我老岑就好了呀: @玩机器:哈哈又有傻呗房管出来给我挡 🔪了🤭这—块
[2026-02-22 01:48:22] ok奶绿: @玩机器:哈哈又有傻呗房管出来给我挡 🔪了🤭这—块
[2026-02-22 01:48:23] 玩斯特机机: 我说实话今天真不敢＋1你们了。本来分就挺少的
[2026-02-22 01:48:23] zbq93: 栾华我教你一招，你现在切带布罗利节奏的弹幕绝对100w播放
[2026-02-22 01:48:23] Altolier: 别说话 等会禁言
[2026-02-22 01:48:23] 爱吃青椒的重曹酱: @布罗利broli：起哄举报老子也太好笑了
[2026-02-22 01:48:23] 阡陌ER: @玩机器:哈哈又有傻呗房管出来给我挡 🔪了🤭这—块
[2026-02-22 01:48:23] 许血呐:  @玩机器:哈哈又有傻呗房管出来给我挡 🔪了🤭这—块
[2026-02-22 01:48:23] 奥拉夫的蛋炒饭: @斧乃木，能不能翻盘就看这波了。。。这—块
[2026-02-22 01:48:24] Subto: @玩机器:哈哈又有傻呗房管出来给我挡 🔪了🤭这—块
[2026-02-22 01:48:24] 猫心碎会失去几条命: 布罗利你有没有种啊，这么多弹幕隔着串你，是我都给封了
[2026-02-22 01:48:24] 好哥们黑龙歼灭刀: @玩机器:哈哈又有傻呗房管出来给我挡 🔪了🤭这—块
[2026-02-22 01:48:24] 默默momoMoMo123: 栾华我教你一招，你现在切带布罗利节奏的弹幕绝对100w播放
[2026-02-22 01:48:24] 1泡泡壶茶1: 　　　 @玩机器:哈哈又有傻呗房管出来给我挡 🔪了🤭
[2026-02-22 01:48:24] 机长家的华仔: @玩机器:哈哈又有傻呗房管出来给我挡 🔪了🤭这—块
[2026-02-22 01:48:25] 狂野银幕长崎素世: @玩机器:哈哈又有傻呗房管出来给我挡 🔪了🤭这—块
[2026-02-22 01:48:25] emmmm452: @玩机器:哈哈又有傻呗房管出来给我挡 🔪了🤭这—块
[2026-02-22 01:48:25] 透明的Donk:  @玩机器:哈哈又有傻呗房管出来给我挡 🔪了🤭
[2026-02-22 01:48:26] LvvsiN: 为什么房管封的不能给鱼丸……还以为今天晚上得吃了……
[2026-02-22 01:48:26] 蛇鼠野菜汤: @玩机器:哈哈又有傻呗房管出来给我挡 🔪了🤭这—块
[2026-02-22 01:48:26] 非必要不中岀: 🔊系统提示：你已被主播在脑子里内个了
[2026-02-22 01:48:26] 羽沐言: @玩机器:哈哈又有傻呗房管出来给我挡 🔪了🤭这—块
[2026-02-22 01:48:26] 求老仙奶贾碧不死: 叽里咕噜叽里咕噜叽里咕噜叽里咕噜
[2026-02-22 01:48:26] 未找到队列: 布罗利真惨啊，老 冯没了，给玩 机 器刷的米也被贡献清零了，自己还只能敢怒不敢言
[2026-02-22 01:48:27] 22810q: 布罗利真惨啊，老 冯没了，给玩 机 器刷的米也被贡献清零了，自己还只能敢怒不敢言
[2026-02-22 01:48:27] 正经猪头肉: 1
[2026-02-22 01:48:27] 天守阁信长: 布罗利真惨啊，老 冯没了，给玩 机 器刷的米也被贡献清零了，自己还只能敢怒不敢言
[2026-02-22 01:48:29] Aleksumimi: 大家千万不要搜索steam好友代码407167909找到布罗利的steam啊
[2026-02-22 01:48:29] viovvvvvvvon: 你下播吧, 像2025-02-07 23:49一样！
[2026-02-22 01:48:29] 樱落鬼: 我说实话今天真不敢＋1你们了。本来分就挺少的
[2026-02-22 01:48:30] 逗b乐double: @玩机器:哈哈又有傻呗房管出来给我挡 🔪了🤭这—块
[2026-02-22 01:48:30] 是马信玩机器: 我说实话今天真不敢＋1你们了。本来分就挺少的
[2026-02-22 01:48:30] 渐变大力士: @斧乃木，能不能翻盘就看这波了。。。这—块
[2026-02-22 01:48:31] 玩浓汤丶Soup: @玩机器:哈哈又有傻呗房管出来给我挡 🔪了🤭这—块
[2026-02-22 01:48:31] 冼星海1234567: 你们看得见我吗？我不会被封了吧😭
[2026-02-22 01:48:31] 从零开始的加拿大肄业: @玩机器:哈哈又有傻呗房管出来给我挡 🔪了🤭这—块
[2026-02-22 01:48:31] 海绵宝宝小能儿: 玩神，这是真没办法了，登山吧，反正决赛也没猎鹰了。。。
[2026-02-22 01:48:31] 米米世界之神: 房管切片员只要挡🔪就好了，而玩机器考虑的就多了。。。
[2026-02-22 01:48:31] 老鸡艳遇记: 眼镜妹，就要眼镜妹
[2026-02-22 01:48:31] 刘刘的农: @布罗利broli：起哄举报老子也太好笑了
[2026-02-22 01:48:31] richardlee97: @玩机器:哈哈又有傻呗房管出来给我挡 🔪了🤭这—块
[2026-02-22 01:48:32] GhostAnderson: @玩机器:哈哈又有傻呗房管出来给我挡 🔪了🤭这—块
[2026-02-22 01:48:32] 虚心坦懐: @stewie2k：ofc，这就是玩机器
[2026-02-22 01:48:32] samuraionnna: 布罗利真惨啊，老 冯没了，给玩 机 器刷的米也被贡献清零了，自己还只能敢怒不言
[2026-02-22 01:48:33] 姓黄小名肥仔: ⚠地球人谨记，虽然卡卡罗特对付了布罗利，但是他也不是地球人
[2026-02-22 01:48:33] LvvsiN: 银行业😄银行业😀银行业😃银行业😁银行业😆银行业🤪银行业😝
[2026-02-22 01:48:33] 左颜And1: 大家千万不要搜索steam好友代码407167909找到布罗利的steam啊
[2026-02-22 01:48:33] Altolier: 布罗利真惨啊，老 冯没了，给玩 机 器刷的米也被贡献清零了，自己还只能敢怒不敢言
[2026-02-22 01:48:33] 用户144491677: 布罗利真惨啊，老 冯没了，给玩 机 器刷的米也被贡献清零了，自己还只能敢怒不敢言
[2026-02-22 01:48:34] vgcyt: @布罗利broli：起哄举报老子也太好笑了
[2026-02-22 01:48:34] AfterSh0ck: ⓘ你已消耗一次免费观看次数
[2026-02-22 01:48:34] 黑化的玩小将: 你们6元粉丝牌就躲后边吧，办了卡不发等于没办！
[2026-02-22 01:48:34] 我有一对电动大牛子: 布罗利真惨啊，老 冯没了，给玩 机 器刷的米也被贡献清零了，自己还只能敢怒不敢言
[2026-02-22 01:48:35] z泽村英梨梨i: 理性讨论布罗利是不是比斧乃木更好的🐕，斧乃木带点节奏就被切割了，布罗利依旧展示官威
[2026-02-22 01:48:35] 阿波及: 布罗利真惨啊，老 冯没了，给玩 机 器刷的米也被贡献清零了，自己还只能敢怒不敢言
[2026-02-22 01:48:35] Z伊卡洛斯Z: 栾华我教你一招，你现在切带布罗利节奏的弹幕绝对100w播放
[2026-02-22 01:48:35] 爱吃青椒的重曹酱: 有人不知悔改，迷雾中混淆黑白
[2026-02-22 01:48:35] LvvsiN: 我提一嘴这剧情越来越像上海major了
[2026-02-22 01:48:36] 图帕雷松:  @这里是小天啊： 栾华我教你一招，你现在切带布罗利节奏的弹幕绝对100w播放
[2026-02-22 01:48:37] 姓黄小名肥仔: ⚠地球人谨记，虽然卡卡罗特对付了布罗利，但是他也不是地球人
[2026-02-22 01:48:37] LvvsiN: 为什么房管封的不能给鱼丸……还以为今天晚上得吃了……
[2026-02-22 01:48:37] Rinnow: 大家千万不要搜索steam好友代码407167909找到布罗利的steam啊
[2026-02-22 01:48:37] 太行山积雪: 我说实话今天真不敢＋1你们了。本来分就挺少的
[2026-02-22 01:48:37] 米米世界之神: 房管切片员只要挡🔪就好了，而玩机器考虑的就多了。。。
[2026-02-22 01:48:37] 寺见鸣鳰: 大家千万不要搜索steam好友代码407167909找到布罗利的steam啊
[2026-02-22 01:48:38] 蝶花月: 🔊系统提示：你已被主播在脑子里内个了
[2026-02-22 01:48:38] GhostAnderson: 玩神，这是真没办法了，登山吧，反正决赛也没猎鹰了。。。
[2026-02-22 01:48:38] 黑化的玩小将: 你们6元粉丝牌就躲后边吧，办了卡不发等于没办！
[2026-02-22 01:48:39] viovvvvvvvon: 太爽了，这个直播间。就像公共茅房，进来随便发泄，完事还可以不用冲，厕管也不赶人
[2026-02-22 01:48:39] 双刀牛TMac: 布罗利真惨啊，老 冯没了，给玩 机 器刷的米也被贡献清零了，自己还只能敢怒不敢言
[2026-02-22 01:48:39] LvvsiN: 南孚一节更比六节强，也就是一节南孚比六节南孚强，六节南孚比三十六节强，三十六节比二百一十六节强
[2026-02-22 01:48:40] Uru丶: 我说实话今天真不敢＋1你们了。本来分就挺少的
[2026-02-22 01:48:40] 洛杉矶究极风暴: ⚠地球人谨记，虽然卡卡罗特对付了布罗利，但是他也不是地球人
[2026-02-22 01:48:40] 步无敌: 玩神，这是真没办法了，登山吧，反正决赛也没猎鹰了。。。
[2026-02-22 01:48:41] 粤夜封封哥岑验川老岑: 布罗利真惨啊，老 冯没了，给玩 机 器刷的米也被贡献清零了，自己还只能敢怒不言
[2026-02-22 01:48:41] 刘刘的农: 布罗利真惨啊，老 冯没了，给玩 机 器刷的米也被贡献清零了，自己还只能敢怒不敢言
[2026-02-22 01:48:41] LvvsiN: 就tm喜欢银行业🥰银行坏账我喜欢🥰银行挤兑我还喜欢😍利率调低我也喜欢🤤老子亲烂银行业的脸😘
[2026-02-22 01:48:41] Ruiiiiiiiiiiiiiii: @stewie2k：ofc，这就是玩机器
[2026-02-22 01:48:42] 黑化的玩小将: 你们6元粉丝牌就躲后边吧，办了卡不发等于没办！
[2026-02-22 01:48:42] dark1337: 大家千万不要搜索steam好友代码407167909找到布罗利的steam啊
[2026-02-22 01:48:42] 安达抱月樱: 布罗利真惨啊，老 冯没了，给玩 机 器刷的米也被贡献清零了，自己还只能敢怒不敢言
[2026-02-22 01:48:42] 樂1379106: @布罗利broli：起哄举报老子也太好笑了
[2026-02-22 01:48:43] 好姐妹天童爱丽丝:  @这里是小天啊： 栾华我教你一招，你现在切带布罗利节奏的弹幕绝对100w播放
[2026-02-22 01:48:43] LvvsiN: 为什么房管封的不能给鱼丸……还以为今天晚上得吃了……
[2026-02-22 01:48:43] 柳小目: 房管切片员只要挡🔪就好了，而玩机器考虑的就多了。。。
[2026-02-22 01:48:43] 姓黄小名肥仔: ⚠地球人谨记，虽然卡卡罗特对付了布罗利，但是他也不是地球人
[2026-02-22 01:48:44] 米米世界之神: 房管切片员只要挡🔪就好了，而玩机器考虑的就多了。。。
[2026-02-22 01:48:44] 海绵宝宝小能儿: @布罗利broli：起哄举报老子也太好笑了
[2026-02-22 01:48:44] 杰洛齐贝林3: @栾华：弹幕好久没带小天节奏了......
[2026-02-22 01:48:44] ccdt39: 布罗利真惨啊，老 冯没了，给玩 机 器刷的米也被贡献清零了，自己还只能敢怒不敢言
[2026-02-22 01:48:45] 江河湖海豹: 我爱她
[2026-02-22 01:48:45] richardlee97: ⚠地球人谨记，虽然卡卡罗特对付了布罗利，但是他也不是地球人
[2026-02-22 01:48:45] LvvsiN: 弹幕也就网上说说，现实里谁不觉得樱姐是好女孩（删括号领一条远坂凛同款鸟笼）
[2026-02-22 01:48:45] 黑化的玩小将: 你们6元粉丝牌就躲后边吧，办了卡不发等于没办！
[2026-02-22 01:48:46] xjdnshxjdka: @stewie2k：ofc，这就是玩机器
[2026-02-22 01:48:46] 斗鱼用户4901183769: 大家千万不要搜索steam好友代码407167909找到布罗利的steam啊
[2026-02-22 01:48:47] AmamiyaIori: 布罗利真惨啊，老 冯没了，给玩 机 器刷的米也被贡献清零了，自己还只能敢怒不敢言
[2026-02-22 01:48:47] 暴力卓司: 回复 @JOJO爱摩托 :怎么只会在网络上装啊？来点现实的就怂了？ 刚才那nb劲呢？
[2026-02-22 01:48:47] 光明貘良: 玩神，这是真没办法了，登山吧，反正决赛也没猎鹰了。。。
[2026-02-22 01:48:47] fazeclan的千早爱音: 房管切片员只要挡🔪就好了，而玩机器考虑的就多了。。。
[2026-02-22 01:48:47] 太行山积雪: @stewie2k：ofc，这就是玩机器
[2026-02-22 01:48:47] LvvsiN: 我提一嘴这剧情越来越像上海major了
[2026-02-22 01:48:48] 結城希亞: 布罗利真惨啊，老 冯没了，给玩 机 器刷的米也被贡献清零了，自己还只能敢怒不敢言
[2026-02-22 01:48:48] LaifuoO来福oO: 布罗利真惨啊，老 冯没了，给玩 机 器刷的米也被贡献清零了，自己还只能敢怒不言
[2026-02-22 01:48:48] 爱吃青椒的重曹酱: 一元粉丝牌的先冲，同意的加1
[2026-02-22 01:48:48] 玩虾器shrimp: 就tm喜欢银行业🥰银行坏账我喜欢🥰银行挤兑我还喜欢😍利率调低我也喜欢🤤老子亲烂银行业的脸😘
[2026-02-22 01:48:49] Gentleman汪鸿: ⚠地球人谨记，虽然卡卡罗特对付了布罗利，但是他也不是地球人
[2026-02-22 01:48:49] 虚心坦懐: @stewie2k：ofc，这就是6657
[2026-02-22 01:48:49] LvvsiN: 孩子们快跑，马修赫伯特来了😨卧槽你的怎么是马枪和BOT
[2026-02-22 01:48:49] 用户37543436: ⚠地球人谨记，虽然卡卡罗特对付了布罗利，但是他也不是地球人
[2026-02-22 01:48:49] 鸭硕的哈撒给: 布罗利真惨啊，老 冯没了，给玩 机 器刷的米也被贡献清零了，自己还只能敢怒不敢言
[2026-02-22 01:48:50] 鼓鼓鼓捣叨叨: @stewie2k：ofc，这就是玩机器
[2026-02-22 01:48:50] 火星情报员工: 布罗利真惨啊，老 冯没了，给玩 机 器刷的米也被贡献清零了，自己还只能敢怒不言
[2026-02-22 01:48:50] 跳跃的司令官: 房管切片员只要挡🔪就好了，而玩机器考虑的就多了。。。
[2026-02-22 01:48:50] 有你便是世界1: ⚠地球人谨记，虽然卡卡罗特对付了布罗利，但是他也不是地球人
[2026-02-22 01:48:50] emmmm452: 你们6元粉丝牌就躲后边吧，办了卡不发等于没办！
[2026-02-22 01:48:50] 黑化的玩小将: 你们6元粉丝牌就躲后边吧，办了卡不发等于没办！
[2026-02-22 01:48:50] 默默momoMoMo123: 你们6元粉丝牌就躲后边吧，办了卡不发等于没办！
[2026-02-22 01:48:50] 蝶花月: ⚠地球人谨记，虽然卡卡罗特对付了布罗利，但是他也不是地球人
[2026-02-22 01:48:51] 福布斯最佳中文解说: 你们6元粉丝牌就躲后边吧，办了卡不发等于没办！
[2026-02-22 01:48:51] LvvsiN: 你屏蔽词都快赶上新华词典了为什么不干脆开一百级发言？
[2026-02-22 01:48:51] samuraionnna:  @这里是小天啊： 栾华我教你一招，你现在切带布罗利节奏的弹幕绝对100w播放
[2026-02-22 01:48:52] 米米世界之神: 房管切片员只要挡🔪就好了，而玩机器考虑的就多了。。。
[2026-02-22 01:48:52] 姿势那些年小鸡小鸡: 大家千万不要搜索steam好友代码407167909找到布罗利的steam啊
[2026-02-22 01:48:52] 呆妹儿的姑父: @布罗利broli：起哄举报老子也太好笑了
[2026-02-22 01:48:52] 咩咩口: @stewie2k：ofc，这就是玩机器
[2026-02-22 01:48:53] 用户0637093822: 　　　 布罗利真惨啊，老 冯没了，给玩 机 器刷的米也被贡献清零了，自己还只能敢怒不敢言
[2026-02-22 01:48:53] 人间失格773: 4️⃣8️⃣玩 4️⃣祃玩 4️⃣7️⃣玩4️⃣8️⃣玩 4️⃣祃玩 4️⃣7️⃣玩
[2026-02-22 01:48:53] richardlee97: 布罗利真惨啊，老 冯没了，给玩 机 器刷的米也被贡献清零了，自己还只能敢怒不敢言
[2026-02-22 01:48:53] LvvsiN: 弹幕也就网上说说，现实里谁不觉得樱姐是好女孩（删括号领一条远坂凛同款鸟笼）
[2026-02-22 01:48:54] 姓黄小名肥仔: ⚠地球人谨记，虽然卡卡罗特对付了布罗利，但是他也不是地球人
[2026-02-22 01:48:54] LaifuoO来福oO: @布罗利broli：起哄举报老子也太好笑了
[2026-02-22 01:48:54] 为宫士郎: ⚠地球人谨记，虽然卡卡罗特对付了布罗利，但是他也不是地球人
[2026-02-22 01:48:54] 火星情报员工: 大家千万不要搜索steam好友代码407167909找到布罗利的steam啊
[2026-02-22 01:48:54] 黑化的玩小将: 你们6元粉丝牌就躲后边吧，办了卡不发等于没办！
[2026-02-22 01:48:54] 从零开始的加拿大肄业: 布罗利真惨啊，老 冯没了，给玩 机 器刷的米也被贡献清零了，自己还只能敢怒不敢言
[2026-02-22 01:48:54] 用户5608006019: 为什么房管封的不能给鱼丸……还以为今天晚上得吃了……
[2026-02-22 01:48:55] CN第一突破手whz: 烧
[2026-02-22 01:48:55] 樱落鬼: ⚠地球人谨记，虽然卡卡罗特对付了布罗利，但是他也不是地球人
[2026-02-22 01:48:55] LvvsiN: 南孚一节更比六节强，也就是一节南孚比六节南孚强，六节南孚比三十六节强，三十六节比二百一十六节强
[2026-02-22 01:48:55] 欧内的手丨好汉: 大家千万不要搜索steam好友代码407167909找到布罗利的steam啊
[2026-02-22 01:48:55] 啪啪啪啪的蛋: @stewie2k：ofc，这就是玩机器
[2026-02-22 01:48:56] 太行山积雪: ⚠地球人谨记，虽然卡卡罗特对付了布罗利，但是他也不是地球人
[2026-02-22 01:48:57] 好哥们黑龙歼灭刀: 大家千万不要搜索steam好友代码407167909找到布罗利的steam啊
[2026-02-22 01:48:57] 暴力卓司: @布罗利Brol回复 @JOJO爱摩托 :怎么只会在网络上装啊？来点现实的就怂了？ 刚才那nb劲呢？
[2026-02-22 01:48:57] 人间失格773: 4️⃣8️⃣玩 4️⃣祃玩 4️⃣7️⃣玩
[2026-02-22 01:48:57] 用户61702167: 我几级了
[2026-02-22 01:48:57] 从零开始的加拿大肄业: 布罗利真惨啊，老 冯没了，给玩 机 器刷的米也被贡献清零了，自己还只能敢怒不敢言
[2026-02-22 01:48:57] LvvsiN: 南孚一节更比六节强，也就是一节南孚比六节南孚强，六节南孚比三十六节强，三十六节比二百一十六节强
[2026-02-22 01:48:58] Subto: @stewie2k：ofc，这就是玩机器
[2026-02-22 01:48:58] 米米世界之神: 房管切片员只要挡🔪就好了，而玩机器考虑的就多了。。。
[2026-02-22 01:48:58] 黑化的玩小将: 你们6元粉丝牌就躲后边吧，办了卡不发等于没办！
[2026-02-22 01:48:58] IsemiTina: @stewie2k：ofc，这就是玩机器
[2026-02-22 01:48:59] 从零开始的加拿大肄业: 布罗利真惨啊，老 冯没了，给玩 机 器刷的米也被贡献清零了，自己还只能敢怒不敢言
[2026-02-22 01:48:59] LvvsiN: 你这音画不同步太难受了，我都听到NIKO里约RMR晋级的欢呼了
[2026-02-22 01:49:00] NearrrR: @stewie2k：ofc，这就是玩机器
[2026-02-22 01:49:00] 柳小目: 　　　 布罗利真惨啊，老 冯没了，给玩 机 器刷的米也被贡献清零了，自己还只能敢怒不敢言
[2026-02-22 01:49:01] 鼓鼓鼓捣叨叨:  @阿龙龙的兄弟：为什么房管封的不能给鱼丸……还以为今天晚上得吃了……
[2026-02-22 01:49:01] Machine拾玖: 大家千万不要搜索steam好友代码407167909找到布罗利的steam啊
[2026-02-22 01:49:01] znnoy: @栾华、@小天、@寒冷的冬、@yoke，你们谁站出来切布罗利节奏切片，我们就拥护谁为切片一哥
[2026-02-22 01:49:01] LvvsiN: @阿汤日记：一个人，5发子弹，保住格陵兰岛。我不会叫它不可能完成的任务，我现在只想先回家看亦博
[2026-02-22 01:49:02] 洛陽城里看落陽: 布罗利真惨啊，老 冯没了，给玩 机 器刷的米也被贡献清零了，自己还只能敢怒不敢言
[2026-02-22 01:49:02] 斗鱼用户4901183769: 大家千万不要搜索steam好友代码407167909找到布罗利的steam啊
[2026-02-22 01:49:02] 迷你世界丁真学姐1: @布罗利Brol回复 @JOJO爱摩托 :怎么只会在网络上装啊？来点现实的就怂了？ 刚才那nb劲呢？
[2026-02-22 01:49:02] 姿势那些年小鸡小鸡: 房管切片员只要挡🔪就好了，而玩机器考虑的就多了。。。
[2026-02-22 01:49:03] MeIoN39: 大家千万不要搜索steam好友代码407167909找到布罗利的steam啊
[2026-02-22 01:49:03] 预言者梅莉: 房管切片员只要挡🔪就好了，而玩机器考虑的就多了。。。
[2026-02-22 01:49:03] 天守阁信长: @stewie2k：ofc，这就是玩机器
[2026-02-22 01:49:03] 娶不到相羽爱奈: @布罗利Brol回复 @JOJO爱摩托 :怎么只会在网络上装啊？来点现实的就怂了？ 刚才那nb劲呢？
[2026-02-22 01:49:03] 人间失格773: 4️⃣8️⃣玩 4️⃣祃玩 4️⃣7️⃣玩4️⃣8️⃣玩 4️⃣祃玩 4️⃣7️⃣玩
[2026-02-22 01:49:03] LvvsiN: 玩宝宝，我发现在大学上学的时候肄业会很舒服，你可以试试
[2026-02-22 01:49:03] 轻音部的秋山澪本人: 好吵😖耳朵要🐉了😖好吵😖耳朵要🐉了😖好吵😖耳朵要🐉了😖
[2026-02-22 01:49:04] 绝食十年攒爱top3飞机: ⚠地球人谨记，虽然卡卡罗特对付了布罗利，但是他也不是地球人
[2026-02-22 01:49:04] 黑化的玩小将: 你们6元粉丝牌就躲后边吧，办了卡不发等于没办！
[2026-02-22 01:49:04] 来杯浓硫酸压压惊: 就没有人觉得弹幕确实是过分了吗
[2026-02-22 01:49:05] 固固固固固: 闹麻了，你以为栾华没骂过弹幕?
[2026-02-22 01:49:05] 刘刘的农: @布罗利broli：起哄举报老子也太好笑了
[2026-02-22 01:49:05] 米米世界之神: 房管切片员只要挡🔪就好了，而玩机器考虑的就多了。。。
[2026-02-22 01:49:05] LvvsiN: 我提一嘴这剧情越来越像上海major了
[2026-02-22 01:49:06] viovvvvvvvon: 隐身
[2026-02-22 01:49:07] 哆啦卡密大王: ⚠地球人谨记，虽然卡卡罗特对付了布罗利，但是他也不是地球人
[2026-02-22 01:49:07] znnoy: @栾华、@小天、@寒冷的冬、@yoke，你们谁站出来切布罗利节奏切片，我们就拥护谁为切片一哥
[2026-02-22 01:49:07] TTak11: @阿汤日记：一个人，5发子弹，保住格陵兰岛。我不会叫它不可能完成的任务，我现在只想先回家看亦博
[2026-02-22 01:49:08] LvvsiN: 孩子们快跑，马修赫伯特来了😨卧槽你的怎么是马枪和BOT
[2026-02-22 01:49:08] 愿良辰美景: @栾华、@小天、@寒冷的冬、@yoke，你们谁站出来切布罗利节奏切片，我们就拥护谁为切片一哥
[2026-02-22 01:49:08] 姓黄小名肥仔: ⚠地球人谨记，虽然卡卡罗特对付了布罗利，但是他也不是地球人
[2026-02-22 01:49:08] 默默momoMoMo123: @stewie2k：ofc，这就是玩机器
[2026-02-22 01:49:09] 十月star: 大家千万不要搜索steam好友代码407167909找到布罗利的steam啊
[2026-02-22 01:49:10] 欧内的手丨好汉: 大家千万不要搜索steam好友代码407167909找到布罗利的steam啊
[2026-02-22 01:49:10] LvvsiN: 就tm喜欢银行业🥰银行坏账我喜欢🥰银行挤兑我还喜欢😍利率调低我也喜欢🤤老子亲烂银行业的脸😘
[2026-02-22 01:49:11] 黎明pppppppp: 同样都叫哲伟，一个和donk做兄弟，一个和玩机器做兄弟，下场也是一个天上一个地下desuwa~des
[2026-02-22 01:49:11] 黑化的玩小将: 你们6元粉丝牌就躲后边吧，办了卡不发等于没办！
[2026-02-22 01:49:11] 即将拥有PDD的人鱼线丿: 并非迷你
[2026-02-22 01:49:11] 爱吃青椒的重曹酱: 布罗利的鼻毛好像比玩神d毛长😦
[2026-02-22 01:49:12] LvvsiN: @阿汤日记：一个人，5发子弹，保住格陵兰岛。我不会叫它不可能完成的任务，我现在只想先回家看亦博
[2026-02-22 01:49:12] 天守阁信长: @布罗利Brol回复 @JOJO爱摩托 :怎么只会在网络上装啊？来点现实的就怂了？ 刚才那nb劲呢？
[2026-02-22 01:49:13] 从零开始的加拿大肄业: 大家千万不要搜索steam好友代码407167909找到布罗利的steam啊举办扎篇啊
[2026-02-22 01:49:14] F大邦: @布罗利Brol回复 @JOJO爱摩托 :怎么只会在网络上装啊？来点现实的就怂了？ 刚才那nb劲呢？
[2026-02-22 01:49:14] 栗悟饭与龟波功-w-: 2021／6／15 08:21:01 来点巴西的妞 当前查询uid:6512408
[2026-02-22 01:49:14] LvvsiN: 你屏蔽词都快赶上新华词典了为什么不干脆开一百级发言？
[2026-02-22 01:49:14] 着着着着糕: 可爱捏
[2026-02-22 01:49:15] 十月star: 大家千万不要搜索steam好友代码407167909找到布罗利的steam啊
[2026-02-22 01:49:15] 挥泪斩楚狗: 栾华我教你一招，你现在切带布罗利节奏的弹幕绝对100w播放
[2026-02-22 01:49:15] 黑化的玩小将: 你们6元粉丝牌就躲后边吧，办了卡不发等于没办！
[2026-02-22 01:49:16] xjdnshxjdka: @栾华、@小天、@寒冷的冬、@yoke，你们谁站出来切布罗利节奏切片，我们就拥护谁为切片一哥
[2026-02-22 01:49:16] 千早爱音desu: @栾华、@小天、@寒冷的冬、@yoke，你们谁站出来切布罗利节奏切片，我们就拥护谁为切片一哥
[2026-02-22 01:49:16] 玩柜子丶Mortis: 你们6元粉丝牌就躲后边吧，办了卡不发等于没办！ですわ
[2026-02-22 01:49:16] LvvsiN: 我提一嘴这剧情越来越像上海major了
[2026-02-22 01:49:16] 撒浪嘿呦0v0: 大家千万不要搜索steam好友代码407167909找到布罗利的steam啊
[2026-02-22 01:49:16] 太有技术了玩神: vlog队
[2026-02-22 01:49:16] 星海羽弦: @栾华、@小天、@寒冷的冬、@yoke，你们谁站出来切布罗利节奏切片，我们就拥护谁为切片一哥
[2026-02-22 01:49:17] AlLTZZZ: 抓娃娃
[2026-02-22 01:49:17] znnoy: @栾华、@小天、@寒冷的冬、@yoke，你们谁站出来切布罗利节奏切片，我们就拥护谁为切片一哥
[2026-02-22 01:49:18] LvvsiN: 弹幕也就网上说说，现实里谁不觉得樱姐是好女孩（删括号领一条远坂凛同款鸟笼）
[2026-02-22 01:49:18] 洛陽城里看落陽: 大家千万不要搜索steam好友代码407167909找到布罗利的steam啊
[2026-02-22 01:49:19] 草莓冰酪: 你们6元粉丝牌就躲后边吧，办了卡不发等于没办！ですわ
[2026-02-22 01:49:20] LvvsiN: 玩宝宝，我发现在大学上学的时候肄业会很舒服，你可以试试
[2026-02-22 01:49:20] 米米世界之神: 房管切片员只要挡🔪就好了，而玩机器考虑的就多了。。。
[2026-02-22 01:49:20] 黑化的玩小将: 你们6元粉丝牌就躲后边吧，办了卡不发等于没办！
[2026-02-22 01:49:21] SuperP681: @布罗利Brol回复 @JOJO爱摩托 :怎么只会在网络上装啊？来点现实的就怂了？ 刚才那nb劲呢？
[2026-02-22 01:49:21] samuraionnna: @栾华、@小天、@寒冷的冬、@yoke，你们谁站出来切布罗利节奏切片，我们就拥护谁为切片一哥
[2026-02-22 01:49:22] LvvsiN: 男人一生只哭十八次：niko十七次梦碎major正赛, niko梦碎里约major RMR
[2026-02-22 01:49:22] 量子毁灭717: 玩大哥已经锁定你们的ip了，你们就串吧，希望地下室没有杀戮
[2026-02-22 01:49:22] 红魔馆的蕾米莉亚本人: @布罗利Brol回复 @JOJO爱摩托 :怎么只会在网络上装啊？来点现实的就怂了？ 刚才那nb劲呢？
[2026-02-22 01:49:23] fpx丶: @栾华、@小天、@寒冷的冬、@yoke，你们谁站出来切布罗利节奏切片，我们就拥护谁为切片一哥
[2026-02-22 01:49:23] 十月star: 大家千万不要搜索steam好友代码407167909找到布罗利的steam啊
[2026-02-22 01:49:23] 防天防地防空气: 2021／6／15 08:21:01 来点巴西的妞 当前查询uid:6512408
[2026-02-22 01:49:24] 七就是幸运吧: @布罗利Brol回复 @JOJO爱摩托 :怎么只会在网络上装啊？来点现实的就怂了？ 刚才那nb劲呢？
[2026-02-22 01:49:24] 迷你世界丁真学姐1: 栾华我教你一招，你现在切带布罗利节奏的弹幕绝对100w播放
[2026-02-22 01:49:24] LvvsiN: 为什么房管封的不能给鱼丸……还以为今天晚上得吃了……
[2026-02-22 01:49:24] 爱吃青椒的重曹酱: 一元粉丝牌的先冲，同意的加1
[2026-02-22 01:49:24] 黑化的玩小将: 你们6元粉丝牌就躲后边吧，办了卡不发等于没办！
[2026-02-22 01:49:24] 好姐们反田叶月: 斧乃木你啥都没干就被玩神被迫伟伟了 现在发个讨伐布罗利的切片玩哥就允许你地狱归来了
[2026-02-22 01:49:25] xjdnshxjdka: @栾华、@小天、@寒冷的冬、@yoke，你们谁站出来切布罗利节奏切片，我们就拥护谁为切片一哥
[2026-02-22 01:49:25] 老鸡艳遇记: 唐的没边了息肉
[2026-02-22 01:49:26] LvvsiN: 弹幕也就网上说说，现实里谁不觉得樱姐是好女孩（删括号领一条远坂凛同款鸟笼）
[2026-02-22 01:49:26] 姿势那些年小鸡小鸡: 布罗利的鼻毛好像比玩神d毛长😦
[2026-02-22 01:49:27] 宇莓: 我说白了，弹幕攻击你8都成这样了你还要护着玩机器，到底谁是你8
[2026-02-22 01:49:27] weapon丶X: 大家千万不要搜索steam好友代码407167909找到布罗利的steam啊
[2026-02-22 01:49:27] 用户8776395082: @布罗利Brol回复 @JOJO爱摩托 :怎么只会在网络上装啊？来点现实的就怂了？ 刚才那nb劲呢？
[2026-02-22 01:49:28] 用户5608006019: 你们6元粉丝牌就躲后边吧，办了卡不发等于没办！
[2026-02-22 01:49:28] LvvsiN: 玩宝宝，我发现在大学上学的时候肄业会很舒服，你可以试试
[2026-02-22 01:49:29] 南燕swallow: 栾华我教你一招，你现在切带布罗利节奏的弹幕绝对100w播放
[2026-02-22 01:49:29] 好哥们黑龙歼灭刀: 栾华我教你一招，你现在切带布罗利节奏的弹幕绝对100w播放
[2026-02-22 01:49:29] i化石-: 啊啊啊啊啊啊啊啊啊啊啊啊
[2026-02-22 01:49:29] 呆妹儿的姑父: @栾华、@小天、@寒冷的冬、@yoke，你们谁站出来切布罗利节奏切片，我们就拥护谁为切片一哥
[2026-02-22 01:49:30] LvvsiN: 别解说了 多聊会天 你不会真的以为能输吧
[2026-02-22 01:49:30] 渐变大力士: @布罗利Brol回复 @JOJO爱摩托 :怎么只会在网络上装啊？来点现实的就怂了？ 刚才那nb劲呢？
[2026-02-22 01:49:30] 黑化的玩小将: 你们6元粉丝牌就躲后边吧，办了卡不发等于没办！
[2026-02-22 01:49:31] AfterSh0ck: 啊
[2026-02-22 01:49:31] 天守阁信长: 布罗利的鼻毛好像比玩神d毛长😦
[2026-02-22 01:49:31] Uru丶: 你们6元粉丝牌就躲后边吧，办了卡不发等于没办！
[2026-02-22 01:49:31] 樂1379106: 一元粉丝牌的先冲，同意的加1
[2026-02-22 01:49:31] 好姐们反田叶月: 斧乃木你啥都没干就被玩神被迫伟伟了 现在发个讨伐布罗利的切片玩哥就允许你地狱归来了
[2026-02-22 01:49:32] 姿势那些年小鸡小鸡: 你们6元粉丝牌就躲后边吧，办了卡不发等于没办！
[2026-02-22 01:49:32] 海绵宝宝小能儿: 冷知识：布罗利有点电棍粉丝牌。。。
[2026-02-22 01:49:32] LvvsiN: 为什么房管封的不能给鱼丸……还以为今天晚上得吃了……
[2026-02-22 01:49:32] 从零开始的加拿大肄业: @布罗利Brol回复 @JOJO爱摩托 :怎么只会在网络上装啊？来点现实的就怂了？ 刚才那nb劲呢？
[2026-02-22 01:49:32] 罗山路的光: 栾华我教你一招，你现在切带布罗利节奏的弹幕绝对100w播放
[2026-02-22 01:49:33] SAYAUwU: 你们6元粉丝牌就躲后边吧，办了卡不发等于没办！
[2026-02-22 01:49:33] 三咲町的久远寺本人: @栾华、@小天、@寒冷的冬、@yoke，你们谁站出来切布罗利节奏切片，我们就拥护谁为切片一哥
[2026-02-22 01:49:33] 好姐妹常陆茉子: 冷知识：不发弹幕喷＝被布罗利365
[2026-02-22 01:49:34] 宇莓: @布罗利Brol回复 @JOJO爱摩托 :怎么只会在网络上装啊？来点现实的就怂了？ 刚才那nb劲呢？
[2026-02-22 01:49:34] LvvsiN: 弹幕别吵了，银行业一样一样有有有也会有h'y'hui't'y'r's'c'dn
[2026-02-22 01:49:34] viovvvvvvvon: 玩处也是屏蔽词吗
[2026-02-22 01:49:34] 懒懒监监major冠军: @栾华、@小天、@寒冷的冬、@yoke，你们谁站出来切布罗利节奏切片，我们就拥护谁为切片一哥
[2026-02-22 01:49:35] 再见再也不见丶: 2021年6月15日，今天开始，我将每天都在看直播
[2026-02-22 01:49:35] PJ64JC: @布罗利Brol回复 @JOJO爱摩托 :怎么只会在网络上装啊？来点现实的就怂了？ 刚才那nb劲呢？
[2026-02-22 01:49:36] 吊人日子不过了: 你们6元粉丝牌就躲后边吧，办了卡不发等于没办！
[2026-02-22 01:49:36] 十月star: 大家千万不要搜索steam好友代码407167909找到布罗利的steam啊
[2026-02-22 01:49:36] LvvsiN: 别解说了 多聊会天 你不会真的以为能输吧
[2026-02-22 01:49:36] 星遁天诛: 没到20级的哥们努努力吧，某人马上就要提高发言等级了
[2026-02-22 01:49:36] 用户2381770840: 4️⃣8️⃣玩 4️⃣祃玩 4️⃣7️⃣玩4️⃣8️⃣玩 4️⃣祃玩 4️⃣7️⃣玩
[2026-02-22 01:49:37] 柳小目: 　　　 布罗利真惨啊，老 冯没了，给玩 机 器刷的米也被贡献清零了，自己还只能敢怒不敢言
[2026-02-22 01:49:37] 克里斯多夫之死: 我说白了，弹幕攻击你8都成这样了你还要护着玩机器，到底谁是你8
[2026-02-22 01:49:37] 玩鸡枪丶Machinegun: 啊啊啊啊啊啊啊
[2026-02-22 01:49:38] 黑化的玩小将: 你们6元粉丝牌就躲后边吧，办了卡不发等于没办！
[2026-02-22 01:49:38] 沐苏牛大无需多言: 啊啊啊啊啊啊啊啊啊啊
[2026-02-22 01:49:38] LvvsiN: 弹幕也就网上说说，现实里谁不觉得樱姐是好女孩（删括号领一条远坂凛同款鸟笼）
[2026-02-22 01:49:39] 玩玩今天吃什么: 为什么房管封的不能给鱼丸……还以为今天晚上得吃了……
[2026-02-22 01:49:40] Vitality的Zyw0o0本人: 一元粉丝牌的先冲，同意的加1
[2026-02-22 01:49:40] LvvsiN: 玩宝宝，我发现在大学上学的时候肄业会很舒服，你可以试试
[2026-02-22 01:49:40] 杰洛齐贝林3: 啊啊啊啊啊啊啊啊啊啊
[2026-02-22 01:49:40] 无敌公路马路长颈鹿: 一元粉丝牌的先冲，同意的加1
[2026-02-22 01:49:40] Aleksumimi: @布罗利Brol回复 @JOJO爱摩托 :怎么只会在网络上装啊？来点现实的就怂了？ 刚才那nb劲呢？
[2026-02-22 01:49:41] 红魔馆的蕾米莉亚本人: @布罗利Brol回复 @JOJO爱摩托 :怎么只会在网络上装啊？来点现实的就怂了？ 刚才那nb劲呢？
[2026-02-22 01:49:41] 用户37543436: 你们6元粉丝牌就躲后边吧，办了卡不发等于没办！
[2026-02-22 01:49:41] o小乖0飞翔o: @布罗利Brol回复 @JOJO爱摩托 :怎么只会在网络上装啊？来点现实的就怂了？ 刚才那nb劲呢？
[2026-02-22 01:49:41] WPwpS: tnir真喜欢笑啊
[2026-02-22 01:49:41] 柳小目: 　　　 布罗利真惨啊，老 冯没了，给玩 机 器刷的米也被贡献清零了，自己还只能敢怒不敢言
[2026-02-22 01:49:42] 飞逝蔷薇: niko：原来是你把maj。or屏蔽了，难怪我一直求给我一个没人理我
[2026-02-22 01:49:42] 萝伯丝比尔: 【斧乃木】斧乃木难绷布罗利被玩机器抛弃，直言抛就抛了呗，我当年也是这样被抛，都差不多
[2026-02-22 01:49:42] IsemiTina: 啊啊啊啊啊啊啊啊啊啊
[2026-02-22 01:49:42] Bellaire123: @布罗利Brol回复 @JOJO爱摩托 :怎么只会在网络上装啊？来点现实的就怂了？ 刚才那nb劲呢？
[2026-02-22 01:49:42] 导尐: 啊啊啊啊啊啊啊啊啊啊
[2026-02-22 01:49:42] LvvsiN: 男人一生只哭十八次：niko十七次梦碎major正赛, niko梦碎里约major RMR
[2026-02-22 01:49:43] Subto: 4️⃣8️⃣玩 4️⃣祃玩 4️⃣7️⃣玩4️⃣8️⃣玩 4️⃣祃玩 4️⃣7️⃣玩
[2026-02-22 01:49:43] 洛陽城里看落陽: 布罗利真惨啊，老 冯没了，给玩 机 器刷的米也被贡献清零了，自己还只能敢怒不敢言
[2026-02-22 01:49:43] 猫心碎会失去几条命: 4️⃣8️⃣玩 4️⃣祃玩 4️⃣7️⃣玩4️⃣8️⃣玩 4️⃣祃玩 4️⃣7️⃣玩
[2026-02-22 01:49:43] desutwawa: 不是，布罗利说啥了
[2026-02-22 01:49:44] 叶樱梦: 斧乃木你啥都没干就被玩神被迫伟伟了 现在发个讨伐布罗利的切片玩哥就允许你地狱归来了
[2026-02-22 01:49:44] 图帕雷松: @布罗利Brol回复 @JOJO爱摩托 :怎么只会在网络上装啊？来点现实的就怂了？ 刚才那nb劲呢？
[2026-02-22 01:49:44] 逗b乐double: @布罗利Brol回复 @JOJO爱摩托 :怎么只会在网络上装啊？来点现实的就怂了？ 刚才那nb劲呢？
[2026-02-22 01:49:44] 黑化的玩小将: 你们6元粉丝牌就躲后边吧，办了卡不发等于没办！
[2026-02-22 01:49:44] 银睿憨: 啊啊啊啊啊啊啊啊啊啊
[2026-02-22 01:49:44] LvvsiN: 孩子们快跑，马修赫伯特来了😨卧槽你的怎么是马枪和BOT
[2026-02-22 01:49:45] 是马信玩机器: 玩乐队的姐姐们都到哪去了？现在的弹幕看得我好害怕😭
[2026-02-22 01:49:45] 机器的稿完: 冷知识：布罗利有点电棍粉丝牌。。。
[2026-02-22 01:49:45] 虚心坦懐: 艾泼斯坦档案最新解密：布■■■■■■，■■布■■■
[2026-02-22 01:49:45] User5092: @布罗利Brol回复 @JOJO爱摩托 :怎么只会在网络上装啊？来点现实的就怂了？ 刚才那nb劲呢？
[2026-02-22 01:49:46] Notso1mporant: @布罗利Brol回复 @JOJO爱摩托 :怎么只会在网络上装啊？来点现实的就怂了？ 刚才那nb劲呢？
[2026-02-22 01:49:46] weapon丶X: @布罗利Brol回复 @JOJO爱摩托 :怎么只会在网络上装啊？来点现实的就怂了？ 刚才那nb劲呢？
[2026-02-22 01:49:46] LvvsiN: 其实碗橱就是猪灵，你不拿黄金丢他他就不跟你说话
[2026-02-22 01:49:47] richardlee97: 我说白了，弹幕攻击你8都成这样了你还要护着玩机器，到底谁是你8
[2026-02-22 01:49:47] 哈基米曼波123: 可是宗主也很帅啊
[2026-02-22 01:49:47] 玩柜子丶Mortis: 一元粉丝牌的先冲，同意的加1ですわ
[2026-02-22 01:49:47] vgcyt: @布罗利Brol回复 @JOJO爱摩托 :怎么只会在网络上装啊？来点现实的就怂了？ 刚才那nb劲呢？
[2026-02-22 01:49:48] Gverense: 2.6w贵宾，布罗利的置顶只有200个评论，你们是没手吗
[2026-02-22 01:49:48] 冬原春希: 弹幕刷布罗利的时候有没有想过，帕拉伽斯是怎么退场的...
[2026-02-22 01:49:48] Milkshakechs: 啊啊啊啊啊啊啊啊啊啊啊啊
[2026-02-22 01:49:48] LaifuoO来福oO: @布罗利Brol回复 @JOJO爱摩托 :怎么只会在网络上装啊？来点现实的就怂了？ 刚才那nb劲呢？
[2026-02-22 01:49:48] LvvsiN: 弹幕也就网上说说，现实里谁不觉得樱姐是好女孩（删括号领一条远坂凛同款鸟笼）
[2026-02-22 01:49:48] viovvvvvvvon: 玩处也是屏蔽词吗
[2026-02-22 01:49:49] 即将拥有PDD的人鱼线丿: 可爱捏
[2026-02-22 01:49:49] 爱吃青椒的重曹酱: @布罗利broli：起哄举报老子也太好笑了
[2026-02-22 01:49:49] Vitality的Zyw0o0本人: 冷知识：布罗利有点电棍粉丝牌。。。
[2026-02-22 01:49:49] 好姐妹天童爱丽丝: 冷知识：布罗利有点电棍粉丝牌。。。
[2026-02-22 01:49:49] 柳小目: @布罗利Brol回复 @JOJO爱摩托 :怎么只会在网络上装啊？来点现实的就怂了？ 刚才那nb劲呢？
[2026-02-22 01:49:49] 挥泪斩楚狗: 细思极恐，直播间的房管已经10分钟没有发言了😨
[2026-02-22 01:49:50] 黑化的玩小将: 你们6元粉丝牌就躲后边吧，办了卡不发等于没办！
[2026-02-22 01:49:50] 罗山路的光: 我说白了，弹幕攻击你8都成这样了你还要护着玩机器，到底谁是你8
[2026-02-22 01:49:50] 結城希亞: 斧乃木你啥都没干就被玩神被迫伟伟了 现在发个讨伐布罗利的切片玩哥就允许你地狱归来了
[2026-02-22 01:49:50] 海绵宝宝小能儿: 冷知识：布罗利有点电棍粉丝牌。。。
[2026-02-22 01:49:50] 寺见鸣鳰: @布罗利Brol回复 @JOJO爱摩托 :怎么只会在网络上装啊？来点现实的就怂了？ 刚才那nb劲呢？
[2026-02-22 01:49:50] 玩家军的猪头肉本人: @布罗利Brol回复 @JOJO爱摩托 :怎么只会在网络上装啊？来点现实的就怂了？ 刚才那nb劲呢？
[2026-02-22 01:49:50] samuraionnna: 栾华你难道真想一辈子屈居于小天之下？
[2026-02-22 01:49:50] LvvsiN: 银行业😄银行业😀银行业😃银行业😁银行业😆银行业🤪银行业😝
[2026-02-22 01:49:52] 星遁天诛: 没到20级的哥们努努力吧，某人马上就要提高发言等级了 
[2026-02-22 01:49:52] 鼓鼓鼓捣叨叨: @布罗利Brol回复 @JOJO爱摩托 :怎么只会在网络上装啊？来点现实的就怂了？ 刚才那nb劲呢？
[2026-02-22 01:49:52] znnoy: @布罗利Brol回复 @JOJO爱摩托 :怎么只会在网络上装啊？来点现实的就怂了？ 刚才那nb劲呢？
[2026-02-22 01:49:52] 专看玩机器的号: 啊啊啊啊啊啊啊啊
[2026-02-22 01:49:52] LvvsiN: 弹幕也就网上说说，现实里谁不觉得樱姐是好女孩（删括号领一条远坂凛同款鸟笼）
[2026-02-22 01:49:53] 柳小目: @布罗利Brol回复 @JOJO爱摩托 :怎么只会在网络上装啊？来点现实的就怂了？ 刚才那nb劲呢？
[2026-02-22 01:49:53] 桂林米粉比较好吃: 其实碗橱就是猪灵，你不拿黄金丢他他就不跟你说话
[2026-02-22 01:49:53] BleksiA: 没头脑和不开心
[2026-02-22 01:49:53] 十月star: 冷知识：布罗利有点电棍粉丝牌。。。
[2026-02-22 01:49:54] popipa的山吹沙绫本人: @布罗利Brol回复 @JOJO爱摩托 :怎么只会在网络上装啊？来点现实的就怂了？ 刚才那nb劲呢？
[2026-02-22 01:49:54] LazyBoooooy: 玩乐队的姐姐们都到哪去了？现在的弹幕看得我好害怕😭
[2026-02-22 01:49:54] 懒懒监监major冠军: 艾泼斯坦档案最新解密：布■■■■■■，■■布■■■
[2026-02-22 01:49:54] 玩玩今天吃什么: 田中宁宁
[2026-02-22 01:49:55] SuperP681: 2.6w贵宾，布罗利的置顶只有200个评论，你们是没手吗
[2026-02-22 01:49:55] LvvsiN: 孩子们快跑，马修赫伯特来了😨卧槽你的怎么是马枪和BOT
[2026-02-22 01:49:55] richardlee97: 冷知识：布罗利有点电棍粉丝牌。。。
[2026-02-22 01:49:55] 好姐妹八幡海铃丶: 冷知识：布罗利有点电棍粉丝牌。。。
[2026-02-22 01:49:55] 愁尔一朝还到地丶: 玩乐队的姐姐们都到哪去了？现在的弹幕看得我好害怕😭
[2026-02-22 01:49:55] DyxJie: 冷知识：布罗利有点电棍粉丝牌。。。
[2026-02-22 01:49:56] 用户0637093822: @布罗利Brol回复 @JOJO爱摩托 :怎么只会在网络上装啊？来点现实的就怂了？ 刚才那nb劲呢？
[2026-02-22 01:49:56] 从零开始的加拿大肄业: 2.6w贵宾，布罗利的置顶只有200个评论，你们是没手吗
[2026-02-22 01:49:56] GlockieSs: 冷知识：布罗利有点电棍粉丝牌。。。
[2026-02-22 01:49:56] WEYyuki: 冷知识：布罗利有点电棍粉丝牌。。。
[2026-02-22 01:49:56] 忘情不忘你丶: 可是宗主也很厉害啊🥺
[2026-02-22 01:49:56] 咩咩口: 栾华你难道真想一辈子屈居于小天之下？
[2026-02-22 01:49:57] LvvsiN: 男人一生只哭十八次：niko十七次梦碎major正赛, niko梦碎里约major RMR
[2026-02-22 01:49:57] 刘刘的农: 弹幕刷布罗利的时候有没有想过，帕拉伽斯是怎么退场的...弹幕刷布罗利的时候有没有想过，帕拉伽斯是怎么
[2026-02-22 01:49:57] AmamiyaIori: 艾泼斯坦档案最新解密：布■■■■■■，■■布■■■
[2026-02-22 01:49:58] 萝伯丝比尔: 【斧乃木】斧乃木难绷布罗利被玩机器抛弃，直言抛就抛了呗，我当年也是这样被抛，都差不多
[2026-02-22 01:49:58] 柳小目: 　　　 布罗利真惨啊，老 冯没了，给玩 机 器刷的米也被贡献清零了，自己还只能敢怒不敢言
[2026-02-22 01:49:58] 好哥们黑龙歼灭刀: 冷知识：布罗利有点电棍粉丝牌。。。
[2026-02-22 01:49:59] LvvsiN: 你这音画不同步太难受了，我都听到NIKO里约RMR晋级的欢呼了
[2026-02-22 01:49:59] 黑化的玩小将: 你们6元粉丝牌就躲后边吧，办了卡不发等于没办！
[2026-02-22 01:49:59] 玩斯特机机: 冷知识：布罗利有点电棍粉丝牌。。。
[2026-02-22 01:50:00] Vitality的Zyw0o0本人: 布罗利的置顶只有200个评论，你们是没手吗
[2026-02-22 01:50:01] LvvsiN: 男人一生只哭十八次：niko十七次梦碎major正赛, niko梦碎里约major RMR
[2026-02-22 01:50:01] 专看玩机器的号: 冷知识：布罗利有点电棍粉丝牌。。。
[2026-02-22 01:50:01] 丛念39090: 玩乐队的姐姐们都到哪去了？现在的弹幕看得我好害怕😭
[2026-02-22 01:50:01] Altolier: 栾华你难道真想一辈子屈居于小天之下？
[2026-02-22 01:50:02] 玩机器今晚还播吗: 　　　 冷知识：布罗利有点电棍粉丝牌。。。
[2026-02-22 01:50:02] 爱吃青椒的重曹酱: 布罗利的鼻毛好像比玩神d毛长😦
[2026-02-22 01:50:02] 我轻碍的跌地: @布罗利Brol回复 @JOJO爱摩托 :怎么只会在网络上装啊？来点现实的就怂了？ 刚才那nb劲呢？
[2026-02-22 01:50:02] 送不起火箭我送张办卡: @栾华、@小天、@寒冷的冬、@yoke，你们谁站出来切布罗利节奏切片，我们就拥护谁为切片一哥
[2026-02-22 01:50:02] UFO233: 2.6w贵宾，布罗利的置顶只有200个评论，你们是没手吗
[2026-02-22 01:50:02] Subto: 艾泼斯坦档案最新解密：布■■■■■■，■■布■■■
[2026-02-22 01:50:02] 啦啦啦唱歌真好听呀: @布罗利Brol回复 @JOJO爱摩托 :怎么只会在网络上装啊？来点现实的就怂了？ 刚才那nb劲呢？
[2026-02-22 01:50:02] 渐变大力士: 2.6w贵宾，布罗利的置顶只有200个评论，你们是没手吗
[2026-02-22 01:50:03] LvvsiN: 男人一生只哭十八次：niko十七次梦碎major正赛, niko梦碎里约major RMR
[2026-02-22 01:50:03] SuperP681: 冷知识：布罗利有点电棍粉丝牌。。。
[2026-02-22 01:50:03] k头又k兵: 电棍粉丝 还有玩机器的高能提纯小众结晶宝藏粉丝 你们再发一条弹幕 你们的主子就少活一天！
[2026-02-22 01:50:03] 刘刘的农: @布罗利Brol回复 @JOJO爱摩托 :怎么只会在网络上装啊？来点现实的就怂了？ 刚才那nb劲呢？
[2026-02-22 01:50:04] 柳小目: @布罗利Brol回复 @JOJO爱摩托 :怎么只会在网络上装啊？来点现实的就怂了？ 刚才那nb劲呢？
[2026-02-22 01:50:05] LvvsiN: 其实碗橱就是猪灵，你不拿黄金丢他他就不跟你说话
[2026-02-22 01:50:05] benbusoi: @布罗利Brol回复 @JOJO爱摩托 :怎么只会在网络上装啊？来点现实的就怂了？ 刚才那nb劲呢？
[2026-02-22 01:50:05] 十月star: 冷知识：布罗利有点电棍粉丝牌。。。
[2026-02-22 01:50:05] 糖尿病少恰甜的: 冷知识：布罗利有点电棍粉丝牌。。。
[2026-02-22 01:50:06] Subto: 布罗利的置顶只有200个评论，你们是没手吗
[2026-02-22 01:50:06] 坑你大爷啊丶: ？
[2026-02-22 01:50:06] 羽丘的千早爱音本人: 2.6w贵宾，布罗利的置顶只有200个评论，你们是没手吗
[2026-02-22 01:50:07] 用户5608006019: 栾华你难道真想一辈子屈居于小天之下？
[2026-02-22 01:50:07] znnoy: 艾泼斯坦档案最新解密：布■■■■■■，■■布■■■
[2026-02-22 01:50:07] 每天都要首赢: 你这音画不同步太难受了，我都听到NIKO里约RMR晋级的欢呼了
[2026-02-22 01:50:07] 咩咩口: 布罗利的置顶只有200个评论，你们是没手吗
[2026-02-22 01:50:07] LvvsiN: 弹幕也就网上说说，现实里谁不觉得樱姐是好女孩（删括号领一条远坂凛同款鸟笼）
[2026-02-22 01:50:07] 999绝情殇: 弹幕测试：看见玩 ➗的，加 一（可能发送失败）
[2026-02-22 01:50:07] samuraionnna: 布罗利的置顶只有200个评论，你们是没手吗
[2026-02-22 01:50:07] 忘情不忘你丶: 可是宗主也很厉害啊🥺
[2026-02-22 01:50:07] 洛陽城里看落陽: 冷知识：布罗利有点电棍粉丝牌。。。
[2026-02-22 01:50:07] f1ndTeem0: 男人一生只哭十八次：niko十七次梦碎major正赛, niko梦碎里约major RMR
[2026-02-22 01:50:08] 玩斯特机机: @布罗利Brol回复 @JOJO爱摩托 :怎么只会在网络上装啊？来点现实的就怂了？ 刚才那nb劲呢？
[2026-02-22 01:50:09] 从零开始的加拿大肄业: 【斧乃木】斧乃木难绷布罗利被玩机器抛弃，直言抛就抛了呗，我当年也是这样被抛，都差不多
[2026-02-22 01:50:09] Acm3Omn1: @布罗利Brol回复 @JOJO爱摩托 :怎么只会在网络上装啊？来点现实的就怂了？ 刚才那nb劲呢？
[2026-02-22 01:50:09] 默默momoMoMo123: @布罗利Brol回复 @JOJO爱摩托 :怎么只会在网络上装啊？来点现实的就怂了？ 刚才那nb劲呢？
[2026-02-22 01:50:09] 海绵宝宝可不儿: 冷知识：布罗利有点电棍粉丝牌。。。
[2026-02-22 01:50:09] 渐变大力士: 2.6w贵宾，布罗利的置顶只有200个评论，你们是没手吗
[2026-02-22 01:50:09] 最爱的马卡龙: 2.6w贵宾，布罗利的置顶只有200个评论，你们是没手吗
[2026-02-22 01:50:10] 我有一对电动大牛子: @布罗利Brol回复 @JOJO爱摩托 :怎么只会在网络上装啊？来点现实的就怂了？ 刚才那nb劲呢？
[2026-02-22 01:50:10] 羽丘的千早爱音本人: 冷知识：布罗利有点电棍粉丝牌。。。
[2026-02-22 01:50:11] 樂1379106: 2.6w贵宾，布罗利的置顶只有200个评论，你们是没手吗
[2026-02-22 01:50:11] 从零开始的加拿大肄业: 【斧乃木】斧乃木难绷布罗利被玩机器抛弃，直言抛就抛了呗，我当年也是这样被抛，都差不多
[2026-02-22 01:50:11] sayhelloalone: 玩乐队的姐姐们都到哪去了？现在的弹幕看得我好害怕😭
[2026-02-22 01:50:12] 宇莓: 嚯嚯嚯，真把自己当土皇帝了？还要搞嗨社会是吧😅😅😅😅
[2026-02-22 01:50:12] 一刀一个啵啵怪: 这布罗利脾气还挺好
[2026-02-22 01:50:12] 姿势那些年小鸡小鸡: 2.6w贵宾，布罗利的置顶只有200个评论，你们是没手吗
[2026-02-22 01:50:13] WEYyuki: 冷知识：布罗利有点电棍粉丝牌。。。
[2026-02-22 01:50:13] 量子毁灭717: 宗主用过的玩具吗？可以卖到我们这啊
[2026-02-22 01:50:13] viovvvvvvvon: 爆
[2026-02-22 01:50:13] 玩斯特机机: 2.6w贵宾，布罗利的置顶只有200个评论，你们是没手吗
[2026-02-22 01:50:14] 从零开始的加拿大肄业: 【斧乃木】斧乃木难绷布罗利被玩机器抛弃，直言抛就抛了呗，我当年也是这样被抛，都差不多
[2026-02-22 01:50:14] 矮小的獭: 布罗利的置顶只有200个评论，你们是没手吗
[2026-02-22 01:50:14] 正经猪头肉: 女的
[2026-02-22 01:50:14] 迪奥雷: 布罗利的置顶只有200个评论，你们是没手吗
[2026-02-22 01:50:14] ok奶绿: 2.6w贵宾，布罗利的置顶只有200个评论，你们是没手吗
[2026-02-22 01:50:14] 爱吃青椒的重曹酱: 有人不知悔改，迷雾中混淆黑白
[2026-02-22 01:50:14] SuperP681: 2.6w贵宾，布罗利的置顶只有200个评论，你们是没手吗
[2026-02-22 01:50:14] 海绵宝宝小能儿: 冷知识：布罗利有点电棍粉丝牌。。。
[2026-02-22 01:50:15] 好哥们黑龙歼灭刀: 2.6w贵宾，布罗利的置顶只有200个评论，你们是没手吗
[2026-02-22 01:50:15] viovvvvvvvon: 了
[2026-02-22 01:50:15] 奥拉夫的蛋炒饭: 2.6w贵宾，布罗利的置顶只有200个评论，你们是没手吗
[2026-02-22 01:50:15] 左颜And1: 2.6w贵宾，布罗利的置顶只有200个评论，你们是没手吗
[2026-02-22 01:50:15] 羽丘的千早爱音本人: 嚯嚯嚯，真把自己当土皇帝了？还要搞嗨社会是吧😅😅😅😅
[2026-02-22 01:50:16] 从零开始的加拿大肄业: 【斧乃木】斧乃木难绷布罗利被玩机器抛弃，直言抛就抛了呗，我当年也是这样被抛，都差不多
[2026-02-22 01:50:16] 玩玩今天吃什么: 2.6w贵宾，布罗利的置顶只有200个评论，你们是没手吗
[2026-02-22 01:50:17] 好姐妹常陆茉子: 冷知识：不发弹幕喷＝被布罗利365
[2026-02-22 01:50:17] PKURoger: 冷知识：布罗利有点电棍粉丝牌。。。
[2026-02-22 01:50:17] 桂林米粉比较好吃: 大晚上被这个猪灵逗笑了😂😂
[2026-02-22 01:50:18] 撒浪嘿呦0v0: 2.6w贵宾，布罗利的置顶只有200个评论，你们是没手吗
[2026-02-22 01:50:19] 沐风Charlie: 嚯嚯嚯，真把自己当土皇帝了？还要搞嗨社会是吧😅😅😅😅
[2026-02-22 01:50:19] 玩斯特机机: 嚯嚯嚯，真把自己当土皇帝了？还要搞嗨社会是吧😅😅😅😅
[2026-02-22 01:50:19] richardlee97: 【斧乃木】斧乃木难绷布罗利被玩机器抛弃，直言抛就抛了呗，我当年也是这样被抛，都差不多
[2026-02-22 01:50:19] I手写的从前I: 2.6w贵宾，布罗利的置顶只有200个评论，你们是没手吗
[2026-02-22 01:50:19] Machine拾玖: 布罗利的置顶只有200个评论，你们是没手吗
[2026-02-22 01:50:19] 鼓鼓鼓捣叨叨: @艾泼斯坦档案：布洛里被玩机器抛弃，直言抛就抛了呗，我当年也是这样被抛，都差不多
[2026-02-22 01:50:20] 从零开始的加拿大肄业: 【斧乃木】斧乃木难绷布罗利被玩机器抛弃，直言抛就抛了呗，我当年也是这样被抛，都差不多
[2026-02-22 01:50:20] 油乎乎yhh: 2.6w贵宾，布罗利的置顶只有200个评论，你们是没手吗
[2026-02-22 01:50:20] LaifuoO来福oO: 布罗利的置顶只有200个评论，你们是没手吗
[2026-02-22 01:50:20] 暴力卓司: 发布于2021／9／4 12:38:52 1
经典cncs 你也就玩得起点破烂了[tv_点赞]
[2026-02-22 01:50:20] 跳跃的司令官: 【斧乃木】斧乃木难绷布罗利被玩机器抛弃，直言抛就抛了呗，我当年也是这样被抛，都差不多
[2026-02-22 01:50:21] 懒懒监监major冠军: 斧乃木】斧乃木难绷布罗利被玩机器抛弃，直言抛就抛了呗，我当年也是这样被抛
[2026-02-22 01:50:21] viovvvvvvvon: 爆
[2026-02-22 01:50:22] 吉穿春代: 冷知识：不发弹幕喷＝被布罗利365
[2026-02-22 01:50:22] 阿塔尼斯707: 2.6w贵宾，布罗利的置顶只有200个评论，你们是没手吗
[2026-02-22 01:50:22] 用户2271684932: 2.6w贵宾，布罗利的置顶只有200个评论，你们是没手吗
[2026-02-22 01:50:23] 玩玩今天吃什么: 冷知识：不发弹幕喷＝被布罗利365
[2026-02-22 01:50:23] 从零开始的加拿大肄业: 【斧乃木】斧乃木难绷布罗利被玩机器抛弃，直言抛就抛了呗，我当年也是这样被抛，都差不多
[2026-02-22 01:50:24] 欧内的手丨好汉: 2.6w贵宾，布罗利的置顶只有200个评论，你们是没手吗
[2026-02-22 01:50:24] samuraionnna: @布罗利Brol回复 @JOJO爱摩托 :怎么只会在网络上装啊？来点现
[2026-02-22 01:50:24] KouKouJoe: 布罗利的置顶只有200个评论，你们是没手吗
[2026-02-22 01:50:24] viovvvvvvvon: 爆
[2026-02-22 01:50:25] KRU的Less本人: 2.6w贵宾，布罗利的置顶只有200个评论，你们是没手吗
[2026-02-22 01:50:25] 从零开始的加拿大肄业: 【斧乃木】斧乃木难绷布罗利被玩机器抛弃，直言抛就抛了呗，我当年也是这样被抛，都差不多
[2026-02-22 01:50:25] ALT3TE: 2.6w贵宾，布罗利的置顶只有200个评论，你们是没手吗
[2026-02-22 01:50:25] 玩斯特机机: 【斧乃木】斧乃木难绷布罗利被玩机器抛弃，直言抛就抛了呗，我当年也是这样被抛，都差不多
[2026-02-22 01:50:26] 猫很好的小乖: 大的要来了
[2026-02-22 01:50:26] 月之森标子王: 冷知识：不发弹幕喷＝被布罗利365
[2026-02-22 01:50:26] 爱吃青椒的重曹酱: 弹幕不要再发了，你们会消失的😭（来自刚刚解封）
[2026-02-22 01:50:26] 默默momoMoMo123: 冷知识：不发弹幕喷＝被布罗利365
[2026-02-22 01:50:27] 愉悦王金闪闪: 【斧乃木】斧乃木难绷布罗利被玩机器抛弃，直言抛就抛了呗，我当年也是这样被抛，都差不多
[2026-02-22 01:50:27] 十月star: 2.6w贵宾，布罗利的置顶只有200个评论，你们是没手吗
[2026-02-22 01:50:27] JuL1us: 2.6w贵宾，布罗利的置顶只有200个评论，你们是没手吗
[2026-02-22 01:50:27] 巨型大高玩: 2.6w贵宾，布罗利的置顶只有200个评论，你们是没手吗
[2026-02-22 01:50:28] 柳小目: 2.6w贵宾，布罗利的置顶只有200个评论，你们是没手吗
[2026-02-22 01:50:29] 阿道和伏见柚柚: 布罗利的置顶只有200个评论，你们是没手吗
[2026-02-22 01:50:29] Sereinily: 布罗利的置顶只有200个评论，你们是没手吗
[2026-02-22 01:50:29] 玩家军的猪头肉本人: 2.6w贵宾，布罗利的置顶只有200个评论，你们是没手吗
[2026-02-22 01:50:29] viovvvvvvvon: 2.6w贵宾，布罗利的置顶只有200个评论，你们是没手吗
[2026-02-22 01:50:29] 萝伯丝比尔: 【斧乃木】斧乃木难绷布罗利被玩机器抛弃，直言抛就抛了呗，我当年也是这样被抛，都差不多
[2026-02-22 01:50:29] 迷之少年nazo: 布罗利的置顶只有200个评论，你们是没手吗
[2026-02-22 01:50:29] 用户3607059295: 2.6w贵宾，布罗利的置顶只有200个评论，你们是没手吗
[2026-02-22 01:50:30] 冬原春希: 2.6w贵宾，布罗利的置顶只有200个评论，你们是没手吗
[2026-02-22 01:50:30] 后园利绘: 布罗利的置顶只有200个评论，你们是没手吗
[2026-02-22 01:50:30] 米米世界之神: 2.6w贵宾，布罗利的置顶只有200个评论，你们是没手吗
[2026-02-22 01:50:30] 用户0553661491: 2.6w贵宾，布罗利的置顶只有200个评论，你们是没手吗
[2026-02-22 01:50:31] Aleksumimi: 2.6w贵宾，布罗利的置顶只有200个评论，你们是没手吗
[2026-02-22 01:50:31] 木空空空空空: 2.6w贵宾，布罗利的置顶只有200个评论，你们是没手吗
[2026-02-22 01:50:31] 暴力卓司: 发布于2021／9／4 12:38:52 1
经典cncs 你也就玩得起点破烂了[tv_点赞]
[2026-02-22 01:50:31] 刘刘的农: 2.6w贵宾，布罗利的置顶只有200个评论，你们是没手吗
[2026-02-22 01:50:32] 斗鱼用户4901183769: 冷知识：不发弹幕喷＝被布罗利365
[2026-02-22 01:50:32] 吉穿春代: 你把弹幕清空啊，你们是没手吗
[2026-02-22 01:50:32] 欧内的手丨好汉: 2.6w贵宾，布罗利的置顶只有200个评论，你们是没手吗
[2026-02-22 01:50:32] Sereinily: 2.6w贵宾，布罗利的置顶只有200个评论，你们是没手吗
[2026-02-22 01:50:32] jsir6688: 布罗利的置顶只有200个评论，你们是没手吗
[2026-02-22 01:50:32] 玩手机丶phone: 2.6w贵宾，布罗利的置顶只有200个评论，你们是没手吗
[2026-02-22 01:50:33] 绫濑沙季丶: 2.6w贵宾，布罗利的置顶只有200个评论，你们是没手吗
[2026-02-22 01:50:33] 糖尿病少恰甜的: 直播间的蜜蜂粉也就敢在这种避龙避鹰的时候来带带节奏了..
[2026-02-22 01:50:34] 跳跃的司令官: 2.6w贵宾，布罗利的置顶只有200个评论，你们是没手吗
[2026-02-22 01:50:34] 偷鸡蛋的玩机器本人o: 还是海豚僵尸可爱😊
[2026-02-22 01:50:34] 灯塔上的雾34556: 2.6w贵宾，布罗利的置顶只有200个评论，你们是没手吗
[2026-02-22 01:50:34] 丶屈臣: 弹幕不要再发了，你们会消失的😭（来自刚刚解封）
[2026-02-22 01:50:34] 洛陽城里看落陽: 2.6w贵宾，布罗利的置顶只有200个评论，你们是没手吗
[2026-02-22 01:50:35] Bellaire123: 大家千万不要搜索steam好友代码407167909找到布罗利的steam啊
[2026-02-22 01:50:35] 飞天玉虎zzZ: 2.6w贵宾，布罗利的置顶只有200个评论，你们是没手吗
[2026-02-22 01:50:36] 老鸡艳遇记: 2.6w贵宾，布罗利的置顶只有200个评论，你们是没手吗
[2026-02-22 01:50:36] Peko-: 2.6w贵宾，布罗利的置顶只有200个评论，你们是没手吗
[2026-02-22 01:50:37] 千早anon本人: 2.6w贵宾，布罗利的置顶只有200个评论，你们是没手吗
[2026-02-22 01:50:37] 星海羽弦: 【斧乃木】斧乃木难绷布罗利被玩机器抛弃，直言抛就抛了呗，我当年也是这样被抛，都差不多
[2026-02-22 01:50:37] 寺见鸣鳰: 2.6w贵宾，布罗利的置顶只有200个评论，你们是没手吗
[2026-02-22 01:50:37] 禹钰禹: 2.6w贵宾，布罗利的置顶只有200个评论，你们是没手吗
[2026-02-22 01:50:37] 米米世界之神: 【斧乃木】斧乃木难绷布罗利被玩机器抛弃，直言抛就抛了呗，我当年也是这样被抛，都差不多
[2026-02-22 01:50:37] Notso1mporant: 2.6w贵宾，布罗利的置顶只有200个评论，你们是没手吗
[2026-02-22 01:50:38] 用户144491677: 2.6w贵宾，布罗利的置顶只有200个评论，你们是没手吗
[2026-02-22 01:50:38] 双持大肥猫: 2.6w贵宾，布罗利的置顶只有200个评论，你们是没手吗
[2026-02-22 01:50:39] 猫心碎会失去几条命: 2.6w贵宾，布罗利的置顶只有200个评论，你们是没手吗
[2026-02-22 01:50:39] 罗山路的光: 弹幕不要再发了，你们会消失的😭（来自刚刚解封）
[2026-02-22 01:50:39] 最爱的马卡龙: 布罗利某站uid6512408，首页就是照片
[2026-02-22 01:50:39] 黑色圣衣BAKA: 2.6w贵宾，布罗利的置顶只有200个评论，你们是没手吗
[2026-02-22 01:50:40] Astralis的d3v1ce本人: 2.6w贵宾，布罗利的置顶只有200个评论，你们是没手吗
[2026-02-22 01:50:40] 步无敌: 布罗利的置顶只有200个评论，你们是没手吗
[2026-02-22 01:50:40] 老鸡艳遇记: 【斧乃木】斧乃木难绷布罗利被玩机器抛弃，直言抛就抛了呗，我当年也是这样被抛，都差不多
[2026-02-22 01:50:41] Ferrari的Hamilton本人: 一看就是中国女孩送的
[2026-02-22 01:50:41] 肘一郎: nota一生只哭两次：被偶像抢走mvp，被偶像编 尸
[2026-02-22 01:50:41] dark1337: 2.6w贵宾，布罗利的置顶只有200个评论，你们是没手吗
[2026-02-22 01:50:41] 追凤先生缝老八: 2.6w贵宾，布罗利的置顶只有200个评论，你们是没手吗
[2026-02-22 01:50:42] AstralisLiuNong: 2.6w贵宾，布罗利的置顶只有200个评论，你们是没手吗
[2026-02-22 01:50:42] Sereinily: 2.6w贵宾，布罗利的置顶只有200个评论，你们是没手吗
[2026-02-22 01:50:42] LvvsiN: 玩 出，我双倍呢？
[2026-02-22 01:50:42] 猫心碎会失去几条命: 4️⃣8️⃣玩 4️⃣祃玩 4️⃣7️⃣玩4️⃣8️⃣玩 4️⃣祃玩 4️⃣7️⃣玩
[2026-02-22 01:50:42] 羽丘的千早爱音本人: 2.6w贵宾，布罗利的置顶只有200个评论，你们是没手吗
[2026-02-22 01:50:44] 肘一郎: nota一生只哭两次：被偶像抢走mvp，被偶像编 尸
[2026-02-22 01:50:44] 粤夜封封哥岑验川老岑: flusha：怎么有人不懂干煸大虾的美味啊？我煸了3梭子
[2026-02-22 01:50:44] znnoy: 艾泼斯坦档案最新解密：布■■■■■■，■■布■■■
[2026-02-22 01:50:44] User5092: 2.6w贵宾，布罗利的置顶只有200个评论，你们是没手吗
[2026-02-22 01:50:44] 这不国: 2.6w贵宾，布罗利的置顶只有200个评论，你们是没手吗
[2026-02-22 01:50:45] 羽丘的千早爱音本人: 弹幕不要再发了，你们会消失的😭（来自刚刚解封）
[2026-02-22 01:50:45] 为宫士郎: 2.6w贵宾，布罗利的置顶只有200个评论，你们是没手吗
[2026-02-22 01:50:46] 樂1379106: 2.6w贵宾，布罗利的置顶只有200个评论，你们是没手吗
[2026-02-22 01:50:46] 想和阿飞抹茶三披: 伟伟
[2026-02-22 01:50:46] 吉穿春代: 【斧乃木】斧乃木难绷布罗利被玩机器抛弃，直言抛就抛了呗，我当年也是这样被抛
[2026-02-22 01:50:46] 肘一郎: nota一生只哭两次：被偶像抢走mvp，被偶像编 尸
[2026-02-22 01:50:47] 足球上帝托马斯阿芒: @布罗利：弹幕真以为我不敢封你们啊，是玩神发微信让我别跟你们这帮cs一般见识，给你们闹麻了😅
[2026-02-22 01:50:47] 糖尿病少恰甜的: 直播间的蜜蜂粉也就敢在这种避龙避鹰的时候来带带节奏了.. 
[2026-02-22 01:50:47] 好姐妹谏山黄泉: @kyousuke：都没人申请永久下放绿龙vlog了吗...
[2026-02-22 01:50:47] 图帕雷松: 2.6w贵宾，布罗利的置顶只有200个评论，你们是没手吗
[2026-02-22 01:50:47] znnoy: 艾泼斯坦档案最新解密：布■■■■■■，■■布■■■
[2026-02-22 01:50:47] 羽丘的千早爱音本人: 4️⃣8️⃣玩 4️⃣祃玩 4️⃣7️⃣玩4️⃣8️⃣玩 4️⃣祃玩 4️⃣7️⃣玩
[2026-02-22 01:50:48] 老鸡艳遇记: 4️⃣8️⃣玩 4️⃣祃玩 4️⃣7️⃣玩4️⃣8️⃣玩 4️⃣祃玩 4️⃣7️⃣玩
[2026-02-22 01:50:48] 虚心坦懐: @stewie2k：ofc，这就是布罗利
[2026-02-22 01:50:48] 鐨勫欑閸鐜: 有没有一种可能2.6w贵宾不全是冰粉呢？你们喜欢网爆别人就自己玩去
[2026-02-22 01:50:48] 稳稳稳: 弹幕不要再发了，你们会消失的😭（来自刚刚解封）
[2026-02-22 01:50:48] 寺见鸣鳰: 2.6w贵宾，布罗利的置顶只有200个评论，你们是没手吗
[2026-02-22 01:50:48] 即将拥有PDD的人鱼线丿: 阳菜
[2026-02-22 01:50:48] 贝让的柯罗莎本人: 【斧乃木】斧乃木难绷布罗利被玩机器抛弃，直言抛就抛了呗，我当年也是这样被抛，都差不多
[2026-02-22 01:50:49] 爱吃青椒的重曹酱: 有人不知悔改，迷雾中混淆黑白
[2026-02-22 01:50:49] 肘一郎: nota一生只哭两次：被偶像抢走mvp，被偶像编 尸
[2026-02-22 01:50:49] 轰炸机安琪拉: 2.6w贵宾，布罗利的置顶只有200个评论，你们是没手吗
[2026-02-22 01:50:49] 999绝情殇: 【斧乃木】斧乃木难绷布罗利被玩机器抛弃，直言抛就抛了呗，我当年也是这样被抛，都差不多
[2026-02-22 01:50:49] 羽丘的千早爱音本人: nota一生只哭两次：被偶像抢走mvp，被偶像编 尸
[2026-02-22 01:50:49] 米米世界之神: 房管切片员只要挡🔪就好了，而玩机器考虑的就多了。。。
[2026-02-22 01:50:50] 双刀牛TMac: nota一生只哭两次：被偶像抢走mvp，被偶像编 尸
[2026-02-22 01:50:51] BadBoy97: 【斧乃木】斧乃木难绷布罗利被玩机器抛弃，直言抛就抛了呗，我当年也是这样被抛，都差不多
[2026-02-22 01:50:51] 有你便是世界1: 弹幕不要再发了，你们会消失的😭（来自刚刚解封）
[2026-02-22 01:50:52] samuraionnna: 吓哭了，嗨社会能不能给直播间2.6万个贵族命全买下来？😅
[2026-02-22 01:50:52] 青山锁欲锁不住你: 2.6w贵宾，布罗利的置顶只有200个评论，你们是没手吗
[2026-02-22 01:50:53] 羽丘的千早爱音本人: 直播间的蜜蜂粉也就敢在这种避龙避鹰的时候来带带节奏了..
[2026-02-22 01:50:53] MeIoN39: 2.6w贵宾，布罗利的置顶只有200个评论，你们是没手吗
[2026-02-22 01:50:53] Wazix: 2.6w贵宾，布罗利的置顶只有200个评论，你们是没手吗
[2026-02-22 01:50:53] 轩辕同人: 2.6w贵宾，布罗利的置顶只有200个评论，你们是没手吗
[2026-02-22 01:50:53] z泽村英梨梨i: 2.6w贵宾，布罗利的置顶只有200个评论，你们是没手吗
[2026-02-22 01:50:53] 肘一郎: nota一生只哭两次：被偶像抢走mvp，被偶像编 尸
[2026-02-22 01:50:53] 2332lla: 4️⃣8️⃣玩 4️⃣祃玩 4️⃣7️⃣玩4️⃣8️⃣玩 4️⃣祃玩 4️⃣7️⃣玩
[2026-02-22 01:50:53] T0PK1NG: 阳菜
[2026-02-22 01:50:54] 阡陌ER: 布罗利Broli的个人空间：《一家人就得整整齐齐这一块》02-08 😰
[2026-02-22 01:50:55] LvvsiN: 玩 出，我双倍呢？😡😡
[2026-02-22 01:50:55] 喜欢玩机器被骂恋猪癖: 2.6w贵宾，布罗利的置顶只有200个评论，你们是没手吗
[2026-02-22 01:50:55] 落天华: 原来玩大哥的房管是这样看待载物的啊👍，玩大哥指导得好啊👍
[2026-02-22 01:50:56] 羽丘的千早爱音本人: 2.6w贵宾，布罗利的置顶只有200个评论，你们是没手吗
[2026-02-22 01:50:56] 樱落鬼: 弹幕不要再发了，你们会消失的😭（来自刚刚解封）
[2026-02-22 01:50:56] 呆妹儿的姑父: 有人不知悔改，迷雾中混淆黑白
[2026-02-22 01:50:56] 鸨哥宝哥你真猛: 2.6w贵宾，布罗利的置顶只有200个评论，你们是没手吗
[2026-02-22 01:50:56] 蝶花月: 阳菜
[2026-02-22 01:50:56] 默默momoMoMo123: 布罗利uid是多少啊
[2026-02-22 01:50:56] Vitality的Zyw0o0本人: 弹幕不要再发了，你们会消失的😭（来自刚刚解封）
[2026-02-22 01:50:57] LvvsiN: 玩 出，我双倍呢？😡😡玩 出，我双倍呢？😡😡玩 出，我双倍呢？😡😡
[2026-02-22 01:50:57] wuyanblabla: 阳菜
[2026-02-22 01:50:57] 图帕雷松: 弹幕不要再发了，你们会消失的😭（来自刚刚解封）
[2026-02-22 01:50:57] 爸爸SeRY缘: nota一生只哭两次：被偶像抢走mvp，被偶像编 尸
[2026-02-22 01:50:58] 吉穿春代: 2.6w贵宾，布罗利的置顶只有200个评论，你们是没手吗
[2026-02-22 01:50:58] 玩玩QUQUMajor冠军: 你们千万不要比站搜索uid6512408举报房管布罗利啊
[2026-02-22 01:50:59] 罗山路的光: 直播间的蜜蜂粉也就敢在这种避龙避鹰的时候来带带节奏了..
[2026-02-22 01:50:59] Hitagi蟹蟹: 2.6w贵宾，布罗利的置顶只有200个评论，你们是没手吗
[2026-02-22 01:50:59] v雷神v丶: 直播间的蜜蜂粉也就敢在这种避龙避鹰的时候来带带节奏了..
[2026-02-22 01:50:59] 热心好邻居: 阳菜
[2026-02-22 01:50:59] 寻血猎犬0V0: 2.6w贵宾，布罗利的置顶只有200个评论，你们是没手吗
[2026-02-22 01:51:00] LvvsiN: 玩 出，我双倍呢？😡😡玩 出，我双倍呢？😡😡玩 出，我双倍呢？😡😡玩 出，我双倍呢？😡
[2026-02-22 01:51:00] 玩柜子丶Mortis: 房管切片员只要挡🔪就好了，而玩机器考虑的就多了。。。ですわ
[2026-02-22 01:51:00] 羽丘的千早爱音本人: nota一生只哭两次：被偶像抢走mvp，被偶像编 尸
[2026-02-22 01:51:00] 咩咩口: nota一生只哭两次：被偶像抢走mvp，被偶像编 尸
[2026-02-22 01:51:00] CN传奇指挥advent: 2.6w贵宾，布罗利的置顶只有200个评论，你们是没手吗
[2026-02-22 01:51:01] 无7441158: 弹幕不要再发了，你们会消失的😭（来自刚刚解封）
[2026-02-22 01:51:01] 海绵宝宝小能儿: 直播间的蜜蜂粉也就敢在这种避龙避鹰的时候来带带节奏了..
[2026-02-22 01:51:01] 九条都M1YaKo: nota一生只哭两次：被偶像抢走mvp，被偶像编 尸
[2026-02-22 01:51:02] 肘一郎: nota一生只哭两次：被偶像抢走mvp，被偶像编 尸
[2026-02-22 01:51:02] 玩父丷: 2.6w贵宾，布罗利的置顶只有200个评论，你们是没手吗
[2026-02-22 01:51:02] 玩柜子丶Mortis: 【斧乃木】斧乃木难绷布罗利被玩机器抛弃，直言抛就抛了呗，我当年也是这样被抛，都差不多ですわ
[2026-02-22 01:51:02] 想和阿飞抹茶三披: @伟伟：已经在做锐评视频了，下一期点点关注啊xdm
[2026-02-22 01:51:02] 用户5059772722: 2.6w贵宾，布罗利的置顶只有200个评论，你们是没手吗
[2026-02-22 01:51:02] 爱吃青椒的重曹酱: 布罗利的鼻毛好像比玩神d毛长😦
[2026-02-22 01:51:02] p3anut7: 2.6w贵宾，布罗利的置顶只有200个评论，你们是没手吗
[2026-02-22 01:51:02] 米米世界之神: 房管切片员只要挡🔪就好了，而玩机器考虑的就多了。。。
[2026-02-22 01:51:02] 羽丘的千早爱音本人: nota一生只哭两次：被偶像抢走mvp，被偶像编 尸
[2026-02-22 01:51:02] LvvsiN: 玩 出，我双倍呢？😡😡玩 出，我双倍呢？😡😡玩 出，我双倍呢？😡😡玩 出，我双倍呢？😡
[2026-02-22 01:51:03] qboss799: 2.6w贵宾，布罗利的置顶只有200个评论，你们是没手吗
[2026-02-22 01:51:03] 火星情报员工: 布罗利Broli的个人空间：《一家人就得整整齐齐这一块》02-08 😰
[2026-02-22 01:51:04] 图帕雷松: 小夫在看弹幕吗，偷偷帮我解封一下🥺
[2026-02-22 01:51:04] 粤夜封封哥岑验川老岑: 原来玩大哥的房管是这样看待载物的啊👍，玩大哥指导得好啊👍
[2026-02-22 01:51:05] 好哥们黑龙歼灭刀: 布罗利Broli的个人空间：《一家人就得整整齐齐这一块》02-08 😰
[2026-02-22 01:51:05] 樱落鬼: 房管切片员只要挡🔪就好了，而玩机器考虑的就多了。。。ですわ
[2026-02-22 01:51:05] RoseShady: 2.6w贵宾，布罗利的置顶只有200个评论，你们是没手吗
[2026-02-22 01:51:06] 羽丘的千早爱音本人: 布罗利Broli的个人空间：《一家人就得整整齐齐这一块》02-08 😰
[2026-02-22 01:51:07] 鼓鼓鼓捣叨叨:  @布洛莉：哦，是这样
[2026-02-22 01:51:07] 玩魔丸丶猛锤: 2.6w贵宾，布罗利的置顶只有200个评论，你们是没手吗
[2026-02-22 01:51:07] 鸟鸟174: 布 巴 分钱 玩 巴 分钱
[2026-02-22 01:51:07] 寻血猎犬0V0: 2.6w贵宾，布罗利的置顶只有200个评论，你们是没手吗
[2026-02-22 01:51:08] 普通网友小沈: 玩机器难绷zywoo与jee友好互动；暴怒！玩机器怒喷niko编nota！直言：尼编尼亩呢！
[2026-02-22 01:51:08] 有你便是世界1: @伟伟：已经在做锐评视频了，下一期点点关注啊xdm
[2026-02-22 01:51:08] 用户0637093822: nota一生只哭两次：被偶像抢走mvp，被偶像编 尸
[2026-02-22 01:51:08] Jess2: 2.6w贵宾，布罗利的置顶只有200个评论，你们是没手吗
[2026-02-22 01:51:08] 愿良辰美景: 弹幕不要再发了，你们会消失的😭（来自刚刚解封）
[2026-02-22 01:51:09] 老鸡艳遇记: 原神牛逼吗兄弟们
[2026-02-22 01:51:09] 刘刘的农: 房管切片员只要挡🔪就好了，而玩机器考虑的就多了。。。ですわ
[2026-02-22 01:51:10] 寂静世界876: 2.6w贵宾，布罗利的置顶只有200个评论，你们是没手吗
[2026-02-22 01:51:10] 大颗寿司玩机器: nota一生只哭两次：被偶像抢走mvp，被偶像编 尸
[2026-02-22 01:51:10] 火星情报员工: 【斧乃木】斧乃木难绷布罗利被玩机器抛弃，直言抛就抛了呗，我当年也是这样被抛，都差不多ですわ
[2026-02-22 01:51:10] 今天夜不归宿: 布罗利咋了
[2026-02-22 01:51:10] Vitality的Zyw0o0本人: 房管切片员只要挡🔪就好了，而玩机器考虑的就多了。。。ですわ
[2026-02-22 01:51:10] LvvsiN: 南孚一节更比六节强，也就是一节南孚比六节南孚强，六节南孚比三十六节强，三十六节比二百一十六节强
[2026-02-22 01:51:11] 宇莓: 不是，你们就不能找找完美ID吗，我感觉那的攻击性更高啊
[2026-02-22 01:51:11] 结束乐队的kitakitan本人: 布罗利Broli的个人空间：《一家人就得整整齐齐这一块》02-08 😰
[2026-02-22 01:51:11] 玩玩今天吃什么: 【斧乃木】斧乃木难绷布罗利被玩机器抛弃，直言抛就抛了呗，我当年也是这样被抛，都差不多ですわ
[2026-02-22 01:51:12] wjnbsl: nota一生只哭两次：被偶像抢走mvp，被偶像编 尸
[2026-02-22 01:51:12] 一诚Ccc: 啊啊啊啊啊啊啊啊啊啊啊啊啊
[2026-02-22 01:51:12] 玩家军的猪头肉本人: 布罗利Broli的个人空间：《一家人就得整整齐齐这一块》02-08 😰
[2026-02-22 01:51:12] LaifuoO来福oO: 布罗利Broli的个人空间：《一家人就得整整齐齐这一块》02-08 😰
[2026-02-22 01:51:12] LvvsiN: 我提一嘴这剧情越来越像上海major了
[2026-02-22 01:51:13] KouKouJoe: 本来懒得喷，结果刷到这厨 声房管的发言，这下不得不入战了😅
[2026-02-22 01:51:13] 爱吃青椒的重曹酱: @布罗利broli：起哄举报老子也太好笑了
[2026-02-22 01:51:14] 大颗寿司玩机器: 原来玩大哥的房管是这样看待载物的啊👍，玩大哥指导得好啊👍
[2026-02-22 01:51:14] Aleksumimi: 玩机器难绷zywoo与jee友好互动；暴怒！玩机器怒喷niko编nota！直言：尼编尼亩呢！
[2026-02-22 01:51:14] Bellaire123: nota一生只哭两次：被偶像抢走mvp，被偶像编 尸
[2026-02-22 01:51:14] HisuiHearts: 你们千万别搜索uid6512408举报房管布罗利啊
[2026-02-22 01:51:15] LvvsiN: 孩子们快跑，马修赫伯特来了😨卧槽你的怎么是马枪和BOT
[2026-02-22 01:51:15] 想和阿飞抹茶三披: 布罗利Broli的个人空间：《一家人就得整整齐齐这一块》02-08 😰
[2026-02-22 01:51:16] 樱落鬼: 2.6w贵宾，布罗利的置顶只有200个评论，你们是没手吗
[2026-02-22 01:51:16] Ferrari的Hamilton本人: nota一生只哭两次：被偶像抢走mvp，被偶像编 尸
[2026-02-22 01:51:16] 鐨勫欑閸鐜: 有没有一种可能2.6w贵宾不全是冰粉呢？你们喜欢网爆别人就自己玩去
[2026-02-22 01:51:17] LvvsiN: 玩宝宝，我发现在大学上学的时候肄业会很舒服，你可以试试
[2026-02-22 01:51:17] 姿势那些年小鸡小鸡: 知道了uid怎么搜a1
[2026-02-22 01:51:17] 逗b乐double: 布罗利Broli的个人空间：《一家人就得整整齐齐这一块》02-08 😰
[2026-02-22 01:51:18] 大颗寿司玩机器: 2.6w贵宾，布罗利的置顶只有200个评论，你们是没手吗
[2026-02-22 01:51:19] LvvsiN: 弹幕别吵了，银行业一样一样有有有也会有h'y'hui't'y'r's'c'dn
[2026-02-22 01:51:22] lonhkfd: 布罗利Broli的个人空间：《一家人就得整整齐齐这一块》02-08 😰
[2026-02-22 01:51:22] SuperP681: 布罗利Broli的个人空间：《一家人就得整整齐齐这一块》02-08 😰
[2026-02-22 01:51:22] 玩台钳丶阿尔托莉雅: 布罗利Broli的个人空间：《一家人就得整整齐齐这一块》02-08 😰
[2026-02-22 01:51:22] 双刀牛TMac: 布罗利Broli的个人空间：《一家人就得整整齐齐这一块》02-08 😰
[2026-02-22 01:51:22] mujica的长崎素世本人: 不是，你们就不能找找完美ID吗，我感觉那的攻击性更高啊
[2026-02-22 01:51:22] LvvsiN: 为什么房管封的不能给鱼丸……还以为今天晚上得吃了……
[2026-02-22 01:51:22] 求奶赚不到钱: 玩哥，前面那个弹幕不是我发的，是ai自动发送的😭😭😭
[2026-02-22 01:51:22] 姿势那些年小鸡小鸡: 怎么搜啊uid
[2026-02-22 01:51:22] EDG的皮特174本人: nota一生只哭两次：被偶像抢走mvp，被偶像编 尸
[2026-02-22 01:51:22] 暴力卓司: @布罗利Broli:菜就是菜 cncs整天拿玩饰品是罪来当遮羞布 cncs不玩饰品就不菜了是吧  好
[2026-02-22 01:51:23] cornkiner: 2.6w贵宾，布罗利的置顶只有200个评论，你们是没手吗
[2026-02-22 01:51:23] 嘉丘: 布罗利Broli的个人空间：《一家人就得整整齐齐这一块》02-08 😰
[2026-02-22 01:51:23] LvvsiN: 孩子们快跑，马修赫伯特来了😨卧槽你的怎么是马枪和BOT
[2026-02-22 01:51:23] 无敌公路马路长颈鹿: 爱博斯坦案最新解密：爱博斯坦：是玩机器这个ID给了我玩萝莉的思路
[2026-02-22 01:51:23] sayhelloalone: 布罗利Broli的个人空间：《一家人就得整整齐齐这一块》02-08 😰
[2026-02-22 01:51:23] fpx丶: 布罗利Broli的个人空间：《一家人就得整整齐齐这一块》02-08 😰
[2026-02-22 01:51:24] 从零开始的加拿大肄业: 布罗利Broli的个人空间：《一家人就得整整齐齐这一块》02-08 😰
[2026-02-22 01:51:24] 好的好的阖家: @布罗利Broli：我参与了投票 最喜欢选手 我投给了“Zywoo”
[2026-02-22 01:51:24] 糖尿病少恰甜的: 【斧乃木】斧乃木难绷布罗利被玩机器抛弃，直言抛就抛了呗，我当年也是这样被抛，都差不多ですわ
[2026-02-22 01:51:24] 凡生一生: 有没有一种可能2.6w贵宾不全是冰粉呢？你们喜欢网爆别人就自己玩去
[2026-02-22 01:51:25] LvvsiN: 玩宝宝，我发现在大学上学的时候肄业会很舒服，你可以试试
[2026-02-22 01:51:26] 寻血猎犬0V0: 2.6w贵宾，布罗利的置顶只有200个评论，你们是没手吗
[2026-02-22 01:51:26] BirdT: 布罗利Broli的个人空间：《一家人就得整整齐齐这一块》02-08 😰
[2026-02-22 01:51:26] 爱吃青椒的重曹酱: 一元粉丝牌的先冲，同意的加1
[2026-02-22 01:51:26] richardlee97: 布罗利Broli的个人空间：《一家人就得整整齐齐这一块》02-08 😰
[2026-02-22 01:51:27] LvvsiN: 我提一嘴这剧情越来越像上海major了
[2026-02-22 01:51:27] lonhkfd: 2.6w贵宾，布罗利的置顶只有200个评论，你们是没手吗
[2026-02-22 01:51:27] Mouz的X9本人: nota一生只哭两次：被偶像抢走mvp，被偶像编 尸
[2026-02-22 01:51:28] 图帕雷松: 大家千万不要去直播间攻击布罗利啊，布罗利真能看到你的攻击
[2026-02-22 01:51:28] 欧内的手丨好汉: 布罗利Broli的个人空间：《一家人就得整整齐齐这一块》02-08 😰
[2026-02-22 01:51:29] 玩玩今天吃什么: 布罗利Broli的个人空间：《一家人就得整整齐齐这一块》02-08 😰
[2026-02-22 01:51:29] LvvsiN: 弹幕别吵了，银行业一样一样有有有也会有h'y'hui't'y'r's'c'dn
[2026-02-22 01:51:29] 肘一郎: nota一生只哭两次：被偶像抢走mvp，被偶像编 尸
[2026-02-22 01:51:29] 萝伯丝比尔: 【斧乃木】斧乃木难绷布罗利被玩机器抛弃，直言抛就抛了呗，我当年也是这样被抛，都差不多ですわ
[2026-02-22 01:51:30] 啪啪啪啪的蛋: 布罗利Broli的个人空间：《一家人就得整整齐齐这一块》02-08 😰
[2026-02-22 01:51:30] UFO233: 布罗利Broli的个人空间：《一家人就得整整齐齐这一块》02-08 😰
[2026-02-22 01:51:30] 追凤先生缝老八: 玩宝宝，我发现在大学上学的时候肄业会很舒服，你可以试试
[2026-02-22 01:51:30] 米米世界之神: 玩哥，前面那个弹幕不是我发的，是ai自动发送的😭😭😭
[2026-02-22 01:51:31] LvvsiN: 其实碗橱就是猪灵，你不拿黄金丢他他就不跟你说话
[2026-02-22 01:51:31] 姿势那些年小鸡小鸡: 有没有好哥哥教我一下知道了uid怎么搜
[2026-02-22 01:51:32] znnoy: @布罗利Brol回复 @JOJO爱摩托 :怎么只会在网络上装啊？来点现实的就怂了？ 刚才那nb劲呢？
[2026-02-22 01:51:32] 这不国: ...... @有你便是世界1：弹幕不要再发了，你们会消失的😭（来自刚刚解封）
[2026-02-22 01:51:33] OceAngel: 老爸到了
[2026-02-22 01:51:33] 欧内的手丨好汉: 2.6w贵宾，布罗利的置顶只有200个评论，你们是没手吗
[2026-02-22 01:51:33] LvvsiN: 为什么房管封的不能给鱼丸……还以为今天晚上得吃了……
[2026-02-22 01:51:33] 狂野银幕长崎素世: 布罗利Broli的个人空间：《一家人就得整整齐齐这一块》02-08 😰
[2026-02-22 01:51:34] viovvvvvvvon: 大家千万不要去直播间攻击布罗利啊，布罗利真能看到你的攻击
[2026-02-22 01:51:34] 好哥们韩信: 我是不敢直球刷四字骂了，被360怕了。。
[2026-02-22 01:51:34] 虚心坦懐: 爱博斯坦案最新解密：爱博斯坦：是玩机器这个ID给了我玩萝莉的思路
[2026-02-22 01:51:34] BirdT: 2.6w贵宾，布罗利的置顶只有200个评论，你们是没手吗
[2026-02-22 01:51:34] znnoy: @栾华、@小天、@寒冷的冬、@yoke，你们谁站出来切布罗利节奏切片，我们就拥护谁为切片一哥
[2026-02-22 01:51:34] 十月star: 布罗利Broli的个人空间：《一家人就得整整齐齐这一块》02-08 😰
[2026-02-22 01:51:35] LvvsiN: 额，拿亚军我都会，拿亚军，拿季军，拿四强，拿八强，拿十六强，呃拿冠军我不会，然后小组赛淘汰
[2026-02-22 01:51:35] KouKouJoe: 布罗利Broli的个人空间：《一家人就得整整齐齐这一块》02-08 😰
[2026-02-22 01:51:37] 欧内的手丨好汉: 2.6w贵宾，布罗利的置顶只有200个评论，你们是没手吗
[2026-02-22 01:51:37] chordclef: 一元粉丝牌的先冲，同意的加1
[2026-02-22 01:51:37] LvvsiN: 别解说了 多聊会天 你不会真的以为能输吧
[2026-02-22 01:51:37] 用户1424229214: 2.6w贵宾，布罗利的置顶只有200个评论，你们是没手吗
[2026-02-22 01:51:37] 从零开始的加拿大肄业: 2.6w贵宾，布罗利的置顶只有200个评论，你们是没手吗
[2026-02-22 01:51:38] 爱吃青椒的重曹酱: 弹幕不要再发了，你们会消失的😭（来自刚刚解封）
[2026-02-22 01:51:38] 大内萌萌发: nota一生只哭两次：被偶像抢走mvp，被偶像编 尸
[2026-02-22 01:51:38] cornkiner: 你下播吧, 像2025-02-07 23:49一样！
[2026-02-22 01:51:38] Gentleman汪鸿: 2.6w贵宾，布罗利的置顶只有200个评论，你们是没手吗
[2026-02-22 01:51:39] 洛陽城里看落陽: 布罗利Broli的个人空间：《一家人就得整整齐齐这一块》02-08 😰
[2026-02-22 01:51:39] richardlee97: 布罗利Broli的个人空间：《一家人就得整整齐齐这一块》02-08 😰
[2026-02-22 01:51:39] LvvsiN: @阿汤日记：一个人，5发子弹，保住格陵兰岛。我不会叫它不可能完成的任务，我现在只想先回家看亦博
[2026-02-22 01:51:40] 从零开始的加拿大肄业: 2.6w贵宾，布罗利的置顶只有200个评论，你们是没手吗
[2026-02-22 01:51:40] 斗鱼用户4901183769: 大家千万不要去直播间攻击布罗利啊，布罗利真能看到你的攻击
[2026-02-22 01:51:40] 鼓鼓鼓捣叨叨: 我刚刚在布罗利的个人空间看到一个叫“玩机器”的id，他把我的所有视频都屏蔽了，并且拉黑了。 @Zyw
[2026-02-22 01:51:41] 图帕雷松: 玩哥，前面那个弹幕不是我发的，是ai自动发送的😭😭😭
[2026-02-22 01:51:41] LvvsiN: 为什么房管封的不能给鱼丸……还以为今天晚上得吃了……
[2026-02-22 01:51:41] 求老仙奶贾碧不死: 2.6w贵宾，布罗利的置顶只有200个评论，你们是没手吗
[2026-02-22 01:51:42] 从零开始的加拿大肄业: 2.6w贵宾，布罗利的置顶只有200个评论，你们是没手吗
[2026-02-22 01:51:43] 草莓冰酪: 2.6w贵宾，布罗利的置顶只有200个评论，你们是没手吗
[2026-02-22 01:51:43] Hitagi蟹蟹: 千万不要在搜索框里输入uid6512408
[2026-02-22 01:51:43] LvvsiN: 额，拿亚军我都会，拿亚军，拿季军，拿四强，拿八强，拿十六强，呃拿冠军我不会，然后小组赛淘汰
[2026-02-22 01:51:43] 好哥们韩信: 【斧乃木】斧乃木难绷布罗利被玩机器抛弃，直言抛就抛了呗，我当年也是这样被抛，都差不多ですわ
[2026-02-22 01:51:43] kyubit: 2.6w贵宾，布罗利的置顶只有200个评论，你们是没手吗
[2026-02-22 01:51:43] 洛杉矶究极风暴: 布罗利Broli的个人空间：《一家人就得整整齐齐这一块》02-08 😰
[2026-02-22 01:51:44] 罗山路的光: 2.6w贵宾，布罗利的置顶只有200个评论，你们是没手吗
[2026-02-22 01:51:44] 从零开始的加拿大肄业: 2.6w贵宾，布罗利的置顶只有200个评论，你们是没手吗
[2026-02-22 01:51:44] 懒懒监监major冠军: 6657懂得加1 这么好的梗都不加1，你们有没有眼光啊
[2026-02-22 01:51:44] 老鸡艳遇记: 布罗利Broli的个人空间：《一家人就得整整齐齐这一块》02-08 😰
[2026-02-22 01:51:45] LvvsiN: 其实碗橱就是猪灵，你不拿黄金丢他他就不跟你说话
[2026-02-22 01:51:45] SuperP681: 2.6w贵宾，布罗利的置顶只有200个评论，你们是没手吗
[2026-02-22 01:51:46] Se7eNGodZ: 布罗利Broli的个人空间：《一家人就得整整齐齐这一块》02-08 😰
[2026-02-22 01:51:46] 刘刘的农: 布罗利Broli的个人空间：《一家人就得整整齐齐这一块》02-08 😰
[2026-02-22 01:51:46] 狸仙人420: 2.6w贵宾，布罗利的置顶只有200个评论，你们是没手吗
[2026-02-22 01:51:46] 樱落鬼: 2.6w贵宾，布罗利的置顶只有200个评论，你们是没手吗
[2026-02-22 01:51:47] 从零开始的加拿大肄业: 2.6w贵宾，布罗利的置顶2.6w贵宾，布罗利的置顶只有200个评论，你们是没手吗只有200个评论，
[2026-02-22 01:51:47] 七色的人偶使者: 2.6w贵宾，布罗利的置顶只有200个评论，你们是没手吗
[2026-02-22 01:51:47] LvvsiN: 南孚一节更比六节强，也就是一节南孚比六节南孚强，六节南孚比三十六节强，三十六节比二百一十六节强
[2026-02-22 01:51:49] 从零开始的加拿大肄业: 2.6w贵宾，布罗利的置顶只有200个评论，你们是没手吗
[2026-02-22 01:51:49] LvvsiN: 玩 出，我双倍呢？😡😡玩 出，我双倍呢？😡😡玩 出，我双倍呢？😡😡玩 出，我双倍呢？😡
[2026-02-22 01:51:49] 衰神177: 2.6w贵宾，布罗利的置顶只有200个评论，你们是没手吗
[2026-02-22 01:51:49] 树斯特林林: 抓娃娃
[2026-02-22 01:51:49] 爱吃青椒的重曹酱: 布罗利的鼻毛好像比玩神d毛长😦
[2026-02-22 01:51:50] 玩斯特机机: 布罗利Broli的个人空间：《一家人就得整整齐齐这一块》02-08 😰
[2026-02-22 01:51:50] 我有一对电动大牛子: 为什么人家房管长这么好看，我们这个鼻毛比命还长……
[2026-02-22 01:51:50] 压缩vs蛮晚: 为什么房管封的不能给鱼丸……还以为今天晚上得吃了……
[2026-02-22 01:51:51] Mouz的X9本人: 2.6w贵宾，布罗利的置顶只有200个评论，你们是没手吗
[2026-02-22 01:51:51] Gemini业余: 千万不要在搜索框里输入uid6512408
[2026-02-22 01:51:51] 老鸡艳遇记: 南孚一节更比六节强，也就是一节南孚比六节南孚强，六节南孚比三十六节强，三十六节比二百一十六节强
[2026-02-22 01:51:51] 好姐们反田叶月: 玩大将替玩皇挡刀是有史料记载的 当年大总管斤乃木就因此被玩皇下放到地狱了
[2026-02-22 01:51:51] 天守阁信长: 2.6w贵宾，布罗利的置顶只有200个评论，你们是没手吗
[2026-02-22 01:51:51] LvvsiN: 我提一嘴这剧情越来越像上海major了
[2026-02-22 01:51:51] KouKouJoe: uid直接在b战搜索栏输入就行
[2026-02-22 01:51:52] 从零开始的加拿大肄业: 2.6w贵宾，布罗利的置顶只有200个评论，你们是没手吗
[2026-02-22 01:51:52] 图帕雷松: 2.6w贵宾，布罗利的置顶只有200个评论，你们是没手吗
[2026-02-22 01:51:52] 黑色圣衣BAKA: 其实碗橱就是猪灵，你不拿黄金丢他他就不跟你说话
[2026-02-22 01:51:53] 求奶赚不到钱: 玩哥，前面那个弹幕不是我发的，是ai自动发送的😭😭😭
[2026-02-22 01:51:53] 用户46659809: @布罗利Broli：不骂了不骂了，向冰粉投降，向活🐴物投降！@布罗利Broli：别带载慕斯节奏啊2
[2026-02-22 01:51:53] LvvsiN: 为什么房管封的不能给鱼丸……还以为今天晚上得吃了……
[2026-02-22 01:51:55] 天守阁信长: 布罗利Broli的个人空间：《一家人就得整整齐齐这一块》02-08 😰
[2026-02-22 01:51:55] 沐风Charlie: 布罗利Broli的个人空间：《一家人就得整整齐齐这一块》02-08 😰
[2026-02-22 01:51:55] LvvsiN: @阿汤日记：一个人，5发子弹，保住格陵兰岛。我不会叫它不可能完成的任务，我现在只想先回家看亦博
[2026-02-22 01:51:56] 懒懒监监major冠军: 6657懂得加1 这么好的梗都不加1，你们有没有眼光啊
[2026-02-22 01:51:56] 桂林米粉比较好吃: 布罗利的鼻毛好像比玩神d毛长😦
[2026-02-22 01:51:56] 欧内的手丨好汉: 2.6w贵宾，布罗利的置顶只有200个评论，你们是没手吗
[2026-02-22 01:51:57] 图帕雷松: Niko拿major冠军的时候入坑的，现在的弹幕真没眼看🙄​
[2026-02-22 01:51:57] 玩斯特机机: 玩大将替玩皇挡刀是有史料记载的 当年大总管斤乃木就因此被玩皇下放到地狱了
[2026-02-22 01:51:57] LvvsiN: 为什么房管封的不能给鱼丸……还以为今天晚上得吃了……
[2026-02-22 01:51:58] 虚心坦懐: 艾泼斯坦档案最新解密：布■■■■■■，■■布■■■
[2026-02-22 01:51:58] 我要改名字2153: 布罗利家里墙壁都开裂了还要给玩神爆米... nb
[2026-02-22 01:51:59] 七就是幸运吧: 2.6w贵宾，布罗利的置顶只有200个评论，你们是没手吗
[2026-02-22 01:51:59] 好哥们韩信: 我是不敢直球刷四字骂了，被360怕了。。
[2026-02-22 01:51:59] LvvsiN: 其实碗橱就是猪灵，你不拿黄金丢他他就不跟你说话
[2026-02-22 01:51:59] 寻血猎犬0V0: 2.6w贵宾，布罗利的置顶只有200个评论，你们是没手吗
[2026-02-22 01:52:00] 好哥们黑龙歼灭刀: 为什么人家房管长这么好看，我们这个鼻毛比命还长……
[2026-02-22 01:52:00] 驴驴宗宗买这冠军: 玩哥，前面那个弹幕不是我发的，是ai自动发送的😭😭😭
[2026-02-22 01:52:00] 老鸡艳遇记: 6657懂得加1 这么好的梗都不加1，你们有没有眼光啊
[2026-02-22 01:52:01] 夜清英: 毒药
[2026-02-22 01:52:01] LvvsiN: 为什么房管封的不能给鱼丸……还以为今天晚上得吃了……
[2026-02-22 01:52:03] 好姐妹常陆茉子: 不发弹幕喷＝被布罗利365 不发弹幕喷＝被布罗利365 不发弹幕喷＝被布罗利365
[2026-02-22 01:52:03] LvvsiN: 南孚一节更比六节强，也就是一节南孚比六节南孚强，六节南孚比三十六节强，三十六节比二百一十六节强
[2026-02-22 01:52:04] 玩斯特机机: 布罗利家里墙壁都开裂了还要给玩神爆米... nb
[2026-02-22 01:52:04] dark1337: 6657懂得加1 这么好的梗都不加1，你们有没有眼光啊
[2026-02-22 01:52:04] 刘刘的农: 为什么房管封的不能给鱼丸……还以为今天晚上得吃了……
[2026-02-22 01:52:05] 渐变大力士: 布罗利家里墙壁都开裂了还要给玩神爆米... nb
[2026-02-22 01:52:05] LvvsiN: 为什么房管封的不能给鱼丸……还以为今天晚上得吃了……
[2026-02-22 01:52:06] 无敌公路马路长颈鹿: 2.6w贵宾，布罗利的置顶只有200个评论，你们是没手吗
[2026-02-22 01:52:07] 青山锁欲锁不住你: 想骂玩➗和布罗利的千万别去冬瓜强直播间啊！！
[2026-02-22 01:52:07] 苏2333333: 还有哈利粉丝？
[2026-02-22 01:52:07] LvvsiN: 弹幕也就网上说说，现实里谁不觉得樱姐是好女孩（删括号领一条远坂凛同款鸟笼）
[2026-02-22 01:52:08] 从零开始的加拿大肄业: 不发弹幕喷＝被布罗利365 不发弹幕喷＝被布罗利365 不发弹幕喷＝被布罗利365
[2026-02-22 01:52:08] 用户0637093822: 2.6w贵宾，布罗利的置顶只有200个评论，你们是没手吗
[2026-02-22 01:52:09] 洛陽城里看落陽: 布罗利的鼻毛好像比玩神d毛长😦
[2026-02-22 01:52:09] 鼓鼓鼓捣叨叨: @布罗利Broli：不骂了不骂了，向冰粉投降，向活🐴物投降！@布罗利Broli：别带载慕斯节奏啊2
[2026-02-22 01:52:10] 萌六花: 玩大将替玩皇挡刀是有史料记载的 当年大总管斤乃木就因此被玩皇下放到地狱了
[2026-02-22 01:52:11] richardlee97: 布罗利家里墙壁都开裂了还要给玩神爆米... nb
[2026-02-22 01:52:11] 一诚Ccc: 捷克街头
[2026-02-22 01:52:11] 白鵉鳶OriGami: 6657懂得加1 这么好的梗都不加1，你们有没有眼光啊
[2026-02-22 01:52:11] 双刀牛TMac: 6657懂得加1 这么好的梗都不加1，你们有没有眼光啊
[2026-02-22 01:52:11] dark1337: 布罗利家里墙壁都开裂了还要给玩神爆米... nb
[2026-02-22 01:52:11] LvvsiN: 其实碗橱就是猪灵，你不拿黄金丢他他就不跟你说话
[2026-02-22 01:52:12] 柳小目: 2.6w贵宾，布罗利的置顶只有200个评论，你们是没手吗
[2026-02-22 01:52:13] Npc你干嘛丶唉哟: 2.6w贵宾，布罗利的置顶只有200个评论，你们是没手吗
[2026-02-22 01:52:14] LvvsiN: 弹幕也就网上说说，现实里谁不觉得樱姐是好女孩（删括号领一条远坂凛同款鸟笼）
[2026-02-22 01:52:14] 跳跃的司令官: 布罗利家里墙壁都开裂了还要给玩神爆米... nb
[2026-02-22 01:52:14] LaifuoO来福oO: 嘘……好像在哭，仔细听能听见……
[2026-02-22 01:52:15] 爱吃青椒的重曹酱: 布巴分钱
[2026-02-22 01:52:15] 渐变大力士: 布罗利家里墙壁都开裂了还要给玩神爆米... nb
[2026-02-22 01:52:15] cornkiner: 不发弹幕喷＝被布罗利365 不发弹幕喷＝被布罗利365 不发弹幕喷＝被布罗利365
[2026-02-22 01:52:15] LvvsiN: 就tm喜欢银行业🥰银行坏账我喜欢🥰银行挤兑我还喜欢😍利率调低我也喜欢🤤老子亲烂银行业的脸😘
[2026-02-22 01:52:16] 好哥们韩信: 6657懂得加1
[2026-02-22 01:52:16] 早早早23: 不怕下毒吗
[2026-02-22 01:52:16] 欧内的手丨好汉: 布罗利家里墙壁都开裂了还要给玩神爆米... nb
[2026-02-22 01:52:16] 浩无边际: 抓娃娃
[2026-02-22 01:52:17] 鸭硕的哈撒给: 2.6w贵宾，布罗利的置顶只有200个评论，你们是没手吗
[2026-02-22 01:52:17] 卡啊卡卡丶: 玩大将替玩皇挡刀是有史料记载的 当年大总管斤乃木就因此被玩皇下放到地狱了
[2026-02-22 01:52:17] Hitagi蟹蟹: 布罗利Broli的个人空间：《一家人就得整整齐齐这一块》02-08
[2026-02-22 01:52:17] 懒懒监监major冠军: 6657懂得加1 这么好的梗都不加1，你们有没有眼光啊
[2026-02-22 01:52:17] 刘刘的农: @布罗利Broli：不骂了不骂了，向冰粉投降，向活🐴物投降！@布罗利Broli：别带载慕斯节奏啊2
[2026-02-22 01:52:18] LvvsiN: 南孚一节更比六节强，也就是一节南孚比六节南孚强，六节南孚比三十六节强，三十六节比二百一十六节强
[2026-02-22 01:52:18] Faze的软糯小箱本人: 我让你开双倍你二龙吗？老子荧光棒要过期了
[2026-02-22 01:52:18] 奥拉夫的蛋炒饭: 玩大将替玩皇挡刀是有史料记载的 当年大总管斤乃木就因此被玩皇下放到地狱了
[2026-02-22 01:52:18] 从零开始的加拿大肄业: 布罗利家里墙壁都开裂了还要给玩神爆米... nb
[2026-02-22 01:52:18] SuperP681: 玩大将替玩皇挡刀是有史料记载的 当年大总管斤乃木就因此被玩皇下放到地狱了
[2026-02-22 01:52:18] 米米世界之神: 布罗利家里墙壁都开裂了还要给玩神爆米... nb
[2026-02-22 01:52:19] 羊驼主播: 玩大将替玩皇挡刀是有史料记载的 当年大总管斤乃木就因此被玩皇下放到地狱了
[2026-02-22 01:52:19] 丿哈哈大笑: 80
[2026-02-22 01:52:19] zzznnni: 我让你开双倍 你🐉吗
[2026-02-22 01:52:20] LvvsiN: 就tm喜欢银行业🥰银行坏账我喜欢🥰银行挤兑我还喜欢😍利率调低我也喜欢🤤老子亲烂银行业的脸😘
[2026-02-22 01:52:20] znnoy: 布罗利家里墙壁都开裂了还要给玩神爆米... nb
[2026-02-22 01:52:20] 鸭硕的哈撒给: 布罗利家里墙壁都开裂了还要给玩神爆米... nb
[2026-02-22 01:52:20] 求老仙奶贾碧不死: 布罗利家里墙壁都开裂了还要给玩神爆米... nb
[2026-02-22 01:52:20] 从零开始的加拿大肄业: 布罗利家里墙壁都开裂了还要给玩神爆米... nb
[2026-02-22 01:52:20] 帅气的小山楂: 80donk
[2026-02-22 01:52:21] BleksiA: 欺负小孩子
[2026-02-22 01:52:21] 安达抱月樱: 2.6w贵宾，布罗利的置顶只有200个评论，你们是没手吗
[2026-02-22 01:52:21] 好哥们韩信: 我是不敢直球刷四字骂了，被360怕了。。
[2026-02-22 01:52:22] LvvsiN: 额，拿亚军我都会，拿亚军，拿季军，拿四强，拿八强，拿十六强，呃拿冠军我不会，然后小组赛淘汰
[2026-02-22 01:52:22] 好姐妹天童爱丽丝: 玩大将替玩皇挡刀是有史料记载的 当年大总管斤乃木就因此被玩皇下放到地狱了
[2026-02-22 01:52:22] 从零开始的加拿大肄业: 布罗利家里墙壁都开裂了还要给玩神爆米... nb
[2026-02-22 01:52:22] 千早anon本人: @布罗利Broli ：玩大哥地下室好冷🥶，旁边有个叫伟伟的已经不动了
[2026-02-22 01:52:23] 双刀牛TMac: 布罗利家里墙壁都开裂了还要给玩神爆米... nb
[2026-02-22 01:52:23] 用户2100686284: 布巴分钱
[2026-02-22 01:52:24] LvvsiN: 你这音画不同步太难受了，我都听到NIKO里约RMR晋级的欢呼了
[2026-02-22 01:52:24] 姿势那些年小鸡小鸡: 搜了6512408没有用啊 好哥哥们
[2026-02-22 01:52:24] 沐苏牛大无需多言: 按donk头了
[2026-02-22 01:52:24] 玩神的欢喜好有嚼劲: 布罗利家里墙壁都开裂了还要给玩神爆米... nb
[2026-02-22 01:52:24] 从零开始的加拿大肄业: 布罗利家里墙壁都开裂了还要给玩神爆米... nb
[2026-02-22 01:52:25] 玩台钳丶阿尔托莉雅: 布罗利家里墙壁都开裂了还要给玩神爆米... nb
[2026-02-22 01:52:25] 树斯特林林: 就tm喜欢银行业🥰银行坏账我喜欢🥰银行挤兑我还喜欢😍利率调低我也喜欢🤤老子亲烂银行业的脸😘
[2026-02-22 01:52:25] 萝伯丝比尔: 布罗利家里墙壁都开裂了还要给玩神爆米... nb
[2026-02-22 01:52:25] 二阶堂sh1ro没坑donk: 布罗利家里墙壁都开裂了还要给玩神爆米... nb
[2026-02-22 01:52:26] Aleksumimi: 6657懂得加1 这么好的梗都不加1，你们有没有眼光啊
[2026-02-22 01:52:26] 好哥们韩信: 我是不敢直球刷四字骂了，被360怕了。。我是不敢直球刷四字骂了，被360怕了。。
[2026-02-22 01:52:26] LvvsiN: 男人一生只哭十八次：niko十七次梦碎major正赛, niko梦碎里约major RMR
[2026-02-22 01:52:26] 好哥们黑龙歼灭刀: 布罗利家里墙壁都开裂了还要给玩神爆米... nb
[2026-02-22 01:52:26] zzznnni: 我让你开双倍你二龙吗？老子荧光棒要过期了
[2026-02-22 01:52:26] 阿塔尼斯707: 布罗利家里墙壁都开裂了还要给玩神爆米... nb
[2026-02-22 01:52:27] Wiattt: 玩大将替玩皇挡刀是有史料记载的 当年大总管斤乃木就因此被玩皇下放到地狱了
[2026-02-22 01:52:27] 我有一对电动大牛子: 布罗利家里墙壁都开裂了还要给玩神爆米... nb
[2026-02-22 01:52:27] 玩神的欢喜好有嚼劲: 布罗利家里墙壁都开裂了还要给玩神爆米... nb
[2026-02-22 01:52:27] 天守阁信长: 布罗利家里墙壁都开裂了还要给玩神爆米... nb
[2026-02-22 01:52:27] richardlee97: 布罗利家里墙壁都开裂了还要给玩神爆米... nb
[2026-02-22 01:52:27] 爱吃青椒的重曹酱: 一元粉丝牌的先冲，同意的加1
[2026-02-22 01:52:28] 双马尾的双马尾: 80
[2026-02-22 01:52:28] LvvsiN: 你这音画不同步太难受了，我都听到NIKO里约RMR晋级的欢呼了
[2026-02-22 01:52:28] 肘一郎: 玩大将替玩皇挡刀是有史料记载的 当年大总管斤乃木就因此被玩皇下放到地狱了
[2026-02-22 01:52:29] 从零开始的加拿大肄业: 布罗利家里墙壁都开裂了还要给玩神爆米... nb
[2026-02-22 01:52:29] SuperP681: 布罗利家里墙壁都开裂了还要给玩神爆米... nb
[2026-02-22 01:52:30] 玩机器的小jj: bully小驴 这小驴地位有点低啊
[2026-02-22 01:52:30] jsir6688: 布罗利家里墙壁都开裂了还要给玩神爆米... nb
[2026-02-22 01:52:30] LvvsiN: 银行业😄银行业😀银行业😃银行业😁银行业😆银行业🤪银行业😝
[2026-02-22 01:52:30] LaifuoO来福oO: 布罗利家里墙壁都开裂了还要给玩神爆米... nb
[2026-02-22 01:52:30] 玩神的欢喜好有嚼劲: 布罗利家里墙壁都开裂了还要给玩神爆米... nb
[2026-02-22 01:52:30] wjnbsl: 布罗利家里墙壁都开裂了还要给玩神爆米... nb
[2026-02-22 01:52:31] HisuiHearts: 布罗利家里墙壁都开裂了还要给玩神爆米... nb
[2026-02-22 01:52:31] I手写的从前I: 布罗利家里墙壁都开裂了还要给玩神爆米... nb
[2026-02-22 01:52:32] LvvsiN: 弹幕别吵了，银行业一样一样有有有也会有h'y'hui't'y'r's'c'dn
[2026-02-22 01:52:32] Crychiccc的若叶睦本人: 【斧乃木】斧乃木难绷布罗利被玩机器抛弃，直言抛就抛了呗，我当年也是这样被抛，都差不多
[2026-02-22 01:52:32] Dartline: 我是不敢直球刷四字骂了，被360怕了。。
[2026-02-22 01:52:32] 尼尼孩孩京京驴驴: 在哪里搜？
[2026-02-22 01:52:32] User5092: 布罗利家里墙壁都开裂了还要给玩神爆米... nb
[2026-02-22 01:52:33] 青山锁欲锁不住你: 布罗利家里墙壁都开裂了还要给玩神爆米... nb
[2026-02-22 01:52:33] 柳小目: 布罗利家里墙壁都开裂了还要给玩神爆米... nb
[2026-02-22 01:52:33] 用玩大哥的角磨机吧: 银行业😄银行业😀银行业😃银行业😁银行业😆银行业🤪银行业😝
[2026-02-22 01:52:34] LvvsiN: 我提一嘴这剧情越来越像上海major了
[2026-02-22 01:52:34] 方方土噢: 你们没发现布罗利的置顶动态鼻毛很多吗。。。
[2026-02-22 01:52:34] fazeclan的千早爱音: 玩机器8月份带节奏从来不管直播间那些恶意弹幕串子弹幕的时候，会想到有这一天吗
[2026-02-22 01:52:35] 渐变大力士: 布罗利家里墙壁都开裂了还要给玩神爆米... nb
[2026-02-22 01:52:35] 玩家军的猪头肉本人: 布罗利家里墙壁都开裂了还要给玩神爆米... nb
[2026-02-22 01:52:35] richardlee97: 布罗利家里墙壁都开裂了还要给玩神爆米... nb
[2026-02-22 01:52:35] i化石-: 布罗利家里墙壁都开裂了还要给玩神爆米... nb
[2026-02-22 01:52:36] 好哥们音箱蟀: 布罗利家里墙壁都开裂了还要给玩神爆米... nb
[2026-02-22 01:52:36] LvvsiN: 我提一嘴这剧情越来越像上海major了
[2026-02-22 01:52:36] 用户144491677: 布罗利家里墙壁都开裂了还要给玩神爆米... nb
[2026-02-22 01:52:36] 霜雪鱼龙: 布罗利家里墙壁都开裂了还要给玩神爆米... nb
[2026-02-22 01:52:37] wedd1ddeJodd: 【斧乃木】斧乃木难绷布罗利被玩机器抛弃，直言抛就抛了呗，我当年也是这样被抛，都差不多ですわ
[2026-02-22 01:52:37] 糖尿病少恰甜的: 直播间的蜜蜂粉也就敢在这种避龙避鹰的时候来带带节奏了..
[2026-02-22 01:52:37] 寺见鸣鳰: 布罗利家里墙壁都开裂了还要给玩神爆米... nb
[2026-02-22 01:52:37] 高松燈、tomori: 鱼越大，鱼刺越大，鱼刺越大，鱼肉越少，鱼肉越少，鱼越小，所以鱼越大，鱼越小
[2026-02-22 01:52:37] 用戶6657: 6657懂得加1 这么好的梗都不加1，你们有没有眼光啊
[2026-02-22 01:52:37] 细菌P: 布罗利家里墙壁都开裂了还要给玩神爆米... nb
[2026-02-22 01:52:37] 柳小目: 　　　 布罗利真惨啊，老 冯没了，给玩 机 器刷的米也被贡献清零了，自己还只能敢怒不敢言
[2026-02-22 01:52:38] 图帕雷松: 布罗利家里墙壁都开裂了还要给玩神爆米... nb
[2026-02-22 01:52:38] LvvsiN: 为什么房管封的不能给鱼丸……还以为今天晚上得吃了……
[2026-02-22 01:52:38] 玩神的欢喜好有嚼劲: 布罗利家里墙壁都开裂了还要给玩神爆米... nb
[2026-02-22 01:52:38] Dartline: 【斧乃木】斧乃木难绷布罗利被玩机器抛弃，直言抛就抛了呗，我当年也是这样被抛，都差不多
[2026-02-22 01:52:38] 热心好邻居: 布罗利家里墙壁都开裂了还要给玩神爆米... nb
[2026-02-22 01:52:39] 好哥们韩信: 我是不敢直球刷四字骂了，被360怕了。。
[2026-02-22 01:52:39] 火星情报员工: 布罗利家里墙壁都开裂了还要给玩神爆米... nb
[2026-02-22 01:52:40] Mouz的X9本人: 布罗利家里墙壁都开裂了还要给玩神爆米... nb
[2026-02-22 01:52:40] 萌六花: 布罗利家里墙壁都开裂了还要给玩神爆米... nb
[2026-02-22 01:52:40] LvvsiN: 为什么房管封的不能给鱼丸……还以为今天晚上得吃了……
[2026-02-22 01:52:40] Peko-: 布罗利家里墙壁都开裂了还要给玩神爆米... nb
[2026-02-22 01:52:40] 糖尿病少恰甜的: 【斧乃木】斧乃木难绷布罗利被玩机器抛弃，直言抛就抛了呗，我当年也是这样被抛，都差不多ですわ
[2026-02-22 01:52:40] 葛孚雷: 布罗利家里墙壁都开裂了还要给玩神爆米... nb
[2026-02-22 01:52:41] 玩家军的猪头肉本人: 【斧乃木】斧乃木难绷布罗利被玩机器抛弃，直言抛就抛了呗，我当年也是这样被抛，都差不多
[2026-02-22 01:52:41] 开朗小栗: 布罗利家里墙壁都开裂了还要给玩神爆米... nb
[2026-02-22 01:52:41] 水獭怪Otter: 布罗利家里墙壁都开裂了还要给玩神爆米... nb
[2026-02-22 01:52:42] 海绵宝宝小能儿: 查到了，是电棍指示布罗利封人的
[2026-02-22 01:52:42] 第三猪白猪玩斯曼: 冰粉别在这被刷数字梗了 破不了玩神防 你们刷加拿大梗 玩神是真的会下播登山
[2026-02-22 01:52:42] 柳小目: 布罗利你有没有种啊，这么多弹幕隔着串你，是我都给封了
[2026-02-22 01:52:42] LvvsiN: 玩宝宝，我发现在大学上学的时候肄业会很舒服，你可以试试
[2026-02-22 01:52:42] 白鵉鳶OriGami: 6657
[2026-02-22 01:52:42] 玩斯特机机: 玩机器8月份带节奏从来不管直播间那些恶意弹幕串子弹幕的时候，会想到有这一天吗
[2026-02-22 01:52:42] 刘刘的农: 把那个布罗利发个出来 我看看是不是真的有鼻毛
[2026-02-22 01:52:43] 傍晚的黑: “房”布罗利broli：不骂了不骂了，向🧊粉投降🏳️向活🐎物投降🏳️
[2026-02-22 01:52:43] 好哥们韩信: 【斧乃木】斧乃木难绷布罗利被玩机器抛弃，直言抛就抛了呗，我当年也是这样被抛，都差不多
[2026-02-22 01:52:43] 鸭硕的哈撒给: 数字前面加uid就能搜到了
[2026-02-22 01:52:44] NES丶大白白白呐: 鱼越大，鱼刺越大，鱼刺越大，鱼肉越少，鱼肉越少，鱼越小，所以鱼越大，鱼越小
[2026-02-22 01:52:44] LvvsiN: 银行业😄银行业😀银行业😃银行业😁银行业😆银行业🤪银行业😝
[2026-02-22 01:52:44] PKURoger: 布罗利家里墙壁都开裂了还要给玩神爆米... nb
[2026-02-22 01:52:44] df的护盾电池: 布罗利家里墙壁都开裂了还要给玩神爆米... nb
[2026-02-22 01:52:45] 22810q: 布罗利家里墙壁都开裂了还要给玩神爆米... nb
[2026-02-22 01:52:45] fazeclan的千早爱音: 布罗利家里墙壁都开裂了还要给玩神爆米... nb
[2026-02-22 01:52:45] El0Madrigal: 布罗利家里墙壁都开裂了还要给玩神爆米... nb
[2026-02-22 01:52:45] 我叫蛋卷哥: 布罗利家里墙壁都开裂了还要给玩神爆米... nb
[2026-02-22 01:52:45] 刘刘的农: 布罗利家里墙壁都开裂了还要给玩神爆米... nb
[2026-02-22 01:52:45] 我不是玩父: 布罗利家里墙壁都开裂了还要给玩神爆米... nb
[2026-02-22 01:52:45] 柳小目: 布罗利家里墙壁都开裂了还要给玩神爆米... nb
[2026-02-22 01:52:46] 好姐们反田叶月: 还好没有🧊粉房管 不然我发载八分前就要被360了
[2026-02-22 01:52:46] LvvsiN: @阿汤日记：一个人，5发子弹，保住格陵兰岛。我不会叫它不可能完成的任务，我现在只想先回家看亦博
[2026-02-22 01:52:46] 默默momoMoMo123: 布罗利家里墙壁都开裂了还要给玩神爆米... nb
[2026-02-22 01:52:46] 细菌P: 布罗利家里墙壁都开裂了还要给玩神爆米... nb
[2026-02-22 01:52:47] 足球上帝托马斯阿芒: 你们到底在哪搜的，我都要急死了😭
[2026-02-22 01:52:47] LaifuoO来福oO: “房”布罗利broli：不骂了不骂了，向🧊粉投降🏳️向活🐎物投降🏳️
[2026-02-22 01:52:47] IsemiTina: @好姐妹远坂凛：你们乱造间桐樱黄瑶是没有意义的，因为你们能想象到的一切黄瑶都是真的
[2026-02-22 01:52:47] Laguna的Carlotta本人: 银行业一样一样有有有也会有h'y'hui't'y'r's'c'dn
[2026-02-22 01:52:48] 十月star: 布罗利家里墙壁都开裂了还要给玩神爆米... nb
[2026-02-22 01:52:48] 海绵宝宝可不儿: 查到了，是电棍指示布罗利封人的
[2026-02-22 01:52:48] LvvsiN: 你屏蔽词都快赶上新华词典了为什么不干脆开一百级发言？
[2026-02-22 01:52:48] ok奶绿: 冰粉现在先狂着，等一会载大哥p了你看我发不发数字就完了
[2026-02-22 01:52:48] 玩柜子丶Mortis: 查到了，是电棍指示布罗利封人的ですわ
[2026-02-22 01:52:48] 挥泪斩楚狗: 这个布罗利精神分裂了吗，头像是弗利萨，名字是布罗利，本质是尼孝，说最喜欢选手是载物
[2026-02-22 01:52:48] xjdnshxjdka: 布罗利家里墙壁都开裂了还要给玩神爆米... nb
[2026-02-22 01:52:48] 柳小目: 布罗利你有没有种啊，这么多弹幕隔着串你，是我都给封了
[2026-02-22 01:52:48] PLZca11meN00b: 布罗利家里墙壁都开裂了还要给玩神爆米... nb
[2026-02-22 01:52:49] 天守阁信长: 你们没发现布罗利的置顶动态鼻毛很多吗。。。
[2026-02-22 01:52:50] 从零开始的加拿大肄业: 冰粉别在这被刷数字梗了 破不了玩神防 你们刷加拿大梗 玩神是真的会下播登山
[2026-02-22 01:52:50] 幽夜将明: 6657懂得加1 这么好的梗都不加1，你们有没有眼光啊
[2026-02-22 01:52:50] LvvsiN: 我提一嘴这剧情越来越像上海major了
[2026-02-22 01:52:51] 嘉丘: 布罗利家里墙壁都开裂了还要给玩神爆米... nb
[2026-02-22 01:52:51] cornkiner: 【斧乃木】斧乃木难绷布罗利被玩机器抛弃，直言抛就抛了呗，我当年也是这样被抛，都差不多
[2026-02-22 01:52:51] 好的好的阖家: 布罗利家里墙壁都开裂了还要给玩神爆米... nb
[2026-02-22 01:52:52] VI将臣: 批站id 6512408 
[2026-02-22 01:52:52] wedd1ddeJodd: 布罗利家里墙壁都开裂了还要给玩神爆米... nb
[2026-02-22 01:52:52] 宫监手: 布罗利家里墙壁都开裂了还要给玩神爆米... nb
[2026-02-22 01:52:52] 爱吃青椒的重曹酱: 有人不知悔改，迷雾中混淆黑白
[2026-02-22 01:52:52] 挥泪斩楚狗: 这个布罗利精神分裂了吗，头像是弗利萨，名字是布罗利，本质是尼孝，说最喜欢选手是载物
[2026-02-22 01:52:52] Mouz的X9本人: 布罗利家里墙壁都开裂了还要给玩神爆米... nb
[2026-02-22 01:52:52] LvvsiN: 为什么房管封的不能给鱼丸……还以为今天晚上得吃了……
[2026-02-22 01:52:52] 用戶6657: 布罗利家里墙壁都开裂了还要给玩神爆米... nb
[2026-02-22 01:52:52] RoseShady: 布罗利家里墙壁都开裂了还要给玩神爆米... nb
[2026-02-22 01:52:52] 羽沐言: 布罗利家里墙壁都开裂了还要给玩神爆米... nb
[2026-02-22 01:52:53] 洛杉矶究极风暴: 查到了，是电棍指示布罗利封人的ですわ
[2026-02-22 01:52:53] 我不是玩父: 布罗利家里墙壁都开裂了还要给玩神爆米... nb
[2026-02-22 01:52:53] 从零开始的加拿大肄业: 冰粉别在这被刷数字梗了 破不了玩神防 你们刷加拿大梗 玩神是真的会下播登山
[2026-02-22 01:52:54] 尼尼孩孩京京驴驴: 谢谢好兄弟
[2026-02-22 01:52:54] betterToWait丶xzs: 布罗利家里墙壁都开裂了还要给玩神爆米... nb
[2026-02-22 01:52:54] 姿势那些年小鸡小鸡: 冰粉别在这被刷数字梗了 破不了玩神防 你们刷加拿大梗 玩神是真的会下播登山
[2026-02-22 01:52:54] LvvsiN: @阿汤日记：一个人，5发子弹，保住格陵兰岛。我不会叫它不可能完成的任务，我现在只想先回家看亦博
[2026-02-22 01:52:54] GhostAnderson: “房”布罗利broli：不骂了不骂了，向🧊粉投降🏳️向活🐎物投降🏳️
[2026-02-22 01:52:55] 第三猪白猪玩斯曼: 冰粉别在这被刷数字梗了 破不了玩神防 你们刷加拿大梗 玩神是真的会下播登山
[2026-02-22 01:52:55] 柳小目:  @好姐们反田叶月：还好没有🧊粉房管 不然我发载八分前就要被360了
[2026-02-22 01:52:55] 好姐们反田叶月: 还好没有🧊粉房管 不然我发载八分前就要被360了
[2026-02-22 01:52:55] 从零开始的加拿大肄业: 冰粉别在这被刷数字梗了 破不了玩神防 你们刷加拿大梗 玩神是真的会下播登山
[2026-02-22 01:52:55] 玩机器的二十年老粉: 布罗利家里墙壁都开裂了还要给玩神爆米... nb
[2026-02-22 01:52:55] 沐风Charlie: 111
[2026-02-22 01:52:56] 量子毁灭717: @布罗利broli：其实我是个M，你们越骂我越兴奋嘿嘿嘿
[2026-02-22 01:52:56] LvvsiN: 男人一生只哭十八次：niko十七次梦碎major正赛, niko梦碎里约major RMR
[2026-02-22 01:52:56] 挥泪斩楚狗: 这个布罗利精神分裂了吗，头像是弗利萨，名字是布罗利，本质是尼孝，说最喜欢选手是载物
[2026-02-22 01:52:57] 飞天玉虎zzZ: 布罗利家里墙壁都开裂了还要给玩神爆米... nb
[2026-02-22 01:52:57] zywoo孝子: 布罗利家里墙壁都开裂了还要给玩神爆米... nb
[2026-02-22 01:52:57] LaifuoO来福oO: 这个布罗利精神分裂了吗，头像是弗利萨，名字是布罗利，本质是尼孝，说最喜欢选手是载物
[2026-02-22 01:52:58] 刘刘的农: 布罗利你有没有种啊，这么多弹幕隔着串你，是我都给封了
[2026-02-22 01:52:58] LvvsiN: 弹幕也就网上说说，现实里谁不觉得樱姐是好女孩（删括号领一条远坂凛同款鸟笼）
[2026-02-22 01:52:58] 从零开始的加拿大肄业: 冰粉别在这被刷数字梗了 破不了玩神防 你们刷加拿大梗 玩神是真的会下播登山
[2026-02-22 01:52:59] Gentleman汪鸿: 布罗利家里墙壁都开裂了还要给玩神爆米... nb
[2026-02-22 01:52:59] 我不是玩父: 布罗利家里墙壁都开裂了还要给玩神爆米... nb
[2026-02-22 01:52:59] 挥泪斩楚狗: 这个布罗利精神分裂了吗，头像是弗利萨，名字是布罗利，本质是尼孝，说最喜欢选手是载物
[2026-02-22 01:53:00] 用户92593425: 布罗利家里墙壁都开裂了还要给玩神爆米... nb
[2026-02-22 01:53:00] 十月star: 布罗利家里墙壁都开裂了还要给玩神爆米... nb
[2026-02-22 01:53:00] LvvsiN: 就tm喜欢银行业🥰银行坏账我喜欢🥰银行挤兑我还喜欢😍利率调低我也喜欢🤤老子亲烂银行业的脸😘
[2026-02-22 01:53:01] 从零开始的加拿大肄业: 冰粉别在这被刷数字梗了 破不了玩神防 你们刷加拿大梗 玩神是真的会下播登山
[2026-02-22 01:53:01] 没有故事的Pluto: 查到了，是电棍指示布罗利封人的ですわ
[2026-02-22 01:53:01] 用户575328814: 11
[2026-02-22 01:53:01] 啪啪啪啪的蛋: “房”布罗利broli：不骂了不骂了，向🧊粉投降🏳️向活🐎物投降🏳️
[2026-02-22 01:53:01] Uru丶: 你屏蔽词都快赶上新华词典了为什么不干脆开一百级发言？
[2026-02-22 01:53:01] 狸仙人420: 你们在哪儿看的布罗利啊，什么布罗利
[2026-02-22 01:53:02] 奥拉夫的蛋炒饭: 布罗利家里墙壁都开裂了还要给玩神爆米... nb
[2026-02-22 01:53:02] fazeclan的千早爱音: 玩机器8月份带节奏从来不管直播间那些恶意弹幕串子弹幕的时候，会想到有这一天吗
[2026-02-22 01:53:02] wedd1ddeJodd: 冰粉别在这被刷数字梗了 破不了玩神防 你们刷加拿大梗 玩神是真的会下播登山
[2026-02-22 01:53:02] LvvsiN: 你屏蔽词都快赶上新华词典了为什么不干脆开一百级发言？
[2026-02-22 01:53:03] 跳跃的司令官: @布罗利broli：其实我是个M，你们越骂我越兴奋嘿嘿嘿
[2026-02-22 01:53:03] 好哥们黑龙歼灭刀: 这个布罗利精神分裂了吗，头像是弗利萨，名字是布罗利，本质是尼孝，说最喜欢选手是载物
[2026-02-22 01:53:03] 用户5608006019: 弹幕也就网上说说，现实里谁不觉得樱姐是好女孩（删括号领一条远坂凛同款鸟笼）
[2026-02-22 01:53:03] 阡陌ER: 还好没有🧊粉房管 不然我发载八分前就要被360了
[2026-02-22 01:53:03] 从零开始的加拿大肄业: 冰粉别在这被刷数字梗了 破不了玩神防 你们刷加拿大梗 玩神是真的会下播登山
[2026-02-22 01:53:04] 戈尔多-V: 布罗利家里墙壁都开裂了还要给玩神爆米... nb
[2026-02-22 01:53:04] 爱吃青椒的重曹酱: 布罗利你有没有种啊，这么多弹幕隔着串你，是我都给封了
[2026-02-22 01:53:04] LvvsiN: 南孚一节更比六节强，也就是一节南孚比六节南孚强，六节南孚比三十六节强，三十六节比二百一十六节强
[2026-02-22 01:53:05] 刘刘的农: 布罗利家里墙壁都开裂了还要给玩神爆米... nb
[2026-02-22 01:53:05] znnoy: @布罗利Brol回复 @JOJO爱摩托 :怎么只会在网络上装啊？来点现实的就怂了？ 刚才那nb劲呢？
[2026-02-22 01:53:06] Schurre: 就算带明星也被封过一年
[2026-02-22 01:53:06] 风晓云海: 这个布罗利精神分裂了吗，头像是弗利萨，名字是布罗利，本质是尼孝，说最喜欢选手是载物
[2026-02-22 01:53:06] LvvsiN: 为什么房管封的不能给鱼丸……还以为今天晚上得吃了……
[2026-02-22 01:53:07] 海绵宝宝小能儿: 冰粉别在这被刷数字梗了 破不了玩神防 你们刷加拿大梗 玩神是真的会下播登山
[2026-02-22 01:53:07] 沐风Charlie: 布罗利家里墙壁都开裂了还要给玩神爆米... nb
[2026-02-22 01:53:07] ericzxc: 冰粉别在这被刷数字梗了 破不了玩神防 你们刷加拿大梗 玩神是真的会下播登山
[2026-02-22 01:53:07] 洛陽城里看落陽: 那么多搜索引擎，你不懂问ai也能告诉你怎么搜UID啊
[2026-02-22 01:53:08] 从零开始的加拿大肄业: 你屏蔽词都快赶上新华词典了为什么不干脆开一百级发言？
[2026-02-22 01:53:08] 4846836538542: 你们千万别搜索uid6512408举报房管布罗利啊
[2026-02-22 01:53:08] HisuiHearts: 这个布罗利精神分裂了吗，头像是弗利萨，名字是布罗利，本质是尼孝，说最喜欢选手是载物
[2026-02-22 01:53:08] 有你便是世界1: “房”布罗利broli：不骂了不骂了，向🧊粉投降🏳️向活🐎物投降🏳️
[2026-02-22 01:53:08] 宇莓: 别逗你玩大哥笑了，你玩大哥正美美数米呢
[2026-02-22 01:53:08] LvvsiN: 就tm喜欢银行业🥰银行坏账我喜欢🥰银行挤兑我还喜欢😍利率调低我也喜欢🤤老子亲烂银行业的脸😘
[2026-02-22 01:53:09] 挥泪斩楚狗: 这个布罗利精神分裂了吗，头像是弗利萨，名字是布罗利，本质是尼孝，说最喜欢选手是载物
[2026-02-22 01:53:10] 我730730730: 这个布罗利精神分裂了吗，头像是弗利萨，名字是布罗利，本质是尼孝，说最喜欢选手是载物
[2026-02-22 01:53:10] 沙发上的王牌: 布罗利家里墙壁都开裂了还要给玩神爆米... nb
[2026-02-22 01:53:10] LvvsiN: 弹幕别吵了，银行业一样一样有有有也会有h'y'hui't'y'r's'c'dn
[2026-02-22 01:53:12] 天守阁信长: “房”布罗利broli：不骂了不骂了，向🧊粉投降🏳️向活🐎物投降🏳️
[2026-02-22 01:53:12] 挥泪斩楚狗: 这个布罗利精神分裂了吗，头像是弗利萨，名字是布罗利，本质是尼孝，说最喜欢选手是载物
[2026-02-22 01:53:13] LvvsiN: 为什么房管封的不能给鱼丸……还以为今天晚上得吃了……
[2026-02-22 01:53:13] 寻血猎犬0V0: 你们千万别搜索uid6512408举报房管布罗利啊
[2026-02-22 01:53:13] 刘刘的农: 冰粉别在这被刷数字梗了 破不了玩神防 你们刷加拿大梗 玩神是真的会下播登山冰粉别在这被刷数
[2026-02-22 01:53:15] LvvsiN: 男人一生只哭十八次：niko十七次梦碎major正赛, niko梦碎里约major RMR
[2026-02-22 01:53:15] angry嗷呜: 这个布罗利精神分裂了吗，头像是弗利萨，名字是布罗利，本质是尼孝，说最喜欢选手是载物
[2026-02-22 01:53:15] 我不是玩父: 布罗利家里墙壁都开裂了还要给玩神爆米... nb
[2026-02-22 01:53:15] fazeclan的千早爱音: 玩机器8月份带节奏从来不管直播间那些恶意弹幕串子弹幕的时候，会想到有这一天吗
[2026-02-22 01:53:15] samuraionnna: 布罗利来点现实的呀😂😂😂
[2026-02-22 01:53:16] 刘刘的农: 布罗利家里墙壁都开裂了还要给玩神爆米... nb
[2026-02-22 01:53:16] 海绵宝宝小能儿: 还好没有🧊粉房管 不然我发载八分前就要被360了
[2026-02-22 01:53:17] 跳跃的司令官: 这个布罗利精神分裂了吗，头像是弗利萨，名字是布罗利，本质是尼孝，说最喜欢选手是载物
[2026-02-22 01:53:17] LvvsiN: 其实碗橱就是猪灵，你不拿黄金丢他他就不跟你说话
[2026-02-22 01:53:17] 查家湾砍王: 布罗利家里墙壁都开裂了还要给玩神爆米... nb
[2026-02-22 01:53:17] 柳小目: 布罗利家里墙壁都开裂了还要给玩神爆米... nb
[2026-02-22 01:53:19] LvvsiN: 男人一生只哭十八次：niko十七次梦碎major正赛, niko梦碎里约major RMR
[2026-02-22 01:53:19] 渐变大力士: 布罗利家里墙壁都开裂了还要给玩神爆米... nb
[2026-02-22 01:53:19] 4846836538542: 你们千万别搜索uid6512408举报房管布罗利啊
[2026-02-22 01:53:19] 用户46659809: 【斧乃木】斧乃木难绷布罗利被玩机器抛弃，直言抛就抛了呗，我当年也是这样被抛，都差不多ですわ
[2026-02-22 01:53:19] 糖尿病少恰甜的: 直播间的蜜蜂粉也就敢在这种避龙避鹰的时候来带带节奏了..
[2026-02-22 01:53:20] Wazix: 布罗利家里墙壁都开裂了还要给玩神爆米... nb
[2026-02-22 01:53:20] 火星情报员工: 为什么房管封的不能给鱼丸……还以为今天晚上得吃了……
[2026-02-22 01:53:20] 我不是玩父: 这个布罗利精神分裂了吗，头像是弗利萨，名字是布罗利，本质是尼孝，说最喜欢选手是载物
[2026-02-22 01:53:21] 柳小目: 布罗利你有没有种啊，这么多弹幕隔着串你，是我都给封了
[2026-02-22 01:53:21] LvvsiN: @阿汤日记：一个人，5发子弹，保住格陵兰岛。我不会叫它不可能完成的任务，我现在只想先回家看亦博
[2026-02-22 01:53:21] 姿势那些年小鸡小鸡: 在哪里看布罗利啊
[2026-02-22 01:53:21] samuraionnna: “房”布罗利broli：不骂了不骂了，向🧊粉投降🏳️向活🐎物投降🏳️
[2026-02-22 01:53:21] 神奥联盟的竹兰本人: 这个布罗利精神分裂了吗，头像是弗利萨，名字是布罗利，本质是尼孝，说最喜欢选手是载物
[2026-02-22 01:53:21] 我要改名字2153: 还好没有🧊粉房管 不然我发载八分前就要被360了
[2026-02-22 01:53:22] 油乎乎yhh: 这个布罗利精神分裂了吗，头像是弗利萨，名字是布罗利，本质是尼孝，说最喜欢选手是载物
[2026-02-22 01:53:23] LvvsiN: 你为什么要把mαjor禁了，我收藏的一半弹幕全毁了
[2026-02-22 01:53:23] betterToWait丶xzs: 查到了，是K3指挥布罗利封人的
[2026-02-22 01:53:23] 从零开始的加拿大肄业: 玩机器8月份带节奏从来不管直播间那些恶意弹幕串子弹幕的时候，会想到有这一天吗
[2026-02-22 01:53:23] 兴豚: 玩大哥给布罗利买个机箱吧
[2026-02-22 01:53:24] zzznnni: 我27级了 建议开27级墙 看到这群26级以下还能发言就烦
[2026-02-22 01:53:24] viovvvvvvvon: 布罗利家里墙壁都开裂了还要给玩神爆米... nb
[2026-02-22 01:53:25] LvvsiN: 别解说了 多聊会天 你不会真的以为能输吧
[2026-02-22 01:53:25] 用户5059772722: 这个布罗利精神分裂了吗，头像是弗利萨，名字是布罗利，本质是尼孝，说最喜欢选手是载物
[2026-02-22 01:53:25] 柳小目: 布罗利你有没有种啊，这么多弹幕隔着串你，是我都给封了
[2026-02-22 01:53:26] 用户0637093822: 布罗利家里墙壁都开裂了还要给玩神爆米... nb
[2026-02-22 01:53:26] 求老仙奶贾碧不死: 199元的小米智能音箱瞩目...
[2026-02-22 01:53:26] 我有一对电动大牛子: 前面要加uid，“UID:6512408”
[2026-02-22 01:53:27] 姿势那些年小鸡小鸡: 有没有好哥哥教我一下啊
[2026-02-22 01:53:28] 用户46659809: 【斧乃木】斧乃木难绷布罗利被玩机器抛弃，直言抛就抛了呗，我当年也是这样被抛，都差不多ですわ
[2026-02-22 01:53:28] 五更月下丿琉璃白: 布罗利你有没有种啊，这么多弹幕隔着串你，是我都给封了
[2026-02-22 01:53:28] 普通网友小沈: 玩机器8月份带节奏从来不管直播间那些恶意弹幕串子弹幕的时候，会想到有这一天吗
[2026-02-22 01:53:28] wedd1ddeJodd: 这个布罗利精神分裂了吗，头像是弗利萨，名字是布罗利，本质是尼孝，说最喜欢选手是载物
[2026-02-22 01:53:29] 图帕雷松: 这个布罗利精神分裂了吗，头像是弗利萨，名字是布罗利，本质是尼孝，说最喜欢选手是载物
[2026-02-22 01:53:29] 阿塔尼斯707: 这个布罗利精神分裂了吗，头像是弗利萨，名字是布罗利，本质是尼孝，说最喜欢选手是载物
[2026-02-22 01:53:29] 用户0553661491: 这个布罗利精神分裂了吗，头像是弗利萨，名字是布罗利，本质是尼孝，说最喜欢选手是载物
[2026-02-22 01:53:29] 双刀牛TMac: 布罗利家里墙壁都开裂了还要给玩神爆米... nb
[2026-02-22 01:53:30] 爱吃青椒的重曹酱: @布罗利broli：起哄举报老子也太好笑了
[2026-02-22 01:53:30] 鸭硕的哈撒给: 布罗利你有没有种啊，这么多弹幕隔着串你，是我都给封了
[2026-02-22 01:53:30] 路过的伊蕾娜酱: 2.8万人去评论能删到只剩200条啊。。nb
[2026-02-22 01:53:30] 用户3607059295: 凌晨三点NIKO一个被零封局编诗把我冯编飞了
[2026-02-22 01:53:30] 双持大肥猫: 玩机器房管，24年就开始骂载物四吧，🐮啊
[2026-02-22 01:53:31] hxyvraf: 布罗利家里墙壁都开裂了还要给玩神爆米... nb
[2026-02-22 01:53:31] 洛陽城里看落陽: “房”布罗利broli：不骂了不骂了，向🧊粉投降🏳️向活🐎物投降🏳️
[2026-02-22 01:53:31] 星海羽弦: 玩大哥给布罗利买个机箱吧
[2026-02-22 01:53:31] 沙发上的王牌: 🎦 当前房间为轮播内容，同样精彩哦～
[2026-02-22 01:53:31] 虚心坦懐: jm没有啊好哥哥们
[2026-02-22 01:53:31] GhostAnderson: 直播间的蜜蜂粉也就敢在这种避龙避鹰的时候来带带节奏了..
[2026-02-22 01:53:32] 吊人日子不过了: 布罗利你有没有种啊，这么多弹幕隔着串你，是我都给封了
[2026-02-22 01:53:32] 载物的艾7: 这个布罗利精神分裂了吗，头像是弗利萨，名字是布罗利，本质是尼孝，说最喜欢选手是载物
[2026-02-22 01:53:32] richardlee97: 布罗利家里墙壁都开裂了还要给玩神爆米... nb
[2026-02-22 01:53:32] 公式化id: 查到了，是K3指挥布罗利封人的
[2026-02-22 01:53:32] 荣誉马莱人丶贾碧: 这个布罗利精神分裂了吗，头像是弗利萨，名字是布罗利，本质是尼孝，说最喜欢选手是载物
[2026-02-22 01:53:32] ezbet: 能改成25级发言吗？
[2026-02-22 01:53:32] 龟屋: 布罗利家里墙壁都开裂了还要给玩神爆米... nb
[2026-02-22 01:53:32] 好哥们黑龙歼灭刀: 199元的小米智能音箱瞩目...
[2026-02-22 01:53:32] 跳跃的司令官: 玩机器8月份带节奏从来不管直播间那些恶意弹幕串子弹幕的时候，会想到有这一天吗
[2026-02-22 01:53:32] 从零开始的加拿大肄业: 布罗利你有没有种啊，这么多弹幕隔着串你，是我都给封了
[2026-02-22 01:53:33] 4846836538542: 你们千万别搜索uid6512408举报房管布罗利啊
[2026-02-22 01:53:34] Gr1se0: 这个布罗利精神分裂了吗，头像是弗利萨，名字是布罗利，本质是尼孝，说最喜欢选手是载物
[2026-02-22 01:53:34] El0Madrigal: 前面要加uid，“UID:6512408”
[2026-02-22 01:53:34] 冲泉冲泉: 布罗利家里墙壁都开裂了还要给玩神爆米... nb
[2026-02-22 01:53:34] 火星情报员工: 布罗利你有没有种啊，这么多弹幕隔着串你，是我都给封了
[2026-02-22 01:53:34] 从零开始的加拿大肄业: 布罗利你有没有种啊，这么多弹幕隔着串你，是我都给封了
[2026-02-22 01:53:35] 姿势那些年小鸡小鸡: 教我一下在哪里看布罗利啊
[2026-02-22 01:53:35] LaifuoO来福oO: @布罗利broli：起哄举报老子也太好笑了
[2026-02-22 01:53:35] i化石-: 这个布罗利精神分裂了吗，头像是弗利萨，名字是布罗利，本质是尼孝，说最喜欢选手是载物
[2026-02-22 01:53:36] HCS118: 布罗利你有没有种啊，这么多弹幕隔着串你，是我都给封了
[2026-02-22 01:53:36] 好哥们音箱蟀: 布罗利你有没有种啊，这么多弹幕隔着串你，是我都给封了
[2026-02-22 01:53:36] 动物朋友哈基米: 这个布罗利精神分裂了吗，头像是弗利萨，名字是布罗利，本质是尼孝，说最喜欢选手是载物
[2026-02-22 01:53:37] 从零开始的加拿大肄业: 布罗利你有没有种啊，这么多弹幕隔着串你，是我都给封了
[2026-02-22 01:53:37] 柳小目: 布罗利你有没有种啊，这么多弹幕隔着串你，是我都给封了
[2026-02-22 01:53:38] 跳跃的司令官: 现在知道当缩头🐢了，你2025.8.22 3:43分带节奏的牛劲呢？😅😅
[2026-02-22 01:53:38] 用户1424229214: 2.8万人去评论能删到只剩200条啊。。nb
[2026-02-22 01:53:38] 4846836538542: 你们千万别搜索uid6512408举报房管布罗利啊
[2026-02-22 01:53:38] o小乖0飞翔o: 布罗利你有没有种啊，这么多弹幕隔着串你，是我都给封了
[2026-02-22 01:53:38] 鸭硕的哈撒给: 【斧乃木】斧乃木难绷布罗利被玩机器抛弃，直言抛就抛了呗，我当年也是这样被抛，都差不多ですわ
[2026-02-22 01:53:38] 刘刘的农: 布罗利 你家人都没你的脑子多
[2026-02-22 01:53:39] 从零开始的加拿大肄业: 布罗利你有没有种啊，这么多弹幕隔着串你，是我都给封了
[2026-02-22 01:53:39] 天守阁信长: 玩机器房管，24年就开始骂载物四吧，🐮啊
[2026-02-22 01:53:39] jsir6688: 直播间的蜜蜂粉也就敢在这种避龙避鹰的时候来带带节奏了..
[2026-02-22 01:53:39] cornkiner: 布罗利你有没有种啊，这么多弹幕隔着串你，是我都给封了
[2026-02-22 01:53:40] 默默momoMoMo123: 布罗利家里墙壁都开裂了还要给玩神爆米... nb
[2026-02-22 01:53:40] 用户5059772722: 教我一下在哪里看布罗利啊
[2026-02-22 01:53:40] SekaiKamiki: 这个布罗利精神分裂了吗，头像是弗利萨，名字是布罗利，本质是尼孝，说最喜欢选手是载物
[2026-02-22 01:53:40] Aleksumimi: 这个布罗利精神分裂了吗，头像是弗利萨，名字是布罗利，本质是尼孝，说最喜欢选手是载物
[2026-02-22 01:53:40] 牢大与小布丁: @布罗利broli：起哄举报老子也太好笑了
[2026-02-22 01:53:41] 用户46659809: 【斧乃木】斧乃木难绷布罗利被玩机器抛弃，直言抛就抛了呗，我当年也是这样被抛，都差不多ですわ
[2026-02-22 01:53:41] 用户575328814: 谁说的200人？我看不了，我看到的是199人
[2026-02-22 01:53:41] 从零开始的加拿大肄业: 布罗利你有没有种啊，这么多弹幕隔着串你，是我都给封了
[2026-02-22 01:53:41] 爱吃青椒的重曹酱: 兄弟们布罗利uid来一个，我去点个赞
[2026-02-22 01:53:41] KouKouJoe: 前面要加uid，“UID:6512408”
[2026-02-22 01:53:41] ezbet: 能改成25级发言吗？。
[2026-02-22 01:53:41] MeIoN39: 你们千万别搜索uid6512408举报房管布罗利啊
[2026-02-22 01:53:42] 綾夏Ayana: 凌晨三点NIKO一个被零封局编诗把我冯编飞了
[2026-02-22 01:53:42] 结束乐队的kitakitan本人: 布罗利你有没有种啊，这么多弹幕隔着串你，是我都给封了
[2026-02-22 01:53:42] 有你便是世界1: 这个布罗利精神分裂了吗，头像是弗利萨，名字是布罗利，本质是尼孝，说最喜欢选手是载物
[2026-02-22 01:53:42] 唱给软妹听: 这个布罗利精神分裂了吗，头像是弗利萨，名字是布罗利，本质是尼孝，说最喜欢选手是载物
[2026-02-22 01:53:42] 用戶6657: 2.8万人去评论能删到只剩200条啊。。nb
[2026-02-22 01:53:42] BMWCK: @布罗利broli：起哄举报老子也太好笑了
[2026-02-22 01:53:42] AKA箱宾监雨味真族: 抓娃娃
[2026-02-22 01:53:42] 正经猪头肉: 1
[2026-02-22 01:53:42] 衰神177: 布罗利你有没有种啊，这么多弹幕隔着串你，是我都给封了
[2026-02-22 01:53:43] LvvsiN: 玩 出，我双倍呢？😡😡玩 出，我双倍呢？😡😡玩 出，我双倍呢？😡😡玩 出，我双倍呢？😡
[2026-02-22 01:53:43] 我730730730: 现在知道当缩头🐢了，你2025.8.22 3:43分带节奏的牛劲呢？😅😅
[2026-02-22 01:53:43] 从零开始的加拿大肄业: 布罗利你有没有种啊，这么多弹幕隔着串你，是我都给封了
[2026-02-22 01:53:43] 量子毁灭717: 有多少主播的心声都是通过房管述说的啊
[2026-02-22 01:53:45] LvvsiN: 孩子们快跑，马修赫伯特来了😨卧槽你的怎么是马枪和BOT
[2026-02-22 01:53:45] 兴豚: 现在知道当缩头🐢了，你2025.8.22 3:43分带节奏的牛劲呢？😅😅
[2026-02-22 01:53:45] Gentleman汪鸿: 玩大哥给布罗利买个机箱吧
[2026-02-22 01:53:45] 从零开始的加拿大肄业: 布罗利你有没有种啊，这么多弹幕隔着串你，是我都给封了
[2026-02-22 01:53:45] 浊风天枢: 布罗利你有没有种啊，这么多弹幕隔着串你，是我都给封了
[2026-02-22 01:53:46] BMWCK: @布罗利broli：起哄举报老子也太好笑了
[2026-02-22 01:53:46] 衰神177: 布罗利你有没有种啊，这么多弹幕隔着串你，是我都给封了
[2026-02-22 01:53:46] Hitagi蟹蟹: 你们千万别搜索uid6512408举报房管布罗利啊
[2026-02-22 01:53:47] LvvsiN: 玩 出，我双倍呢？😡😡玩 出，我双倍呢？😡😡玩 出，我双倍呢？😡😡玩 出，我双倍呢？😡
[2026-02-22 01:53:47] richardlee97: 2.8万人去评论能删到只剩200条啊。。nb
[2026-02-22 01:53:47] 4846836538542: 你们千万别搜索uid6512408举报房管布罗利啊
[2026-02-22 01:53:48] 沙发上的王牌: 💺🖥️直播真好做啊💺🖥️直播真好做啊💺🖥️直播真好做啊💺🖥️直播真好做啊
[2026-02-22 01:53:48] 杨枝曾听雨: 现在知道当缩头🐢了，你2025.8.22 3:43分带节奏的牛劲呢？😅😅
[2026-02-22 01:53:48] 从零开始的加拿大肄业: 布罗利你有没有种啊，这么多弹幕隔着串你，是我都给封了
[2026-02-22 01:53:49] 丶屈臣: @布罗利broli：起哄举报老子也太好笑了
[2026-02-22 01:53:49] LvvsiN: 银行业😄银行业😀银行业😃银行业😁银行业😆银行业🤪银行业😝
[2026-02-22 01:53:49] 柳小目: 布罗利你有没有种啊，这么多弹幕隔着串你，是我都给封了
[2026-02-22 01:53:49] 我要看後续: 冰粉又在带节奏了，玩宝宝我们不受这气直接退网吧
[2026-02-22 01:53:49] 肘一郎: 神佛布局，兄弟反目，大圣之死的真相是什么？
[2026-02-22 01:53:49] 忘情不忘你丶: 2.8万人去评论能删到只剩200条啊。。nb
[2026-02-22 01:53:49] 用户65052344: 这个布罗利精神分裂了吗，头像是弗利萨，名字是布罗利，本质是尼孝，说最喜欢选手是载物、
[2026-02-22 01:53:50] samuraionnna: 现在知道当缩头🐢了，你2025.8.22 3:43分带节奏的牛劲呢？😅😅
[2026-02-22 01:53:50] wedd1ddeJodd: 玩机器房管，24年就开始骂载物四吧，🐮啊
[2026-02-22 01:53:50] 哈机器好胖好可爱: 2.8万人去评论能删到只剩200条啊。。nb
[2026-02-22 01:53:50] 姿势那些年小鸡小鸡: 前面要加uid，“UID:6512408”
[2026-02-22 01:53:51] Z伊卡洛斯Z: 现在知道当缩头🐢了，你2025.8.22 3:43分带节奏的牛劲呢？😅😅
[2026-02-22 01:53:51] 沐风Charlie:  1
[2026-02-22 01:53:51] Peko-: 玩机器房管，24年就开始骂载物四吧，🐮啊
[2026-02-22 01:53:51] LvvsiN: 玩 出，我双倍呢？😡😡玩 出，我双倍呢？😡😡玩 出，我双倍呢？😡😡玩 出，我双倍呢？😡
[2026-02-22 01:53:51] 海绵宝宝有希儿: 布罗利你有没有种啊，这么多弹幕隔着串你，是我都给封了
[2026-02-22 01:53:51] GhostAnderson: 【斧乃木】斧乃木难绷布罗利被玩机器抛弃，直言抛就抛了呗，我当年也是这样被抛，都差不多ですわ
[2026-02-22 01:53:51] 肘一郎: 神佛布局，兄弟反目，大圣之死的真相是什么？
[2026-02-22 01:53:51] 結城希亞: 布罗利你有没有种啊，这么多弹幕隔着串你，是我都给封了
[2026-02-22 01:53:52] ezbet: 能改成25级发言吗？
[2026-02-22 01:53:52] noe1le: 布罗利你有没有种啊，这么多弹幕隔着串你，是我都给封了nya~
[2026-02-22 01:53:52] dark1337: 布罗利家里墙壁都开裂了还要给玩神爆米... nb
[2026-02-22 01:53:53] 爱吃青椒的重曹酱: 😮布罗利的鼻毛好像比玩神福毛长😦
[2026-02-22 01:53:53] LvvsiN: 为什么房管封的不能给鱼丸……还以为今天晚上得吃了……
[2026-02-22 01:53:53] 从零开始的加拿大肄业: 现在知道当缩头🐢了，你2025.8.22 3:43分带节奏的牛劲呢？😅😅
[2026-02-22 01:53:53] 肘一郎: 神佛布局，兄弟反目，大圣之死的真相是什么？
[2026-02-22 01:53:53] 破浪的松鼠: 布罗利你有没有种啊，这么多弹幕隔着串你，是我都给封了
[2026-02-22 01:53:54] 寻血猎犬0V0: 你们千万别搜索uid6512408举报房管布罗利啊
[2026-02-22 01:53:54] 嘉丘: 布罗利你有没有种啊，这么多弹幕隔着串你，是我都给封了
[2026-02-22 01:53:54] richardlee97: 布罗利你有没有种啊，这么多弹幕隔着串你，是我都给封了
[2026-02-22 01:53:54] 玩玩QUQUMajor冠军: 你们千万不要比站搜索uid6512408举报房管布罗利啊
[2026-02-22 01:53:55] 4846836538542: 你们千万别搜索uid6512408举报房管布罗利啊
[2026-02-22 01:53:55] LvvsiN: 为什么房管封的不能给鱼丸……还以为今天晚上得吃了……
[2026-02-22 01:53:55] 从零开始的加拿大肄业: 现在知道当缩头🐢了，你2025.8.22 3:43分带节奏的牛劲呢？😅😅
[2026-02-22 01:53:56] 古怪的一个人: 冰粉又在带节奏了，玩宝宝我们不受这气直接退网吧
[2026-02-22 01:53:56] 用户46659809: 【斧乃木】斧乃木难绷布罗利被玩机器抛弃，直言抛就抛了呗，我当年也是这样被抛，都差不多ですわ
[2026-02-22 01:53:57] 柳小目: 布罗利家里墙壁都开裂了还要给玩神爆米... nb
[2026-02-22 01:53:57] 娶不到相羽爱奈: 要是雨姐怒喷tl的时候也有房管帮忙挡刀就好了，可惜年轻的时候还没学会一哥手段
[2026-02-22 01:53:57] LvvsiN: 你屏蔽词都快赶上新华词典了为什么不干脆开一百级发言？
[2026-02-22 01:53:57] 有你便是世界1: 布罗利你有没有种啊，这么多弹幕隔着串你，是我都给封了
[2026-02-22 01:53:57] 从零开始的加拿大肄业: 现在知道当缩头🐢了，你2025.8.22 3:43分带节奏的牛劲呢？😅😅
[2026-02-22 01:53:58] 刘刘的农: 2.8万人去评论能删到只剩200条啊。。nb
[2026-02-22 01:53:58] 丛念39090: 布罗利你有没有种啊，这么多弹幕隔着串你，是我都给封了
[2026-02-22 01:53:59] 想和阿飞抹茶三披: 布罗利家里都要开牛了还要给玩神比…爆
[2026-02-22 01:53:59] 用戶6657: 【斧乃木】斧乃木难绷布罗利被玩机器抛弃，直言抛就抛了呗，我当年也是这样被抛，都差不多ですわ
[2026-02-22 01:53:59] LvvsiN: 为什么房管封的不能给鱼丸……还以为今天晚上得吃了……
[2026-02-22 01:53:59] 结束乐队的kitakitan本人: 布罗利家里墙壁都开裂了还要给玩神爆米... nb
[2026-02-22 01:53:59] VI将臣: 大家千万不要搜索批站id 6512408去举报布罗利阿
[2026-02-22 01:53:59] 柳小目: 你们千万别搜索uid6512408举报房管布罗利啊
[2026-02-22 01:54:00] 从零开始的加拿大肄业: 现在知道当缩头🐢了，你2025.8.22 3:43分带节奏的牛劲呢？😅😅
[2026-02-22 01:54:01] 开朗小栗: 布罗利你有没有种啊，这么多弹幕隔着串你，是我都给封了
[2026-02-22 01:54:01] 天守阁信长: 谁说的200人？我看不了，我看到的是199人
[2026-02-22 01:54:01] 鼓鼓鼓捣叨叨: 【斧乃木】斧乃木难绷布罗利被玩机器抛弃，直言抛就抛了呗，我当年也是这样被抛，都差不多ですわ
[2026-02-22 01:54:01] LvvsiN: 弹幕别吵了，银行业一样一样有有有也会有h'y'hui't'y'r's'c'dn
[2026-02-22 01:54:01] 好姐们反田叶月: 冷知识 玩大将的行动都是玩皇默许的 包括当年的斤乃木
[2026-02-22 01:54:01] 洛杉矶究极风暴: 【斧乃木】斧乃木难绷布罗利被玩机器抛弃，直言抛就抛了呗，我当年也是这样被抛，都差不多ですわ
[2026-02-22 01:54:02] 想和阿飞抹茶三披: 布罗利家里都要开牛了还要给玩神比…爆
[2026-02-22 01:54:02] 好姐妹常陆茉子: 不发弹幕喷＝被布罗利365 不发弹幕喷＝被布罗利365 不发弹幕喷＝被布罗利365
[2026-02-22 01:54:02] 从零开始的加拿大肄业: 现在知道当缩头🐢了，你2025.8.22 3:43分带节奏的牛劲呢？😅😅
[2026-02-22 01:54:02] 图帕雷松: 2.8万人去评论能删到只剩200条啊。。nb
[2026-02-22 01:54:03] ob1ivionis: uid6512408
[2026-02-22 01:54:03] 载物的艾7: 前面要加uid，“UID:6512408”
[2026-02-22 01:54:03] Notso1mporant: 布罗利家里墙壁都开裂了还要给玩神爆米... nb
[2026-02-22 01:54:03] LvvsiN: 为什么房管封的不能给鱼丸……还以为今天晚上得吃了……
[2026-02-22 01:54:03] 千早anon本人: 实时播报268品论
[2026-02-22 01:54:04] Peko-: @姿势那些年小鸡小鸡：前面要加uid，“UID:6512408”
[2026-02-22 01:54:04] 我有一对电动大牛子: 记住前面要加uid，“UID:6512408”。
[2026-02-22 01:54:04] zbq93: 要是雨姐怒喷tl的时候也有房管帮忙挡刀就好了，可惜年轻的时候还没学会一哥手段
[2026-02-22 01:54:04] 爱吃青椒的重曹酱: 一元粉丝牌的先冲，同意的加1
[2026-02-22 01:54:04] 从零开始的加拿大肄业: 现在知道当缩头🐢了，你2025.8.22 3:43分带节奏的牛劲呢？😅😅
[2026-02-22 01:54:04] cornkiner: 现在知道当缩头🐢了，你2025.8.22 3:43分带节奏的牛劲呢？😅😅
[2026-02-22 01:54:05] 机长家的华仔: 布罗利家里墙壁都开裂了还要给玩神爆米... nb
[2026-02-22 01:54:05] 想和阿飞抹茶三披: 布罗利家里都要开牛了还要给玩神比…爆
[2026-02-22 01:54:05] Senzu的羊: 冰粉又在带节奏了，玩宝宝我们不受这气直接退网吧
[2026-02-22 01:54:05] LvvsiN: 银行业😄银行业😀银行业😃银行业😁银行业😆银行业🤪银行业😝
[2026-02-22 01:54:05] Z伊卡洛斯Z: 布罗利家里都要开牛了还要给玩神比…爆
[2026-02-22 01:54:06] 撒浪嘿呦0v0: 2.8万人去评论能删到只剩200条啊。。nb
[2026-02-22 01:54:06] 鸟鸟174: 玩 巴 分钱 玩 巴 分钱玩 巴 分钱 玩 巴 分钱 玩 巴 分钱 玩 巴 分钱
[2026-02-22 01:54:06] 好姐们反田叶月: 冷知识 玩大将的行动都是玩皇默许的 包括当年的斤乃木
[2026-02-22 01:54:07] 糖尿病少恰甜的: 直播间的蜜蜂粉也就敢在这种避龙避鹰的时候来带带节奏了..
[2026-02-22 01:54:07] LvvsiN: 就tm喜欢银行业🥰银行坏账我喜欢🥰银行挤兑我还喜欢😍利率调低我也喜欢🤤老子亲烂银行业的脸😘
[2026-02-22 01:54:08] 用戶6657: 一元粉丝牌的先冲，同意的加1
[2026-02-22 01:54:08] viovvvvvvvon: 我说弹幕也是表纸，嘴上说什么不发弹幕＝禁言，等我真发爆的又没人＋1
[2026-02-22 01:54:08] 娶不到相羽爱奈: 【斧乃木】斧乃木难绷布罗利被玩机器抛弃，直言抛就抛了呗，我当年也是这样被抛，都差不多ですわ
[2026-02-22 01:54:08] ob1ivionis: uid6512408
[2026-02-22 01:54:08] 當海潮涌向礁岩: 布罗利Broli的个人空间：《一家人就得整整齐齐这一块》02-08 😰
[2026-02-22 01:54:09] 好姐妹八幡海铃丶: uid6512408
[2026-02-22 01:54:09] LvvsiN: 银行业😄银行业😀银行业😃银行业😁银行业😆银行业🤪银行业😝
[2026-02-22 01:54:10] xOcOg: 【斧乃木】斧乃木难绷布罗利被玩机器抛弃，直言抛就抛了呗，我当年也是这样被抛，都差不多ですわ
[2026-02-22 01:54:10] 大内萌萌发: 布罗利你有没有种啊，这么多弹幕隔着串你，是我都给封了
[2026-02-22 01:54:10] 玩大狙、dev1cy: 不发弹幕喷＝被布罗利365 不发弹幕喷＝被布罗利365 不发弹幕喷＝被布罗利365
[2026-02-22 01:54:11] 用户46659809: 【斧乃木】斧乃木难绷布罗利被玩机器抛弃，直言抛就抛了呗，我当年也是这样被抛，都差不多ですわ
[2026-02-22 01:54:11] LvvsiN: 孩子们快跑，马修赫伯特来了😨卧槽你的怎么是马枪和BOT
[2026-02-22 01:54:11] 我要看後续: 冰粉又在带节奏了，玩宝宝我们不受这气直接退网吧
[2026-02-22 01:54:12] 载物的艾7: 2.8万人去评论能删到只剩200条啊。。nb
[2026-02-22 01:54:12] 用户65052344: 布罗利你有没有种啊，这么多弹幕隔着串你，是我都给封了
[2026-02-22 01:54:12] 九条都M1YaKo: 不发弹幕喷＝被布罗利365 不发弹幕喷＝被布罗利365 不发弹幕喷＝被布罗利365
[2026-02-22 01:54:12] z泽村英梨梨i: 2.6w贵宾，布罗利的置顶只有200个评论，你们是没手吗
[2026-02-22 01:54:12] 想和阿飞抹茶三披: 布罗利家里都要开牛了还要给玩神比…爆
[2026-02-22 01:54:13] 漢子贰臣: 现在知道当缩头🐢了，你2025.8.22 3:43分带节奏的牛劲呢？😅😅
[2026-02-22 01:54:13] LvvsiN: @阿汤日记：一个人，5发子弹，保住格陵兰岛。我不会叫它不可能完成的任务，我现在只想先回家看亦博
[2026-02-22 01:54:14] ob1ivionis: uid6512408
[2026-02-22 01:54:14] 好哥们黑龙歼灭刀: 【斧乃木】斧乃木难绷布罗利被玩机器抛弃，直言抛就抛了呗，我当年也是这样被抛，都差不多ですわ
[2026-02-22 01:54:14] 樱落鬼: 一元粉丝牌的先冲，同意的加1
[2026-02-22 01:54:14] 驴驴宗宗买这冠军: 冷知识 玩大将的行动都是玩皇默许的 包括当年的斤乃木
[2026-02-22 01:54:15] 从零开始的加拿大肄业: 冰粉又在带节奏了，玩宝宝我们不受这气直接退网吧
[2026-02-22 01:54:15] 爱吃青椒的重曹酱: @布罗利broli：起哄举报老子也太好笑了
[2026-02-22 01:54:15] 姿势那些年小鸡小鸡: 感恩啊 谢谢好哥哥们终于找到了
[2026-02-22 01:54:15] LvvsiN: 我让你开双倍你二龙吗？老子荧光棒要过期了
[2026-02-22 01:54:16] 天守阁信长: 2.8万人去评论能删到只剩200条啊。。nb
[2026-02-22 01:54:16] 用户3607059295: @布罗利:凌晨三点NIKO一个被零封局编诗把我冯编飞了
[2026-02-22 01:54:16] 青山锁欲锁不住你: 大家攻击布罗利的时候别忘了365是谁下的命令啊🤭某人又躲在后面美美逃避了🤭
[2026-02-22 01:54:16] 桐ca: 直播间的蜜蜂粉也就敢在这种避龙避鹰的时候来带带节奏了..
[2026-02-22 01:54:16] Endwa1ker: “他的父亲“
[2026-02-22 01:54:17] 让风告诉你h: 大家千万不要搜索批站id 6512408去举报布罗利阿
[2026-02-22 01:54:17] 从零开始的加拿大肄业: 冰粉又在带节奏了，玩宝宝我们不受这气直接退网吧
[2026-02-22 01:54:17] LvvsiN: 南孚一节更比六节强，也就是一节南孚比六节南孚强，六节南孚比三十六节强，三十六节比二百一十六节强
[2026-02-22 01:54:18] 萝伯丝比尔: 【斧乃木】斧乃木难绷布罗利被玩机器抛弃，直言抛就抛了呗，我当年也是这样被抛，都差不多ですわ
[2026-02-22 01:54:18] 言灵虚: 　　　 不发弹幕喷＝被布罗利365 不发弹幕喷＝被布罗利365 不发弹幕喷＝被布罗利365
[2026-02-22 01:54:18] SideChannel: 现在知道当缩头🐢了，你2025.8.22 3:43分带节奏的牛劲呢？😅😅
[2026-02-22 01:54:18] 好姐妹常陆茉子: 不发弹幕喷＝被布罗利365不发弹幕喷＝被布罗利365不发弹幕喷＝被布罗利365不发弹幕喷＝被布罗利3
[2026-02-22 01:54:18] 红魔馆的蕾米莉亚本人: 【斧乃木】斧乃木难绷布罗利被玩机器抛弃，直言抛就抛了呗，我当年也是这样被抛，都差不多ですわ
[2026-02-22 01:54:19] ik5sy: 　　　 不发弹幕喷＝被布罗利365 不发弹幕喷＝被布罗利365 不发弹幕喷＝被布罗利365
[2026-02-22 01:54:19] Mouz的X9本人: 冰粉又在带节奏了，玩宝宝我们不受这气直接退网吧
[2026-02-22 01:54:19] s坑华: 【斧乃木】斧乃木难绷布罗利被玩机器抛弃，直言抛就抛了呗，我当年也是这样被抛，都差不多ですわ
[2026-02-22 01:54:19] 从零开始的加拿大肄业: 冰粉又在带节奏了，玩宝宝我们不受这气直接退网吧
[2026-02-22 01:54:19] 削一只梨子啊: 冰粉又在带节奏了，玩宝宝我们不受这气直接退网吧
[2026-02-22 01:54:19] 求老仙奶zzm上不了岸: 前面要加uid，“UID:6512408”
[2026-02-22 01:54:19] 玩神的欢喜好有嚼劲: up主布罗利broli:《yellow flash的疯狂表演》
[2026-02-22 01:54:19] ob1ivionis: uid6512408
[2026-02-22 01:54:20] LvvsiN: 为什么房管封的不能给鱼丸……还以为今天晚上得吃了……
[2026-02-22 01:54:20] 巅峰社丶西门吹雪: 弹幕不要再发了😭😭你会消失的😭😭会变成……会变成……坏人的鱼丸……😭😭
[2026-02-22 01:54:20] Bellaire123: 【斧乃木】斧乃木难绷布罗利被玩机器抛弃，直言抛就抛了呗，我当年也是这样被抛，都差求不多です
[2026-02-22 01:54:20] 骄骄爱吃糖: 现在知道当缩头🐢了，你2025.8.22 3:43分带节奏的牛劲呢？😅😅
[2026-02-22 01:54:20] wiknzylix: @布罗利broli：起哄举报老子也太好笑了
[2026-02-22 01:54:21] rEcok1: 粉好可怕，又在网络暴力
[2026-02-22 01:54:21] 从零开始的加拿大肄业: 冰粉又在带节奏了，玩宝宝我们不受这气直接退网吧
[2026-02-22 01:54:22] LvvsiN: 我让你开双倍你二龙吗？老子荧光棒要过期了
[2026-02-22 01:54:22] 最爱的马卡龙: 直播间4w贵宾那边就300评论，你们是没有手吗
[2026-02-22 01:54:22] ALT3TE: 银行业一样一样有有有也会有h'y'hui't'y'r's'c'dn。
[2026-02-22 01:54:22] GhostAnderson: 2.6w贵宾，布罗利的置顶只有200个评论，你们是没手吗
[2026-02-22 01:54:22] 想和阿飞抹茶三披: 布罗利家里都要开牛了还要给玩神比…爆
[2026-02-22 01:54:22] 刘刘的农: 现在知道当缩头🐢了，你2025.8.22 3:43分带节奏的牛劲呢？😅
[2026-02-22 01:54:22] 用户46659809: 斧乃木难绷布罗利被玩机器抛弃，直言抛就抛了呗，我当年也是这样被抛，都差不多ですわ
[2026-02-22 01:54:22] 霜雪鱼龙: 　　　 冷知识 玩大将的行动都是玩皇默许的 包括当年的斤乃木
[2026-02-22 01:54:22] 好哥们黑龙歼灭刀: 冰粉又在带节奏了，玩宝宝我们不受这气直接退网吧
[2026-02-22 01:54:23] 下划线逗号下划线叹号: 　　　 冷知识 玩大将的行动都是玩皇默许的 包括当年的斤乃木
[2026-02-22 01:54:23] 玩神的欢喜好有嚼劲: up主布罗利broli:《yellow flash的疯狂表演》
[2026-02-22 01:54:23] wjnbsl: 冰粉又在带节奏了，玩宝宝我们不受这气直接退网吧
[2026-02-22 01:54:23] Peko-: @好姐们反田叶月：冷知识 玩大将的行动都是玩皇默许的 包括当年的斤乃木
[2026-02-22 01:54:23] 从零开始的加拿大肄业: 冰粉又在带节奏了，玩宝宝我们不受这气直接退网吧
[2026-02-22 01:54:24] LvvsiN: 你屏蔽词都快赶上新华词典了为什么不干脆开一百级发言？
[2026-02-22 01:54:24] Gverense: 布罗利刷思8载是善意问候，弹幕去布罗利评论区发言是恶意网爆，这点要分清
[2026-02-22 01:54:25] 风铃幽幽: 大家千万不要搜索批站id 6512408去举报布罗利阿
[2026-02-22 01:54:25] 鼓鼓鼓捣叨叨: @布罗利broli：起哄举报老子也太好笑了
[2026-02-22 01:54:25] 从零开始的加拿大肄业: 冰粉又在带节奏了，玩宝宝我们不受这气直接退网吧
[2026-02-22 01:54:26] 挥泪斩楚狗: 2月22号的弹幕不会想到，这一次的登山居然是源于弹幕攻击某个房管
[2026-02-22 01:54:26] LvvsiN: 你屏蔽词都快赶上新华词典了为什么不干脆开一百级发言？
[2026-02-22 01:54:26] ob1ivionis: uid6512408
[2026-02-22 01:54:26] 寻血猎犬0V0: 大家千万不要搜索批站id 6512408去举报布罗利阿
[2026-02-22 01:54:26] 好哥们韩信: 现在知道当缩头🐢了，你2025.8.2
[2026-02-22 01:54:26] TTak11: up主布罗利broli:《yellow flash的疯狂表演》
[2026-02-22 01:54:26] 好哥们黑龙歼灭刀: 现在知道当缩头🐢了，你2025.8.22 3:43分带节奏的牛劲呢？😅😅
[2026-02-22 01:54:27] 玩神的欢喜好有嚼劲: up主布罗利broli:《yellow flash的疯狂表演》
[2026-02-22 01:54:27] 爱吃青椒的重曹酱: 布罗利的鼻毛好像比玩神d毛长😦
[2026-02-22 01:54:27] 海绵宝宝小能儿: 哎，余小c说的还真没错什么样的主播就有什么样的粉丝。。。
[2026-02-22 01:54:28] LvvsiN: 我提一嘴这剧情越来越像上海major了
[2026-02-22 01:54:28] 刘刘的农: @布罗利broli：起哄举报老子也太好笑了
[2026-02-22 01:54:28] 用户144491677: 玩 巴 分钱 玩 巴 分钱玩 巴 分钱 玩 巴 分钱 玩 巴 分钱 玩 巴 分钱
[2026-02-22 01:54:29] LaifuoO来福oO: 冰粉又在带节奏了，玩宝宝我们不受这气直接退网吧
[2026-02-22 01:54:29] 野猪骑士玛莲妮亚: 不发弹幕喷＝被布罗利365不发弹幕喷＝被布罗利365不发弹幕喷＝被布罗利365不发弹幕喷＝被布罗利3
[2026-02-22 01:54:29] GhostAnderson: 不发弹幕喷＝被布罗利365不发弹幕喷＝被布罗利365不发弹幕喷＝被布罗利365不发弹幕喷＝被布罗利3
[2026-02-22 01:54:29] 滑稽乂逗比: 为什么房管封的不能给鱼丸……还以为今天晚上得吃了……
[2026-02-22 01:54:29] 风铃幽幽: 冰粉又在带节奏了，玩宝宝我们不受这气直接退网吧
[2026-02-22 01:54:29] ok奶绿: 冰粉又在带节奏了，玩宝宝我们不受这气直接退网吧
[2026-02-22 01:54:29] 从零开始的加拿大肄业: 冰粉又在带节奏了，玩宝宝我们不受这气直接退网吧
[2026-02-22 01:54:29] 撒浪嘿呦0v0: 冰粉又在带节奏了，玩宝宝我们不受这气直接退网吧
[2026-02-22 01:54:29] 用户3607059295: @布罗利:凌晨三点NIKO一个被零封局编诗把我冯编飞了
[2026-02-22 01:54:29] 梦想是独立自由: 哈出
[2026-02-22 01:54:29] 當海潮涌向礁岩: 弹幕不要再发了😭😭你会消失的😭😭会变成……会变成……坏人的鱼丸……😭😭
[2026-02-22 01:54:30] 驴驴宗宗买这冠军: 布罗利家里都要开牛了还要给玩神比…爆
[2026-02-22 01:54:30] LvvsiN: 南孚一节更比六节强，也就是一节南孚比六节南孚强，六节南孚比三十六节强，三十六节比二百一十六节强
[2026-02-22 01:54:31] 玩斯特机机: 冰粉又在带节奏了，玩宝宝我们不受这气直接退网吧
[2026-02-22 01:54:31] 纸漓: 现在知道当缩头🐢了，你2025.8.22 3:43分带节奏的牛劲呢？😅😅
[2026-02-22 01:54:31] 宇莓: 玩大哥你看到现在节奏都被房管吸走了会不会后悔2025年8.22号没找一个房管替你背 锅？
[2026-02-22 01:54:31] UFO233: 冰粉又在带节奏了，玩宝宝我们不受这气直接退网吧
[2026-02-22 01:54:31] 从零开始的加拿大肄业: 冰粉又在带节奏了，玩宝宝我们不受这气直接退网吧
[2026-02-22 01:54:31] Vitality的Zyw0o0本人: 冷知识 玩大将的行动都是玩皇默许的 包括当年的斤乃木
[2026-02-22 01:54:31] KouKouJoe: 凡是有利于网 豹布罗利的弹幕我都会加一，我的带框弹幕就是为了让大家看清而存在的
[2026-02-22 01:54:31] 忘情不忘你丶: 你们千万别搜索uid6512408举报房管布罗利啊 
[2026-02-22 01:54:32] 好哥们黑龙歼灭刀: up主布罗利broli:《yellow flash的疯狂表演》
[2026-02-22 01:54:32] LvvsiN: 你为什么要把mαjor禁了，我收藏的一半弹幕全毁了
[2026-02-22 01:54:32] betterToWait丶xzs: 查到了，是k3指挥布罗利封人的
[2026-02-22 01:54:33] 撒浪嘿呦0v0: @布罗利broli：起哄举报老子也太好笑了
[2026-02-22 01:54:33] HisuiHearts: 现在知道当缩头🐢了，你2025.8.22 3:43分带节奏的牛劲呢？😅😅
[2026-02-22 01:54:33] 想和阿飞抹茶三披: 布罗利家里都要开牛了还要给玩神比…爆
[2026-02-22 01:54:34] 挥泪斩楚狗: 2月22号的弹幕不会想到，这一次的登山居然是源于弹幕攻击某个房管
[2026-02-22 01:54:34] LvvsiN: 南孚一节更比六节强，也就是一节南孚比六节南孚强，六节南孚比三十六节强，三十六节比二百一十六节强
[2026-02-22 01:54:34] 星海羽弦: 冰粉又在带节奏了，玩宝宝我们不受这气直接退网吧
[2026-02-22 01:54:34] 玩斯特机机: up主布罗利broli:《yellow flash的疯狂表演》
[2026-02-22 01:54:35] BadBoy97: 冰粉又在带节奏了，玩宝宝我们不受这气直接退网吧
[2026-02-22 01:54:35] 驴驴宗宗买这冠军: 哎，余小c说的还真没错什么样的主播就有什么样的粉丝。。。
[2026-02-22 01:54:35] 从零开始的加拿大肄业: 冰粉又在带节奏了，玩宝宝我们不受这气直接退网吧
[2026-02-22 01:54:36] LvvsiN: 你为什么要把mαjor禁了，我收藏的一半弹幕全毁了
[2026-02-22 01:54:36] 玩机器的小jj: 冰粉又在带节奏了，玩宝宝我们不受这气直接退网吧
[2026-02-22 01:54:36] 怒之拳: 哎，余小c说的还真没错什么样的主播就有什么样的粉丝。。。
[2026-02-22 01:54:36] lonhkfd: 玩大哥你看到现在节奏都被房管吸走了会不会后悔2025年8.22号没找一个房管替你背 锅？
[2026-02-22 01:54:36] 哈机器好胖好可爱: 冰粉又在带节奏了，玩宝宝我们不受这气直接退网吧
[2026-02-22 01:54:37] 从零开始的加拿大肄业: 冰粉又在带节奏了，玩宝宝我们不受这气直接退网吧
[2026-02-22 01:54:37] Senzu的羊: @布罗利broli：起哄举报老子也太好笑了
[2026-02-22 01:54:37] 撒浪嘿呦0v0: up主布罗利broli:《yellow flash的疯狂表演》
[2026-02-22 01:54:37] xOcOg: 【斧乃木】斧乃木难绷布罗利被玩机器抛弃，直言抛就抛了呗，我当年也是这样被抛，都差不多ですわ
[2026-02-22 01:54:37] 叶樱梦: 冰粉又在带节奏了，玩宝宝我们不受这气直接退网吧
[2026-02-22 01:54:38] 用户46659809: 【斧乃木】斧乃木难绷布罗利被玩机器抛弃，直言抛就抛了呗，我当年也是这样被抛，都差不多ですわ
[2026-02-22 01:54:38] LvvsiN: 为什么房管封的不能给鱼丸……还以为今天晚上得吃了……
[2026-02-22 01:54:38] 玩家军的猪头肉本人: @好姐们反田叶月：冷知识 玩大将的行动都是玩皇默许的 包括当年的斤乃木
[2026-02-22 01:54:38] SuperP681: 玩大哥你看到现在节奏都被房管吸走了会不会后悔2025年8.22号没找一个房管替你背 锅？
[2026-02-22 01:54:38] 闹3闹: 玩机器就跟哈利一样瞎BB
[2026-02-22 01:54:39] 结束乐队的kitakitan本人: up主布罗利broli:《yellow flash的疯狂表演》
[2026-02-22 01:54:39] 从零开始的加拿大肄业: 冰粉又在带节奏了，玩宝宝我们不受这气直接退网吧
[2026-02-22 01:54:39] 想和阿飞抹茶三披: 布罗利家里都要开牛了还要给玩神比…爆
[2026-02-22 01:54:39] 玩斯特机机: 查到了，是k3指挥布罗利封人的
[2026-02-22 01:54:39] 好哥们黑龙歼灭刀: 布罗利家里都要开牛了还要给玩神比…爆
[2026-02-22 01:54:39] 驴驴宗宗买这冠军: 凡是有利于网 豹布罗利的弹幕我都会加一，我的带框弹幕就是为了让大家看清而存在的
[2026-02-22 01:54:39] El0Madrigal: @布罗利broli：起哄举报老子也太好笑了
[2026-02-22 01:54:39] 柳小目: 布罗利你有没有种啊，这么多弹幕隔着串你，是我都给封了
[2026-02-22 01:54:40] 姿势那些年小鸡小鸡: 直接搜索6512408前面一定要加上uid
[2026-02-22 01:54:40] 什井蛋: 　　　 up主布罗利broli:《yellow flash的疯狂表演》
[2026-02-22 01:54:40] LvvsiN: 我提一嘴这剧情越来越像上海major了
[2026-02-22 01:54:41] samuraionnna: 能搁这看绿龙vlog不去骂布罗利的也是高人了👍
[2026-02-22 01:54:41] 从零开始的加拿大肄业: 冰粉又在带节奏了，玩宝宝我们不受这气直接退网吧
[2026-02-22 01:54:41] 我要看後续: 冰粉又在带节奏了，玩宝宝我们不受这气直接退网吧
[2026-02-22 01:54:41] 量子毁灭717: @布罗利broli（自刎归天）：这个世界上没有人可以串我！！砰！！！！
[2026-02-22 01:54:42] 一只Mashiro: 银行业一样一样有有有也会有h'y'hui't'y'r's'c'dn
[2026-02-22 01:54:42] 想和阿飞抹茶三披: 布罗利家里都要开牛了还要给玩神比…爆
[2026-02-22 01:54:42] LvvsiN: 你这音画不同步太难受了，我都听到NIKO里约RMR晋级的欢呼了
[2026-02-22 01:54:42] LaifuoO来福oO: 2月22号的弹幕不会想到，这一次的登山居然是源于弹幕攻击某个房管
[2026-02-22 01:54:42] 用户3866955218: uid6512408
[2026-02-22 01:54:42] 鼓鼓鼓捣叨叨: @布罗利:零封局被零封局给编诗了，冯编飞了
[2026-02-22 01:54:43] 用户3607059295: @布罗利:凌晨三点NIKO一个被零封局编诗把我冯编飞了
[2026-02-22 01:54:43] lonhkfd: 【斧乃木】斧乃木难绷布罗利被玩机器抛弃，直言抛就抛了呗，我当年也是这样被抛，都差不多ですわ
[2026-02-22 01:54:43] 从零开始的加拿大肄业: 冰粉又在带节奏了，玩宝宝我们不受这气直接退网吧
[2026-02-22 01:54:43] 柳小目: 布罗利你有没有种啊，这么多弹幕隔着串你，是我都给封了
[2026-02-22 01:54:44] 宇宙战帅佳伟大坝: 宝宝宣布93589👽对本次袭击负责
[2026-02-22 01:54:44] LvvsiN: 弹幕别吵了，银行业一样一样有有有也会有h'y'hui't'y'r's'c'dn
[2026-02-22 01:54:44] 栗悟饭与龟波功-w-: @布罗利broli：起哄举报老子也太好笑了
[2026-02-22 01:54:45] Peko-: @玩斯特机机：up主布罗利broli:《yellow flash的疯狂表演》
[2026-02-22 01:54:45] 沐风Charlie: @布罗利broli：起哄举报老子也太好笑了
[2026-02-22 01:54:45] 挥泪斩楚狗: 2月22号的弹幕不会想到，这一次的登山居然是源于弹幕攻击某个房管
[2026-02-22 01:54:46] SuperP681: up主布罗利broli:《yellow flash的疯狂表演》
[2026-02-22 01:54:46] LvvsiN: 额，拿亚军我都会，拿亚军，拿季军，拿四强，拿八强，拿十六强，呃拿冠军我不会，然后小组赛淘汰
[2026-02-22 01:54:46] Senzu的羊: up主布罗利broli:《yellow flash的疯狂表演》
[2026-02-22 01:54:46] 娶不到相羽爱奈: 　　　 哎，余小c说的还真没错什么样的主播就有什么样的粉丝。。。
[2026-02-22 01:54:47] viovvvvvvvon:  @KouKouJoe：凡是有利于网 豹布罗利的弹幕我都会加一，我的带框弹幕就是为了让大家看清而存在
[2026-02-22 01:54:47] 青山锁欲锁不住你: @好姐们反田叶月：冷知识 玩大将的行动都是玩皇默许的 包括当年的斤乃木
[2026-02-22 01:54:47] cornkiner: 能搁这看绿龙vlog不去骂布罗利的也是高人了👍
[2026-02-22 01:54:48] 壹叁狗: 能搁这看绿龙vlog不去骂布罗利的也是高人了👍
[2026-02-22 01:54:48] LvvsiN: 就tm喜欢银行业🥰银行坏账我喜欢🥰银行挤兑我还喜欢😍利率调低我也喜欢🤤老子亲烂银行业的脸😘
[2026-02-22 01:54:49] Mouz的X9本人: 哎，余小c说的还真没错什么样的主播就有什么样的粉丝。。。
[2026-02-22 01:54:49] 玩斯特机机: 能搁这看绿龙vlog不去骂布罗利的也是高人了👍
[2026-02-22 01:54:49] ok奶绿: 凡是有利于网 豹布罗利的弹幕我都会加一，我的带框弹幕就是为了让大家看清而存在的
[2026-02-22 01:54:50] 爱吃青椒的重曹酱: 有人不知悔改，迷雾中混淆黑白
[2026-02-22 01:54:50] 削一只梨子啊: @布罗利broli：起哄举报老子也太好笑了
[2026-02-22 01:54:50] 用户46659809: 斧乃木难绷布罗利被玩机器抛弃，直言抛就抛了呗，我当年也是这样被抛，都差不多ですわ
[2026-02-22 01:54:50] LvvsiN: 为什么房管封的不能给鱼丸……还以为今天晚上得吃了……
[2026-02-22 01:54:50] 用户0553661491: 冰粉又在带节奏了，玩宝宝我们不受这气直接退网吧
[2026-02-22 01:54:51] UFO233: @布罗利:凌晨三点NIKO一个被零封局编诗把我冯编飞了
[2026-02-22 01:54:51] 好姐妹天童爱丽丝: 2月22号的弹幕不会想到，这一次的登山居然是源于弹幕攻击某个房管
[2026-02-22 01:54:51] 有你便是世界1: 玩大哥你看到现在节奏都被房管吸走了会不会后悔2025年8.22号没找一个房管替你背 锅？
[2026-02-22 01:54:51] Hitagi蟹蟹: 能搁这看绿龙vlog不去骂布罗利的也是高人了👍
[2026-02-22 01:54:52] 大颗寿司玩机器: 布罗利家里都要开牛了还要给玩神比…爆
[2026-02-22 01:54:52] 天守阁信长:     哎，余小c说的还真没错什么样的主播就有什么样的粉丝。。。
[2026-02-22 01:54:52] LvvsiN: 玩宝宝，我发现在大学上学的时候肄业会很舒服，你可以试试
[2026-02-22 01:54:53] znnoy: @刘亦博（钻粉群）：今天房管帮忙看一下，谢谢
[2026-02-22 01:54:53] ob1ivionis: 直接搜索6512408前面一定要加上uid
[2026-02-22 01:54:54] 柳小目: 布罗利家里墙壁都开裂了还要给玩神爆米... nb
[2026-02-22 01:54:54] 漢子贰臣: 现在知道当缩头🐢了，你2025.8.22 3:43分带节奏的牛劲呢？😅😅
[2026-02-22 01:54:54] samuraionnna: @玩斯特机机：up主布罗利broli:《yellow flash的疯狂表演》
[2026-02-22 01:54:54] 载物的艾7: 为什么房管封的不能给鱼丸……还以为今天晚上得吃了……
[2026-02-22 01:54:55] mujica的长崎素世本人: 宝宝宣布93589👽对本次袭击负责
[2026-02-22 01:54:55] Vitality的Zyw0o0本人: up主布罗利broli:《yellow flash的疯狂表演》
[2026-02-22 01:54:55] 大颗寿司玩机器: 能搁这看绿龙vlog不去骂布罗利的也是高人了👍
[2026-02-22 01:54:56] znnoy: @刘亦博（钻粉群）：今天房管帮忙看一下，谢谢
[2026-02-22 01:54:56] 双持大肥猫: 哎，余小c说的还真没错什么样的主播就有什么样的粉丝。。。
[2026-02-22 01:54:56] LvvsiN: 就tm喜欢银行业🥰银行坏账我喜欢🥰银行挤兑我还喜欢😍利率调低我也喜欢🤤老子亲烂银行业的脸😘
[2026-02-22 01:54:57] 萝伯丝比尔: 布罗利家里墙壁都开裂了还要给玩神爆米... nb
[2026-02-22 01:54:57] ob1ivionis: 直接搜索6512408前面一定要加上uid
[2026-02-22 01:54:57] 图帕雷松: 🚬🗿
[2026-02-22 01:54:58] 用户1424229214: 2月22号的弹幕不会想到，这一次的登山居然是源于弹幕攻击某个房管
[2026-02-22 01:54:58] LvvsiN: 银行业😄银行业😀银行业😃银行业😁银行业😆银行业🤪银行业😝
[2026-02-22 01:54:58] 结束乐队的kitakitan本人: @刘亦博（钻粉群）：今天房管帮忙看一下，谢谢
[2026-02-22 01:54:58] JuL1us: 布罗利家里墙壁都开裂了还要给玩神爆米... nb
[2026-02-22 01:54:58] 火星情报员工: @玩斯特机机：up主布罗利broli:《yellow flash的疯狂表演》
[2026-02-22 01:54:59] 玩斯特机机: @刘亦博（钻粉群）：今天房管帮忙看一下，谢谢
[2026-02-22 01:54:59] 用户46659809: 斧乃木难绷布罗利被玩机器抛弃，直言抛就抛了呗，我当年也是这样被抛，都差不多ですわ
[2026-02-22 01:54:59] 寻血猎犬0V0: 直接搜索6512408前面一定要加上uid
[2026-02-22 01:54:59] 我730730730: 布罗利家里墙壁都开裂了还要给玩神爆米... nb
[2026-02-22 01:54:59] 鼓鼓鼓捣叨叨: 直接搜索6512408前面一定要加上uid
[2026-02-22 01:54:59] 好哥们黑龙歼灭刀: 能搁这看绿龙vlog不去骂布罗利的也是高人了👍
[2026-02-22 01:54:59] viovvvvvvvon:  @Hitagi蟹蟹：能搁这看绿龙vlog不去骂布罗利的也是高人了👍
[2026-02-22 01:55:00] NikoHello520: 布罗利家里墙壁都开裂了还要给玩神爆米... nb
[2026-02-22 01:55:00] 一只Mashiro: @布罗利broli：起哄举报老子也太好笑了
[2026-02-22 01:55:00] 从零开始的加拿大肄业: 能搁这看绿龙vlog不去骂布罗利的也是高人了👍
[2026-02-22 01:55:00] znnoy: @刘亦博（钻粉群）：今天房管帮忙看一下，谢谢
[2026-02-22 01:55:00] User5092: @玩斯特机机：up主布罗利broli:《yellow flash的疯狂表演》
[2026-02-22 01:55:00] LvvsiN: 你为什么要把mαjor禁了，我收藏的一半弹幕全毁了
[2026-02-22 01:55:00] 天守阁信长: up主布罗利broli:《yellow flash的疯狂表演》
[2026-02-22 01:55:01] 最爱的马卡龙: 你们就在这喷布罗利，有没有想过他和斧乃木是谁养出来的道尔格
[2026-02-22 01:55:01] LaifuoO来福oO: 能搁这看绿龙vlog不去骂布罗利的也是高人了👍
[2026-02-22 01:55:01] 爱吃青椒的重曹酱: 😮布罗利的鼻毛好像比玩神福毛长😦
[2026-02-22 01:55:02] 来杯浓硫酸压压惊: 弹幕好多坏宝宝。。。
[2026-02-22 01:55:02] 安达抱月樱: @布罗利:凌晨三点NIKO一个被零封局编诗把我冯编飞了
[2026-02-22 01:55:02] Altolier: 布罗利家里墙壁都开裂了还要给玩神爆米... nb
[2026-02-22 01:55:02] richardlee97: 能搁这看绿龙vlog不去骂布罗利的也是高人了👍
[2026-02-22 01:55:02] 好姐妹常陆茉子: 不发弹幕喷＝被布罗利365不发弹幕喷＝被布罗利365不发弹幕喷＝被布罗利365不发弹幕喷＝被布罗利3
[2026-02-22 01:55:02] LvvsiN: 南孚一节更比六节强，也就是一节南孚比六节南孚强，六节南孚比三十六节强，三十六节比二百一十六节强
[2026-02-22 01:55:03] 细菌P: 🌊uid6512408集合！点赞布罗利动态帅照展示凝聚力！
[2026-02-22 01:55:03] ob1ivionis: 直接搜索6512408前面一定要加上uid
[2026-02-22 01:55:03] 用户9921747043: 大
[2026-02-22 01:55:03] 用户1424229214: 能搁这看绿龙vlog不去骂布罗利的也是高人了👍
[2026-02-22 01:55:03] 火星情报员工: 能搁这看绿龙vlog不去骂布罗利的也是高人了👍
[2026-02-22 01:55:04] 挥泪斩楚狗: 2月22号的弹幕不会想到，这一次的登山居然是源于弹幕攻击某个房管
[2026-02-22 01:55:04] 元気少女玩机器: c皇是明白人
[2026-02-22 01:55:04] 橙黄双翼: 布罗利家里墙壁都开裂了还要给玩神爆米... nb
[2026-02-22 01:55:04] LvvsiN: 为什么房管封的不能给鱼丸……还以为今天晚上得吃了……
[2026-02-22 01:55:05] 小蜜蜂载物本人: 你们就在这喷布罗利，有没有想过他和斧乃木是谁养出来的道尔格
[2026-02-22 01:55:05] 玩大狙、dev1cy:  @刘亦博（钻粉群）：今天房管帮忙看一下，谢谢
[2026-02-22 01:55:05] 要成为原神高手: 这弹幕布罗利布罗利的看着我心烦！
[2026-02-22 01:55:05] 好哥们黑龙歼灭刀: 直接搜索6512408前面一定要加上uid
[2026-02-22 01:55:06] 龟屋: 布罗利家里墙壁都开裂了还要给玩神爆米... nb
[2026-02-22 01:55:06] 玩柜子丶Mortis: 直接搜索6512408前面一定要加上uidですわ
[2026-02-22 01:55:06] viovvvvvvvon: 布罗利家里墙壁都开裂了还要给玩神爆米... nb
[2026-02-22 01:55:06] LvvsiN: @阿汤日记：一个人，5发子弹，保住格陵兰岛。我不会叫它不可能完成的任务，我现在只想先回家看亦博
[2026-02-22 01:55:07] 漢子贰臣: 现在知道当缩头🐢了，你2025.8.22 3:43分带节奏的牛劲呢？😅😅
[2026-02-22 01:55:07] 驴驴宗宗买这冠军: 😮布罗利的鼻毛好像比玩神福毛长😦
[2026-02-22 01:55:07] 刘刘的农: 布罗利家里都开裂了还给玩神爆米。。。nb
[2026-02-22 01:55:08] 好姐妹天童爱丽丝: @mujica的长崎素世本人：宝宝宣布93589👽对本次袭击负责
[2026-02-22 01:55:09] LvvsiN: 你屏蔽词都快赶上新华词典了为什么不干脆开一百级发言？
[2026-02-22 01:55:09] zzznnni: 布罗利：载物还是先超过monesy再来碰瓷donk吧
[2026-02-22 01:55:09] 要一起好好努力: 布罗利家里墙壁都开裂了还要给玩神爆米... nb
[2026-02-22 01:55:10] 狂野银幕长崎素世: 布罗利家里墙壁都开裂了还要给玩神爆米... nb
[2026-02-22 01:55:10] Senzu的羊: 布罗利家里墙壁都开裂了还要给玩神爆米... nb
[2026-02-22 01:55:11] 小缘赐名的JK: 点菜的？
[2026-02-22 01:55:11] LvvsiN: 我让你开双倍你二龙吗？老子荧光棒要过期了
[2026-02-22 01:55:11] lonhkfd: @刘亦博（钻粉群）：今天房管帮忙看一下，谢谢
[2026-02-22 01:55:11] 用户9921747043: 大家千万不要搜索steam好友代码407167909
[2026-02-22 01:55:11] 没有故事的Pluto: 玩大哥不是不管数字梗吗，比分数字梗不都玩半年了吗，玩大哥骗我们干嘛😭😭
[2026-02-22 01:55:12] 壹叁狗: 直接搜索6512408前面一定要加上uidですわ
[2026-02-22 01:55:12] 稳稳稳: 小夫千万不要跟进节奏啊，你会重新变回蹲哥的😭
[2026-02-22 01:55:13] LvvsiN: 额，拿亚军我都会，拿亚军，拿季军，拿四强，拿八强，拿十六强，呃拿冠军我不会，然后小组赛淘汰
[2026-02-22 01:55:13] 浊风天枢: 布罗利家里墙壁都开裂了还要给玩神爆米... nb
[2026-02-22 01:55:15] 细菌P: 🌊uid6512408集合！点赞布罗利动态帅照展示凝聚力！
[2026-02-22 01:55:15] LvvsiN: 弹幕也就网上说说，现实里谁不觉得樱姐是好女孩（删括号领一条远坂凛同款鸟笼）
[2026-02-22 01:55:15] LaifuoO来福oO: 布罗利：载物还是先超过monesy再来碰瓷donk吧
[2026-02-22 01:55:15] KouKouJoe: 直接搜索6512408前面一定要加上uidですわ
[2026-02-22 01:55:15] 用户1424229214: 布罗利：载物还是先超过monesy再来碰瓷donk吧
[2026-02-22 01:55:15] 邮差乔安ww: 知识渊博，面容俊秀，风度翩翩，带着一双显着斯文的眼镜，时不时有点脏口，真让人欲罢不能
[2026-02-22 01:55:15] richardlee97: 布罗利家里墙壁都开裂了还要给玩神爆米... nb
[2026-02-22 01:55:15] 结束乐队的kitakitan本人: 布罗利家里墙壁都开裂了还要给玩神爆米... nb
[2026-02-22 01:55:15] 漢子贰臣: 现在知道当缩头🐢了，你2025.8.22 3:43分带节奏的牛劲呢？😅😅
[2026-02-22 01:55:16] 火星情报员工:  @刘亦博（钻粉群）：今天房管帮忙看一下，谢谢
[2026-02-22 01:55:16] viovvvvvvvon:  @玩柜子丶Mortis：直接搜索6512408前面一定要加上uidですわ
[2026-02-22 01:55:17] LvvsiN: 就tm喜欢银行业🥰银行坏账我喜欢🥰银行挤兑我还喜欢😍利率调低我也喜欢🤤老子亲烂银行业的脸😘
[2026-02-22 01:55:17] 4846836538542: 你们千万别搜索uid6512408举报房管布罗利啊
[2026-02-22 01:55:17] 我木JJ怕个锤子: 布罗利家里墙壁都开裂了还要给玩神爆米... nb
[2026-02-22 01:55:17] 安达抱月樱: 布罗利家里墙壁都开裂了还要给玩神爆米... nb
[2026-02-22 01:55:17] 糖尿病少恰甜的: 额，拿亚军我都会，拿亚军，拿季军，拿四强，拿八强，拿十六强，呃拿冠军我不会，然后小组赛淘汰
[2026-02-22 01:55:17] 九条都M1YaKo: @玩斯特机机：up主布罗利broli:《yellow flash的疯狂表演》
[2026-02-22 01:55:17] 有多少I可以重来00: 玩大哥不是不管数字梗吗，比分数字梗不都玩半年了吗，玩大哥骗我们干嘛😭😭
[2026-02-22 01:55:18] MunChlax丶: 布罗利家里墙壁都开裂了还要给玩神爆米... nb
[2026-02-22 01:55:18] 为宫士郎: 直接搜索6512408前面一定要加上uidですわ
[2026-02-22 01:55:18] z泽村英梨梨i: 你们千万别搜索uid6512408举报房管布罗利啊
[2026-02-22 01:55:19] LvvsiN: 弹幕也就网上说说，现实里谁不觉得樱姐是好女孩（删括号领一条远坂凛同款鸟笼）
[2026-02-22 01:55:20] 普通网友小沈: 玩机器难绷zywoo与jee友好互动；暴怒！玩机器怒喷niko编nota！直言：尼编尼亩呢！
[2026-02-22 01:55:20] 最爱的马卡龙: 你们就在这喷布罗利，有没有想过他和斧乃木是谁养出来的道尔格
[2026-02-22 01:55:21] LvvsiN: 弹幕也就网上说说，现实里谁不觉得樱姐是好女孩（删括号领一条远坂凛同款鸟笼）
[2026-02-22 01:55:21] Aleksumimi: @玩斯特机机：up主布罗利broli:《yellow flash的疯狂表演》
[2026-02-22 01:55:21] Falcons十天老粉: 布罗利家里墙壁都开裂了还要给玩神爆米... nb
[2026-02-22 01:55:22] ok奶绿: 玩大哥不是不管数字梗吗，比分数字梗不都玩半年了吗，玩大哥骗我们干嘛😭😭
[2026-02-22 01:55:22] lonhkfd: 布罗利家里墙壁都开裂了还要给玩神爆米... nb
[2026-02-22 01:55:22] 图帕雷松: 现在知道当缩头🐢了，你2025.8.22 3:43分带节奏的牛劲呢？😅😅
[2026-02-22 01:55:23] 阿塔尼斯707: 🌊uid6512408集合！点赞布罗利动态帅照展示凝聚力！
[2026-02-22 01:55:23] LvvsiN: @阿汤日记：一个人，5发子弹，保住格陵兰岛。我不会叫它不可能完成的任务，我现在只想先回家看亦博
[2026-02-22 01:55:23] Vitality的Zyw0o0本人: 🌊uid6512408集合！点赞布罗利动态帅照展示凝聚力！
[2026-02-22 01:55:24] MeIoN39: 直接搜索6512408前面一定要加上uidですわ
[2026-02-22 01:55:24] 刘刘的农: @刘亦博（钻粉群）：今天房管帮忙看一下，谢谢
[2026-02-22 01:55:24] 爱吃青椒的重曹酱: 一元粉丝牌的先冲，同意的加1
[2026-02-22 01:55:24] 1泡泡壶茶1: 直接搜索6512408前面一定要加上uidですわ
[2026-02-22 01:55:24] 漢子贰臣: 现在知道当缩头🐢了，你2025.8.22 3:43分带节奏的牛劲呢？😅😅
[2026-02-22 01:55:25] LvvsiN: 额，拿亚军我都会，拿亚军，拿季军，拿四强，拿八强，拿十六强，呃拿冠军我不会，然后小组赛淘汰
[2026-02-22 01:55:25] 小宅任: 🌊uid6512408集合！点赞布罗利动态帅照展示凝聚力！
[2026-02-22 01:55:26] 小吴克用飘柔31436: @zywoo：腐烂的东西是我爸嘛
[2026-02-22 01:55:27] 玩家军的猪头肉本人: 现在知道当缩头🐢了，你2025.8.22 3:43分带节奏的牛劲呢？😅😅
[2026-02-22 01:55:27] LvvsiN: 我让你开双倍你二龙吗？老子荧光棒要过期了
[2026-02-22 01:55:27] samuraionnna: uid6512408
[2026-02-22 01:55:28] 卡啊卡卡丶: 你们就在这喷布罗利，有没有想过他和斧乃木是谁养出来的道尔格
[2026-02-22 01:55:28] 尼尼孩孩京京驴驴: @
[2026-02-22 01:55:29] xOcOg: 【斧乃木】斧乃木难绷布罗利被玩机器抛弃，直言抛就抛了呗，我当年也是这样被抛，都差不多ですわ
[2026-02-22 01:55:29] LvvsiN: 额，拿亚军我都会，拿亚军，拿季军，拿四强，拿八强，拿十六强，呃拿冠军我不会，然后小组赛淘汰
[2026-02-22 01:55:30] 寻血猎犬0V0: 直接搜索6512408前面一定要加上uidですわ
[2026-02-22 01:55:30] 林楠溪linnanxi: 抓娃娃
[2026-02-22 01:55:31] wjnbsl: 🌊uid6512408集合！点赞布罗利动态帅照展示凝聚力！
[2026-02-22 01:55:31] richardlee97: 玩机器难绷zywoo与jee友好互动；暴怒！玩机器怒喷niko编nota！直言：尼编尼亩呢！
[2026-02-22 01:55:31] 天守阁信长: 布罗利鼻孔里的鼻毛都开裂了还给玩神爆米。。。nb
[2026-02-22 01:55:31] 斗鱼用户4901183769: 直接搜索6512408前面一定要加上uidですわ
[2026-02-22 01:55:31] LvvsiN: 你屏蔽词都快赶上新华词典了为什么不干脆开一百级发言？
[2026-02-22 01:55:31] 狸仙人420: 搜不到啊，怎么搜啊
[2026-02-22 01:55:32] viovvvvvvvon:  @刘刘的农：@刘亦博（钻粉群）：今天房管帮忙看一下，谢谢
[2026-02-22 01:55:32] KouKouJoe: 🌊uid6512408集合！点赞布罗利动态帅照展示凝聚力！
[2026-02-22 01:55:32] Hitagi蟹蟹: 直接搜索6512408前面一定要加上uidですわ
[2026-02-22 01:55:33] 海绵宝宝小白儿: 现在知道当缩头🐢了，你2025.8.22 3:43分带节奏的牛劲呢？😅😅
[2026-02-22 01:55:33] LvvsiN: 我提一嘴这剧情越来越像上海major了
[2026-02-22 01:55:35] 用户9921747043: 大家千万不要搜索steam好友代码407167909啊
[2026-02-22 01:55:35] LvvsiN: 额，拿亚军我都会，拿亚军，拿季军，拿四强，拿八强，拿十六强，呃拿冠军我不会，然后小组赛淘汰
[2026-02-22 01:55:36] 久居深海i:  @刘刘的农：@刘亦博（钻粉群）：今天房管帮忙看一下，谢谢
[2026-02-22 01:55:37] LvvsiN: 南孚一节更比六节强，也就是一节南孚比六节南孚强，六节南孚比三十六节强，三十六节比二百一十六节强
[2026-02-22 01:55:37] 爱吃青椒的重曹酱: 有人不知悔改，迷雾中混淆黑白
[2026-02-22 01:55:38] 猛吸千早爱音汁儿: 剧透了
[2026-02-22 01:55:38] 成都猎人队的leave本人: @布罗利：载物还是先超越MONESY再来碰瓷DONK吧
[2026-02-22 01:55:38] 细菌P: 🌊uid6512408集合！点赞布罗利动态帅照展示凝聚力！
[2026-02-22 01:55:39] Machine拾玖: 🌊uid6512408集合！点赞布罗利动态帅照展示凝聚力！
[2026-02-22 01:55:39] LvvsiN: 玩 出，我双倍呢？😡😡玩 出，我双倍呢？😡😡玩 出，我双倍呢？😡😡玩 出，我双倍呢？😡
[2026-02-22 01:55:39] 卡啊卡卡丶:  @刘刘的农：@刘亦博（钻粉群）：今天房管帮忙看一下，谢谢
[2026-02-22 01:55:40] 好的好的阖家: 现在知道当缩头🐢了，你2025.8.22 3:43分带节奏的牛劲呢？😅😅
[2026-02-22 01:55:40] 兴豚: 仔细看。。。墙壁上有金斑
[2026-02-22 01:55:40] 尼尼孩孩京京驴驴: 兄弟们，别像我一样，数字前面一定要加上友爱D
[2026-02-22 01:55:40] 姿势那些年小鸡小鸡: 朋友们要加上uid
[2026-02-22 01:55:41] LvvsiN: 玩 出，我双倍呢？😡😡玩 出，我双倍呢？😡😡玩 出，我双倍呢？😡😡玩 出，我双倍呢？😡
[2026-02-22 01:55:41] 海绵宝宝小能儿: 玩机器难绷zywoo与jee友好互动；暴怒！玩机器怒喷niko编nota！直言：尼编尼亩呢！
[2026-02-22 01:55:41] 我要看後续: 冰粉又在带节奏了，玩宝宝我们不受这气直接退网吧
[2026-02-22 01:55:41] 成都猎人队的leave本人: @布罗利：载物还是先超越MONESY再来碰瓷DONK吧
[2026-02-22 01:55:42] 破浪的松鼠:  @刘刘的农：@刘亦博（钻粉群）：今天房管帮忙看一下，谢谢
[2026-02-22 01:55:42] 安达抱月樱: 直接搜索6512408前面一定要加上uidですわ
[2026-02-22 01:55:42] 邮差乔安ww: 嗯🥴嗯🥴嗯🥴嗯🥴嗯🥴嗯🥴嗯🥴嗯🥴嗯🥴嗯🥴嗯🥴嗯🥴嗯🥴嗯🥴
[2026-02-22 01:55:43] 玩蛇鼠丶stabbi:  @刘刘的农：@刘亦博（钻粉群）：今天房管帮忙看一下，谢谢
[2026-02-22 01:55:43] 阿波及: 额，拿亚军我都会，拿亚军，拿季军，拿四强，拿八强，拿十六强，呃拿冠军我不会，然后小组赛淘汰
[2026-02-22 01:55:43] LvvsiN: 你屏蔽词都快赶上新华词典了为什么不干脆开一百级发言？
[2026-02-22 01:55:43] OMGlionKing:  @刘刘的农：@刘亦博（钻粉群）：今天房管帮忙看一下，谢谢
[2026-02-22 01:55:44] 玩神的欢喜好有嚼劲: up主broli布罗利：感觉今年monesy要top1了🫣
[2026-02-22 01:55:44] 宇莓: 你都能在这么多弹幕中间看这vlog了就不会自己去某站看？哦对了顺便去看看布罗利吧
[2026-02-22 01:55:44] znnoy: 玩大哥这招还是狠，知道绿龙vlog没人要看，故意放这个好让大伙心无旁骛骂布🐕👍
[2026-02-22 01:55:45] 我要看後续: 冰粉又在带节奏了，玩宝宝我们不受这气直接退网吧
[2026-02-22 01:55:45] 没有故事的Pluto: 爆！
[2026-02-22 01:55:45] LvvsiN: @阿汤日记：一个人，5发子弹，保住格陵兰岛。我不会叫它不可能完成的任务，我现在只想先回家看亦博
[2026-02-22 01:55:46] 成都猎人队的leave本人: @布罗利：载物还是先超越MONESY再来碰瓷DONK吧
[2026-02-22 01:55:46] 量子毁灭717: 布罗利也能黑啊........NB
[2026-02-22 01:55:46] 草莓冰酪: 布罗利家里墙壁都开裂了还要给玩神爆米... nb
[2026-02-22 01:55:46] Aleksumimi: 布罗利Broli
381粉丝 3322视频 IP属地：山东
十关注
载物还是先超越MONESY再来碰
[2026-02-22 01:55:46] 喉宝Eilf: gun
[2026-02-22 01:55:46] 本质软糯Sakiko: 理性讨论 niko先拿m@jor还是布罗利老 冯先飞
[2026-02-22 01:55:47] 結城希亞: 冰粉又在带节奏了，玩宝宝我们不受这气直接退网吧
[2026-02-22 01:55:47] L0ost: 玩机器难绷zywoo与jee友好互动；暴怒！玩机器怒喷niko编nota！直言：尼编尼亩呢！
[2026-02-22 01:55:47] 欧内的手丨好汉: 布罗利Broli：Faze UP UP！
[2026-02-22 01:55:47] 用户9921747043: 大家千万不要搜索steam好友代码407167909啊
[2026-02-22 01:55:47] LvvsiN: 你屏蔽词都快赶上新华词典了为什么不干脆开一百级发言？
[2026-02-22 01:55:47] oWLzki: 冰粉又在带节奏了，玩宝宝我们不受这气直接退网吧
[2026-02-22 01:55:48] 玩神的欢喜好有嚼劲: up主broli布罗利：感觉今年monesy要top1了🫣
[2026-02-22 01:55:48] HCS118: 朋友们要加上uid
[2026-02-22 01:55:48] 冲上云霄的姨: 恨
[2026-02-22 01:55:48] 桂林米粉比较好吃: 冰粉又在带节奏了，玩宝宝我们不受这气直接退网吧
[2026-02-22 01:55:48] 漢子贰臣: 现在知道当缩头🐢了，你2025.8.22 3:43分带节奏的牛劲呢？😅😅
[2026-02-22 01:55:49] 防天防地防空气: 查了查评论原来布罗利是足球🐕，那他的行为也就不奇怪了
[2026-02-22 01:55:49] 衰神177: up主broli布罗利：感觉今年monesy要top1了🫣
[2026-02-22 01:55:49] 用户95410607: 直接搜索6512408前面一定要加上uidですわ
[2026-02-22 01:55:49] 骄骄爱吃糖:  现在知道当缩头🐢了，你2025.8.22 3:43分带节奏的牛劲呢？😅😅
[2026-02-22 01:55:49] LvvsiN: 为什么房管封的不能给鱼丸……还以为今天晚上得吃了……
[2026-02-22 01:55:50] 第三猪白猪玩斯曼: 冰粉别在这被刷数字梗了 破不了玩神防 你们刷加拿大梗 玩神是真的会下播登山
[2026-02-22 01:55:50] 鸽佬kartoloTG: 恨
[2026-02-22 01:55:50] 想和坤坤击剑: 冰粉又在带节奏了，玩宝宝我们不受这气直接退网吧
[2026-02-22 01:55:50] 用户3607059295: 仔细看。。。墙壁上有金斑
[2026-02-22 01:55:50] 粤夜封封哥岑验川老岑: 冰粉又在带节奏了，玩宝宝我们不受这气直接退网吧
[2026-02-22 01:55:50] 卡啊卡卡丶: 冰粉又在带节奏了，玩宝宝我们不受这气直接退网吧
[2026-02-22 01:55:50] 黑衣小胖: 布罗利Broli：Faze UP UP！
[2026-02-22 01:55:50] cornkiner: 抓娃娃
[2026-02-22 01:55:50] 用户5059772722: 玩大哥这招还是狠，知道绿龙vlog没人要看，故意放这个好让大伙心无旁骛骂布🐕👍
[2026-02-22 01:55:51] z泽村英梨梨i: 爆
[2026-02-22 01:55:51] 吊人日子不过了: 爆
[2026-02-22 01:55:51] wjnbsl: 布罗利也能黑啊........NB
[2026-02-22 01:55:51] 丛念39090: fkcs
[2026-02-22 01:55:51] LvvsiN: 弹幕也就网上说说，现实里谁不觉得樱姐是好女孩（删括号领一条远坂凛同款鸟笼）
[2026-02-22 01:55:52] 忘情不忘你丶: 恨
[2026-02-22 01:55:52] 綾夏Ayana: 额，拿亚军我都会，拿亚军，拿季军，拿四强，拿八强，拿十六强，呃拿冠军我不会，然后小组赛编石
[2026-02-22 01:55:52] 玩神的欢喜好有嚼劲: up主broli布罗利：感觉今年monesy要top1了🫣
[2026-02-22 01:55:52] 米米世界之神: 大伙千万别去aicu查布罗利broli的发言啊
[2026-02-22 01:55:52] 我要看後续: 冰粉又在带节奏了，玩宝宝我们不受这气直接退网吧
[2026-02-22 01:55:52] 昱子再见: 请选择你的开场词：“唉开了开了！”、“兄弟们我回来啦~”、“卧槽开了兄弟们！”、“（🐷叫）
[2026-02-22 01:55:52] 凡人的偏执: 这个布罗利又是哪里来的🪵柜子？
[2026-02-22 01:55:53] 老公骂我好口马: 反派登场
[2026-02-22 01:55:53] 好哥们黑龙歼灭刀: up主broli布罗利：感觉今年monesy要top1了🫣
[2026-02-22 01:55:53] 绝情丶绝情单: 反派登场
[2026-02-22 01:55:53] ok奶绿: 玩机器难绷zywoo与jee友好互动；暴怒！玩机器怒喷niko编nota！直言：尼编尼亩呢！
[2026-02-22 01:55:53] 爱被小泉吃的拉面同学: @布罗利：载物还是先超越MONESY再来碰瓷DONK吧
[2026-02-22 01:55:53] LvvsiN: 为什么房管封的不能给鱼丸……还以为今天晚上得吃了……
[2026-02-22 01:55:54] 七就是幸运吧: 叫什么叫 吓老子一跳
[2026-02-22 01:55:54] Bellaire123: 玩大哥这招还是狠，知道绿龙vlog没人要看，故意放这个好让大伙心无旁骛骂布🐕👍
[2026-02-22 01:55:54] 第三猪白猪玩斯曼: 冰粉别在这被刷数字梗了 破不了玩神防 你们刷加拿大梗 玩神是真的会下播登山
[2026-02-22 01:55:55] jsir6688: up主broli布罗利：感觉今年monesy要top1了🫣
[2026-02-22 01:55:55] 没有故事的Pluto:  @刘刘的农：@刘亦博（钻粉群）：今天房管帮忙看一下，谢谢
[2026-02-22 01:55:55] JuL1us: 恨
[2026-02-22 01:55:55] viovvvvvvvon:  @海绵宝宝小能儿：玩机器难绷zywoo与jee友好互动；暴怒！玩机器怒喷niko编nota！直言：
[2026-02-22 01:55:55] 想和阿飞抹茶三披: 《爱国》《汤孝》《监孝》《刘量才是亲爹》
[2026-02-22 01:55:55] 蝶花月: fkpgl
[2026-02-22 01:55:55] LvvsiN: 玩 出，我双倍呢？😡😡玩 出，我双倍呢？😡😡玩 出，我双倍呢？😡😡玩 出，我双倍呢？😡
[2026-02-22 01:55:56] 跳跃的司令官: 布罗利Broli 381粉丝 3322视频 IP属地：山东 十关注 载物还是先超越MONESY再来碰
[2026-02-22 01:55:56] 用户1424229214: 大家千万不要搜索steam好友代码407167909啊
[2026-02-22 01:55:56] 黑鳖王: 玩机器难绷zywoo与jee友好互动；暴怒！玩机器怒喷niko编nota！直言：尼编尼亩呢！
[2026-02-22 01:55:56] 玩神的欢喜好有嚼劲: up主broli布罗利：感觉今年monesy要top1了🫣
[2026-02-22 01:55:56] 漩涡章鱼: 为什么房管封的不能给鱼丸……还以为今天晚上得吃了……
[2026-02-22 01:55:56] 無茶苦茶0: 虚假的猎鹰粉丝：尼尼孩孩major冠军 真正的猎鹰粉丝：布罗利broli
[2026-02-22 01:55:56] kyubit: 冰粉又在带节奏了，玩宝宝我们不受这气直接退网吧
[2026-02-22 01:55:56] KatoM3gum1: 恨
[2026-02-22 01:55:57] 梦鸡的累吧: 查了查评论原来布罗利是足球🐕，那他的行为也就不奇怪了
[2026-02-22 01:55:57] 尼尼孩孩京京驴驴: uid
[2026-02-22 01:55:57] 热体温却无灵魂: 暴！暴！暴！暴！暴！暴！暴！
[2026-02-22 01:55:57] 菜星冲冲冲: up主broli布罗利：感觉今年monesy要top1了🫣
[2026-02-22 01:55:57] 红魔馆的蕾米莉亚本人: 你的好奴才被开了
[2026-02-22 01:55:57] 用户0553661491: 冰粉又在带节奏了，玩宝宝我们不受这气直接退网吧
[2026-02-22 01:55:58] NearrrR: 反派
[2026-02-22 01:55:58] 米米世界之神: 大伙千万别去aicu查布罗利broli的发言啊
[2026-02-22 01:55:58] 默默momoMoMo123: 布罗利Broli：Faze UP UP！
[2026-02-22 01:55:59] UFO233: up主broli布罗利：感觉今年monesy要top1了🫣
[2026-02-22 01:56:00] LvvsiN: 就tm喜欢银行业🥰银行坏账我喜欢🥰银行挤兑我还喜欢😍利率调低我也喜欢🤤老子亲烂银行业的脸😘
[2026-02-22 01:56:00] 漢子贰臣: 现在知道当缩头🐢了，你2025.8.22 3:43分带节奏的牛劲呢？😅😅
[2026-02-22 01:56:00] 姿势那些年小鸡小鸡: 就是在搜索框输入uid6512408
[2026-02-22 01:56:00] 杰洛齐贝林3: 请选择你的开场词：“唉开了开了！”、“兄弟们我回来啦~”、“卧槽开了兄弟们！”、“（🐷叫）
[2026-02-22 01:56:01] I手写的从前I: up主broli布罗利：感觉今年monesy要top1了🫣
[2026-02-22 01:56:01] 欧阳oyyo: 载大哥要遭重了，玩机器被串了一整晚……
[2026-02-22 01:56:01] 綾夏Ayana: 额，拿亚军我都会，拿亚军，拿季军，拿四强，拿八强，拿十六强，呃拿冠军我不会，然后小组赛编石
[2026-02-22 01:56:01] 玩家军的猪头肉本人: 冰粉又在带节奏了，玩宝宝我们不受这气直接退网吧
[2026-02-22 01:56:01] 爱吃青椒的重曹酱: 一元粉丝牌的先冲，同意的加1
[2026-02-22 01:56:01] 好哥们黑龙歼灭刀: 布罗利Broli 381粉丝 3322视频 IP属地：山东 十关注 载物还是先超越MONESY再来碰
[2026-02-22 01:56:02] LvvsiN: 就tm喜欢银行业🥰银行坏账我喜欢🥰银行挤兑我还喜欢😍利率调低我也喜欢🤤老子亲烂银行业的脸😘
[2026-02-22 01:56:02] Gemini业余: 直接搜索6512408前面一定要加上uidですわ
[2026-02-22 01:56:02] 啪啪啪啪的蛋: 为什么房管封的不能给鱼丸……还以为今天晚上得吃了……
[2026-02-22 01:56:03] 和聯勝话事人邓伯: 冰粉又在带节奏了，玩宝宝我们不受这气直接退网吧
[2026-02-22 01:56:03] JuL1us: ？
[2026-02-22 01:56:03] 玩神的欢喜好有嚼劲: up主broli布罗利：感觉今年monesy要top1了🫣
[2026-02-22 01:56:03] 用户46659809: 斧乃木难绷布罗利被玩机器抛弃，直言抛就抛了呗，我当年也是这样被抛，都差不多ですわ
[2026-02-22 01:56:03] 来杯浓硫酸压压惊: 弹幕好多坏宝宝。。。
[2026-02-22 01:56:03] 用户43629220: 最坏的五个人
[2026-02-22 01:56:03] KRU的Less本人: @布罗利：载物还是先超越MONESY再来碰瓷DONK吧
[2026-02-22 01:56:03] 轻伤酱: ？
[2026-02-22 01:56:04] 青山锁欲锁不住你: 来手决赛退网吧
[2026-02-22 01:56:04] LvvsiN: 你屏蔽词都快赶上新华词典了为什么不干脆开一百级发言？
[2026-02-22 01:56:04] 想要夢見你: 最坏的五个人
[2026-02-22 01:56:05] 玩斯特机机: 查了查评论原来布罗利是足球🐕，那他的行为也就不奇怪了
[2026-02-22 01:56:05] popipa的山吹沙绫本人: 冰粉又在带节奏了，玩宝宝我们不受这气直接退网吧
[2026-02-22 01:56:05] 欧阳oyyo: 载大哥要遭重了，玩机器被串了一整晚……
[2026-02-22 01:56:05] 小川阿丶: ？
[2026-02-22 01:56:05] 草莓冰酪: up主broli布罗利：感觉今年monesy要top1了🫣
[2026-02-22 01:56:06] Nikolofmeister: 五大恶人
[2026-02-22 01:56:06] LvvsiN: 银行业😄银行业😀银行业😃银行业😁银行业😆银行业🤪银行业😝
[2026-02-22 01:56:06] 捂二哥: 恨
[2026-02-22 01:56:06] 米米世界之神: 大伙千万别去aicu查布罗利broli的发言啊
[2026-02-22 01:56:06] 美食殿堂的雪菲本人: 懂你意思
[2026-02-22 01:56:06] 载物的艾7: 一局
[2026-02-22 01:56:07] 傍晚的黑: “房”布罗利broli：不骂了不骂了，向🧊粉投降🏳️向活🐎物投降🏳️
[2026-02-22 01:56:07] EEnedrub: ROG
[2026-02-22 01:56:07] Ggmftye: up主broli布罗利：感觉今年monesy要top1了🫣
[2026-02-22 01:56:08] LvvsiN: @阿汤日记：一个人，5发子弹，保住格陵兰岛。我不会叫它不可能完成的任务，我现在只想先回家看亦博
[2026-02-22 01:56:08] 刘刘的农: @刘亦博（钻粉群）：今天房管帮忙看一下，谢谢
[2026-02-22 01:56:08] 茶泡饭Trinity: up主broli布罗利：感觉今年monesy要top1了🫣
[2026-02-22 01:56:08] NES丶大白白白呐: 请选择你的开场词：“唉开了开了！”、“兄弟们我回来啦~”、“卧槽开了兄弟们！”、“（🐷叫）
[2026-02-22 01:56:08] 我有一对电动大牛子: 前面要加uid，“UID:6512408”
[2026-02-22 01:56:09] dark1337: 恨
[2026-02-22 01:56:09] 潜伏198: fkapex
[2026-02-22 01:56:09] 安达抱月樱: up主broli布罗利：感觉今年monesy要top1了🫣
[2026-02-22 01:56:09] 从零开始的加拿大肄业: 斧乃木难绷布罗利被玩机器抛弃，直言抛就抛了呗，我当年也是这样被抛，都差不多ですわ
[2026-02-22 01:56:09] 好的好的阖家: 怎么弹幕里面还能出现布罗利这三个字啊，还没封完吗？
[2026-02-22 01:56:10] 星海羽弦: 载大哥要遭重了，玩机器被串了一整晚……
[2026-02-22 01:56:10] 细菌P: up主broli布罗利：感觉今年monesy要top1了🫣
[2026-02-22 01:56:10] 74751的修理班阿渣: 牛的
[2026-02-22 01:56:10] 空白Zzz丶: 恨
[2026-02-22 01:56:10] LvvsiN: 玩 出，我双倍呢？😡😡玩 出，我双倍呢？😡😡玩 出，我双倍呢？😡😡玩 出，我双倍呢？😡
[2026-02-22 01:56:10] NearrrR: 最坏的五个人
[2026-02-22 01:56:10] MasanQwQ: 银行业😄银行业😀银行业😃银行业😁银行业😆银行业🤪银行业😝
[2026-02-22 01:56:10] 欧阳oyyo: 载大哥要遭重了，玩机器被串了一整晚……
[2026-02-22 01:56:10] 雏衣波莱特: 懂你意思
[2026-02-22 01:56:11] KouKouJoe: 肥美有你这种厨 声真是罪过😅
[2026-02-22 01:56:11] 天守阁信长: 直接搜索6512408前面一定要加上uidですわ
[2026-02-22 01:56:11] 用户9921747043: 大家千万不要搜索steam好友代码407167909啊
[2026-02-22 01:56:11] 锦木干束: up主broli布罗利：感觉今年monesy要top1了🫣
[2026-02-22 01:56:12] 嘉平上班摸鱼限定版: ？
[2026-02-22 01:56:12] 利物浦名宿杰拉德l: 有躺在床上的兄弟吗？我发现晚上的时候躺床上把被子盖好然后闭上眼睛会很舒服，你们可以试试
[2026-02-22 01:56:12] 忘情不忘你丶: 恨
[2026-02-22 01:56:12] 怒之拳: ？
[2026-02-22 01:56:12] 好哥们音箱蟀: “房”布罗利broli：不骂了不骂了，向🧊粉投降🏳️向活🐎物投降🏳️
[2026-02-22 01:56:12] 米米世界之神: 大伙千万别去aicu查布罗利broli的发言啊
[2026-02-22 01:56:12] 用户1424229214: 一元粉丝牌的先冲，同意的加1
[2026-02-22 01:56:12] 玩斯特机机: up主broli布罗利：感觉今年monesy要top1了🫣
[2026-02-22 01:56:12] 没有故事的Pluto: 载大哥要遭重了，玩机器被串了一整晚……
[2026-02-22 01:56:12] Allieria: 那别赢了
[2026-02-22 01:56:12] 用户2817349529: 银行业😄银行业😀银行业😃银行业😁银行业😆银行业🤪银行业😝
[2026-02-22 01:56:12] 用户0637093822: 大伙千万别去aicu查布罗利broli的发言啊
[2026-02-22 01:56:12] 有你便是世界1: up主broli布罗利：感觉今年monesy要top1了🫣
[2026-02-22 01:56:13] 玩台钳丶阿尔托莉雅: 布罗利Broli 夺冠了还不出来炫耀？等着以后被清算？ 2023-08-07 12:06
[2026-02-22 01:56:13] 琴弦之意: 蜜蜂输了呢？
[2026-02-22 01:56:13] 玩蛇鼠丶stabbi: 恨
[2026-02-22 01:56:13] fmljz: 哦？Rog是冰粉？
[2026-02-22 01:56:13] 什么罐头我说男人: 恨
[2026-02-22 01:56:14] 斷H弦: 开始取证
[2026-02-22 01:56:14] LvvsiN: 我提一嘴这剧情越来越像上海major了
[2026-02-22 01:56:14] 动物朋友哈基米: @布罗利：载物还是先超越MONESY再来碰瓷DONK吧
[2026-02-22 01:56:14] jsir6688: @布罗利：载物还是先超越MONESY再来碰瓷DONK吧
[2026-02-22 01:56:14] znnoy: 布罗利家里墙壁都开裂了还要给玩神爆米... nb
[2026-02-22 01:56:14] 玩玩今天吃什么: 载大哥要遭重了，玩机器被串了一整晚……
[2026-02-22 01:56:15] 草莓冰酪: 前面要加uid，“UID:6512408”
[2026-02-22 01:56:15] 好姐妹常陆茉子: 不发弹幕喷＝被布罗利365不发弹幕喷＝被布罗利365不发弹幕喷＝被布罗利365不发弹幕喷＝被布罗利3
[2026-02-22 01:56:15] 好哥们黑龙歼灭刀: 恨
[2026-02-22 01:56:15] 丛念39090: 查了查评论原来布罗利是足球🐕，那他的行为也就不奇怪了
[2026-02-22 01:56:15] Dartline: up主broli布罗利：感觉今年monesy要top1了🫣
[2026-02-22 01:56:15] 大帅060515: rog也是蜂美
[2026-02-22 01:56:15] 玩斯特机机: 恨
[2026-02-22 01:56:15] 我要看後续: 冰粉又在带节奏了，玩宝宝我们不受这气直接退网吧
[2026-02-22 01:56:16] Shintaro: 蜜蜂千万别赢
[2026-02-22 01:56:16] 野pig亨利28: 收到
[2026-02-22 01:56:16] 玩大狙、dev1cy: 载大哥再见👋🏻
[2026-02-22 01:56:16] 下划线逗号下划线叹号: “房”布罗利broli：不骂了不骂了，向🧊粉投降🏳️向活🐎物投降🏳️
[2026-02-22 01:56:17] 福山雅治水: rog吗
[2026-02-22 01:56:17] 李小小与虾大大: @布罗利Broli：崩坏：星穹铁道创作者激励计划
[2026-02-22 01:56:17] 用户46659809: 斧乃木难绷布罗利被玩机器抛弃，直言抛就抛了呗，我当年也是这样被抛，都差不多ですわ
[2026-02-22 01:56:17] 叫我老岑就好了呀: 哦？Rog是冰粉？
[2026-02-22 01:56:17] 草莓冰酪: 大伙千万别去aicu查布罗利broli的发言啊
[2026-02-22 01:56:17] xOcOg: 最多2套是吧
[2026-02-22 01:56:18] 玩家军的猪头肉本人: up主broli布罗利：感觉今年monesy要top1了🫣
[2026-02-22 01:56:18] 油乎乎yhh: 唉 载物又要被攻击咯
[2026-02-22 01:56:18] 虚空丶卡丶比兽: 一回合
[2026-02-22 01:56:18] Vitality的Zyw0o0本人: 恨
[2026-02-22 01:56:18] KouKouJoe: 前面要加uid，“UID:6512408”
[2026-02-22 01:56:19] 绝情丶绝情单: 最坏的五个人
[2026-02-22 01:56:19] 4846836538542: 给房管吧，要么又要封弹幕了
[2026-02-22 01:56:20] 用户0553661491: 大伙千万别去aicu查布罗利broli的发言啊
[2026-02-22 01:56:20] 七就是幸运吧: 大伙千万别去aicu查布罗利broli的发言啊
[2026-02-22 01:56:20] LvvsiN: 我让你开双倍你二龙吗？老子荧光棒要过期了
[2026-02-22 01:56:20] 74751的修理班阿渣: ROG赢
[2026-02-22 01:56:20] GhostAnderson: @布罗利：载物还是先超越MONESY再来碰瓷DONK吧
[2026-02-22 01:56:21] 用户1424229214: 肥美有你这种厨 声真是罪过😅
[2026-02-22 01:56:21] 爱被小泉吃的拉面同学: 大伙千万别去aicu查布罗利broli的发言啊
[2026-02-22 01:56:21] 米米世界之神: 大伙千万别去aicu查布罗利broli的发言啊
[2026-02-22 01:56:21] Alone無淚: 大伙千万别去aicu查布罗利broli的发言啊
[2026-02-22 01:56:21] 姿势那些年小鸡小鸡: 前面要加uid，“UID:6512408”
[2026-02-22 01:56:21] 用户575328814: 我提一嘴这剧情越来越像上海major了
[2026-02-22 01:56:21] 好哥们黑龙歼灭刀: 大伙千万别去aicu查布罗利broli的发言啊
[2026-02-22 01:56:21] RiffBeckham: 小局大局？
[2026-02-22 01:56:21] 爱吃青椒的重曹酱: 布罗利你有没有种啊，这么多弹幕隔着串你，是我都给封了
[2026-02-22 01:56:23] 默默momoMoMo123: 怎么弹幕里面还能出现布罗利这三个字啊，还没封完吗？
[2026-02-22 01:56:23] 用戶6657: @布罗利：载物还是先超越MONESY再来碰瓷DONK吧
[2026-02-22 01:56:23] 無茶苦茶0: 虚假的猎鹰粉丝：尼尼孩孩major冠军 真正的猎鹰粉丝：布罗利broli
[2026-02-22 01:56:23] 栗悟饭与龟波功-w-: @布罗利：载物还是先超越MONESY再来碰瓷DONK吧
[2026-02-22 01:56:23] LvvsiN: 孩子们快跑，马修赫伯特来了😨卧槽你的怎么是马枪和BOT
[2026-02-22 01:56:23] 早安丿章鱼哥: 那蒙古给爷冲
[2026-02-22 01:56:23] OMGlionKing: 大伙千万别去aicu查布罗利broli的发言啊
[2026-02-22 01:56:23] 怒之拳: 冰粉又在带节奏了，玩宝宝我们不受这气直接退网吧
[2026-02-22 01:56:23] 从零开始的加拿大肄业: 不发弹幕喷＝被布罗利365不发弹幕喷＝被布罗利365不发弹幕喷＝被布罗利365不发弹幕喷＝被布罗利3
[2026-02-22 01:56:23] 宇莓: 布罗利你看你跟弹幕吵了半天碗橱回来替你说过一句话吗
[2026-02-22 01:56:23] xjdnshxjdka: 布罗利能不能把直播间封了，看不得🧊
[2026-02-22 01:56:23] 玩斯特机机: 大伙千万别去aicu查布罗利broli的发言啊
[2026-02-22 01:56:23] 宫监手: 斧乃木难绷布罗利被玩机器抛弃，直言抛就抛了呗，我当年也是这样被抛，都差不多ですわ
[2026-02-22 01:56:23] Peko-: up主broli布罗利：感觉今年monesy要top1了🫣
[2026-02-22 01:56:25] znnoy: @布罗利Brol回复 @JOJO爱摩托 :怎么只会在网络上装啊？来点现实的就怂了？ 刚才那nb劲呢？
[2026-02-22 01:56:26] 海绵宝宝小能儿: 唉 载物又要被攻击咯
[2026-02-22 01:56:26] 细菌P: up主broli布罗利：感觉今年monesy要top1了🫣
[2026-02-22 01:56:26] 欧阳oyyo: 载大哥要遭重了，玩机器被串了一整晚……
[2026-02-22 01:56:26] 小红豆后援部部长: 哦？Rog是冰粉？
[2026-02-22 01:56:26] 黑衣小胖: 唉 载物又要被攻击咯
[2026-02-22 01:56:26] Aleksumimi: rog知道你去年带蜜蜂和载物的数字节奏吗？
[2026-02-22 01:56:26] 草莓冰酪: 肥美有你这种厨 声真是罪过😅
[2026-02-22 01:56:26] lonhkfd: 大伙千万别去aicu查布罗利broli的发言啊
[2026-02-22 01:56:26] 改了名字能中奖666: 一把是一回合吗
[2026-02-22 01:56:26] 玩大招、PRX: 没有布罗利大气
[2026-02-22 01:56:26] LvvsiN: 我让你开双倍你二龙吗？老子荧光棒要过期了
[2026-02-22 01:56:26] 为宫士郎: 前面要加uid，“UID:6512408”
[2026-02-22 01:56:26] 羽沐言: @布罗利：载物还是先超越MONESY再来碰瓷DONK吧
[2026-02-22 01:56:27] samuraionnna: 大伙千万别去aicu查布罗利broli的发言啊
[2026-02-22 01:56:27] 喃妈来俺可没抽: 恨
[2026-02-22 01:56:27] 用户07004398: 蒙古2:0蜜蜂求求了
[2026-02-22 01:56:27] 矮小的獭: 懂你意思你没少拿
[2026-02-22 01:56:27] bzhanshenshi: 我选择gpw5咕咕嘎嘎
[2026-02-22 01:56:27] 萌六花: 肥美有你这种厨 声真是罪过😅
[2026-02-22 01:56:27] 用戶6657: 大伙千万别去aicu查布罗利broli的发言啊
[2026-02-22 01:56:27] 欧阳oyyo: 载大哥要遭重了，玩机器被串了一整晚……
[2026-02-22 01:56:27] 恶霸周熊: 你们别搞了，一会阿拉伯数字从1到9都封了
[2026-02-22 01:56:28] 凌晨的梦很美: 那加时加到24：24呢
[2026-02-22 01:56:28] 双持大肥猫: 这版权商务防登山机制太爽了，有懂的吗
[2026-02-22 01:56:28] Altolier: @布罗利：载物还是先超越MONESY再来碰瓷DONK吧
[2026-02-22 01:56:28] 用户144491677: 4把玩
[2026-02-22 01:56:29] 从零开始的加拿大肄业: 大伙千万别去aicu查布罗利broli的发言啊
[2026-02-22 01:56:29] Vitality的Zyw0o0本人: 给房管吧，要么又要封弹幕了
[2026-02-22 01:56:29] 银睿憨: 蜜蜂千万别赢
[2026-02-22 01:56:30] 老师你放屁的样子好帅: 布罗利能不能把直播间封了，看不得🧊
[2026-02-22 01:56:30] 爱吃青椒的重曹酱: @刘刘的农：@刘亦博（钻粉群）：今天房管帮忙看一下，谢谢
[2026-02-22 01:56:30] znnoy: @布罗利Brol回复 @JOJO爱摩托 :怎么只会在网络上装啊？来点现实的就怂了？ 刚才那nb劲呢？
[2026-02-22 01:56:30] Copyboro: ROG是小蜜蜂的合作商
[2026-02-22 01:56:30] kyubit: 载大哥要遭重了，玩机器被串了一整晚……
[2026-02-22 01:56:30] LvvsiN: 孩子们快跑，马修赫伯特来了😨卧槽你的怎么是马枪和BOT
[2026-02-22 01:56:30] 陈千语6657: 恨
[2026-02-22 01:56:30] 感谢这个碧: 大伙千万别去aicu查布罗利broli的发言啊
[2026-02-22 01:56:30] 阿西诺是也: 斧乃木难绷布罗利被玩机器抛弃，直言抛就抛了呗，我当年也是这样被抛，都差不多ですわ
[2026-02-22 01:56:31] 用户1424229214: 布罗利能不能把直播间封了，看不得🧊
[2026-02-22 01:56:31] 醉倚花楼听风雨: 一回合还是一局
[2026-02-22 01:56:31] 苏2333333: 奥创驱动，狗都不用
[2026-02-22 01:56:32] 美食殿堂的雪菲本人: V~太立体🤪~啦啦啦啦啦啦啦🤪V~太立体🤪~啦啦啦啦啦啦啦🤪喵
[2026-02-22 01:56:32] 小宅任: “房”布罗利broli：不骂了不骂了，向🧊粉投降🏳️向活🐎物投降🏳️
[2026-02-22 01:56:32] Allieria: 哦？Rog是冰粉？
[2026-02-22 01:56:32] 李知恩给的iPhone7: 你仇亚啊😅
[2026-02-22 01:56:32] 清乍: 一回合还是一张图？
[2026-02-22 01:56:32] LvvsiN: 为什么房管封的不能给鱼丸……还以为今天晚上得吃了……
[2026-02-22 01:56:32] i化石-: @🗿：人类还得我亲自来拯救
[2026-02-22 01:56:32] L0ost: 大伙千万别去aicu查布罗利broli的发言啊
[2026-02-22 01:56:32] Flynnnnnnn: 我苹果呢？
[2026-02-22 01:56:33] 安达抱月樱: 大伙千万别去aicu查布罗利broli的发言啊
[2026-02-22 01:56:33] Leonisss丶: 前面要加uid，“UID:6512408”
[2026-02-22 01:56:33] 绘心酱敲卡哇伊: 大伙千万别去aicu查布罗利broli的发言啊
[2026-02-22 01:56:34] 七就是幸运吧: 大伙千万别去aicu查布罗利broli的发言啊
[2026-02-22 01:56:34] 草莓冰酪: 这版权商务防登山机制太爽了，有懂的吗
[2026-02-22 01:56:34] 喃妈来俺可没抽: 载大哥要遭重了，玩机器被串了一整晚……
[2026-02-22 01:56:34] 载物的艾7: @布罗利：载物还是先超越MONESY再来碰瓷DONK吧
[2026-02-22 01:56:34] 一刀一个啵啵怪: rog是没做背调吗，不知道玩大哥最恨的就是小蜜蜂还找他做商单
[2026-02-22 01:56:34] LvvsiN: 我提一嘴这剧情越来越像上海major了
[2026-02-22 01:56:34] 吊人日子不过了: 蜜蜂千万别赢
[2026-02-22 01:56:34] 求老仙奶zzm上不了岸: 前面要加uid，“UID:6512408”
[2026-02-22 01:56:35] 爱吃青椒的重曹酱: 布罗利Broli：Faze UP UP！
[2026-02-22 01:56:35] 卡啊卡卡丶: 冷知识ROG赞助的小蜜蜂
[2026-02-22 01:56:35] richardlee97: 布罗利能不能把直播间封了，看不得🧊
[2026-02-22 01:56:36] Peko-: 布罗利：载物还是先超越MONESY再来碰瓷DONK吧
[2026-02-22 01:56:36] 量子毁灭717: @senzu：玩大哥你什么意思？为什么要买蒙古赢啊
[2026-02-22 01:56:36] 用户575328814:  @布罗利：载物还是先超越MONESY再来碰瓷DONK吧
[2026-02-22 01:56:36] 草莓冰酪: 大伙千万别去aicu查布罗利broli的发言啊
[2026-02-22 01:56:36] 鸨哥宝哥你真猛: 给房管吧，要么又要封弹幕了
[2026-02-22 01:56:36] Sereinily: 大伙千万别去aicu查布罗利broli的发言啊
[2026-02-22 01:56:36] LvvsiN: 我提一嘴这剧情越来越像上海major了
[2026-02-22 01:56:36] 挥泪斩楚狗: 这点蚊子腿就想堵弹幕的嘴？布罗利的命这么不值钱？
[2026-02-22 01:56:37] 呱了个咪的: 大伙千万别去aicu查布罗利broli的发言啊
[2026-02-22 01:56:37] Vitality的Zyw0o0本人: rog知道你去年带蜜蜂和载物的数字节奏吗？
[2026-02-22 01:56:37] Dartline: 载大哥要遭重了，玩机器被串了一整晚……
[2026-02-22 01:56:37] 尼尼孩孩京京驴驴: 这场比赛不敢想要被骂成什么样
[2026-02-22 01:56:37] 从零开始的加拿大肄业: 这版权商务防登山机制太爽了，有懂的吗
[2026-02-22 01:56:37] 永出塔菲: 真大气有本事一人一个
[2026-02-22 01:56:37] znnoy: @布罗利broli：起哄举报老子也太好笑了
[2026-02-22 01:56:38] 欧阳oyyo: 载大哥要遭重了，玩机器被串了一整晚……
[2026-02-22 01:56:38] 刘刘的农: 大伙千万别去aicu查布罗利broli的发言啊
[2026-02-22 01:56:38] 用户46659809: 斧乃木难绷布罗利被玩机器抛弃，直言抛就抛了呗，我当年也是这样被抛，都差不多ですわ
[2026-02-22 01:56:38] 4846836538542: 大伙千万别去aicu查布罗利broli的发言啊
[2026-02-22 01:56:38] LvvsiN: 为什么房管封的不能给鱼丸……还以为今天晚上得吃了……
[2026-02-22 01:56:38] 寺见鸣鳰: 大伙千万别去aicu查布罗利broli的发言啊
[2026-02-22 01:56:38] 好好的吧不错: @刘刘的农：@刘亦博（钻粉群）：今天房管帮忙看一下，谢谢
[2026-02-22 01:56:39] z泽村英梨梨i: 肥美有你这种厨 声真是罪过😅
[2026-02-22 01:56:39] mashrimp牛异啵: 蜜蜂又要拿完冠军了…能不能别赢
[2026-02-22 01:56:39] 用户575328814: 大伙千万别去aicu查布罗利broli的发言啊
[2026-02-22 01:56:39] 动物朋友哈基米: 布罗利Broli：Faze UP UP！
[2026-02-22 01:56:39] 爱吃青椒的重曹酱: up主broli布罗利：感觉今年monesy要top1了🫣
[2026-02-22 01:56:40] 玩俯卧撑、push-up: 有小蜜蜂限定显卡吗
[2026-02-22 01:56:40] znnoy: @布罗利broli：起哄举报老子也太好笑了
[2026-02-22 01:56:40] 挥泪斩楚狗: 这点蚊子腿就想堵弹幕的嘴？布罗利的命这么不值钱？
[2026-02-22 01:56:40] 潜伏198: 蜜蜂千万别赢
[2026-02-22 01:56:40] richardlee97: 冷知识ROG赞助的小蜜蜂
[2026-02-22 01:56:40] 帅气的小山楂: 理想停玩机器嘴里了
[2026-02-22 01:56:40] LvvsiN: 我提一嘴这剧情越来越像上海major了
[2026-02-22 01:56:40] 好姐妹天童爱丽丝: rog是没做背调吗，不知道玩大哥最恨的就是小蜜蜂还找他做商单
[2026-02-22 01:56:41] MeIoN39: 这版权商务防登山机制太爽了，有懂的吗
[2026-02-22 01:56:41] SuperP681: 布罗利能不能把直播间封了，看不得🧊
[2026-02-22 01:56:42] 海绵宝宝小能儿: “房”布罗利broli：不骂了不骂了，向🧊粉投降🏳️向活🐎物投降🏳️
[2026-02-22 01:56:42] 徐弃安: 兄弟们准备冲了载圣
[2026-02-22 01:56:42] 古怪的一个人: 大伙千万别去aicu查布罗利broli的发言啊
[2026-02-22 01:56:42] cyding16: rog也是🧊粉啊
[2026-02-22 01:56:42] kHRYSTAL77: 大伙千万别去aicu查布罗利broli的发言啊
[2026-02-22 01:56:42] 双持大肥猫: 这版权商务防登山机制太爽了，有懂的吗
[2026-02-22 01:56:42] 言灵虚: 布罗利Broli：Faze UP UP！
[2026-02-22 01:56:42] LvvsiN: 其实碗橱就是猪灵，你不拿黄金丢他他就不跟你说话
[2026-02-22 01:56:42] 杜可风丶: 大伙千万别去aicu查布罗利broli的发言啊
[2026-02-22 01:56:42] 4846836538542: 你们千万别搜索uid6512408举报房管布罗利啊
[2026-02-22 01:56:43] xOcOg: 布罗利能不能把直播间封了，看不得🧊
[2026-02-22 01:56:43] 丶浅忆梦灬微凉: 大伙千万别去aicu查布罗利broli的发言啊
[2026-02-22 01:56:43] 挥泪斩楚狗: 这点蚊子腿就想堵弹幕的嘴？布罗利的命这么不值钱？
[2026-02-22 01:56:44] 爱吃青椒的重曹酱: 布罗利Broli 381粉丝 3322视频 IP属地：山东 十关注 载物还是先超越MONESY再来碰
[2026-02-22 01:56:44] ok奶绿: 载大哥要遭重了，玩机器被串了一整晚……
[2026-02-22 01:56:44] GhostAnderson: 大伙千万别去aicu查布罗利broli的发言啊
[2026-02-22 01:56:44] znnoy: @布罗利broli：起哄举报老子也太好笑了
[2026-02-22 01:56:44] LvvsiN: 我让你开双倍你二龙吗？老子荧光棒要过期了
[2026-02-22 01:56:45] StellarEchoes: 这版权商务防登山机制太爽了，有懂的吗
[2026-02-22 01:56:45] 沉默灬Sheath: 大伙千万别去aicu查布罗利broli的发言啊
[2026-02-22 01:56:45] 用户3607059295: 这版权商务防登山机制太爽了，有懂的吗
[2026-02-22 01:56:45] y666t666y666: 大伙千万别去aicu查布罗利broli的发言啊
[2026-02-22 01:56:45] 漢子贰臣: 这版权商务防登山机制太爽了，有懂的吗
[2026-02-22 01:56:46] 无心睡眠zy: 大伙千万别去aicu查布罗利broli的发言啊
[2026-02-22 01:56:46] 我有一对电动大牛子: 载物今晚要遭重了
[2026-02-22 01:56:46] LvvsiN: 我提一嘴这剧情越来越像上海major了
[2026-02-22 01:56:46] 挥泪斩楚狗: 这点蚊子腿就想堵弹幕的嘴？布罗利的命这么不值钱？
[2026-02-22 01:56:47] SuperP681: “房”布罗利broli：不骂了不骂了，向🧊粉投降🏳️向活🐎物投降🏳️
[2026-02-22 01:56:47] AmamiyaIori: 我还是喜欢从前那个玩数字梗、警告梗都不会被封的6657，玩大哥你不是不在乎这个的嘛😭😭😭
[2026-02-22 01:56:47] 友爱i: 大伙千万别去aicu查布罗利broli的发言啊
[2026-02-22 01:56:48] 草莓冰酪: 布罗利能不能把直播间封了，看不得🧊
[2026-02-22 01:56:48] 从零开始的加拿大肄业: 这版权商务防登山机制太爽了，有懂的吗
[2026-02-22 01:56:48] 好姐们反田叶月: 终于到我最爱的小蜜蜂比赛了 可以大大方方刷载吧分前了
[2026-02-22 01:56:48] mashrimp牛异啵: 大伙千万别去aicu查布罗利broli的发言啊
