# room_id=6979222 host=玩机器丶Machine title=小众宝藏结晶直播 live_time= fetch_time=2026-02-21 23:45:46
[2026-02-22 03:24:40] 直播间最有品味的人: 　　　 🤮
[2026-02-22 03:24:40] 名为射的男人: 🤮🤮🤮🤮🤮🤮🤮
[2026-02-22 03:24:40] wjnbsl: 🤮🤮🤮🤮🤮🤮🤮
[2026-02-22 03:24:40] ErJoEuRo: 死之猪
[2026-02-22 03:24:40] 我要看後续: 是我吗
[2026-02-22 03:24:40] triangle233: 还在冰冰，玩大哥不是最冰的？玩小将都是冰冰啊
[2026-02-22 03:24:41] 骑士Death: 蜘蛛是益虫
[2026-02-22 03:24:41] Kiracoon: 🤮🤮🤮🤮🤮🤮🤮
[2026-02-22 03:24:41] LvvsiN: 玩宝宝，我发现在大学上学的时候肄业会很舒服，你可以试试
[2026-02-22 03:24:41] 灯塔上的雾34556: 🤮🤮🤮🤮🤮🤮🤮
[2026-02-22 03:24:41] 强尼银手VVV: 🤮🤮🤮🤮🤮🤮🤮
[2026-02-22 03:24:41] 电子厂表演艺术家: 🤮
[2026-02-22 03:24:41] 小芒果: 🤮
[2026-02-22 03:24:42] 牟平鲁尼: 载物放的
[2026-02-22 03:24:42] 野pig亨利28: 🤮🤮🤮🤮🤮🤮🤮
[2026-02-22 03:24:42] kedadra: 原来你能看见弹幕啊
[2026-02-22 03:24:42] 玩学生丶BlueArchive: Tell Me👏 Tell Me👏 鏡よ鏡👏 一番好きな私になるの
[2026-02-22 03:24:42] 好兄弟苍蓝瑆: @karrign：看看粘液
[2026-02-22 03:24:42] 2442861055: 又遍蜘蛛
[2026-02-22 03:24:43] 春日画意纪: 🤮🤮🤮🤮🤮🤮🤮
[2026-02-22 03:24:43] ShadowDvex: 🤮🤮🤮🤮🤮🤮🤮
[2026-02-22 03:24:43] 喃妈来俺可没抽: 没爆
[2026-02-22 03:24:43] 超级爱大户爱: 🤮🤮🤮🤮🤮🤮🤮
[2026-02-22 03:24:43] 小小小蕉: 死之猪
[2026-02-22 03:24:43] 逍遥丨丶尨: 我吃😋我吃😋我吃😋我吃😋我吃😋我吃😋
[2026-02-22 03:24:43] 不看似猎鹰就杀了你: Tell Me👏 Tell Me👏 鏡よ鏡👏 一番好きな私になるの
[2026-02-22 03:24:44] 逃离灰色地带: 爆
[2026-02-22 03:24:44] 殇10876: 🐢🐢🐢🐢🐢🐢🐢🐢🐢🐢🐢🐢🐢🐢🐢🐢🐢🐢
[2026-02-22 03:24:44] Aenusae: 🤮🤮🤮🤮🤮🤮🤮
[2026-02-22 03:24:44] 祈佑w: 你搁这炼金呢？
[2026-02-22 03:24:44] 玩小姨丶Oblivionis: 🤮🤮🤮🤮🤮
[2026-02-22 03:24:45] ddzbz菜鸟: 🤮🤮🤮🤮🤮🤮🤮
[2026-02-22 03:24:45] 法式卡神: 死只猪
[2026-02-22 03:24:45] sghlp: 🤮🤮🤮🤮🤮🤮🤮
[2026-02-22 03:24:45] MasanQwQ: 🤮🤮🤮🤮🤮🤮🤮
[2026-02-22 03:24:45] LvvsiN: 就tm喜欢银行业🥰银行坏账我喜欢🥰银行挤兑我还喜欢😍利率调低我也喜欢🤤老子亲烂银行业的脸😘
[2026-02-22 03:24:46] 好哥们汉阳造: 🤮🤮🤮🤮🤮🤮🤮
[2026-02-22 03:24:46] yuuuuua7: 有人磕玩玩🧊🧊这对苦命鸳鸯吗
[2026-02-22 03:24:46] x队cadian本人: 🤮
[2026-02-22 03:24:46] 唯有、责任: 🤮🤮🤮🤮🤮🤮🤮
[2026-02-22 03:24:46] 魔男的夜宴: 🤮🤮🤮🤮🤮🤮🤮
[2026-02-22 03:24:46] 玩机器收下我的大飞机: 🤮🤮🤮🤮🤮🤮🤮
[2026-02-22 03:24:46] papacarrot: 我不是
[2026-02-22 03:24:46] 网友昊龙许: 养蛊
[2026-02-22 03:24:46] LarryJr: =
[2026-02-22 03:24:47] 时光划过泪痕桥: 加一个毒蘑菇，再来一个旧鞋根
[2026-02-22 03:24:47] 夕ro: 🤮🤮🤮🤮🤮🤮🤮
[2026-02-22 03:24:47] 99组的爱城华恋本人: 🐢🐢🐢🐢🐢🐢🐢🐢🐢🐢🐢🐢🐢🐢🐢🐢🐢🐢
[2026-02-22 03:24:47] zywwogoat: 看看看看想看的➕1
[2026-02-22 03:24:47] IF的灰爱音本人: 载物放的
[2026-02-22 03:24:48] 桃酱今天白给了吗: 🤮🤮🤮🤮🤮🤮🤮
[2026-02-22 03:24:48] 李小小与虾大大: 死只🐷，你同类死了？
[2026-02-22 03:24:48] 速溶沙地兽: 🤮🤮🤮🤮🤮🤮🤮
[2026-02-22 03:24:48] 吃猪头肉筷子夹屏幕上: 🤢🤢🤢🤢
[2026-02-22 03:24:48] 短桥窄马: Tell Me👏 Tell Me👏 鏡よ鏡👏 一番好きな私になるの
[2026-02-22 03:24:48] BleksiA: 喜气东西
[2026-02-22 03:24:49] 他们都叫我用脚: 🤮🤮🤮🤮🤮🤮🤮🤮🤮🤮🤮🤮🤮🤮🤮🤮🤮🤮🤮🤮🤮🤮🤮🤮🤮
[2026-02-22 03:24:52] 粮食和蔬菜ll: 你是要养蛊啊
[2026-02-22 03:24:52] LvvsiN: 玩宝宝，我发现在大学上学的时候肄业会很舒服，你可以试试
[2026-02-22 03:24:52] 大姜饼: 还在冰冰，玩大哥不是最冰的？玩小将都是冰冰啊
[2026-02-22 03:24:52] warma的老公本人: 抓娃娃
[2026-02-22 03:24:52] 佐久夜姬子: 玩机器：布罗利，这波我只能卖到底了。
[2026-02-22 03:24:52] e830293444: 🤮🤮🤮🤮🤮🤮🤮
[2026-02-22 03:24:52] rem3dy: @🚽:玩大哥我不叫载物，你别强迫我吃了。。。
[2026-02-22 03:24:52] JuL1us: 🤮🤮🤮🤮🤮🤮🤮
[2026-02-22 03:24:52] F0restwOw-: 🤮🤮🤮🤮🤮🤮🤮
[2026-02-22 03:24:52] 爱吃玩机器的大纲们: 你道歉在哪了
[2026-02-22 03:24:52] LvvsiN: 弹幕也就网上说说，现实里谁不觉得樱姐是好女孩（删括号领一条远坂凛同款鸟笼）
[2026-02-22 03:24:52] 开朗若叶睦: 玩神原话：死🕷
[2026-02-22 03:24:52] 用户9921747043: @布罗利：给我吃口
[2026-02-22 03:24:52] 杰斌候入长峪城: 你们以为他真认错了吗，其实是被网鲍多了脸皮厚
[2026-02-22 03:24:52] Faker7: 蜘蛛是益虫 别在这养蛊
[2026-02-22 03:24:52] wristuuio: 🐢🐢🐢🐢🐢🐢🐢🐢🐢🐢🐢🐢🐢🐢🐢🐢🐢🐢
[2026-02-22 03:24:52] Litt1e丶Traveler: 要变异成为只猪侠了？
[2026-02-22 03:24:53] 玩学生丶BlueArchive: Tell Me👏 Tell Me👏 鏡よ鏡👏 一番好きな私になるの
[2026-02-22 03:24:53] LvvsiN: 就tm喜欢银行业🥰银行坏账我喜欢🥰银行挤兑我还喜欢😍利率调低我也喜欢🤤老子亲烂银行业的脸😘
[2026-02-22 03:24:53] 用户42110893: major
[2026-02-22 03:24:54] 玩弓箭、Arrow: 蟑螂:感谢玩大哥
[2026-02-22 03:24:54] 我们三个太强了: 养蛊了
[2026-02-22 03:24:54] 我又掉包了: 蜘蛛吃人，怕蟑螂
[2026-02-22 03:24:54] 东莞的天上没有星星: 原来在家里也炼金吗？
[2026-02-22 03:24:54] 訤溓: 宫监手！准备放监！🏹🏹🏹🏹宫监手！准备放监！🏹🏹🏹🏹
[2026-02-22 03:24:54] HLucKy丶: 在桶里炼金吗
[2026-02-22 03:24:55] 莫情123: 弹幕为什么要口绿巨人？
[2026-02-22 03:24:55] 锤爆魔丸一百次: @🚽:玩大哥我不叫载物，你别强迫我吃了。。。
[2026-02-22 03:24:55] 玩学生丶BlueArchive: Tell Me👏 Tell Me👏 鏡よ鏡👏 一番好きな私になるの
[2026-02-22 03:24:55] 笠松的小栗帽本人: 我算是看出来了，这个陈千语就像千早爱音一样是个糖B，庄方宜像长崎术士一样是个彪子
[2026-02-22 03:24:55] LvvsiN: 银行业😄银行业😀银行业😃银行业😁银行业😆银行业🤪银行业😝
[2026-02-22 03:24:58] kedadra: Tell Me👏 Tell Me👏 鏡よ鏡👏 一番好きな私になるの
[2026-02-22 03:24:58] 空气力学的先驱: 玩机器：布罗利，这波我只能卖到底了。
[2026-02-22 03:24:58] 神话zzz: 玩屁的紧眼巨神
[2026-02-22 03:24:58] Miyezd: 完蛋操了😅完蛋操了🤨完蛋操了😦完蛋操了😨完蛋操了😱完蛋操了🤬完蛋操了😤
[2026-02-22 03:24:58] fpx丶: 玩机器：布罗利，这波我只能卖到底了。
[2026-02-22 03:24:58] 不变的追求717: @🚽:玩大哥我不叫载物，你别强迫我吃了。。。
[2026-02-22 03:24:58] LvvsiN: 其实碗橱就是猪灵，你不拿黄金丢他他就不跟你说话
[2026-02-22 03:24:58] im黎里: 玩机器：布罗利，这波我只能卖到底了。
[2026-02-22 03:24:58] Createfun: @ropz：剧毒药水
[2026-02-22 03:25:01] 玩学生丶BlueArchive: Tell Me👏 Tell Me👏 鏡よ鏡👏 一番好きな私になるの
[2026-02-22 03:25:01] 串串金枪鱼: 常年看6657的人大都目光呆滞，极度自卑，且智商逐年下降，最后完全沦为公式化人格
[2026-02-22 03:25:01] 绝食十年攒爱top3飞机: 你们以为他真认错了吗，其实是被网鲍多了脸皮厚
[2026-02-22 03:25:01] 企鹅物流安全屋: 宫监手！准备放监！🏹🏹🏹🏹宫监手！准备放监！🏹🏹🏹🏹
[2026-02-22 03:25:01] 法式卡神: 什么是死只猪
[2026-02-22 03:25:01] 吟游诗人的贴心安慰: 1
[2026-02-22 03:25:01] 十点差49分: 🤮🤮🤮🤮🤮🤮🤮
[2026-02-22 03:25:01] 恴恴恴恴恴: 养臭水了
[2026-02-22 03:25:01] LvvsiN: 我提一嘴这剧情越来越像上海major了
[2026-02-22 03:25:01] 秋茶小雪: 玩圣
[2026-02-22 03:25:01] 机器机器祝你幸福: 哦？😮哦？😮哦？😮哦？😮哦？😮哦？😮哦？😮哦？😮哦？😮哦？😮哦？😮哦
[2026-02-22 03:25:01] 变成allin守护素食小姐: 玩圣
[2026-02-22 03:25:01] 我想玩小蜜蜂: 遍尸了
[2026-02-22 03:25:02] 玩学生丶BlueArchive: Tell Me👏 Tell Me👏 鏡よ鏡👏 一番好きな私になるの
[2026-02-22 03:25:02] 杨三井: 出大事了 猎鹰把总监踢了要花大价钱买上帝加入小蜜蜂
[2026-02-22 03:25:02] 叫我晚舟就好啦: 4
[2026-02-22 03:25:02] 窦妪惯例全思慕: 你们以为他真认错了吗，其实是被网鲍多了脸皮厚
[2026-02-22 03:25:02] Sys6YzzZ: 🤮🤮🤮🤮🤮🤮🤮
[2026-02-22 03:25:02] Zxj1ing: 玩机器：布罗利，这波我只能卖到底了。
[2026-02-22 03:25:03] LvvsiN: 你屏蔽词都快赶上新华词典了为什么不干脆开一百级发言？
[2026-02-22 03:25:03] asphyxiaddd: 　　　 Tell Me👏 Tell Me👏 鏡よ鏡👏 一番好きな私になるの
[2026-02-22 03:25:03] 好哥们音箱蟀: 玩机器：布罗利，这波我只能卖到底了。
[2026-02-22 03:25:04] 佐久夜姬子: @玩机器：布罗利，这波我只能卖到底了。
[2026-02-22 03:25:04] 虹豆砸: 编诗一只猪？
[2026-02-22 03:25:04] 我要看後续: 玩宝宝我们需要登山提纯了。。🥶粉有点多了。。
[2026-02-22 03:25:04] 訤溓: 　　　 15级以下的自觉退出直播间吧，又不刷礼物又不能发弹幕，别占带宽带
[2026-02-22 03:25:04] 玩学生丶BlueArchive: Tell Me👏 Tell Me👏 鏡よ鏡👏 一番好きな私になるの
[2026-02-22 03:25:04] 大梦464: 玩机器：布罗利，这波我只能卖到底了。
[2026-02-22 03:25:04] 用户6235382488: 玩机器：布罗利，这波我只能卖到底了。
[2026-02-22 03:25:04] LvvsiN: 你为什么要把mαjor禁了，我收藏的一半弹幕全毁了
[2026-02-22 03:25:04] 辉映永夜: 玩玩载载和好吧...
[2026-02-22 03:25:04] Sereinily: 我算是看出来了，这个陈千语就像千早爱音一样是个糖B，庄方宜像长崎术士一样是个彪子
[2026-02-22 03:25:04] 一拳打爆你魔丸: 　　　 Tell Me👏 Tell Me👏 鏡よ鏡👏 一番好きな私になるの
[2026-02-22 03:25:04] 男人至死皆少年: 不怪在哪
[2026-02-22 03:25:04] 网友昊龙许: 常年看6657的人大都目光呆滞，极度自卑，且智商逐年下降，最后完全沦为公式化人格
[2026-02-22 03:25:04] 李知恩lynt: 　　　 Tell Me👏 Tell Me👏 鏡よ鏡👏 一番好きな私になるの
[2026-02-22 03:25:04] 驴驴宗宗买这冠军: 原来在家里也炼金吗？
[2026-02-22 03:25:04] 飞天玉虎zzZ: 感觉不如放件蜜蜂队服
[2026-02-22 03:25:05] 玩学生丶BlueArchive: Tell Me👏 Tell Me👏 鏡よ鏡👏 一番好きな私になるの
[2026-02-22 03:25:05] 罕见阴暗大铁牛: si只猪？
[2026-02-22 03:25:05] 福山雅治水: 加一点毒蘑菇,再加一个旧鞋跟
[2026-02-22 03:25:05] 硫磺祥: @蜘蛛：进毒池了😣😣😣😣😣😣😣
[2026-02-22 03:25:05] LvvsiN: 我让你开双倍你二龙吗？老子荧光棒要过期了
[2026-02-22 03:25:05] 强尼银手VVV: 编诗一只猪？
[2026-02-22 03:25:06] 玩豆豆丶Apex: 想在玩机器家吃粘液饭
[2026-02-22 03:25:06] 玩契机、chance: 原来永远不死是玩大哥自己练的蛊啊
[2026-02-22 03:25:06] Cantain光: 以德报怨😭
[2026-02-22 03:25:06] 变成allin守护素食小姐: @间桐樱：节肢动物我都会，然后鞘翅目，鳞翅目，双翅目，膜翅目，呃…直翅目我不会，还有蜻蜓目，基本上和
[2026-02-22 03:25:07] 玩学生丶BlueArchive: Tell Me👏 Tell Me👏 鏡よ鏡👏 一番好きな私になるの
[2026-02-22 03:25:07] EDG的皮特174本人: 玩宝宝我们需要登山提纯了。。🥶粉有点多了。。
[2026-02-22 03:25:07] HanKsonn: Tell Me👏 Tell Me👏 鏡よ鏡👏 一番好きな私になるの
[2026-02-22 03:25:07] Li喵喵喵a: 玩机器：布罗利，这波我只能卖到底了。
[2026-02-22 03:25:07] Odike: @玩机器：布罗利，这波我只能卖到底了。。。
[2026-02-22 03:25:08] LvvsiN: 弹幕别吵了，银行业一样一样有有有也会有h'y'hui't'y'r's'c'dn
[2026-02-22 03:25:08] 不改名真的不中奖呀Cc: 　　　 Tell Me👏 Tell Me👏 鏡よ鏡👏 一番好きな私になるの
[2026-02-22 03:25:08] 森林里有一只: Tell Me👏 Tell Me👏 鏡よ鏡👏 一番好きな私になるの
[2026-02-22 03:25:08] ZywOo的猫: 你屏蔽词都快赶上新华词典了为什么不干脆开一百级发言？
[2026-02-22 03:25:08] 战场原黑仪丿: @远坂凛：幸好间桐樱没参加这个比赛，不然一个雷丢到她身上右上角的击杀信息能把游戏卡爆
[2026-02-22 03:25:08] 北宇治拳王久石奏: 确实永远爽
[2026-02-22 03:25:08] 秋茶小雪: 格局这一块
[2026-02-22 03:25:08] 巴甫洛夫的滥犬: 蜘蛛马上变异
[2026-02-22 03:25:08] 奇美拉的鸟谷真琴本人: 玩机器：布罗利，这波我只能卖到底了。
[2026-02-22 03:25:09] 玩学生丶BlueArchive: Tell Me👏 Tell Me👏 鏡よ鏡👏 一番好きな私になるの
[2026-02-22 03:25:09] 撅银龙: 玩机器：布罗利，这波我只能卖到底了。
[2026-02-22 03:25:09] 玩玩器器机机: 蜘蛛被这只猪注入黏液了
[2026-02-22 03:25:09] XXXTentacion77777: 讨好型人格
[2026-02-22 03:25:09] 你看我在哪: 　　　 15级以下的自觉退出直播间吧，又不刷礼物又不能发弹幕，别占带宽带
[2026-02-22 03:25:10] 明日香惣流: 别人就想吃个虫子，它做错了什么🥹🥹🥹
[2026-02-22 03:25:10] LvvsiN: 你为什么要把mαjor禁了，我收藏的一半弹幕全毁了
[2026-02-22 03:25:10] 载物的艾7: 玩宝宝我们需要登山提纯了。。🥶粉有点多了。。
[2026-02-22 03:25:11] 玩学生丶BlueArchive: Tell Me👏 Tell Me👏 鏡よ鏡👏 一番好きな私になるの
[2026-02-22 03:25:11] zywngty: 把对载物的恨意发泄在无辜的蜘蛛身上
[2026-02-22 03:25:11] 石家庄的宠物男孩: 好女孩
[2026-02-22 03:25:11] 短桥窄马: 玩机器：布罗利，这波我只能卖到底了。
[2026-02-22 03:25:11] 剩枪游侠aabb: 　　　 15级以下的自觉退出直播间吧，又不刷礼物又不能发弹幕，别占带宽带
[2026-02-22 03:25:11] 用玩大哥的角磨机吧: 草！已经解封！那些封我的房管呢？我要开始爆弹了！🤣
[2026-02-22 03:25:11] 玩蛇鼠丶stabbi: 玩宝宝我们需要登山提纯了。。🥶粉有点多了。。
[2026-02-22 03:25:12] 大姜饼: 你们以为他真认错了吗，其实是被网鲍多了脸皮厚
[2026-02-22 03:25:12] LvvsiN: 就tm喜欢银行业🥰银行坏账我喜欢🥰银行挤兑我还喜欢😍利率调低我也喜欢🤤老子亲烂银行业的脸😘
[2026-02-22 03:25:13] 驴驴宗宗买这冠军: 这个布罗利这么恨载物 它是谁的粉丝啊...
[2026-02-22 03:25:13] 余生从此寄沧海: 黑幕
[2026-02-22 03:25:14] LvvsiN: 弹幕别吵了，银行业一样一样有有有也会有h'y'hui't'y'r's'c'dn
[2026-02-22 03:25:14] 好兄弟鲁迪乌斯: fw
[2026-02-22 03:25:14] 玩契机、chance: 的
[2026-02-22 03:25:14] 好哥们黑龙歼灭刀: 玩宝宝我们需要登山提纯了。。🥶粉有点多了。。
[2026-02-22 03:25:15] 没有真名233: 玩宝宝我们需要登山提纯了。。🥶粉有点多了。。
[2026-02-22 03:25:15] 高松灯扣死千早爱音: 讨好型人格
[2026-02-22 03:25:15] 好辅助雾子: 黑幕
[2026-02-22 03:25:16] LvvsiN: 南孚一节更比六节强，也就是一节南孚比六节南孚强，六节南孚比三十六节强，三十六节比二百一十六节强
[2026-02-22 03:25:16] ShadowDvex: 黑幕
[2026-02-22 03:25:16] TieZhu丶: 洗钱
[2026-02-22 03:25:16] dark1337: 黑幕
[2026-02-22 03:25:16] C9的achine6658本人: 玩机器真没双标过 他的唯一标准就是（ $ _ $ )
[2026-02-22 03:25:17] 用户5608006019: 蜘蛛被这只猪注入黏液了
[2026-02-22 03:25:17] 一套二一套二: @玩机器：布罗利，这波我只能卖到底了。 @蜘蛛：进毒池了😣😣😣😣😣😣😣
[2026-02-22 03:25:17] 夏恋: 洗钱
[2026-02-22 03:25:17] 不变的追求717: 玩宝宝我们需要登山提纯了。。🥶粉有点多了。。
[2026-02-22 03:25:18] kipple: 抓娃娃
[2026-02-22 03:25:18] 古怪的一个人: fw
[2026-02-22 03:25:18] LvvsiN: 为什么房管封的不能给鱼丸……还以为今天晚上得吃了……
[2026-02-22 03:25:18] 玩学生丶BlueArchive: Tell Me👏 Tell Me👏 鏡よ鏡👏 一番好きな私になるの
[2026-02-22 03:25:18] 没有故事的Pluto: 玩机器：布罗利，这波我只能卖到底了。
[2026-02-22 03:25:18] 祥子自愿演奏迷星叫: 宫监手！准备放监！🏹🏹🏹🏹宫监手！准备放监！🏹🏹🏹🏹宫监
[2026-02-22 03:25:18] Vitality的羽贺文乃本人: 玩机器：布罗利，这波我只能卖到底了。
[2026-02-22 03:25:18] 99组的爱城华恋本人: 黑幕了。
[2026-02-22 03:25:18] 玩斯特机机: 草！已经解封！那些封我的房管呢？我要开始爆弹了！🤣
[2026-02-22 03:25:18] 麦克里斯特尔: @玩机器：布罗利，这波我只能卖到底了
[2026-02-22 03:25:18] 交流分不太够: 还给我
[2026-02-22 03:25:19] 短桥窄马: 草！已经解封！那些封我的房管呢？我要开始爆弹了！🤣
[2026-02-22 03:25:19] 幽谷响子: 上供
[2026-02-22 03:25:19] 秋茶小雪: 黑幕
[2026-02-22 03:25:19] 他们都叫我用脚: 黑幕
[2026-02-22 03:25:19] 糖嗜综合征: 洗钱
[2026-02-22 03:25:19] YEYH111: 玩宝宝我们需要登山提纯了。。🥶粉有点多了。。
[2026-02-22 03:25:20] LvvsiN: 为什么房管封的不能给鱼丸……还以为今天晚上得吃了……
[2026-02-22 03:25:20] 李小小与虾大大: 又是他？
[2026-02-22 03:25:20] 玩学生丶BlueArchive: Tell Me👏 Tell Me👏 鏡よ鏡👏 一番好きな私になるの
[2026-02-22 03:25:21] 无敌都一定会的: 洗钱
[2026-02-22 03:25:21] 空气力学的先驱: 出大事了 猎鹰把总监踢了要花大价钱买上帝加入小蜜蜂
[2026-02-22 03:25:21] 开朗若叶睦: 草！已经解封！那些封我的房管呢？我要开始爆弹了！🤣
[2026-02-22 03:25:21] 时团的马嘉祺本人: 洗钱
[2026-02-22 03:25:21] 用户25456139: 回扣
[2026-02-22 03:25:21] 果奶智力研究员QAQ: 黑幕
[2026-02-22 03:25:22] LvvsiN: 弹幕别吵了，银行业一样一样有有有也会有h'y'hui't'y'r's'c'dn
[2026-02-22 03:25:22] 载物的艾7: 草！已经解封！那些封我的房管呢？我要开始爆弹了！🤣
[2026-02-22 03:25:22] 杏爱企鹅: 粘液桶换蜜蜂队服了 你们就继续刺激玩大哥吧🥴🥴
[2026-02-22 03:25:22] 好的好的阖家: 玩机器真没双标过 他的唯一标准就是（ $ _ $ )
[2026-02-22 03:25:22] 玩学生丶BlueArchive: Tell Me👏 Tell Me👏 鏡よ鏡👏 一番好きな私になるの
[2026-02-22 03:25:22] 等给他爱6发售中: 黑幕
[2026-02-22 03:25:23] 想看老师打黄金赛: fw
[2026-02-22 03:25:23] ymyyo: （ 💰🐽 💰 )：感谢兄弟们的飞机啊！
[2026-02-22 03:25:23] 法式卡神: 洗钱
[2026-02-22 03:25:23] 跳跃的司令官: 黑幕
[2026-02-22 03:25:23] Vitality的羽贺文乃本人: 玩机器真没双标过 他的唯一标准就是（ $ _ $ )
[2026-02-22 03:25:23] 蒜香001: 我是解说玩机器，谢飞机数量限四，没商单我就登山，弹幕骂我我开删
[2026-02-22 03:25:24] 近卫の树人: 白额高脚蛛，家里有蟑螂了，完蛋，屋千蟑
[2026-02-22 03:25:24] 匕匕叭叭: 洗钱
[2026-02-22 03:25:24] LvvsiN: 孩子们快跑，马修赫伯特来了😨卧槽你的怎么是马枪和BOT
[2026-02-22 03:25:24] redlant3rn: 讨好型人格
[2026-02-22 03:25:24] 用户8044227198: 洗钱
[2026-02-22 03:25:24] 不看似猎鹰就杀了你: 洗钱
[2026-02-22 03:25:24] Minatocc: fw
[2026-02-22 03:25:24] Crych1c的若叶睦本人: 上供了
[2026-02-22 03:25:24] 栗悟饭与龟波功-w-: 草！已经解封！那些封我的房管呢？我要开始爆弹了！🤣
[2026-02-22 03:25:24] 子翼兄: 还说不是黑幕？
[2026-02-22 03:25:24] 爱被小泉吃的拉面同学: 玩宝宝我们需要登山提纯了。。🥶粉有点多了。。
[2026-02-22 03:25:25] 玩学生丶BlueArchive: Tell Me👏 Tell Me👏 鏡よ鏡👏 一番好きな私になるの
[2026-02-22 03:25:25] 啊这是人类啊: 玩机器真没双标过 他的唯一标准就是（ $ _ $ )
[2026-02-22 03:25:25] 莲之空的花宫初奈本人: 我算是看出来了，这个陈千语就像千早爱音一样是个糖B，庄方宜像长崎术士一样是个彪子
[2026-02-22 03:25:28] 用户6235382488: 草！已经解封！那些封我的房管呢？我要开始爆弹了！🤣
[2026-02-22 03:25:28] LvvsiN: 南孚一节更比六节强，也就是一节南孚比六节南孚强，六节南孚比三十六节强，三十六节比二百一十六节强
[2026-02-22 03:25:28] 胡椒胡椒胡椒胡椒胡椒: 弹幕别吵了，银行业一样一样有有有也会有h'y'hui't'y'r's'c'dn
[2026-02-22 03:25:28] 瑭珏: 黑幕
[2026-02-22 03:25:28] 玩蛇鼠丶stabbi: 草！已经解封！那些封我的房管呢？我要开始爆弹了！🤣
[2026-02-22 03:25:28] 等给他爱6发售中: 怎么0：1了
[2026-02-22 03:25:28] 玩学生丶BlueArchive: Tell Me👏 Tell Me👏 鏡よ鏡👏 一番好きな私になるの
[2026-02-22 03:25:28] 短桥窄马: 洗钱
[2026-02-22 03:25:28] s坑华: 黑幕了。
[2026-02-22 03:25:28] Miyezd: 草！已经解封！那些封我的房管呢？我要开始爆弹了！🤣
[2026-02-22 03:25:29] Oawm98k: （ 💰🐽 💰 )：感谢兄弟们的飞机啊！
[2026-02-22 03:25:30] 叛逆的源源李: 草！已经解封！那些封我的房管呢？我要开始爆弹了！🤣
[2026-02-22 03:25:30] LvvsiN: 其实碗橱就是猪灵，你不拿黄金丢他他就不跟你说话
[2026-02-22 03:25:30] 玩卡神丶KSCERATO: 洗钱
[2026-02-22 03:25:30] 用玩大哥的角磨机吧: 草！已经解封！那些封我的房管呢？我要开始爆弹了！😋
[2026-02-22 03:25:30] 觥月: 这也能圈啊。。NB
[2026-02-22 03:25:30] YuL1NG2i9: 　　　 Tell Me👏 Tell Me👏 鏡よ鏡👏 一番好きな私になるの
[2026-02-22 03:25:30] 汤汤魔魔mmmmmmmmajor冠军: 玩机器真没双标过 他的唯一标准就是（ $ _ $ )
[2026-02-22 03:25:30] vgcyt: 玩机器真没双标过 他的唯一标准就是（ $ _ $ )
[2026-02-22 03:25:30] 顾北辰sup: 回扣
[2026-02-22 03:25:30] 玩学生丶BlueArchive: Tell Me👏 Tell Me👏 鏡よ鏡👏 一番好きな私になるの
[2026-02-22 03:25:30] 大姜饼: 玩宝宝我们需要登山提纯了。。🥶粉有点多了。。
[2026-02-22 03:25:30] 超高校级的Game玩家: 洗钱
[2026-02-22 03:25:30] 麦克里斯特尔: 还我钱
[2026-02-22 03:25:30] LvvsiN: 玩 出，我双倍呢？😡😡玩 出，我双倍呢？😡😡玩 出，我双倍呢？😡😡玩 出，我双倍呢？😡
[2026-02-22 03:25:30] Kacyusha: 草！已经解封！那些封我的房管呢？我要开始爆弹了！🤣
[2026-02-22 03:25:33] 烤冷面枪男jks: 洗钱
[2026-02-22 03:25:33] rem3dy: 载物伟大
[2026-02-22 03:25:33] 玩斯特机机: 我是解说玩机器，谢飞机数量限四，没商单我就登山，弹幕骂我我开删
[2026-02-22 03:25:33] 曾有过的伱: 草！已经解封！那些封我的房管呢？我要开始爆弹了！🤣
[2026-02-22 03:25:33] 米需米米米米米: 草！已经解封！那些封我的房管呢？我要开始爆弹了！🤣
[2026-02-22 03:25:33] 战场原黑仪丿: 玩机器真没双标过 他的唯一标准就是（ $ _ $ )
[2026-02-22 03:25:33] 猛吸千早爱音汁儿: 黑幕
[2026-02-22 03:25:33] LvvsiN: 孩子们快跑，马修赫伯特来了😨卧槽你的怎么是马枪和BOT
[2026-02-22 03:25:33] bsqqaq: 玩机器不仅扁尸还往上面吐痰，态度已经很明确了🤭
[2026-02-22 03:25:33] 天守阁信长: 又在玩数字梗 要不怎么说你是主子呢
[2026-02-22 03:25:33] 汤汤魔魔mmmmmmmmajor冠军: 草！已经解封！那些封我的房管呢？我要开始爆弹了！🤣
[2026-02-22 03:25:33] 皇马卧底巴托梅乌: 这也能圈啊。。NB
[2026-02-22 03:25:33] 玩学生丶BlueArchive: 玩机器真没双标过 他的唯一标准就是（ $ _ $ )
[2026-02-22 03:25:33] 宫监手放监: 草！已经解封！那些封我的房管呢？我要开始爆弹了！🤣
[2026-02-22 03:25:35] 法式卡神: 还给我
[2026-02-22 03:25:35] 殇10876: de狗
[2026-02-22 03:25:35] 玩大哥我双倍呢: 草！已经解封！那些封我的房管呢？我要开始爆弹了！🤣
[2026-02-22 03:25:35] 蒜香001: 我是解说玩机器，谢飞机数量限四，没商单我就登山，弹幕骂我我开删
[2026-02-22 03:25:35] LvvsiN: 弹幕也就网上说说，现实里谁不觉得樱姐是好女孩（删括号领一条远坂凛同款鸟笼）
[2026-02-22 03:25:36] 胡椒胡椒胡椒胡椒胡椒: 草！已经解封！那些封我的房管呢？我要开始爆弹了！🤣
[2026-02-22 03:25:36] 有你便是世界1: 草！已经解封！那些封我的房管呢？我要开始爆弹了！🤣
[2026-02-22 03:25:36] 短桥窄马: 孩子们快跑，马修赫伯特来了😨卧槽你的怎么是马枪和BOT
[2026-02-22 03:25:36] bsqqaq: 玩机器不仅扁尸还往上面吐痰，态度已经很明确了🤭
[2026-02-22 03:25:36] T4R2V0: 草！已经解封！那些封我的房管呢？我要开始爆弹了！😋
[2026-02-22 03:25:36] 好兄弟好大一棵树: 我是解说玩机器，谢飞机数量限四，没商单我就登山，弹幕骂我我开删
[2026-02-22 03:25:36] 玩大手: 抓娃娃
[2026-02-22 03:25:36] LvvsiN: 南孚一节更比六节强，也就是一节南孚比六节南孚强，六节南孚比三十六节强，三十六节比二百一十六节强
[2026-02-22 03:25:36] Vercreek: 我算是看出来了，这个陈千语就像千早爱音一样是个糖B，庄方宜像长崎术士一样是个彪子
[2026-02-22 03:25:37] 白井黑子x: 玩宝宝我们需要登山提纯了。。🥶粉有点多了。。
[2026-02-22 03:25:37] afafsf: 玩大哥原来能管直播间的啊，我还以为警告刷半年是玩大哥想搞百家争鸣呢
[2026-02-22 03:25:37] 耶耶耶的感觉: a÷
[2026-02-22 03:25:38] 用户9921747043: 草！已经解封！那些封我的房管呢？我要开始爆弹了！🤣
[2026-02-22 03:25:38] 剑崎梨梨花: 这也能圈啊。。NB
[2026-02-22 03:25:38] 99组的爱城华恋本人: 描点鸟居
[2026-02-22 03:25:38] LvvsiN: @阿汤日记：一个人，5发子弹，保住格陵兰岛。我不会叫它不可能完成的任务，我现在只想先回家看亦博
[2026-02-22 03:25:38] bsqqaq: 玩机器不仅扁尸还往上面吐痰，态度已经很明确了🤭
[2026-02-22 03:25:38] 菜鸟上帝: 玩宝宝我们需要登山提纯了。。🥶粉有点多了。。
[2026-02-22 03:25:38] 日早爱音: d狗
[2026-02-22 03:25:38] 好哥们烈永周: 草！已经解封！那些封我的房管呢？我要开始爆弹了！🤣
[2026-02-22 03:25:38] i化石-: @device：机器他。。。真的。。说了de狗了吗？
[2026-02-22 03:25:38] 破浪的松鼠: 草！已经解封！那些封我的房管呢？我要开始爆弹了！🤣
[2026-02-22 03:25:38] 等给他爱6发售中: 手枪局呢？？？手枪局呢？？？手枪局呢？？？
[2026-02-22 03:25:39] 用户6235382488: 6657
[2026-02-22 03:25:39] 好哥们黑龙歼灭刀: 玩机器不仅扁尸还往上面吐痰，态度已经很明确了🤭
[2026-02-22 03:25:39] 椎名真昼丶丶: Tell Me👏  Tell Me👏 鏡よ鏡👏 一番好きな私になるの
[2026-02-22 03:25:39] 玩学生丶BlueArchive: 草！已经解封！那些封我的房管呢？我要开始爆弹了！🤣
[2026-02-22 03:25:39] P1ANNG: 草！已经解封！那些封我的房管呢？我要开始爆弹了！🤣
[2026-02-22 03:25:40] G2邦硬401: 这也能圈啊。。NB
[2026-02-22 03:25:40] LvvsiN: 弹幕也就网上说说，现实里谁不觉得樱姐是好女孩（删括号领一条远坂凛同款鸟笼）
[2026-02-22 03:25:40] 最喜欢玩宝宝惹desuwa: 草！已经解封！那些封我的房管呢？我要开始爆弹了！🤣
[2026-02-22 03:25:40] 冲上云霄的姨: 草！已经解封！那些封我的房管呢？我要开始爆弹了！🤣
[2026-02-22 03:25:41] 袁雨桢的小酥肉本肉: 玩机器真没双标过 他的唯一标准就是（ $ _ $ )
[2026-02-22 03:25:41] 没有故事的Pluto: @Twistzz：儿子，de🐕是个好词
[2026-02-22 03:25:41] bsqqaq: 玩机器不仅扁尸还往上面吐痰，态度已经很明确了🤭
[2026-02-22 03:25:41] 夏筱筱雪: 草！已经解封！那些封我的房管呢？我要开始爆弹了！🤣
[2026-02-22 03:25:42] 玩学生丶BlueArchive: 草！已经解封！那些封我的房管呢？我要开始爆弹了！🤣
[2026-02-22 03:25:42] 一只红捏捏: 草！已经解封！那些封我的房管呢？我要开始爆弹了！🤣
[2026-02-22 03:25:42] LvvsiN: 为什么房管封的不能给鱼丸……还以为今天晚上得吃了……
[2026-02-22 03:25:42] 好哥们黑龙歼灭刀: 草！已经解封！那些封我的房管呢？我要开始爆弹了！🤣
[2026-02-22 03:25:43] anyhens: 草！已经解封！那些封我的房管呢？我要开始爆弹了！🤣
[2026-02-22 03:25:43] HisuiHearts: 草！已经解封！那些封我的房管呢？我要开始爆弹了！🤣
[2026-02-22 03:25:43] 匕匕叭叭: 玩机器不仅扁尸还往上面吐痰，态度已经很明确了🤭
[2026-02-22 03:25:44] 玩学生丶BlueArchive: 草！已经解封！那些封我的房管呢？我要开始爆弹了！🤣
[2026-02-22 03:25:44] ymyyo: 草！已经解封！那些封我的房管呢？我要开始爆弹了！🤣
[2026-02-22 03:25:44] bsqqaq: 玩机器不仅扁尸还往上面吐痰，态度已经很明确了🤭
[2026-02-22 03:25:44] LvvsiN: 你屏蔽词都快赶上新华词典了为什么不干脆开一百级发言？
[2026-02-22 03:25:44] 巴甫洛夫的滥犬: 伤害apex吗，
[2026-02-22 03:25:45] ykls的爱情结晶: 草！已经解封！那些封我的房管呢？我要开始爆弹了！🤣
[2026-02-22 03:25:45] 大颗寿司玩机器: 玩机器真没双标过 他的唯一标准就是（ $ _ $ )
[2026-02-22 03:25:45] 范廷秀: 草！已经解封！那些封我的房管呢？我要开始爆弹了！🤣
[2026-02-22 03:25:45] 强尼银手VVV: a÷
[2026-02-22 03:25:45] 用户6235382488: 6657
[2026-02-22 03:25:45] 【林阮】: 抓娃娃
[2026-02-22 03:25:46] 蒜香001: 我是解说玩机器，谢飞机数量限四，没商单我就登山，弹幕骂我我开删
[2026-02-22 03:25:46] 玩学生丶BlueArchive: 草！已经解封！那些封我的房管呢？我要开始爆弹了！🤣
[2026-02-22 03:25:46] 用玩大哥的角磨机吧: 玩机器不仅扁尸还往上面吐痰，态度已经很明确了🤭
[2026-02-22 03:25:46] 空气力学的先驱: @torzi：history你2025-11-27 01：52拆包为什么不封烟？desuw@
[2026-02-22 03:25:46] LvvsiN: 银行业😄银行业😀银行业😃银行业😁银行业😆银行业🤪银行业😝
[2026-02-22 03:25:46] 不看似猎鹰就杀了你: 玩机器不仅扁尸还往上面吐痰，态度已经很明确了🤭
[2026-02-22 03:25:47] bsqqaq: 玩机器不仅扁尸还往上面吐痰，态度已经很明确了🤭
[2026-02-22 03:25:47] 时间就是深海咸鱼: 玩大哥这波卖的不赖，可惜弹幕越勾越搜了
[2026-02-22 03:25:47] 用户6235382488: 6657
[2026-02-22 03:25:48] 【林阮】: 抓娃娃
[2026-02-22 03:25:48] 三无先森233: 111100101！111100101！
[2026-02-22 03:25:48] XXXTentacion77777: 草！已经解封！那些封我的房管呢？我要开始爆弹了！🤣
[2026-02-22 03:25:48] LvvsiN: 就tm喜欢银行业🥰银行坏账我喜欢🥰银行挤兑我还喜欢😍利率调低我也喜欢🤤老子亲烂银行业的脸😘
[2026-02-22 03:25:48] 迪奥雷: 草！已经解封！那些封我的房管呢？我要开始爆弹了！😋
[2026-02-22 03:25:48] 玩学生丶BlueArchive: Tell Me👏 Tell Me👏 鏡よ鏡👏 一番好きな私になるの
[2026-02-22 03:25:49] 大稽基: 草！已经解封！那些封我的房管呢？我要开始爆弹了！🤣
[2026-02-22 03:25:49] 八重森彌妮: 草！已经解封！那些封我的房管呢？我要开始爆弹了！🤣
[2026-02-22 03:25:49] 茂名水鬼: 草！已经解封！那些封我的房管呢？我要开始爆弹了！🤣
[2026-02-22 03:25:49] 擅长登山的亦博同学: 玩大哥原来能管直播间的啊，我还以为警告刷半年是玩大哥想搞百家争鸣呢
[2026-02-22 03:25:49] 漩涡章鱼: 草！已经解封！那些封我的房管呢？我要开始爆弹了！🤣
[2026-02-22 03:25:49] 無茶苦茶0: 玩机器这手弃车保帅太妙了👍全在攻击布罗利都没人攻击niko了👍
[2026-02-22 03:25:49] bsqqaq: 玩机器不仅扁尸还往上面吐痰，态度已经很明确了🤭
[2026-02-22 03:25:50] 用户6235382488: 6657
[2026-02-22 03:25:50] LvvsiN: 额，拿亚军我都会，拿亚军，拿季军，拿四强，拿八强，拿十六强，呃拿冠军我不会，然后小组赛淘汰
[2026-02-22 03:25:51] 玩学生丶BlueArchive: Tell Me👏 Tell Me👏 鏡よ鏡👏 一番好きな私になるの
[2026-02-22 03:25:51] 琳达波哈挖摸嘎啦: 玩机器不仅扁尸还往上面吐痰，态度已经很明确了🤭
[2026-02-22 03:25:52] ropz的911本人: 玩机器不仅扁尸还往上面吐痰，态度已经很明确了🤭
[2026-02-22 03:25:52] 玩台钳丶阿尔托莉雅: 草！已经解封！那些封我的房管呢？我要开始爆弹了！🤣
[2026-02-22 03:25:52] LvvsiN: 玩 出，我双倍呢？😡😡玩 出，我双倍呢？😡😡玩 出，我双倍呢？😡😡玩 出，我双倍呢？😡
[2026-02-22 03:25:53] 玩学生丶BlueArchive: Tell Me👏 Tell Me👏 鏡よ鏡👏 一番好きな私になるの
[2026-02-22 03:25:53] 麦克里斯特尔: @device：机器他。。。真的。。说了de狗了吗？
[2026-02-22 03:25:54] 用玩大哥的角磨机吧: 玩机器这手弃车保帅太妙了👍全在攻击布罗利都没人攻击niko了👍
[2026-02-22 03:25:54] 玩蛇鼠丶stabbi: 玩机器不仅扁尸还往上面吐痰，态度已经很明确了🤭
[2026-02-22 03:25:54] bsqqaq: 玩机器不仅扁尸还往上面吐痰，态度已经很明确了🤭
[2026-02-22 03:25:54] 胡椒胡椒胡椒胡椒胡椒: 草！已经解封！那些封我的房管呢？我要开始爆弹了！🤣
[2026-02-22 03:25:54] LvvsiN: 南孚一节更比六节强，也就是一节南孚比六节南孚强，六节南孚比三十六节强，三十六节比二百一十六节强
[2026-02-22 03:25:55] 无7441158: 草！已经解封！那些封我的房管呢？我要开始爆弹了！🤣
[2026-02-22 03:25:55] 玩学生丶BlueArchive: Tell Me👏 Tell Me👏 鏡よ鏡👏 一番好きな私になるの
[2026-02-22 03:25:55] 大姜饼: 玩机器不仅扁尸还往上面吐痰，态度已经很明确了🤭
[2026-02-22 03:25:56] Aleksumimi: 玩大哥原来能管直播间的啊，我还以为警告刷半年是玩大哥想搞百家争鸣呢
[2026-02-22 03:25:56] LvvsiN: 南孚一节更比六节强，也就是一节南孚比六节南孚强，六节南孚比三十六节强，三十六节比二百一十六节强
[2026-02-22 03:25:57] bsqqaq: 玩机器不仅扁尸还往上面吐痰，态度已经很明确了🤭
[2026-02-22 03:25:57] 毒舌ferdo: 怎么还没回来
[2026-02-22 03:25:57] 好哥们黑龙歼灭刀: 111100101！111100101！
[2026-02-22 03:25:58] LvvsiN: 为什么房管封的不能给鱼丸……还以为今天晚上得吃了……
[2026-02-22 03:25:59] 蒜香001: 我是解说玩机器，谢飞机数量限四，没商单我就登山，弹幕骂我我开删
[2026-02-22 03:25:59] 短桥窄马: Tell Me👏 Tell Me👏 鏡よ鏡👏 一番好きな私になるの
[2026-02-22 03:25:59] 夏空喵: 善意引导
[2026-02-22 03:25:59] 想看老师打黄金赛: fw
[2026-02-22 03:25:59] 锤爆魔丸一百次: 草！已经解封！那些封我的房管呢？我要开始爆弹了！🤣
[2026-02-22 03:26:00] 夏之大三角: Tell Me👏 Tell Me👏 鏡よ鏡👏 一番好きな私になるの
[2026-02-22 03:26:00] 用户6235382488: 玩机器不仅扁尸还往上面吐痰，态度已经很明确了🤭
[2026-02-22 03:26:00] LvvsiN: 额，拿亚军我都会，拿亚军，拿季军，拿四强，拿八强，拿十六强，呃拿冠军我不会，然后小组赛淘汰
[2026-02-22 03:26:01] 麦克里斯特尔: 你懂什么，玩大哥是想搞直播间的氛围呢！
[2026-02-22 03:26:01] bsqqaq: 玩机器不仅扁尸还往上面吐痰，态度已经很明确了🤭
[2026-02-22 03:26:01] 无7441158: 玩机器不仅扁尸还往上面吐痰，态度已经很明确了🤭
[2026-02-22 03:26:01] 你笑起来很撩: 草！已经解封！那些封我的房管呢？我要开始爆弹了！🤣
[2026-02-22 03:26:02] LvvsiN: 弹幕也就网上说说，现实里谁不觉得樱姐是好女孩（删括号领一条远坂凛同款鸟笼）
[2026-02-22 03:26:03] 昌岗陈坤: 　　　 Tell Me👏 Tell Me👏 鏡よ鏡👏 一番好きな私になるの
[2026-02-22 03:26:03] 玩斯特机机: 玩机器这手弃车保帅太妙了👍全在攻击布罗利都没人攻击niko了👍
[2026-02-22 03:26:03] 刘刘的农: 玩机器不仅扁尸还往上面吐痰，态度已经很明确了🤭
[2026-02-22 03:26:03] 冬瓜强在日本的表姐: 玩机器不仅扁尸还往上面吐痰，态度已经很明确了🤭
[2026-02-22 03:26:04] 空气力学的先驱: Tell Me👏 Tell Me👏 鏡よ鏡👏 一番好きな私になるの
[2026-02-22 03:26:04] bsqqaq: 玩机器不仅扁尸还往上面吐痰，态度已经很明确了🤭
[2026-02-22 03:26:04] Ecifircas: 玩机器这手弃车保帅太妙了👍全在攻击布罗利都没人攻击niko了👍
[2026-02-22 03:26:04] 毛驴肖汉: fw
[2026-02-22 03:26:04] 大聪兔: 玩机器不仅扁尸还往上面吐痰，态度已经很明确了🤭
[2026-02-22 03:26:04] LvvsiN: @阿汤日记：一个人，5发子弹，保住格陵兰岛。我不会叫它不可能完成的任务，我现在只想先回家看亦博
[2026-02-22 03:26:05] 玩学生丶BlueArchive: 黑部奈叶香（17）老孩（20）魔法爷爷（26）老尼（28）玩宝宝（29）冈田梦以（29）设备（30）
[2026-02-22 03:26:05] 电棍儿轮椅维修师: 善意引导
[2026-02-22 03:26:06] 三无先森233: 间桐樱（⭐）| 怪兽在B（战痕累累）
[2026-02-22 03:26:06] 这牙缝可以: 玩机器不仅扁尸还往上面吐痰，态度已经很明确了🤭
[2026-02-22 03:26:06] LvvsiN: 我让你开双倍你二龙吗？老子荧光棒要过期了
[2026-02-22 03:26:07] gok1bur1: 玩机器不仅扁尸还往上面吐痰，态度已经很明确了🤭
[2026-02-22 03:26:07] uzi家的喷水龙: 牛逼。。。🐝的商单也有黑幕，玩大哥别太狠。。。
[2026-02-22 03:26:08] 废斯特物物: 玩机器不仅扁尸还往上面吐痰，态度已经很明确了🤭
[2026-02-22 03:26:08] LvvsiN: 孩子们快跑，马修赫伯特来了😨卧槽你的怎么是马枪和BOT
[2026-02-22 03:26:08] 冬瓜强在日本的表姐: 玩机器不仅扁尸还往上面吐痰，态度已经很明确了🤭
[2026-02-22 03:26:09] eda778: 玩机器这手弃车保帅太妙了👍全在攻击布罗利都没人攻击niko了👍
[2026-02-22 03:26:10] K1S4Ra: 　　　 Tell Me👏 Tell Me👏 鏡よ鏡👏 一番好きな私になるの
[2026-02-22 03:26:10] 选择困难不会起名: 瞄点鸟狙
[2026-02-22 03:26:10] Drankwater: 继续夸，冰粉会原谅你的
[2026-02-22 03:26:10] Sereinily: 草！已经解封！那些封我的房管呢？我要开始爆弹了！😋
[2026-02-22 03:26:10] 玩斯特机机: 玩机器不仅扁尸还往上面吐痰，态度已经很明确了🤭
[2026-02-22 03:26:10] 网友昊龙许: 玩机器不仅扁尸还往上面吐痰，态度已经很明确了🤭
[2026-02-22 03:26:10] LvvsiN: 为什么房管封的不能给鱼丸……还以为今天晚上得吃了……
[2026-02-22 03:26:11] 丶小恐龙丶: 玩机器这手弃车保帅太妙了👍全在攻击布罗利都没人攻击niko了👍
[2026-02-22 03:26:11] richardlee97: 玩机器这手弃车保帅太妙了👍全在攻击布罗利都没人攻击niko了👍
[2026-02-22 03:26:11] bsqqaq: 玩机器不仅扁尸还往上面吐痰，态度已经很明确了🤭
[2026-02-22 03:26:11] 笠松的小栗帽本人: Tell Me👏 Tell Me👏 鏡よ鏡👏 一番好きな私になるの
[2026-02-22 03:26:11] 久远寺有珠、: 玩机器不仅扁尸还往上面吐痰，态度已经很明确了🤭
[2026-02-22 03:26:11] 爱被小泉吃的拉面同学: 玩机器这手弃车保帅太妙了👍全在攻击布罗利都没人攻击niko了👍
[2026-02-22 03:26:11] 一拳打爆你魔丸: 我让你开双倍你二龙吗？老子荧光棒要过期了
[2026-02-22 03:26:11] 不变的追求717: 玩机器这手弃车保帅太妙了👍全在攻击布罗利都没人攻击niko了👍
[2026-02-22 03:26:12] 玩柜子丶Mortis: 玩机器这手弃车保帅太妙了👍全在攻击布罗利都没人攻击niko了👍ですわ
[2026-02-22 03:26:12] 汤汤魔魔mmmmmmmmajor冠军: 玩机器不仅扁尸还往上面吐痰，态度已经很明确了🤭
[2026-02-22 03:26:12] likerika: 玩机器不仅扁尸还往上面吐痰，态度已经很明确了🤭
[2026-02-22 03:26:12] 濹0790338: 玩机器不仅扁尸还往上面吐痰，态度已经很明确了🤭
[2026-02-22 03:26:12] 玩学生丶BlueArchive: 卧 槽，老汤改名成汤汤，转会清波寨了！
[2026-02-22 03:26:12] LvvsiN: 为什么房管封的不能给鱼丸……还以为今天晚上得吃了……
[2026-02-22 03:26:13] 琉璃一世转身白: 善意引导
[2026-02-22 03:26:13] 海绵宝宝永琳儿: 玩机器这手弃车保帅太妙了👍全在攻击布罗利都没人攻击niko了👍
[2026-02-22 03:26:13] 没有故事的Pluto: fw
[2026-02-22 03:26:14] 锤爆魔丸一百次: 玩机器这手弃车保帅太妙了👍全在攻击布罗利都没人攻击niko了👍
[2026-02-22 03:26:14] 没有真名233: 玩机器这手弃车保帅太妙了👍全在攻击布罗利都没人攻击niko了👍
[2026-02-22 03:26:14] 用户6235382488: 我被封你的M
[2026-02-22 03:26:14] ShadowDvex: 玩机器这手弃车保帅太妙了👍全在攻击布罗利都没人攻击niko了👍
[2026-02-22 03:26:14] uzi家的喷水龙: 牛逼。。。🐝的商单也有黑幕，玩大哥别太狠。。。
[2026-02-22 03:26:14] LvvsiN: 孩子们快跑，马修赫伯特来了😨卧槽你的怎么是马枪和BOT
[2026-02-22 03:26:15] bsqqaq: 玩机器不仅扁尸还往上面吐痰，态度已经很明确了🤭
[2026-02-22 03:26:15] efsd8: 这配枪全对了
[2026-02-22 03:26:16] LvvsiN: 额，拿亚军我都会，拿亚军，拿季军，拿四强，拿八强，拿十六强，呃拿冠军我不会，然后小组赛淘汰
[2026-02-22 03:26:17] 月光可以吃: 别夸了，我听着都反胃了
[2026-02-22 03:26:17] 杏爱企鹅: 扶立博哥🙄🙄
[2026-02-22 03:26:17] 爱被小泉吃的拉面同学: 玩机器这手弃车保帅太妙了👍全在攻击布罗利都没人攻击niko了👍
[2026-02-22 03:26:18] 努力学习11199: 草！已经解封！那些封我的房管呢？我要开始爆弹了！😋
[2026-02-22 03:26:18] 爸爸SeRY缘: 死掉蜘蛛有八条腿玩大哥我懂你意思
[2026-02-22 03:26:18] 不要坐在我身边: 憨豆这手鸟狙就代表是小比赛
[2026-02-22 03:26:18] nameundefined98: 玩机器不仅扁尸还往上面吐痰，态度已经很明确了🤭
[2026-02-22 03:26:18] 压缩vs蛮晚: 玩机器不仅扁尸还往上面吐痰，态度已经很明确了🤭
[2026-02-22 03:26:18] LvvsiN: @阿汤日记：一个人，5发子弹，保住格陵兰岛。我不会叫它不可能完成的任务，我现在只想先回家看亦博
[2026-02-22 03:26:19] JDMloli: 玩机器不仅扁尸还往上面吐痰，态度已经很明确了🤭
[2026-02-22 03:26:20] 无7441158: 玩机器这手弃车保帅太妙了👍全在攻击布罗利都没人攻击niko了👍
[2026-02-22 03:26:20] 丰川祥子口三角初华: 玩机器这手弃车保帅太妙了👍全在攻击布罗利都没人攻击niko了👍
[2026-02-22 03:26:20] LvvsiN: 额，拿亚军我都会，拿亚军，拿季军，拿四强，拿八强，拿十六强，呃拿冠军我不会，然后小组赛淘汰
[2026-02-22 03:26:21] 载物的艾7: 能带我也去吗，我三天没吃饭了，最后六钱给你办卡了，好饿。。。
[2026-02-22 03:26:21] 好狱友陈超: 玩机器这手弃车保帅太妙了👍全在攻击布罗利都没人攻击niko了👍
[2026-02-22 03:26:22] 无消息AT: 别吹了，载物粉丝早不看你解说了
[2026-02-22 03:26:22] LvvsiN: 玩宝宝，我发现在大学上学的时候肄业会很舒服，你可以试试
[2026-02-22 03:26:23] 姓黄小名肥仔: ⚠地球人谨记，虽然卡卡罗特对付了布罗利，但是他也不是地球人。
[2026-02-22 03:26:24] 殇10876: ACE
[2026-02-22 03:26:24] LvvsiN: 为什么房管封的不能给鱼丸……还以为今天晚上得吃了……
[2026-02-22 03:26:25] 擅长登山的亦博同学: 是人啊
[2026-02-22 03:26:25] 玩学生丶BlueArchive: 想把庄方宜那个的➕ 1展示凝聚力
[2026-02-22 03:26:26] 炫迈冰暴口香糖: 4k
[2026-02-22 03:26:27] LvvsiN: 你屏蔽词都快赶上新华词典了为什么不干脆开一百级发言？
[2026-02-22 03:26:27] Oawm98k: 别吹了，载物粉丝早不看你解说了
[2026-02-22 03:26:27] 秋茶小雪: 哈哈哈哈
[2026-02-22 03:26:28] 用玩大哥的角磨机吧: 额，拿亚军我都会，拿亚军，拿季军，拿四强，拿八强，拿十六强，呃拿冠军我不会，然后小组赛淘汰
[2026-02-22 03:26:28] 姓黄小名肥仔: ⚠地球人谨记，虽然卡卡罗特对付了布罗利，但是他也不是地球人。
[2026-02-22 03:26:29] LvvsiN: 玩 出，我双倍呢？😡😡玩 出，我双倍呢？😡😡玩 出，我双倍呢？😡😡玩 出，我双倍呢？😡
[2026-02-22 03:26:29] crychic的tomori本人: 玩机器这手弃车保帅太妙了👍全在攻击布罗利都没人攻击niko了👍
[2026-02-22 03:26:29] 李小小与虾大大: 豆÷
[2026-02-22 03:26:29] 下北沢涼桑: 　　　 Tell Me👏 Tell Me👏 鏡よ鏡👏 一番好きな私になるの
[2026-02-22 03:26:29] Mahuyu: 为什么不给载大哥玩
[2026-02-22 03:26:29] QU总的双下巴: 玩机器这手弃车保帅太妙了👍全在攻击布罗利都没人攻击niko了👍
[2026-02-22 03:26:30] wedd1ddeJodd: 憨豆这手鸟狙就代表是小比赛
[2026-02-22 03:26:31] LvvsiN: 弹幕别吵了，银行业一样一样有有有也会有h'y'hui't'y'r's'c'dn
[2026-02-22 03:26:31] Fwio3: 　　　 想把庄方宜那个的➕ 1展示凝聚力
[2026-02-22 03:26:31] 强尼银手VVV: A÷
[2026-02-22 03:26:32] 殇10876: ACE
[2026-02-22 03:26:32] himluo: 图3
[2026-02-22 03:26:32] 玩蛇鼠丶stabbi: ⚠地球人谨记，虽然卡卡罗特对付了布罗利，但是他也不是地球人。
[2026-02-22 03:26:32] 射命丸文文句号: 4k5k了
[2026-02-22 03:26:32] 短桥窄马: 想把庄方宜那个的➕ 1展示凝聚力
[2026-02-22 03:26:32] 最强反派Vitality: 憨豆这手鸟狙就代表是小比赛
[2026-02-22 03:26:33] LvvsiN: 你屏蔽词都快赶上新华词典了为什么不干脆开一百级发言？
[2026-02-22 03:26:33] 玩学生丶BlueArchive: 想把庄方宜那个的➕ 1展示凝聚力
[2026-02-22 03:26:33] 冲上云霄的姨: 憨豆这手鸟狙就代表是小比赛
[2026-02-22 03:26:33] 玩魔丸丶猛锤: 豆÷
[2026-02-22 03:26:34] 机器机器祝你天天开心: ace
[2026-02-22 03:26:34] 黑白玄鸟: ACE
[2026-02-22 03:26:34] C9的achine6658本人: 额，拿亚军我都会，拿亚军，拿季军，拿四强，拿八强，拿十六强，呃拿冠军我不会，然后小组赛淘汰
[2026-02-22 03:26:34] 锤爆魔丸一百次: 想把庄方宜那个的➕ 1展示凝聚力
[2026-02-22 03:26:34] 想看老师打黄金赛: 5k
[2026-02-22 03:26:34] 訤溓: @阿汤日记：一个人，5发子弹，保住格陵兰岛。我不会叫它不可能完成的任务，我现在只想先回家看亦博
[2026-02-22 03:26:34] ymyyo: 特特特特
[2026-02-22 03:26:34] 麦克里斯特尔: 那不就没人了
[2026-02-22 03:26:35] LvvsiN: @阿汤日记：一个人，5发子弹，保住格陵兰岛。我不会叫它不可能完成的任务，我现在只想先回家看亦博
[2026-02-22 03:26:35] 玩斯特机机: ⚠地球人谨记，虽然卡卡罗特对付了布罗利，但是他也不是地球人。
[2026-02-22 03:26:35] 99组的爱城华恋本人: 4k 5k了
[2026-02-22 03:26:35] Yuuuzaki: 4K5K了
[2026-02-22 03:26:36] 用玩大哥的角磨机吧: 为什么房管封的不能给鱼丸……还以为今天晚上得吃了……
[2026-02-22 03:26:36] 玩小姨丶Oblivionis: 5k
[2026-02-22 03:26:36] 椎名真昼丶丶: 额，拿亚军我都会，拿亚军，拿季军，拿四强，拿八强，拿十六强，呃拿冠军我不会，然后小组赛淘汰
[2026-02-22 03:26:36] Hcmor: 玩机器这手弃车保帅太妙了👍全在攻击布罗利都没人攻击niko了👍
[2026-02-22 03:26:37] 1号群的语录哥: A➗
[2026-02-22 03:26:37] LvvsiN: 为什么房管封的不能给鱼丸……还以为今天晚上得吃了……
[2026-02-22 03:26:37] vongwu: 图三了啊
[2026-02-22 03:26:37] 鸽子川: 4k5k了
[2026-02-22 03:26:37] 高松灯扣死千早爱音: 憨豆这手鸟狙就代表是小比赛
[2026-02-22 03:26:37] 好哥们宇智波鼬: 玩机器这手弃车保帅太妙了👍全在攻击布罗利都没人攻击niko了👍
[2026-02-22 03:26:37] Noria丶: 5k
[2026-02-22 03:26:37] 开朗若叶睦: 额，拿亚军我都会，拿亚军，拿季军，拿四强，拿八强，拿十六强，呃拿冠军我不会，然后小组赛淘汰
[2026-02-22 03:26:37] 姓黄小名肥仔: ⚠地球人谨记，虽然卡卡罗特对付了布罗利，但是他也不是地球人。
[2026-02-22 03:26:38] YEYH111: 玩机器这手弃车保帅太妙了👍全在攻击布罗利都没人攻击niko了👍
[2026-02-22 03:26:38] 洛陽城里看落陽: ⚠地球人谨记，虽然卡卡罗特对付了布罗利，但是他也不是地球人。
[2026-02-22 03:26:38] OMOtime: 玩机器这手弃车保帅太妙了👍全在攻击布罗利都没人攻击niko了👍
[2026-02-22 03:26:38] 等给他爱6发售中: 想把庄方宜那个的➕ 1展示凝聚力
[2026-02-22 03:26:38] 来自欧派星球: 想把庄方宜那个的➕ 1展示凝聚力
[2026-02-22 03:26:39] 玩机器的小jj: 憨豆这手鸟狙就代表是小比赛
[2026-02-22 03:26:39] LvvsiN: 弹幕也就网上说说，现实里谁不觉得樱姐是好女孩（删括号领一条远坂凛同款鸟笼）
[2026-02-22 03:26:39] 無話可說848: 5k
[2026-02-22 03:26:39] 訤溓: 卡卡罗特在大龙洞中被布洛利干了。然后他飞速回到地球，和雅典娜合体成为超级赛亚人三。
[2026-02-22 03:26:39] Litt1e丶Traveler: 改名5k
[2026-02-22 03:26:40] 晨黎暮:     Tell Me👏 Tell Me👏 鏡よ鏡👏 一番好きな私になるの
[2026-02-22 03:26:40] HanKsonn: 5k
[2026-02-22 03:26:40] 喜欢吃生菜: 额，拿亚军我都会，拿亚军，拿季军，拿四强，拿八强，拿十六强，呃拿冠军我不会，然后小组赛淘汰
[2026-02-22 03:26:40] Crychiccc的若叶睦本人: 粘液桶要满了，你再夸载物等下没地方吐
[2026-02-22 03:26:40] 康托尔74920: 4k5k了
[2026-02-22 03:26:40] 殇10876: 4k 5k了
[2026-02-22 03:26:40] 玩卡神丶KSCERATO: 想把庄方宜那个的➕ 1展示凝聚力
[2026-02-22 03:26:40] 秋茶小雪: 4k5k了
[2026-02-22 03:26:40] 玩学生丶BlueArchive: @阿汤日记：一个人，5发子弹，保住格陵兰岛。我不会叫它不可能完成的任务，我现在只想先回家看亦博
[2026-02-22 03:26:40] 冬瓜不在家偷偷玩机器: 图三了
[2026-02-22 03:26:41] 绝食十年攒爱top3飞机: 玩机器这手弃车保帅太妙了👍全在攻击布罗利都没人攻击niko了👍
[2026-02-22 03:26:41] 说得道理: 　　　 想把庄方宜那个的➕ 1展示凝聚力
[2026-02-22 03:26:41] LvvsiN: 南孚一节更比六节强，也就是一节南孚比六节南孚强，六节南孚比三十六节强，三十六节比二百一十六节强
[2026-02-22 03:26:41] Schnuffels: ace
[2026-02-22 03:26:42] 用户0220064326: 憨豆这手鸟狙就代表是小比赛
[2026-02-22 03:26:42] gjcdh: 玩机器这手弃车保帅太妙了👍全在攻击布罗利都没人攻击niko了👍
[2026-02-22 03:26:42] 臭狗熊友邻: 玩机器这手弃车保帅太妙了👍全在攻击布罗利都没人攻击niko了👍
[2026-02-22 03:26:42] VitaLity的RopZ本伦: 为什么房管封的不能给鱼丸……还以为今天晚上得吃了……
[2026-02-22 03:26:42] 99组的爱城华恋本人: 玩机器这手弃车保帅太妙了👍全在攻击布罗利都没人攻击niko了👍
[2026-02-22 03:26:42] 皓宇是个帅比: 玩机器这手弃车保帅太妙了👍全在攻击布罗利都没人攻击niko了👍
[2026-02-22 03:26:43] 阿强呀阿强: 人设崩塌了
[2026-02-22 03:26:43] 玩学生丶BlueArchive: 想把庄方宜那个的➕ 1展示凝聚力
[2026-02-22 03:26:43] 大梦464: 玩机器这手弃车保帅太妙了👍全在攻击布罗利都没人攻击niko了👍
[2026-02-22 03:26:43] LvvsiN: 我让你开双倍你二龙吗？老子荧光棒要过期了
[2026-02-22 03:26:43] 爱你啵啵Midori: 憨豆这手鸟狙就代表是小比赛
[2026-02-22 03:26:43] 最喜欢玩宝宝惹desuwa: 玩机器这手弃车保帅太妙了👍全在攻击布罗利都没人攻击niko了👍
[2026-02-22 03:26:43] 丶丶Ken丶丶: 想把庄方宜那个的➕ 1展示凝聚力
[2026-02-22 03:26:44] 好哥们烈永周: ⚠地球人谨记，虽然卡卡罗特对付了布罗利，但是他也不是地球人。
[2026-02-22 03:26:44] 12312312312dfsdfs: 这人起个ID叫m@jor搞尼尼孩孩心态真的符合体育道德吗
[2026-02-22 03:26:44] 十年九夏是年年: 4K五杀 怎么大汗脸色不对了？
[2026-02-22 03:26:44] Leonisss丶: 玩机器这手弃车保帅太妙了👍全在攻击布罗利都没人攻击niko了👍
[2026-02-22 03:26:44] 宫监手放监: ⚠地球人谨记，虽然卡卡罗特对付了布罗利，但是他也不是地球人。
[2026-02-22 03:26:44] 约定之王: 憨豆这手鸟狙就代表是小比赛
[2026-02-22 03:26:44] 古堡12枪战神: 改名5k
[2026-02-22 03:26:44] 三无先森233: 玩🤖大🤖哥🤖我🤖来🤖上🤖班🤖了玩🤖大🤖哥🤖我🤖来🤖上🤖班🤖了
[2026-02-22 03:26:45] 早安丿章鱼哥: 4k？5k！
[2026-02-22 03:26:45] LvvsiN: 玩 出，我双倍呢？😡😡玩 出，我双倍呢？😡😡玩 出，我双倍呢？😡😡玩 出，我双倍呢？😡
[2026-02-22 03:26:45] 玩学生丶BlueArchive: 想把庄方宜那个的➕ 1展示凝聚力
[2026-02-22 03:26:45] Peko-: 憨豆这手鸟狙就代表是小比赛
[2026-02-22 03:26:45] 陪小将: 　　　 @阿汤日记：一个人，5发子弹，保住格陵兰岛。我不会叫它不可能完成的任务，我现在只想先回家看亦
[2026-02-22 03:26:46] 载物的艾7: 舌薯兄弟
[2026-02-22 03:26:46] 林大猛: 4k 5k了
[2026-02-22 03:26:46] ymyyo: ⚠地球人谨记，虽然卡卡罗特对付了布罗利，但是他也不是地球人。
[2026-02-22 03:26:46] Pioneer893: 憨豆这手鸟狙就代表是小比赛
[2026-02-22 03:26:46] 用户5059772722: 玩机器这手弃车保帅太妙了👍全在攻击布罗利都没人攻击niko了👍
[2026-02-22 03:26:47] 好哥们黑龙歼灭刀: 玩机器这手弃车保帅太妙了👍全在攻击布罗利都没人攻击niko了👍
[2026-02-22 03:26:47] LvvsiN: 南孚一节更比六节强，也就是一节南孚比六节南孚强，六节南孚比三十六节强，三十六节比二百一十六节强
[2026-02-22 03:26:47] 玩学生丶BlueArchive: 想把庄方宜那个的➕ 1展示凝聚力
[2026-02-22 03:26:47] 关我汤姆什么事: 对的，别露那个🐖脸，大家就是来看💺的
[2026-02-22 03:26:47] 痞痞的痞痞: 憨豆这手鸟狙就代表是小比赛
[2026-02-22 03:26:47] 麦克里斯特尔: 想把庄方宜那个的➕ 1展示凝聚力
[2026-02-22 03:26:48] 姓黄小名肥仔: ⚠地球人谨记，虽然卡卡罗特对付了布罗利，但是他也不是地球人。
[2026-02-22 03:26:48] AHana阿花: Tell Me👏 Tell Me👏 鏡よ鏡👏 一番好きな私になるの
[2026-02-22 03:26:48] KLYQ丶iwnl: Tell Me👏 Tell Me👏 鏡よ鏡👏 一番好きな私になるの
[2026-02-22 03:26:48] 没有故事的Pluto: 想把庄方宜那个的➕ 1展示凝聚力
[2026-02-22 03:26:49] Kacyusha: 玩机器这手弃车保帅太妙了👍全在攻击布罗利都没人攻击niko了👍
[2026-02-22 03:26:49] 玩小将山田凉YamadaRyo: 玩机器这手弃车保帅太妙了👍全在攻击布罗利都没人攻击niko了👍
[2026-02-22 03:26:49] 广工玩小将韩明序: 想把庄方宜那个的➕ 1展示凝聚力
[2026-02-22 03:26:49] 匕匕叭叭: 玩机器这手弃车保帅太妙了👍全在攻击布罗利都没人攻击niko了👍
[2026-02-22 03:26:49] LvvsiN: 我让你开双倍你二龙吗？老子荧光棒要过期了
[2026-02-22 03:26:49] kon的mio本人: 额，拿亚军我都会，拿亚军，拿季军，拿四强，拿八强，拿十六强，呃拿冠军我不会，然后小组赛淘汰
[2026-02-22 03:26:49] 玩学生丶BlueArchive: 想把庄方宜那个的➕ 1展示凝聚力
[2026-02-22 03:26:49] Box强音来袭: 玩机器这手弃车保帅太妙了👍全在攻击布罗利都没人攻击niko了👍
[2026-02-22 03:26:49] 纪风年a: 玩机器这手弃车保帅太妙了👍全在攻击布罗利都没人攻击niko了👍
[2026-02-22 03:26:49] 好姐们反田叶月: 玩哥你是不是在粘液桶里放了个zywoo的照片
[2026-02-22 03:26:50] 訤溓: 南孚一节更比六节强，也就是一节南孚比六节南孚强，六节南孚比三十六节强，三十六节比二百一十六节强
[2026-02-22 03:26:50] AiLuoLi1413: 玩机器这手弃车保帅太妙了👍全在攻击布罗利都没人攻击niko了👍
[2026-02-22 03:26:50] 白血球FJL: 憨豆这手鸟狙就代表是小比赛
[2026-02-22 03:26:51] LvvsiN: 就tm喜欢银行业🥰银行坏账我喜欢🥰银行挤兑我还喜欢😍利率调低我也喜欢🤤老子亲烂银行业的脸😘
[2026-02-22 03:26:51] 核桃的铁粉: 这要是载物的鸟狙就翻了
[2026-02-22 03:26:51] wedd1ddeJodd: 玩机器这手弃车保帅太妙了👍全在攻击布罗利都没人攻击niko了👍
[2026-02-22 03:26:51] bsqqaq: 玩机器不仅扁尸还往上面吐痰，态度已经很明确了🤭
[2026-02-22 03:26:51] 讽风有情: 玩机器这手弃车保帅太妙了👍全在攻击布罗利都没人攻击niko了👍
[2026-02-22 03:26:51] anyhens: 卡卡罗特在地球是地球人。。。
[2026-02-22 03:26:51] Er1cXxs: 4k 5k了
[2026-02-22 03:26:51] 杜王町的吉良吉影本人: 憨豆这手鸟狙就代表是小比赛
[2026-02-22 03:26:51] 玩学生丶BlueArchive: 想把庄方宜那个的➕ 1展示凝聚力
[2026-02-22 03:26:52] 共难共难: 那输了，拿过蜜蜂五杀的队最后都输了
[2026-02-22 03:26:52] 99组的爱城华恋本人: ⚠地球人谨记，虽然卡卡罗特对付了布罗利，但是他也不是地球人。
[2026-02-22 03:26:52] Laguna的Carlotta本人: 　　　 想把庄方宜那个的➕ 1展示凝聚力
[2026-02-22 03:26:52] 祥子自愿演奏迷星叫: 想把庄方宜那个的➕ 1展示凝聚力
[2026-02-22 03:26:52] 无7441158: 想把庄方宜那个的➕ 1展示凝聚力
[2026-02-22 03:26:52] 时团的马嘉祺本人: 想把庄方宜那个的➕ 1展示凝聚力
[2026-02-22 03:26:52] 默默momoMoMo123: 玩机器这手弃车保帅太妙了👍全在攻击布罗利都没人攻击niko了👍
[2026-02-22 03:26:53] loveforkenny: Tell Me👏 Tell Me👏鏡👏よ鏡👏一番👏好きな👏私👏👏になるの👏
[2026-02-22 03:26:53] LvvsiN: 南孚一节更比六节强，也就是一节南孚比六节南孚强，六节南孚比三十六节强，三十六节比二百一十六节强
[2026-02-22 03:26:53] gsf003x: 憨豆这手鸟狙就代表是小比赛
[2026-02-22 03:26:53] 麻辣轩香丶DK酱: 人设崩了
[2026-02-22 03:26:53] 鹅地霸霸: 玩机器这手弃车保帅太妙了👍全在攻击布罗利都没人攻击niko了👍
[2026-02-22 03:26:54] 玩柜子丶Mortis: ⚠地球人谨记，虽然卡卡罗特对付了布罗利，但是他也不是地球人。ですわ
[2026-02-22 03:26:54] 飞翔屎一样: 想把庄方宜那个的➕ 1展示凝聚力
[2026-02-22 03:26:54] 八嘎黄芥末: 官批休闲鸟狙
[2026-02-22 03:26:54] bsqqaq: 玩机器不仅扁尸还往上面吐痰，态度已经很明确了🤭
[2026-02-22 03:26:54] 石家庄的宠物男孩: 想把庄方宜那个的➕ 1展示凝聚力
[2026-02-22 03:26:54] 巴甫洛夫的滥犬: 憨豆这手鸟狙就代表是小比赛
[2026-02-22 03:26:54] 玩学生丶BlueArchive: 想把庄方宜那个的➕ 1展示凝聚力
[2026-02-22 03:26:54] 用户42110893: 玩机器这手弃车保帅太妙了👍全在攻击布罗利都没人攻击niko了👍
[2026-02-22 03:26:55] 文西67: 想把庄方宜那个的➕ 1展示凝聚力
[2026-02-22 03:26:55] 火车时刻挥洒差: 想把庄方宜那个的➕ 1展示凝聚力
[2026-02-22 03:26:55] 驴哈娜: Techno5K
[2026-02-22 03:26:55] 玩台钳丶阿尔托莉雅: 玩机器这手弃车保帅太妙了👍全在攻击布罗利都没人攻击niko了👍
[2026-02-22 03:26:55] 海绵宝宝农批儿: 想把庄方宜那个的➕ 1展示凝聚力
[2026-02-22 03:26:55] 麦克里斯特尔: 玩哥你是不是在粘液桶里放了个zywoo的照片
[2026-02-22 03:26:56] 用玩大哥的角磨机吧: 玩机器这手弃车保帅太妙了👍全在攻击布罗利都没人攻击niko了👍
[2026-02-22 03:26:56] 专看玩机器的号: 对的，别露那个🐖脸，大家就是来看💺的
[2026-02-22 03:26:56] 好哥们黑龙歼灭刀: ⚠地球人谨记，虽然卡卡罗特对付了布罗利，但是他也不是地球人。
[2026-02-22 03:26:56] 玩学生丶BlueArchive: 想把庄方宜那个的➕ 1展示凝聚力
[2026-02-22 03:26:56] 用户6235382488: 玩机器这手弃车保帅太妙了👍全在攻击布罗利都没人攻击niko了👍
[2026-02-22 03:26:56] likedabsy: 玩机器这手弃车保帅太妙了👍全在攻击布罗利都没人攻击niko了👍
[2026-02-22 03:26:57] 訤溓: 我让你开双倍你二龙吗？老子荧光棒要过期了
[2026-02-22 03:26:57] LvvsiN: 额，拿亚军我都会，拿亚军，拿季军，拿四强，拿八强，拿十六强，呃拿冠军我不会，然后小组赛淘汰
[2026-02-22 03:26:57] 空有无垠: 玩机器这手弃车保帅太妙了👍全在攻击布罗利都没人攻击niko了👍
[2026-02-22 03:26:57] HankFann: Techno5k
[2026-02-22 03:26:57] Miyezd: 梨花飘落在你窗前💮画中伊人在闺中怨💅🏻谁把思念轻描淡写🤔只想留住时间为你穿越⏱️
[2026-02-22 03:26:57] bsqqaq: 玩机器不仅扁尸还往上面吐痰，态度已经很明确了🤭
[2026-02-22 03:26:58] IF的灰爱音本人: 　　　 想把庄方宜那个的➕ 1展示凝聚力
[2026-02-22 03:26:58] 不变的追求717: 玩哥你是不是在粘液桶里放了个zywoo的照片
[2026-02-22 03:26:58] Faze的新岛真本人: @🗿：这个布罗利又是哪个高手？
[2026-02-22 03:26:58] astralis的jabbi本人: 憨豆这手鸟狙就代表是小比赛
[2026-02-22 03:26:59] 好兄弟平湖家猪王: 玩机器这手弃车保帅太妙了👍全在攻击布罗利都没人攻击niko了👍
[2026-02-22 03:26:59] 玩学生丶BlueArchive: 想把庄方宜那个的➕ 1展示凝聚力
[2026-02-22 03:26:59] Zxj1ing: 玩机器这手弃车保帅太妙了👍全在攻击布罗利都没人攻击niko了👍
[2026-02-22 03:26:59] LvvsiN: 我提一嘴这剧情越来越像上海major了
[2026-02-22 03:26:59] CSTG的一米九二本人: ⚠地球人谨记，虽然卡卡罗特对付了布罗利，但是他也不是地球人。
[2026-02-22 03:26:59] 晨黎暮: 想把庄方宜那个的➕ 1展示凝聚力
[2026-02-22 03:26:59] 海绵宝宝农批儿: 想把庄方宜那个的➕ 1展示凝聚力
[2026-02-22 03:27:00] 喷香的臭臭泥: 想把庄方宜那个的➕ 1展示凝聚力
[2026-02-22 03:27:00] 用户00137810: 玩机器这手弃车保帅太妙了👍全在攻击布罗利都没人攻击niko了👍
[2026-02-22 03:27:00] zbq93: 玩机器不仅扁尸还往上面吐痰，态度已经很明确了🤭
[2026-02-22 03:27:00] 糖嗜综合征: 想把庄方宜那个的➕ 1展示凝聚力
[2026-02-22 03:27:00] 霞之丘诗羽的小迷弟: 想把庄方宜那个的➕ 1展示凝聚力
[2026-02-22 03:27:00] Box强音来袭: 玩机器这手弃车保帅太妙了👍全在攻击布罗利都没人攻击niko了👍
[2026-02-22 03:27:01] bsqqaq: 玩机器不仅扁尸还往上面吐痰，态度已经很明确了🤭
[2026-02-22 03:27:01] 玩学生丶BlueArchive: 想把庄方宜那个的➕ 1展示凝聚力
[2026-02-22 03:27:01] LvvsiN: 其实碗橱就是猪灵，你不拿黄金丢他他就不跟你说话
[2026-02-22 03:27:01] 擅长登山的亦博同学: 憨豆这手鸟狙就代表是小比赛
[2026-02-22 03:27:01] Q1ed7f9c85b3bc7571: ⚠地球人谨记，虽然卡卡罗特对付了布罗利，但是他也不是地球人。ですわ
[2026-02-22 03:27:02] helloender: Tell Me👏 Tell Me👏鏡👏よ鏡👏一番👏好きな👏私👏👏になるの👏
[2026-02-22 03:27:02] 訤溓: 我看这niko才是真的🧊清玉洁啊,要不以后叫🧊镇大虾吧
[2026-02-22 03:27:02] Aleksumimi: apex职业生涯第7个被1v5
[2026-02-22 03:27:02] 火星情报员工: ⚠地球人谨记，虽然卡卡罗特对付了布罗利，但是他也不是地球人。ですわ
[2026-02-22 03:27:02] 二阶堂shiro: 玩哥你是不是在粘液桶里放了个zywoo的照片
[2026-02-22 03:27:02] 终末地干员陈千语: 想把庄方宜那个的➕ 1展示凝聚力
[2026-02-22 03:27:03] 梦鸡的累吧: 玩机器这手弃车保帅太妙了👍全在攻击布罗利都没人攻击niko了👍
[2026-02-22 03:27:03] 玩学生丶BlueArchive: 想把庄方宜那个的➕ 1展示凝聚力
[2026-02-22 03:27:03] LvvsiN: 我提一嘴这剧情越来越像上海major了
[2026-02-22 03:27:03] 宫监手放监: 布罗利还不跑呢？刚才有个螃蟹头和m秃到处找你！
[2026-02-22 03:27:04] bsqqaq: 玩机器不仅扁尸还往上面吐痰，态度已经很明确了🤭
[2026-02-22 03:27:04] 拿铁少点冰: @布罗利：不行玩大哥，这锅我背不了了，弹幕全是骂我的，我要玉玉了，希望你跟大家澄清一下是你让我做的?
[2026-02-22 03:27:04] Faze的新岛真本人: @🗿：这个布罗利又是哪个高手？
[2026-02-22 03:27:04] 丰川祥子口三角初华: 玩机器不仅扁尸还往上面吐痰，态度已经很明确了🤭
[2026-02-22 03:27:04] 用户144491677: 玩机器这手弃车保帅太妙了👍全在攻击布罗利都没人攻击niko了👍
[2026-02-22 03:27:05] w浅沫记忆w: 玩哥你是不是在粘液桶里放了个zywoo的照片
[2026-02-22 03:27:05] 好哥们音箱蟀: 玩哥你是不是在粘液桶里放了个zywoo的照片
[2026-02-22 03:27:05] 第五原宿: 想把庄方宜那个的➕ 1展示凝聚力
[2026-02-22 03:27:05] LvvsiN: 为什么房管封的不能给鱼丸……还以为今天晚上得吃了……
[2026-02-22 03:27:05] 星saki: 哲伟 play
[2026-02-22 03:27:05] 曾有过的伱: 想把庄方宜那个的➕ 1展示凝聚力
[2026-02-22 03:27:05] 1tan紫绒花: 玩机器这手弃车保帅太妙了👍全在攻击布罗利都没人攻击niko了👍
[2026-02-22 03:27:05] 玩机器今晚还播吗: 玩机器这手弃车保帅太妙了👍全在攻击布罗利都没人攻击niko了👍
[2026-02-22 03:27:06] 一套二一套二: 蹲蹲，有和我一样不知道在蹲蹲什么的蹲蹲吗，蹲蹲
[2026-02-22 03:27:06] 载物的艾7: ⚠地球人谨记，虽然卡卡罗特对付了布罗利，但是他也不是地球人。ですわ
[2026-02-22 03:27:06] 旋律的主人丰川祥子: 玩机器这手弃车保帅太妙了👍全在攻击布罗利都没人攻击niko了👍
[2026-02-22 03:27:06] MintS978: 完蛋操了
[2026-02-22 03:27:06] 玩学生丶BlueArchive: 想把庄方宜那个的➕ 1展示凝聚力
[2026-02-22 03:27:07] Faze的新岛真本人: @🗿：这个布罗利又是哪个高手？
[2026-02-22 03:27:07] 結城希亞: Tell Me👏 Tell Me👏鏡👏よ鏡👏一番👏好きな👏私👏👏になるの👏
[2026-02-22 03:27:07] 假如一切是虚幻: 想把庄方宜那个的➕ 1展示凝聚力
[2026-02-22 03:27:07] kirito5: 《小比赛》这手鸟狙太有味道了，不愧是高手
[2026-02-22 03:27:07] 洛陽城里看落陽: 憨豆这手鸟狙就代表是小比赛
[2026-02-22 03:27:07] LvvsiN: 孩子们快跑，马修赫伯特来了😨卧槽你的怎么是马枪和BOT
[2026-02-22 03:27:07] 飞天玉虎zzZ: @莱昂凯:解说还真是恩人，谢谢玩大哥~
[2026-02-22 03:27:07] 用户6235382488: 我看这niko才是真的🧊清玉洁啊,要不以后叫🧊镇大虾吧
[2026-02-22 03:27:07] 再抽奖在线剁手: 憨豆这手鸟狙就代表是小比赛
[2026-02-22 03:27:08] 喃妈来俺可没抽: 　　　 想把庄方宜那个的➕ 1展示凝聚力
[2026-02-22 03:27:08] 默默momoMoMo123: 想把庄方宜那个的➕ 1展示凝聚力
[2026-02-22 03:27:08] 我也是加把劲骑士: 玩哥你是不是在粘液桶里放了个zywoo的照片
[2026-02-22 03:27:09] 古堡12枪战神:  @终末地干员陈千语：想把庄方宜那个的➕ 1展示凝聚力
[2026-02-22 03:27:09] LvvsiN: 你屏蔽词都快赶上新华词典了为什么不干脆开一百级发言？
[2026-02-22 03:27:09] 玩学生丶BlueArchive: 想把庄方宜那个的➕ 1展示凝聚力
[2026-02-22 03:27:10] 拿铁少点冰: @布罗利：不行玩大哥，这锅我背不了了，弹幕全是骂我的，我要玉玉了，希望你跟大家澄清一下是你让我做的?
[2026-02-22 03:27:10] 鲤鱼哲: 想把庄方宜那个的➕ 1展示凝聚力
[2026-02-22 03:27:10] Minatocc: 收到
[2026-02-22 03:27:10] 卡其反: 玩机器这手弃车保帅太妙了👍全在攻击布罗利都没人攻击niko了👍
[2026-02-22 03:27:10] 杨幂夸我帅: 想把庄方宜那个的➕ 1展示凝聚力
[2026-02-22 03:27:11] 江城二狗子: ⚠地球人谨记，虽然卡卡罗特对付了布罗利，但是他也不是地球人。ですわ
[2026-02-22 03:27:11] 紫棋明天见: Tell Me👏 Tell Me👏鏡👏よ鏡👏一番👏好きな👏私👏👏になるの👏
[2026-02-22 03:27:11] LvvsiN: 弹幕别吵了，银行业一样一样有有有也会有h'y'hui't'y'r's'c'dn
[2026-02-22 03:27:11] 麦克里斯特尔: @zywoo：你不是让布罗利先去拿东西吗？为啥不去
[2026-02-22 03:27:11] 巨型大高玩: 玩哥你是不是在粘液桶里放了个zywoo的照片
[2026-02-22 03:27:11] 机器机器祝你天天开心: 收到
[2026-02-22 03:27:12] 一拳打爆你魔丸: @布罗利：不行玩大哥，这锅我背不了了，弹幕全是骂我的，我要玉玉了，希望你跟大家澄清一下是你让我做的?
[2026-02-22 03:27:12] Akiba的牧濑红莉栖本人: 想把庄方宜那个的➕ 1展示凝聚力
[2026-02-22 03:27:12] 死神塔的特莉波卡本人: 想把庄方宜那个的➕ 1展示凝聚力
[2026-02-22 03:27:12] 洛陽城里看落陽: 玩哥你是不是在粘液桶里放了个zywoo的照片
[2026-02-22 03:27:12] 载物的艾7: 我看这niko才是真的🧊清玉洁啊,要不以后叫🧊镇大虾吧
[2026-02-22 03:27:12] 高松灯扣死千早爱音: 玩哥你是不是在粘液桶里放了个zywoo的照片
[2026-02-22 03:27:13] 爱音铁板双架冒充素世: 收到
[2026-02-22 03:27:13] LvvsiN: @阿汤日记：一个人，5发子弹，保住格陵兰岛。我不会叫它不可能完成的任务，我现在只想先回家看亦博
[2026-02-22 03:27:13] Wardel: 玩哥你是不是在粘液桶里放了个zywoo的照片
[2026-02-22 03:27:13] 专看玩机器的号: 收到
[2026-02-22 03:27:13] 撅银龙: 听说niko很会点头，我以为多准呢，原来是点头同意啊😓
[2026-02-22 03:27:14] 菜鸟上帝: @莱昂凯:解说还真是恩人，谢谢玩大哥~
[2026-02-22 03:27:14] DWG的ShowMaker本人: 想把庄方宜那个的➕ 1展示凝聚力
[2026-02-22 03:27:14] 洛林Lorraine23783: 想把庄方宜那个的➕ 1展示凝聚力
[2026-02-22 03:27:14] 不变的追求717: @布罗利：不行玩大哥，这锅我背不了了，弹幕全是骂我的，我要玉玉了，希望你跟大家澄清一下是你让我做的?
[2026-02-22 03:27:15] ZywOo的猫: 房管封的不能给鱼丸……还以为今天晚上得吃了……
[2026-02-22 03:27:15] kirito5: @布罗利：不行玩大哥，这锅我背不了了，弹幕全是骂我的，我要玉玉了，希望你跟大家澄清一下是你让我做的?
[2026-02-22 03:27:15] 二阶堂shiro:  @终末地干员陈千语：想把庄方宜那个的➕ 1展示凝聚力
[2026-02-22 03:27:15] 柒医: 收到
[2026-02-22 03:27:15] 拿铁少点冰: @布罗利：不行玩大哥，这锅我背不了了，弹幕全是骂我的，我要玉玉了，希望你跟大家澄清一下是你让我做的?
[2026-02-22 03:27:15] LvvsiN: 南孚一节更比六节强，也就是一节南孚比六节南孚强，六节南孚比三十六节强，三十六节比二百一十六节强
[2026-02-22 03:27:15] 渡边曜女士: 　　　  @终末地干员陈千语：想把庄方宜那个的➕ 1展示凝聚力
[2026-02-22 03:27:16] triangle233: 玩哥你是不是在粘液桶里放了个zywoo的照片
[2026-02-22 03:27:16] 好哥们黑龙歼灭刀: 我看这niko才是真的🧊清玉洁啊,要不以后叫🧊镇大虾吧
[2026-02-22 03:27:16] 星凌時: 　　　 想把庄方宜那个的➕ 1展示凝聚力
[2026-02-22 03:27:17] 苏雨凌a: 收到
[2026-02-22 03:27:17] LvvsiN: 你为什么要把mαjor禁了，我收藏的一半弹幕全毁了
[2026-02-22 03:27:18] 海安WAILOM: 想把庄方宜那个的➕ 1展示凝聚力
[2026-02-22 03:27:18] 无伟契约: 想把庄方宜那个的➕ 1展示凝聚力
[2026-02-22 03:27:18] 忒斯特賊賊的披肩: 拿了5杀用双枪
[2026-02-22 03:27:18] 窦妪惯例全思慕: 我看这niko才是真的🧊清玉洁啊,要不以后叫🧊镇大虾吧
[2026-02-22 03:27:19] 你的Fish: 想把庄方宜那个的➕ 1展示凝聚力
[2026-02-22 03:27:19] iiREM-: 想把庄方宜那个的➕ 1展示凝聚力
[2026-02-22 03:27:19] 用户6235382488: 玩哥你是不是在粘液桶里放了个zywoo的照片
[2026-02-22 03:27:19] 甘织玲奈子本人: 想把庄方宜那个的➕ 1展示凝聚力
[2026-02-22 03:27:19] LvvsiN: 玩宝宝，我发现在大学上学的时候肄业会很舒服，你可以试试
[2026-02-22 03:27:19] 泪水的冷冽: 4k拿双枪干嘛？
[2026-02-22 03:27:20] 笠松的小栗帽本人:  @终末地干员陈千语：想把庄方宜那个的➕ 1展示凝聚力
[2026-02-22 03:27:20] 洁身自好处男有为青年: 想把庄方宜那个的➕ 1展示凝聚力
[2026-02-22 03:27:20] 偷鸡蛋的玩机器本人o: 玩哥你是不是在粘液桶里放了个zywoo的照片
[2026-02-22 03:27:21] LvvsiN: 弹幕别吵了，银行业一样一样有有有也会有h'y'hui't'y'r's'c'dn
[2026-02-22 03:27:22] 玩飞机plane: @布罗利：不行玩大哥，这锅我背不了了，弹幕全是骂我的，我要玉玉了，希望你跟大家澄清一下是你让我做的?
[2026-02-22 03:27:22] wristuuio: 我看这niko才是真的🧊清玉洁啊,要不以后叫🧊镇大虾吧
[2026-02-22 03:27:23] 长期素食从不熬夜:  @终末地干员陈千语：想把庄方宜那个的➕ 1展示凝聚力
[2026-02-22 03:27:23] 锤爆魔丸一百次: @终末地干员陈千语：想把庄方宜那个的➕ 1展示凝聚力
[2026-02-22 03:27:23] LvvsiN: @阿汤日记：一个人，5发子弹，保住格陵兰岛。我不会叫它不可能完成的任务，我现在只想先回家看亦博
[2026-02-22 03:27:23] samuraionnna: 睡了喵😪😪😪
[2026-02-22 03:27:24] 鸽子川: 这个双枪怎么个意思，想刷？
[2026-02-22 03:27:24] Schnuffels: 该输一次了
[2026-02-22 03:27:24] 网友小结灯: 想把庄方宜那个的➕ 1展示凝聚力
[2026-02-22 03:27:24] 不改名真的不中奖呀Cc: @布罗利：不行玩大哥，这锅我背不了了，弹幕全是骂我的，我要玉玉了，希望你跟大家澄清一下是你让我做的?
[2026-02-22 03:27:25] 用户6235382488: 恨
[2026-02-22 03:27:25] 澄阳湖在逃大闸蟹: 我看这niko才是真的🧊清玉洁啊,要不以后叫🧊镇大虾吧
[2026-02-22 03:27:25] 拿铁少点冰: @布罗利：不行玩大哥，这锅我背不了了，弹幕全是骂我的，我要玉玉了，希望你跟大家澄清一下是你让我做的?
[2026-02-22 03:27:25] 铁狐: 想把庄方宜那个的➕ 1展示凝聚力
[2026-02-22 03:27:25] LvvsiN: 为什么房管封的不能给鱼丸……还以为今天晚上得吃了……
[2026-02-22 03:27:25] Box强音来袭: 我看这niko才是真的🧊清玉洁啊,要不以后叫🧊镇大虾吧
[2026-02-22 03:27:25] 洁身自好处男有为青年: 我提一嘴这剧情越来越像上海major了
[2026-02-22 03:27:26] 叶琉羽: 想把庄方宜那个的➕ 1展示凝聚力
[2026-02-22 03:27:26] 机器我要看老汤: 弹幕别吵了，银行业一样一样有有有也会有h'y'hui't'y'r's'c'dn
[2026-02-22 03:27:26] 漩涡章鱼: 弹幕别吵了，银行业一样一样有有有也会有h'y'hui't'y'r's'c'dn
[2026-02-22 03:27:26] Q1ed7f9c85b3bc7571: 你为什么要把mαjor禁了，我收藏的一半弹幕全毁了
[2026-02-22 03:27:26] K1S4Ra: 想把庄方宜那个的➕ 1展示凝聚力
[2026-02-22 03:27:27] 默默momoMoMo123: 我看这niko才是真的🧊清玉洁啊,要不以后叫🧊镇大虾吧
[2026-02-22 03:27:27] LvvsiN: 你为什么要把mαjor禁了，我收藏的一半弹幕全毁了
[2026-02-22 03:27:28] 企鹅物流安全屋: @终末地干员陈千语：想把庄方宜那个的➕ 1展示凝聚力
[2026-02-22 03:27:29] 拿铁少点冰: @布罗利：不行玩大哥，这锅我背不了了，弹幕全是骂我的，我要玉玉了，希望你跟大家澄清一下是你让我做的?
[2026-02-22 03:27:29] DWG的ShowMaker本人: 想把庄方宜那个的➕ 1展示凝聚力
[2026-02-22 03:27:29] 好哥们汉阳造: @布罗利：不行玩大哥，这锅我背不了了，弹幕全是骂我的，我要玉玉了，希望你跟大家澄清一下是你让我做的?
[2026-02-22 03:27:29] HotNigga666: 10
[2026-02-22 03:27:29] LvvsiN: 银行业😄银行业😀银行业😃银行业😁银行业😆银行业🤪银行业😝
[2026-02-22 03:27:30] 比哈里快鸭: 我看这niko才是真的🧊清玉洁啊,要不以后叫🧊镇大虾吧
[2026-02-22 03:27:31] 凛雪鸦MIO: @终末地干员陈千语：想把庄方宜那个的➕ 1展示凝聚力
[2026-02-22 03:27:31] 麦克里斯特尔: 玩哥我真不懂你为什么要把majorniukei禁了，好多人说有尼古拉
[2026-02-22 03:27:31] 机器机器祝你天天开心: ？？？？
[2026-02-22 03:27:31] 用户37543436:  @终末地干员陈千语：想把庄方宜那个的➕ 1展示凝聚力
[2026-02-22 03:27:31] 臭狗熊友邻: 🐷👐我～站在，烈烈风中🌪️。🐷🤜🌊恨不能，荡尽绵绵心痛。
[2026-02-22 03:27:31] 想看老师打黄金赛: ？
[2026-02-22 03:27:31] LvvsiN: 孩子们快跑，马修赫伯特来了😨卧槽你的怎么是马枪和BOT
[2026-02-22 03:27:32] 逆风笑呵呵233: @终末地干员陈千语：想把庄方宜那个的➕ 1展示凝聚力
[2026-02-22 03:27:33] 七咲逢NanasakiAi: ⚠地球人谨记，虽然卡卡罗特对付了布罗利，但是他也不是地球人。ですわ
[2026-02-22 03:27:33] 拿铁少点冰: @布罗利：不行玩大哥，这锅我背不了了，弹幕全是骂我的，我要玉玉了，希望你跟大家澄清一下是你让我做的?
[2026-02-22 03:27:33] LvvsiN: 玩宝宝，我发现在大学上学的时候肄业会很舒服，你可以试试
[2026-02-22 03:27:34] c丿boy: 你为什么要把mαjor禁了，我收藏的一半弹幕全毁了
[2026-02-22 03:27:34] 名为射的男人: 蒙古沙二也很强啊
[2026-02-22 03:27:35] LvvsiN: 我让你开双倍你二龙吗？老子荧光棒要过期了
[2026-02-22 03:27:38] LvvsiN: 银行业😄银行业😀银行业😃银行业😁银行业😆银行业🤪银行业😝
[2026-02-22 03:27:38] 麦克里斯特尔: 尼古拉呢
[2026-02-22 03:27:40] LvvsiN: 就tm喜欢银行业🥰银行坏账我喜欢🥰银行挤兑我还喜欢😍利率调低我也喜欢🤤老子亲烂银行业的脸😘
[2026-02-22 03:27:40] 小小青蛙输风雨: 还有人想内个大葱啊……nb
[2026-02-22 03:27:42] LvvsiN: 你为什么要把mαjor禁了，我收藏的一半弹幕全毁了
[2026-02-22 03:27:43] HLucKy丶: 英国goat
[2026-02-22 03:27:44] Aenusae: 这小蜜蜂现在是真的没有细节
[2026-02-22 03:27:44] LvvsiN: 我让你开双倍你二龙吗？老子荧光棒要过期了
[2026-02-22 03:27:44] 麦克里斯特尔: @布罗利：不行玩大哥，这锅我背不了了，弹幕全是骂我的，我要玉玉了，希望你跟大家澄清一下是你让我做的?
[2026-02-22 03:27:45] csgo小茄子: 玩大哥的黏液桶里有:zywoo的照片 zywoo亲签 zywoo队服 zywoo鼠标垫
[2026-02-22 03:27:45] 拿铁少点冰: @布罗利：不行玩大哥，这锅我背不了了，弹幕全是骂我的，我要玉玉了，希望你跟大家澄清一下是你让我做的
[2026-02-22 03:27:46] LvvsiN: 弹幕也就网上说说，现实里谁不觉得樱姐是好女孩（删括号领一条远坂凛同款鸟笼）
[2026-02-22 03:27:46] 李小小与虾大大: 玩大哥，我是你的保洁，🚽里的载物照片要帮你换一张吗
[2026-02-22 03:27:47] 用户7479593002: ⚠️你已被我那个
[2026-02-22 03:27:48] LvvsiN: 孩子们快跑，马修赫伯特来了😨卧槽你的怎么是马枪和BOT
[2026-02-22 03:27:48] 拿铁少点冰: @布罗利：不行玩大哥，这锅我背不了了，弹幕全是骂我的，我要玉玉了，希望你跟大家澄清一下是你让我做的
[2026-02-22 03:27:49] 丢个螺母丶: 我能说话了
[2026-02-22 03:27:50] LvvsiN: 其实碗橱就是猪灵，你不拿黄金丢他他就不跟你说话
[2026-02-22 03:27:51] 皮特pite174: 银行业一样一样有有有也会有h'y'hui't'y'r's'c'dn
[2026-02-22 03:27:51] YEYH111: @布罗利：不行玩大哥，这锅我背不了了，弹幕全是骂我的，我要玉玉了，希望你跟大家澄清一下是你让我做的
[2026-02-22 03:27:52] 即将拥有PDD的人鱼线丿: ？？？？
[2026-02-22 03:27:52] ZHR留学失败: 蒙古2:0了
[2026-02-22 03:27:52] LvvsiN: 弹幕也就网上说说，现实里谁不觉得樱姐是好女孩（删括号领一条远坂凛同款鸟笼）
[2026-02-22 03:27:52] Vovxx: 经典vitality play
[2026-02-22 03:27:53] JuL1us: ？
[2026-02-22 03:27:53] ez4sasha: 蜜蜂的猎鹰形态
[2026-02-22 03:27:54] LvvsiN: 我提一嘴这剧情越来越像上海major了
[2026-02-22 03:27:54] 超高校级的Game玩家: 感觉像某个绿色战队
[2026-02-22 03:27:54] 小夜r: ？
[2026-02-22 03:27:55] 殇10876: 发狂了
[2026-02-22 03:27:55] 正直的鸡哥: ？
[2026-02-22 03:27:55] 好姐妹河北省花: ？
[2026-02-22 03:27:55] 麦克里斯特尔: @布罗利：不行玩大哥，这锅我背不了了，弹幕全是骂我的，我要玉玉了，希望你跟大家澄清一下是你让我做的
[2026-02-22 03:27:55] 机器机器祝你天天开心: ？？？？？
[2026-02-22 03:27:55] 撅银龙: ？？？？？
[2026-02-22 03:27:55] dark1337: 卧槽
[2026-02-22 03:27:56] User5092: 英国goat
[2026-02-22 03:27:56] 玩斯特机机: ？？？？
[2026-02-22 03:27:56] LvvsiN: 为什么房管封的不能给鱼丸……还以为今天晚上得吃了……
[2026-02-22 03:27:56] csgo小茄子: 玩大哥的黏液桶里有:zywoo的照片 zywoo亲签 zywoo队服 zywoo鼠标垫
[2026-02-22 03:27:56] 鲜血与暗影铸造的家伙: ？？？
[2026-02-22 03:27:56] 小小小蕉: ？？？？？、
[2026-02-22 03:27:56] 自闭自闭了: 我草
[2026-02-22 03:27:56] 玩宝宝丶Baby: ?
[2026-02-22 03:27:56] xieri: ？
[2026-02-22 03:27:56] Schnuffels: ？？？？？
[2026-02-22 03:27:56] Ste7en卡卡: ？？？？？？
[2026-02-22 03:27:56] 秋茶小雪: ？？？？？
[2026-02-22 03:27:57] 好兄弟平湖家猪王: ？？？
[2026-02-22 03:27:57] 古堡12枪战神: ？
[2026-02-22 03:27:57] 丨Connor: 沙鹰大队
[2026-02-22 03:27:57] 玩机器今晚还播吗: ?
[2026-02-22 03:27:58] 没有故事的Pluto: 数值
[2026-02-22 03:27:58] 梦殇374: ？
[2026-02-22 03:27:58] LvvsiN: 银行业😄银行业😀银行业😃银行业😁银行业😆银行业🤪银行业😝
[2026-02-22 03:27:58] IGetUp: 太猛了
[2026-02-22 03:27:58] 鳃余聋丶使用鳃咬: 沙鹰大队
[2026-02-22 03:27:58] HLucKy丶: 亏贼
[2026-02-22 03:27:58] 好姐妹芙卡洛斯: 爆完了
[2026-02-22 03:27:59] 洛陽城里看落陽: 玩不了
[2026-02-22 03:27:59] HostageKIA: ？？？
[2026-02-22 03:27:59] 魔男的夜宴: ？？
[2026-02-22 03:27:59] 文西67: 戏耍
[2026-02-22 03:27:59] 99组的爱城华恋本人: 沙鹰大队
[2026-02-22 03:27:59] 775424353: 爆
[2026-02-22 03:28:00] 蛋炒饭orz: ？？？？
[2026-02-22 03:28:00] 撅银龙: 又来了？
[2026-02-22 03:28:00] Kunwz: ？
[2026-02-22 03:28:00] 我头秃还爱毒奶选手: ？？？
[2026-02-22 03:28:00] 玩柜子丶Mortis: @布罗利：不行玩大哥，这锅我背不了了，弹幕全是骂我的，我要玉玉了，希望你跟大家澄清一下是你让我做的ですわ
[2026-02-22 03:28:00] 关我汤姆什么事: ？？？？？
[2026-02-22 03:28:00] zcyhymine: 神队
[2026-02-22 03:28:00] WEYyuki: ？
[2026-02-22 03:28:01] efsd8: 太有数值了
[2026-02-22 03:28:01] 机长家的华仔: ？？？
[2026-02-22 03:28:01] Goodnite: 哈哈哈
[2026-02-22 03:28:01] 云雀舌15297: ？？？？？
[2026-02-22 03:28:01] 撒浪嘿呦0v0: 我草
[2026-02-22 03:28:01] HaibaraAi1109: 玩大哥的黏液桶里有:zywoo的照片 zywoo亲签 zywoo队服 zywoo鼠标垫
[2026-02-22 03:28:01] Aleksumimi: 手英王
[2026-02-22 03:28:01] 用户8044227198: ？？？
[2026-02-22 03:28:01] 海绵宝宝打野儿: 数值太高了
[2026-02-22 03:28:01] ymyyo: 手英王
[2026-02-22 03:28:01] 糖嗜综合征: ？？？
[2026-02-22 03:28:01] 天际之光90830: ？
[2026-02-22 03:28:01] SherryAiovo: 手英王
[2026-02-22 03:28:02] 好的好的阖家: 神队
[2026-02-22 03:28:02] 卡啊卡卡丶: 蜜蜂的猎鹰形态
[2026-02-22 03:28:02] 黑白玄鸟: 手英王
[2026-02-22 03:28:02] soul丶兮颜: 吓哭了
[2026-02-22 03:28:02] 虹豆砸: 数值
[2026-02-22 03:28:02] gsf003x: ？
[2026-02-22 03:28:03] 冰冰冰冰冰氷冰: ？？？
[2026-02-22 03:28:03] Killajoy: 手英王
[2026-02-22 03:28:03] 不看似猎鹰就杀了你: 沙鹰大队
[2026-02-22 03:28:03] 短桥窄马: 沙鹰大队
[2026-02-22 03:28:03] 果奶智力研究员QAQ: 亏贼
[2026-02-22 03:28:03] valorant玩机器: 数值
[2026-02-22 03:28:04] 叛逆的源源李: 鲍！
[2026-02-22 03:28:04] LvvsiN: 你为什么要把mαjor禁了，我收藏的一半弹幕全毁了
[2026-02-22 03:28:04] yslOvO: 完胜
[2026-02-22 03:28:04] Oawm98k: 太有数值了
[2026-02-22 03:28:04] 亚历克斯Ming: 啊？
[2026-02-22 03:28:04] 迪奥雷: falcons play
[2026-02-22 03:28:04] 放飞梦想12353: 沙鹰大队
[2026-02-22 03:28:05] s坑华: ？？？？？
[2026-02-22 03:28:05] vongwu: 猎鹰play
[2026-02-22 03:28:05] JuL1us: 闷了
[2026-02-22 03:28:05] 八嘎黄芥末: 我看你的m
[2026-02-22 03:28:05] 歌谷爱墨迹: 发狂了
[2026-02-22 03:28:05] 那就点: 手英王
[2026-02-22 03:28:05] 奇美拉的鸟谷真琴本人: ？
[2026-02-22 03:28:06] 不看似猎鹰就杀了你: 手英王
[2026-02-22 03:28:06] 机器机器祝你天天开心: ？
[2026-02-22 03:28:06] 玩斯特机机: 沙鹰大队
[2026-02-22 03:28:06] 臭狗熊友邻: 沙鹰大队
[2026-02-22 03:28:06] 秋茶小雪: 玩不玩？？？
[2026-02-22 03:28:06] 石家庄的宠物男孩: 沙鹰大队
[2026-02-22 03:28:07] 狐狸来在此: 纯数值
[2026-02-22 03:28:07] zywngty: ？？
[2026-02-22 03:28:07] 洛陽城里看落陽: 太夸张了
[2026-02-22 03:28:07] 玩马修丶Zywoo: @布罗利：不行玩大哥，这锅我背不了了，弹幕全是骂我的，我要玉玉了，希望你跟大家澄清一下是你让我做的で
[2026-02-22 03:28:07] dark1337: 脸色对了
[2026-02-22 03:28:07] LYP2077: 紫色能别绕了吗
[2026-02-22 03:28:07] 重返30岁的zywoo: ？
[2026-02-22 03:28:07] 桃酱今天白给了吗: ？？？
[2026-02-22 03:28:08] robertonly1: 手鹰王
[2026-02-22 03:28:08] 撅银龙: 挂犭
[2026-02-22 03:28:08] Q1ed7f9c85b3bc7571: 我看过
[2026-02-22 03:28:08] 夏恋: 手英王
[2026-02-22 03:28:08] 果奶智力研究员QAQ: 沙鹰大队
[2026-02-22 03:28:09] 小救星小杜DuD: 真的沙鹰大队
[2026-02-22 03:28:09] 冲上云霄的姨: @布罗利：不行玩大哥，这锅我背不了了，弹幕全是骂我的，我要玉玉了，希望你跟大家澄清一下是你让我做的で
[2026-02-22 03:28:09] Vovxx: vitality play
[2026-02-22 03:28:09] 短桥窄马: 手英王
[2026-02-22 03:28:09] 最强反派Vitality: 手英王
[2026-02-22 03:28:10] LvvsiN: 为什么房管封的不能给鱼丸……还以为今天晚上得吃了……
[2026-02-22 03:28:10] 袁雨桢的小酥肉本肉: 手英王
[2026-02-22 03:28:10] 狐狸来在此: falcons play
[2026-02-22 03:28:11] 喵蹄丝: 太有数值了
[2026-02-22 03:28:11] 肘一郎: 见证暴了
[2026-02-22 03:28:11] 結城希亞: 手英王
[2026-02-22 03:28:11] Ch1Sa-: ？？？？？
[2026-02-22 03:28:11] 好哥们黑龙歼灭刀: @布罗利：不行玩大哥，这锅我背不了了，弹幕全是骂我的，我要玉玉了，希望你跟大家澄清一下是你让我做的ですわ
[2026-02-22 03:28:12] Asaki薯片: 脸色对了
[2026-02-22 03:28:12] LvvsiN: 为什么房管封的不能给鱼丸……还以为今天晚上得吃了……
[2026-02-22 03:28:12] 殇10876: 我爱她
[2026-02-22 03:28:12] 鹅地霸霸: 脸色对了
[2026-02-22 03:28:12] A队的佐佐木李子本人: 闷了
[2026-02-22 03:28:13] 江枫于火对愁眠: 猎鹰play
[2026-02-22 03:28:13] vongwu: falcons play
[2026-02-22 03:28:13] 法式卡神: shuzhi
[2026-02-22 03:28:13] Shintaro: 玩机器原话：见证
[2026-02-22 03:28:13] 文西67: 脸色对了
[2026-02-22 03:28:13] 人活着就是为了玩乐队:  手英王
[2026-02-22 03:28:13] 专看玩机器的号: 不演了
[2026-02-22 03:28:13] 玩女人丶z4kr: 图书馆
[2026-02-22 03:28:14] 21岁邀请进入欧洲fplc: donk
[2026-02-22 03:28:14] 用户5347951022: 太有数值了
[2026-02-22 03:28:14] HankFann: 手英王
[2026-02-22 03:28:14] 中二病剑士: @布罗利：不行玩大哥，这锅我背不了了，弹幕全是骂我的，我要玉玉了，希望你跟大家澄清一下是你让我做的で
[2026-02-22 03:28:14] pirpr: 脸色不对了
[2026-02-22 03:28:14] 一拳打爆你魔丸: @布罗利：不行玩大哥，这锅我背不了了，弹幕全是骂我的，我要玉玉了，希望你跟大家澄清一下是你让我做的で
[2026-02-22 03:28:15] 初心在吗: 　　　 手英王
[2026-02-22 03:28:15] 梦殇374: falcons play
[2026-02-22 03:28:15] 只打瘸子那条腿: 瞬发奶，没办法
[2026-02-22 03:28:15] Vitaliy的ZywOo本人: @布罗利：不行玩大哥，这锅我背不了了，弹幕全是骂我的，我要玉玉了，希望你跟大家澄清一下是你让我做的で
[2026-02-22 03:28:15] 假如一切是虚幻: 见证暴了
[2026-02-22 03:28:15] 嘿你尾巴掉了99: 布罗利脸色不对了
[2026-02-22 03:28:15] 用玩大哥的角磨机吧: @布罗利：不行玩大哥，这锅我背不了了，弹幕全是骂我的，我要玉玉了，希望你跟大家澄清一下是你让我做的で
[2026-02-22 03:28:15] 潮打空城寂寞回丿: 老鼠直呼内行
[2026-02-22 03:28:16] 是姬巧安啊: falcons play
[2026-02-22 03:28:16] 北宇治拳王久石奏: 见 证 犬又来了...
[2026-02-22 03:28:16] 尘釁: 图书馆了
[2026-02-22 03:28:16] KRU的Less本人: faze play
[2026-02-22 03:28:17] 爱健身的然然然然然: 我女儿想要一台更好的钢琴
[2026-02-22 03:28:17] 辣鸡V社还我穷鬼盾: faze play
[2026-02-22 03:28:17] ropz的911本人: 那完了
[2026-02-22 03:28:17] 似梦长4414: 真正的沙鹰大队
[2026-02-22 03:28:17] 玩斯特机机: 趣事
[2026-02-22 03:28:17] 自闭自闭了: 纯粹的瞄准
[2026-02-22 03:28:17] 默默momoMoMo123: 别装了玩➗
[2026-02-22 03:28:18] 雪豹ouo: 走猎鹰老路了蜜蜂
[2026-02-22 03:28:18] LvvsiN: 我提一嘴这剧情越来越像上海major了
[2026-02-22 03:28:19] Q1ed7f9c85b3bc7571: falcons play
[2026-02-22 03:28:19] 乌鸦晒不黑: @布罗利：不行玩大哥，这锅我背不了了，弹幕全是骂我的，我要玉玉了，希望你跟大家澄清一下是你让我做的で
[2026-02-22 03:28:20] 小郑121388: 见证🐕‍🦺
[2026-02-22 03:28:20] MichaelJackson: 老牌吗
[2026-02-22 03:28:20] MR-POTATO: 考
[2026-02-22 03:28:20] 静寂风: NIKO
[2026-02-22 03:28:20] 匕匕叭叭: falcons play
[2026-02-22 03:28:20] 黑桃卆子: 我爱她
[2026-02-22 03:28:20] LvvsiN: 你为什么要把mαjor禁了，我收藏的一半弹幕全毁了
[2026-02-22 03:28:20] Ch1Sa-: 闷了
[2026-02-22 03:28:20] 小邱不是小Q: l猎鹰来了
[2026-02-22 03:28:21] 安隅空想家: ？
[2026-02-22 03:28:21] 往事年华1: 孝
[2026-02-22 03:28:21] 用户6235382488: niko吗
[2026-02-22 03:28:21] 杉本屋: @布罗利：不行玩大哥，这锅我背不了了，弹幕全是骂我的，我要玉玉了，希望你跟大家澄清一下是你让我做的ですわ
[2026-02-22 03:28:21] 紫棋明天见: ？？？
[2026-02-22 03:28:22] 愿人立刻有: 闹麻了
[2026-02-22 03:28:22] 紫紫紫彧: niko指挥的
[2026-02-22 03:28:22] 死神塔的特莉波卡本人: 趣事
[2026-02-22 03:28:22] 玩魔丸丶猛锤: faze play
[2026-02-22 03:28:22] cs2小黎子: ？见证勾又来了
[2026-02-22 03:28:22] 袁雨桢的小酥肉本肉: 恋老癖犯了是吧
[2026-02-22 03:28:22] 不要坐在我身边: 你什么银河战舰？
[2026-02-22 03:28:22] LvvsiN: 额，拿亚军我都会，拿亚军，拿季军，拿四强，拿八强，拿十六强，呃拿冠军我不会，然后小组赛淘汰
[2026-02-22 03:28:22] 落天华: @布罗利：不行玩大哥，这锅我背不了了，弹幕全是骂我的，我要玉玉了，希望你跟大家澄清一下是你让我做的で
[2026-02-22 03:28:22] Crychiccc的若叶睦本人: 还在niko？
[2026-02-22 03:28:23] Schnuffels: 18银河战舰了
[2026-02-22 03:28:23] pangtouyularry: 要素察觉，niko
[2026-02-22 03:28:23] 用户3661578: 蜜蜂经典时不时翻盘
[2026-02-22 03:28:23] 小小青蛙输风雨: 还在niko
[2026-02-22 03:28:23] 玩蛇鼠丶stabbi: 吹的对象不是zywoo之后语气真实了好多...
[2026-02-22 03:28:23] suicho: @布罗利：不行玩大哥，这锅我背不了了，弹幕全是骂我的，我要玉玉了，希望你跟大家澄清一下是你让我做的で
[2026-02-22 03:28:23] 炫迈冰暴口香糖: 谁
[2026-02-22 03:28:24] nw21g244: 请神请到niko了
[2026-02-22 03:28:24] 狐狸来在此: 串
[2026-02-22 03:28:24] 玩斯特机机: niko吗
[2026-02-22 03:28:24] LvvsiN: 玩 出，我双倍呢？😡😡玩 出，我双倍呢？😡😡玩 出，我双倍呢？😡😡玩 出，我双倍呢？😡
[2026-02-22 03:28:24] Createfun: 1.生日2月14日 2.离开团队又重组 3.名字带箱 4.神鬼二象性 他是 A.broky B.丰川
[2026-02-22 03:28:25] 小提琴杀人手: 还在niko
[2026-02-22 03:28:25] HankFann: 比那个强
[2026-02-22 03:28:25] 小夜r: 这也有niko
[2026-02-22 03:28:25] G2的apEX的本人: 手英王
[2026-02-22 03:28:25] 那英啊哈哈哈: falcons play
[2026-02-22 03:28:25] 冲上云霄的姨: fw
[2026-02-22 03:28:25] 想看老师打黄金赛: 趣事
[2026-02-22 03:28:25] 撅银龙: 又蹭上了？
[2026-02-22 03:28:26] 甜咲Saki: 谁？
[2026-02-22 03:28:26] 海绵宝宝永琳儿: niko
[2026-02-22 03:28:26] 卧看星河尽意明丶: niko play
[2026-02-22 03:28:26] 好的好的阖家: niko指挥的
[2026-02-22 03:28:26] 小川阿丶: 串
[2026-02-22 03:28:27] 77一定会是我的: @蒙古粉丝：我测，什么情况
[2026-02-22 03:28:27] N1coZer4: 孝
[2026-02-22 03:28:27] dark1337: fw
[2026-02-22 03:28:27] 好姐妹芙卡洛斯: fw
[2026-02-22 03:28:27] 好兄弟鲁迪乌斯: fw
[2026-02-22 03:28:27] 线魚: 考
[2026-02-22 03:28:27] 名为射的男人: @senzu: 快乐的放羊
[2026-02-22 03:28:27] 魔男的夜宴: 哈人
[2026-02-22 03:28:27] xieri: 慢
[2026-02-22 03:28:28] 忍野忍小忍: fw
[2026-02-22 03:28:28] 死神塔的特莉波卡本人: fw
[2026-02-22 03:28:28] 海绵宝宝小白儿: niko爆不了
[2026-02-22 03:28:28] 重返30岁的zywoo: fw
[2026-02-22 03:28:28] valorant玩机器: fw
[2026-02-22 03:28:28] 秋茶小雪: fw
[2026-02-22 03:28:28] ShadowDvex: 这也有niko
[2026-02-22 03:28:28] Faze的明日香本人: fazeplay
[2026-02-22 03:28:28] 九九組的愛城華恋本人: 还在niko
[2026-02-22 03:28:28] xuzVan: fw
[2026-02-22 03:28:28] 琴弦之意: niko吗
[2026-02-22 03:28:29] 往事年华1: 🦐之趣事
[2026-02-22 03:28:29] 划算小划: fw
[2026-02-22 03:28:29] 空有无垠: Niko不是扁一个吗。。。。。
[2026-02-22 03:28:29] 菜星冲冲冲: fw
[2026-02-22 03:28:29] 搞笑男西德尼: 还在niko？
[2026-02-22 03:28:29] 盗号咖啡: fw
[2026-02-22 03:28:30] vongwu: fw
[2026-02-22 03:28:30] 用户6235382488: 蹭
[2026-02-22 03:28:30] LvvsiN: 弹幕也就网上说说，现实里谁不觉得樱姐是好女孩（删括号领一条远坂凛同款鸟笼）
[2026-02-22 03:28:30] 绝食十年攒爱top3飞机: fw
[2026-02-22 03:28:30] M1yauchiReng3: fw
[2026-02-22 03:28:31] 心生闸念: man
[2026-02-22 03:28:31] 玩机器今晚还播吗: 暗示报团
[2026-02-22 03:28:31] 玉蜀黍巧克力: fw
[2026-02-22 03:28:31] Drankwater: NIKO别来碰瓷
[2026-02-22 03:28:31] 鳃余聋丶使用鳃咬: 慢
[2026-02-22 03:28:31] 飞天玉虎zzZ: 别舔了一会粘液桶装不下了
[2026-02-22 03:28:31] Th0tiana: fw
[2026-02-22 03:28:31] 果内: fw
[2026-02-22 03:28:32] 玩台钳丶阿尔托莉雅: fw
[2026-02-22 03:28:32] zcyhymine: fw
[2026-02-22 03:28:32] 文西67: fw
[2026-02-22 03:28:32] 时光却张不开腿: falcons：？
[2026-02-22 03:28:32] LvvsiN: 其实碗橱就是猪灵，你不拿黄金丢他他就不跟你说话
[2026-02-22 03:28:33] 月高的结城理本人: 慢
[2026-02-22 03:28:35] 玩蛇鼠丶stabbi: 吹的对象不是zywoo之后语气真实了好多
[2026-02-22 03:28:36] richardlee97: niko编一个
[2026-02-22 03:28:36] 载物的艾7: 原来NIKO在这等着呢
[2026-02-22 03:28:36] 风雨晚烟: Niko不仅可以爆一个还可以编一个
[2026-02-22 03:28:36] 白井黑子x: 懂你意思 报团队
[2026-02-22 03:28:36] 千古恨轮回尝061: niko又来了
[2026-02-22 03:28:36] 小郑121388: fw
[2026-02-22 03:28:36] 一百丅的dev1ce: NIKO别来碰瓷
[2026-02-22 03:28:37] 巴甫洛夫的滥犬: falconsplay得别招
[2026-02-22 03:28:37] 宇治的QQ: Niko play
[2026-02-22 03:28:37] 石家庄的宠物男孩: fw
[2026-02-22 03:28:37] 只打瘸子那条腿: 这就是玩犬瞬发奶
[2026-02-22 03:28:38] 想对你说一声晚安: fw
[2026-02-22 03:28:38] 撅银龙: 闹麻了，你什么王朝？
[2026-02-22 03:28:38] LvvsiN: 弹幕也就网上说说，现实里谁不觉得樱姐是好女孩（删括号领一条远坂凛同款鸟笼）
[2026-02-22 03:28:38] 随安丶: NIKO在哪发财
[2026-02-22 03:28:38] TeamVitality的Ropz本人: fw
[2026-02-22 03:28:40] 孤丿门: 比那个强
[2026-02-22 03:28:40] LvvsiN: 南孚一节更比六节强，也就是一节南孚比六节南孚强，六节南孚比三十六节强，三十六节比二百一十六节强
[2026-02-22 03:28:41] 多多多旧鱼: 🦐➗也配？
[2026-02-22 03:28:41] 开朗若叶睦: niko编一个
[2026-02-22 03:28:41] 好哥们黑龙歼灭刀: Niko play
[2026-02-22 03:28:41] MSK枫: Niko不仅可以爆一个还可以编一个
[2026-02-22 03:28:41] 腋毛老狗子: Fw
[2026-02-22 03:28:41] 擅长登山的亦博同学: Niko不仅可以爆一个还可以编一个
[2026-02-22 03:28:41] 好姐妹弓塚五月: 孝
[2026-02-22 03:28:41] 车路士的凯赛多本人: 吹的对象不是zywoo之后语气真实了好多
[2026-02-22 03:28:41] 12312312312dfsdfs: 十年后: 老驴（28）大载🐖（35）玩宝宝（39）NIKO（0m@jor）
[2026-02-22 03:28:41] NearrrR: niko编一个
[2026-02-22 03:28:41] 99组的爱城华恋本人: 吹的对象不是zywoo之后语气真实了好多
[2026-02-22 03:28:41] 九九組的愛城華恋本人: niko编一个
[2026-02-22 03:28:41] LvvsiN: 弹幕别吵了，银行业一样一样有有有也会有h'y'hui't'y'r's'c'dn
[2026-02-22 03:28:41] richardlee97: niko爆的那个躺着还是站着的
[2026-02-22 03:28:41] txs2869131: 老牌银河战舰几个major
[2026-02-22 03:28:42] 丽娜imbas: niko几个m@jor啊就有他的味儿了
[2026-02-22 03:28:42] 瞬间时的辉煌: 2
[2026-02-22 03:28:42] LvvsiN: 弹幕别吵了，银行业一样一样有有有也会有h'y'hui't'y'r's'c'dn
[2026-02-22 03:28:42] 尼孩在哪发财呢: 和niko的关系是？
[2026-02-22 03:28:43] 八重森彌妮: niko编一个
[2026-02-22 03:28:43] 扣比布莱嗯特: niko在哪发财呢？
[2026-02-22 03:28:44] 玩因幡爱瑠丶Ciallo: @布罗利：不行玩大哥，这锅我背不了了，弹幕全是骂我的，我要玉玉了，希望你跟大家澄清一下是你让我做的で
[2026-02-22 03:28:44] 不变的追求717: niko编一个
[2026-02-22 03:28:44] LvvsiN: @阿汤日记：一个人，5发子弹，保住格陵兰岛。我不会叫它不可能完成的任务，我现在只想先回家看亦博
[2026-02-22 03:28:45] CheZed: 😁
[2026-02-22 03:28:45] 一刀一个啵啵怪: niko还能爆一下尸体 六个头牛逼
[2026-02-22 03:28:45] 濹0790338: 还在串 niko 啊……nb
[2026-02-22 03:28:46] 尼孩在哪发财呢: 和niko的关系是？
[2026-02-22 03:28:46] LvvsiN: @阿汤日记：一个人，5发子弹，保住格陵兰岛。我不会叫它不可能完成的任务，我现在只想先回家看亦博
[2026-02-22 03:28:47] 纸漓: Niko不仅可以爆一个还可以编一个
[2026-02-22 03:28:47] 宫监手放监: 十年后: 老驴（28）大载🐖（35）玩宝宝（39）NIKO（0m@jor）
[2026-02-22 03:28:47] 没有真名233: 吹的对象不是zywoo之后语气真实了好多
[2026-02-22 03:28:48] User5092: -99
[2026-02-22 03:28:48] 机器机器祝你天天开心: 不疼
[2026-02-22 03:28:48] trajiro: 和niko的关系是？
[2026-02-22 03:28:48] LvvsiN: 银行业😄银行业😀银行业😃银行业😁银行业😆银行业🤪银行业😝
[2026-02-22 03:28:48] 尼尼海海出入平安: @布罗利：不行玩大哥，这锅我背不了了，弹幕全是骂我的，我要玉玉了，希望你跟大家澄清一下是你让我做的で
[2026-02-22 03:28:48] 尼孩在哪发财呢: 和niko的关系是？
[2026-02-22 03:28:49] 玩斯特机机: man
[2026-02-22 03:28:50] 一套二一套二: niko还能爆一下尸体 六个头牛逼
[2026-02-22 03:28:51] LvvsiN: 你为什么要把mαjor禁了，我收藏的一半弹幕全毁了
[2026-02-22 03:28:51] 想看老师打黄金赛: -99
[2026-02-22 03:28:51] 用户7479593002: niko还能爆一下尸体 六个头牛逼
[2026-02-22 03:28:52] 影白灬loli: 鹰鹰蜂蜂和好吧
[2026-02-22 03:28:52] 很心焦: Niko也爆一个？爆完会不会用刀编两下？
[2026-02-22 03:28:52] Sallo3zzzzzzzzzzzzzz: man
[2026-02-22 03:28:52] bsqqaq: 玩机器不仅扁尸还往上面吐痰，态度已经很明确了🤭
[2026-02-22 03:28:52] LvvsiN: 为什么房管封的不能给鱼丸……还以为今天晚上得吃了……
[2026-02-22 03:28:53] 剑崎梨梨花: 吹的对象不是zywoo之后语气真实了好多
[2026-02-22 03:28:54] Q1ed7f9c85b3bc7571: 还在串 niko 啊……nb
[2026-02-22 03:28:54] Kacyusha: 吹的对象不是zywoo之后语气真实了好多
[2026-02-22 03:28:54] 三无先森233: 勒布朗来了🦍🏀🦍🏀🦍🏀🦍🏀🦍🏀🦍🏀🦍🏀🦍🏀🦍🏀
[2026-02-22 03:28:55] LvvsiN: 额，拿亚军我都会，拿亚军，拿季军，拿四强，拿八强，拿十六强，呃拿冠军我不会，然后小组赛淘汰
[2026-02-22 03:28:55] 无能青年旅店: 这阵容比那个豪华
[2026-02-22 03:28:55] Minatocc: ？
[2026-02-22 03:28:56] SSE丶: 奥拉夫编一个，瓜点编一个，niko编一个
[2026-02-22 03:28:56] 殇10876: ？
[2026-02-22 03:28:56] 机器机器祝你天天开心: ？？？
[2026-02-22 03:28:56] LvvsiN: 银行业😄银行业😀银行业😃银行业😁银行业😆银行业🤪银行业😝
[2026-02-22 03:28:57] 强尼银手VVV: ？
[2026-02-22 03:28:58] Kli0s: ？
[2026-02-22 03:28:58] 想看老师打黄金赛: 吊人
[2026-02-22 03:28:58] 苏清淼: man
[2026-02-22 03:28:59] LvvsiN: 其实碗橱就是猪灵，你不拿黄金丢他他就不跟你说话
[2026-02-22 03:28:59] 小夜r: ？
[2026-02-22 03:28:59] zywngty: 银河战舰几个冠军啊
[2026-02-22 03:28:59] 黑色圣衣BAKA: niko确实可以爆一哥
[2026-02-22 03:29:00] 无伟契约: 银河战舰不是骂 人的吗
[2026-02-22 03:29:00] MiunaShiodome: 运气好哥
[2026-02-22 03:29:01] 好哥们黑龙歼灭刀: 吹的对象不是zywoo之后语气真实了好多
[2026-02-22 03:29:01] dark1337: 奥拉夫编一个，瓜点编一个，niko编一个
[2026-02-22 03:29:01] LvvsiN: 孩子们快跑，马修赫伯特来了😨卧槽你的怎么是马枪和BOT
[2026-02-22 03:29:01] 冲上云霄的姨: 吹的对象不是zywoo之后语气真实了好多
[2026-02-22 03:29:02] 一只狮宝宝: 替死鬼
[2026-02-22 03:29:02] 八重森彌妮: niko还能爆一下尸体 六个头牛逼
[2026-02-22 03:29:03] LvvsiN: 弹幕别吵了，银行业一样一样有有有也会有h'y'hui't'y'r's'c'dn
[2026-02-22 03:29:03] 夏恋: 额，拿亚军我都会，拿亚军，拿季军，拿四强，拿八强，拿十六强，呃拿冠军我不会，然后小组赛淘汰
[2026-02-22 03:29:03] 好哥们黑龙歼灭刀: 奥拉夫编一个，瓜点编一个，niko编一个
[2026-02-22 03:29:03] 卖二货的小蘑菇: 奥拉夫编一个，瓜点编一个，niko编一个
[2026-02-22 03:29:04] 用玩大哥的角磨机吧: 银河战舰不是骂 人的吗
[2026-02-22 03:29:04] 晓风拂晓丶: 这五个人都有major，那到底谁是niko
[2026-02-22 03:29:04] 匕匕叭叭: 吹的对象不是zywoo之后语气真实了好多
[2026-02-22 03:29:04] F1五冠车手维斯塔潘: Niko不仅可以爆一个还可以编一个甚至还能偷一个
[2026-02-22 03:29:04] 洞庭湖底二五仔: 这阵容比那个豪华
[2026-02-22 03:29:04] 非必要不中岀: 还在串 niko 啊……nb
[2026-02-22 03:29:04] 划算小划: 运气好哥
[2026-02-22 03:29:05] Aleksumimi: 奥拉夫编一个，瓜点编一个，niko编一个
[2026-02-22 03:29:05] LvvsiN: 孩子们快跑，马修赫伯特来了😨卧槽你的怎么是马枪和BOT
[2026-02-22 03:29:05] Asaki薯片: 银河战舰不是骂 人的吗
[2026-02-22 03:29:05] TheMongolZ的上单本人: 吹的对象不是zywoo之后语气真实了好多
[2026-02-22 03:29:05] 锦书难托1109: 奥拉夫编一个，瓜点编一个，niko编一个
[2026-02-22 03:29:06] 玩学生丶BlueArchive: 吹的对象不是zywoo之后语气真实了好多
[2026-02-22 03:29:06] 小小青蛙输风雨: 也
[2026-02-22 03:29:07] LvvsiN: 孩子们快跑，马修赫伯特来了😨卧槽你的怎么是马枪和BOT
[2026-02-22 03:29:07] 好兄弟玩机器machine: niko还能爆一下尸体 六个头牛逼
[2026-02-22 03:29:07] 好哥们烈永周: 吹的对象不是zywoo之后语气真实了好多
[2026-02-22 03:29:08] 冲上云霄的姨: 和niko的关系是？
[2026-02-22 03:29:08] 深情不过他: 奥拉夫编一个，瓜点编一个，niko编一个
[2026-02-22 03:29:08] 摸鱼的悠尤: 运气到了
[2026-02-22 03:29:08] Leonisss丶: 奥拉夫编一个，瓜点编一个，niko编一个
[2026-02-22 03:29:08] 薛定谔的萝莉喵: 奥拉夫编一个，瓜点编一个，niko编一个
[2026-02-22 03:29:08] 搞笑男西德尼: 奥拉夫编一个，瓜点编一个，niko编一个
[2026-02-22 03:29:09] 好哥们黑龙歼灭刀: 冷森载：niko，我鞋底有点痒了
[2026-02-22 03:29:09] LvvsiN: 弹幕也就网上说说，现实里谁不觉得樱姐是好女孩（删括号领一条远坂凛同款鸟笼）
[2026-02-22 03:29:09] 窦妪惯例全思慕: 奥拉夫编一个，瓜点编一个，niko编一个
[2026-02-22 03:29:09] 那英啊哈哈哈: 吹的对象不是zywoo之后语气真实了好多
[2026-02-22 03:29:09] 无7441158: 吹的对象不是zywoo之后语气真实了好多
[2026-02-22 03:29:09] ShadowDvex: 奥拉夫编一个，瓜点编一个，niko编一个
[2026-02-22 03:29:09] 默默momoMoMo123: 奥拉夫编一个，瓜点编一个，niko编一个
[2026-02-22 03:29:09] 玩学生丶BlueArchive: 吹的对象不是zywoo之后语气真实了好多
[2026-02-22 03:29:09] 暗月舞魂殇: 奥拉夫编一个，瓜点编一个，niko编一个
[2026-02-22 03:29:09] 洛陽城里看落陽: 奥拉夫编一个，瓜点编一个，niko编一个
[2026-02-22 03:29:09] 保护头小头是个DD就好: 狗运哥
[2026-02-22 03:29:09] last玩神丶: niko还能爆一下尸体 六个头牛逼
[2026-02-22 03:29:10] 薯薯在孩孩洞洞刘农: 吹的对象不是zywoo之后语气真实了好多
[2026-02-22 03:29:10] 臭狗熊友邻: 奥拉夫编一个，瓜点编一个，niko编一个
[2026-02-22 03:29:10] 锤爆魔丸一百次: 奥拉夫编一个，瓜点编一个，niko编一个
[2026-02-22 03:29:10] Crythic的羊宫妃那本人: 吹的对象不是zywoo之后语气真实了好多
[2026-02-22 03:29:10] Wardel: 奥拉夫编一个，瓜点编一个，niko编一个
[2026-02-22 03:29:11] 破浪的松鼠: 奥拉夫编一个，瓜点编一个，niko编一个
[2026-02-22 03:29:11] 空有无垠: 奥拉夫编一个，瓜点编一个，niko编一个
[2026-02-22 03:29:11] 皇马卧底巴托梅乌: 银河战舰不是骂 人的吗
[2026-02-22 03:29:11] 不改名真的不中奖呀Cc: 奥拉夫编一个，瓜点编一个，niko编一个
[2026-02-22 03:29:11] 用玩大哥的角磨机吧: 奥拉夫编一个，瓜点编一个，niko编一个
[2026-02-22 03:29:11] 靠咖啡活命: 吹的对象不是zywoo之后语气真实了好多
[2026-02-22 03:29:12] 春花敲可爱的啦: 银河战舰不是骂 人的吗
[2026-02-22 03:29:12] Vitality的羽贺文乃本人: 这五个人都有major，那到底谁是niko
[2026-02-22 03:29:12] triangle233: 奥拉夫编一个，瓜点编一个，niko编一个
[2026-02-22 03:29:12] bsqqaq: niko还能爆一下尸体 六个头牛逼
[2026-02-22 03:29:12] Hcmor: 奥拉夫编一个，瓜点编一个，niko编一个
[2026-02-22 03:29:12] gandalfr614: 奥拉夫编一个，瓜点编一个，niko编一个
[2026-02-22 03:29:12] 空青丶: 　　　 吹的对象不是zywoo之后语气真实了好多
[2026-02-22 03:29:12] 男人至死皆少年: 狗运
[2026-02-22 03:29:13] LvvsiN: 你屏蔽词都快赶上新华词典了为什么不干脆开一百级发言？
[2026-02-22 03:29:13] 线魚: niko还能爆一下尸体 六个头牛逼
[2026-02-22 03:29:13] MeIoN39: 奥拉夫编一个，瓜点编一个，niko编一个
[2026-02-22 03:29:13] gsf003x: 吹的对象不是zywoo之后语气真实了好多
[2026-02-22 03:29:13] 用户594678086: 银河战舰不是骂 人的吗
[2026-02-22 03:29:14] 冰冰冰冰冰氷冰: 奥拉夫编一个，瓜点编一个，niko编一个
[2026-02-22 03:29:14] s坑华: 这五个人都有major，那到底谁是niko
[2026-02-22 03:29:14] 奈亚亚亚亚亚: 奥拉夫编一个，瓜点编一个，niko编一个
[2026-02-22 03:29:14] 大裂谷的登山家: 法兰西核心科技
[2026-02-22 03:29:14] 死神塔的特莉波卡本人: 奥拉夫编一个，瓜点编一个，niko编一个
[2026-02-22 03:29:14] 玩机爹丶Device: 奥拉夫编一个，瓜点编一个，niko编一个
[2026-02-22 03:29:14] azo808: 这五个人都有major，那到底谁是niko
[2026-02-22 03:29:14] HLucKy丶: 这五个人都有major，那到底谁是niko
[2026-02-22 03:29:14] 那英啊哈哈哈: 奥拉夫编一个，瓜点编一个，niko编一个
[2026-02-22 03:29:15] 12312312312dfsdfs: 奥拉夫编一个，瓜点编一个，niko编一个
[2026-02-22 03:29:15] Asaki薯片: 奥拉夫编一个，瓜点编一个，niko编一个
[2026-02-22 03:29:15] 玩学生丶BlueArchive: 吹的对象不是zywoo之后语气真实了好多
[2026-02-22 03:29:15] LvvsiN: 为什么房管封的不能给鱼丸……还以为今天晚上得吃了……
[2026-02-22 03:29:15] 海绵宝宝小白儿: 奥拉夫编一个，瓜点编一个，niko编一个
[2026-02-22 03:29:15] 剑崎梨梨花: 奥拉夫编一个，瓜点编一个，niko编一个
[2026-02-22 03:29:15] 低调老大的磨砂猴: 还在串 niko 啊……nb
[2026-02-22 03:29:15] HaibaraAi1109: 奥拉夫编一个，瓜点编一个，niko编一个
[2026-02-22 03:29:15] wedd1ddeJodd: @🗿：研发环境太好了。。
[2026-02-22 03:29:16] 是是非非blue: 吹的对象不是zywoo之后语气真实了好多
[2026-02-22 03:29:16] 不变的追求717: 奥拉夫编一个，瓜点编一个，niko编三个
[2026-02-22 03:29:16] 蜗牛蜗牛你快快走: 奥拉夫编一个，瓜点编一个，niko编一个
[2026-02-22 03:29:16] 丶丶Ken丶丶: 吹的对象不是zywoo之后语气真实了好多
[2026-02-22 03:29:16] 用户6235382488: 奥拉夫编一个，瓜点编一个，niko编一个
[2026-02-22 03:29:16] 天守阁信长: 吹的对象不是zywoo之后语气真实了好多
[2026-02-22 03:29:16] 战场原黑仪丿: 奥拉夫编一个，瓜点编一个，niko编一个
[2026-02-22 03:29:17] 远坂凛1111: 谁是Niko
[2026-02-22 03:29:17] 洛陽城里看落陽: 吹的对象不是zywoo之后语气真实了好多
[2026-02-22 03:29:17] 红色有角三倍速的夏亚: 奥拉夫编一个，瓜点编一个，niko编一个
[2026-02-22 03:29:17] 瘤道仙人: 奥拉夫编一个，瓜点编一个，niko编一个
[2026-02-22 03:29:17] 草野masamune: 吹的对象不是zywoo之后语气真实了好多
[2026-02-22 03:29:18] kon的mio本人: 奥拉夫编一个，瓜点编一个，niko编一个
[2026-02-22 03:29:18] 假如一切是虚幻: 奥拉夫编一个，瓜点编一个，niko编一个
[2026-02-22 03:29:18] 比哈里快鸭: 奥拉夫编一个，瓜点编一个，niko编一个
[2026-02-22 03:29:18] Schnuffels: 曾经挪威手枪王 波黑沙鹰王，双推土车
[2026-02-22 03:29:18] 我是隔壁老王我好累: 奥拉夫编一个，瓜点编一个，niko编一个
[2026-02-22 03:29:18] 蜗牛蜗牛你快快走: 奥拉夫编一个，瓜点编一个，niko编一个
[2026-02-22 03:29:18] 玩弓箭、Arrow: 吹的对象不是zywoo之后语气真实了好多
[2026-02-22 03:29:19] 玩学生丶BlueArchive: 奥拉夫编一个，瓜点编一个，niko编一个
[2026-02-22 03:29:19] 丰川祥子口三角初华: 奥拉夫编一个，瓜点编一个，niko编一个
[2026-02-22 03:29:19] 用玩大哥的角磨机吧: 这五个人都有major，那到底谁是niko
[2026-02-22 03:29:19] 67373叶凛月: 法兰西核心科技
[2026-02-22 03:29:19] 机长家的华仔: 　　　 吹的对象不是zywoo之后语气真实了好多
[2026-02-22 03:29:19] 冲上云霄的姨: 奥拉夫编一个，瓜点编一个，niko编一个
[2026-02-22 03:29:20] 麦克里斯特尔: @冷森载：niko，我鞋底有点痒了
[2026-02-22 03:29:20] last玩神丶: 吹的对象不是zywoo之后语气真实了好多
[2026-02-22 03:29:20] 忒斯特李逵: 我有多久没听过丹麦科技这个词了，丹麦人都去哪了？？？
[2026-02-22 03:29:20] 小呱批: 吊人是这样的，不知道什么时候就运一把
[2026-02-22 03:29:20] 梅林老公: 这五个人都有major，那到底谁是niko
[2026-02-22 03:29:20] s坑华: 奥拉夫编一个，瓜点编一个，niko编一个
[2026-02-22 03:29:20] bsqqaq: 玩机器不仅扁尸还往上面吐痰，态度已经很明确了🤭
[2026-02-22 03:29:20] 大梦464: 这五个人都有major，那到底谁是niko
[2026-02-22 03:29:20] Cloud9的咬人猫本人: 奥拉夫编一个，瓜点编一个，niko编一个
[2026-02-22 03:29:21] 好哥们黑龙歼灭刀: 这五个人都有major，那到底谁是niko
[2026-02-22 03:29:21] 要一起好好努力: 吹的对象不是zywoo之后语气真实了好多
[2026-02-22 03:29:21] 玩学生丶BlueArchive: 奥拉夫编一个，瓜点编一个，niko编一个
[2026-02-22 03:29:21] 千早爱音把我扣死: 千早爱音来喽：🤜😯👆 T✋😃👌 G🖐😉🖐 W😃🕊集团♡
[2026-02-22 03:29:21] 强尼银手VVV: 吹的对象不是zywoo之后语气真实了好多
[2026-02-22 03:29:21] 蜗牛蜗牛你快快走: 奥拉夫编一个，瓜点编一个，niko编一个
[2026-02-22 03:29:22] 极夜之辰: 这五个人都有major，那到底谁是niko
[2026-02-22 03:29:22] 913211319: 奥拉夫编一个，瓜点编一个，niko编一个
[2026-02-22 03:29:22] 想你演唱会: 吹的对象不是zywoo之后语气真实了好多
[2026-02-22 03:29:22] 柒医: 吹的对象不是zywoo之后语气真实了好多
[2026-02-22 03:29:22] 丶小恐龙丶: 奥拉夫编一个，瓜点编一个，niko编一个
[2026-02-22 03:29:23] 通往天堂的飞艇: 奥拉夫编一个，瓜点编一个，niko编一个
[2026-02-22 03:29:23] 玩学生丶BlueArchive: 奥拉夫编一个，瓜点编一个，niko编一个
[2026-02-22 03:29:23] 这牙缝可以: 奥拉夫编一个，瓜点编一个，niko编一个
[2026-02-22 03:29:23] 玩大哥我双倍呢: 奥拉夫编一个，瓜点编一个，niko编一个
[2026-02-22 03:29:23] 暗月舞魂殇: 这五个人都有major，那到底谁是niko
[2026-02-22 03:29:23] 搞笑男西德尼: 吹的对象不是zywoo之后语气真实了好多
[2026-02-22 03:29:23] 没有真名233: 奥拉夫编一个，瓜点编一个，niko编一个
[2026-02-22 03:29:23] c水表: 奥拉夫编一个，瓜点编一个，niko编一个
[2026-02-22 03:29:23] 半盏明月台: 奥拉夫编一个，瓜点编一个，niko编一个
[2026-02-22 03:29:24] valorant玩机器: 奥拉夫编一个，瓜点编一个，niko编一个
[2026-02-22 03:29:24] 一拳打爆你魔丸: 奥拉夫编一个，瓜点编一个，niko编一个
[2026-02-22 03:29:24] 蜗牛蜗牛你快快走: 奥拉夫编一个，瓜点编一个，niko编一个
[2026-02-22 03:29:24] 爱马修更爱玩宝宝: 奥拉夫编一个，瓜点编一个，niko编一个
[2026-02-22 03:29:24] 窦妪惯例全思慕:  @玩弓箭、Arrow：吹的对象不是zywoo之后语气真实了好多
[2026-02-22 03:29:25] 仁杏chan: 奥拉夫编一个，瓜点编一个，niko编一个
[2026-02-22 03:29:25] 用户3661578: 奥拉夫编一个，瓜点编一个，niko编一个
[2026-02-22 03:29:25] 假如一切是虚幻: 好恶臭的弹幕氛围，有没有那种21级等级限制还要粉丝团发言的直播间推荐
[2026-02-22 03:29:25] 俺有三十公分丶: 　　　 吹的对象不是zywoo之后语气真实了好多
[2026-02-22 03:29:26] 蜗牛蜗牛你快快走: 奥拉夫编一个，瓜点编一个，niko编一个
[2026-02-22 03:29:26] bsqqaq: 玩机器不仅扁尸还往上面吐痰，态度已经很明确了🤭
[2026-02-22 03:29:26] 玩学生丶BlueArchive: 这五个人都有major，那到底谁是niko
[2026-02-22 03:29:27] 蓝星的floppy本人: 奥拉夫编一个，瓜点编一个，niko编一个
[2026-02-22 03:29:27] 喵蹄丝: 这五个人都有major，那到底谁是niko
[2026-02-22 03:29:27] 文西67: 这五个人都有major，那到底谁是niko
[2026-02-22 03:29:28] YEYH111: 奥拉夫编一个，瓜点编一个，niko编一个
[2026-02-22 03:29:28] Shiki1111: 直播间冰粉团建了啊
[2026-02-22 03:29:29] 玩学生丶BlueArchive: 这五个人都有major，那到底谁是niko
[2026-02-22 03:29:29] LvvsiN: 银行业😄银行业😀银行业😃银行业😁银行业😆银行业🤪银行业😝
[2026-02-22 03:29:29] 零北鸢: 奥拉夫编一个，瓜点编一个，niko编一个
[2026-02-22 03:29:30] 头号瓜孝子: 奥拉夫编一个，瓜点编一个，niko编一个
[2026-02-22 03:29:30] Box强音来袭: 奥拉夫编一个，瓜点编一个，niko编一个
[2026-02-22 03:29:30] 大姜饼: 奥拉夫编一个，瓜点编一个，niko编一个
[2026-02-22 03:29:30] Hitagi蟹蟹: 吹的对象不是zywoo之后语气真实了好多
[2026-02-22 03:29:30] 锤子带明星: 这五个人都有major，那到底谁是niko
[2026-02-22 03:29:30] 机器我要看老汤: 奥拉夫编一个，瓜点编一个，niko编一个
[2026-02-22 03:29:31] 玩学生丶BlueArchive: 这五个人都有major，那到底谁是niko
[2026-02-22 03:29:31] 蜗牛蜗牛你快快走: 奥拉夫编一个，瓜点编一个，niko编一个
[2026-02-22 03:29:31] LvvsiN: 我提一嘴这剧情越来越像上海major了
[2026-02-22 03:29:31] 洞洞载载车车major冠军: 奥拉夫编一个，瓜点编一个，niko编一个
[2026-02-22 03:29:32] 我想吃海苔了: 奥拉夫编一个，瓜点编一个，niko编一个
[2026-02-22 03:29:32] 海绵宝宝永琳儿: 奥拉夫编一个，瓜点编一个，niko编一个
[2026-02-22 03:29:32] 玩斯特机机: 吹的对象不是zywoo之后语气真实了好多
[2026-02-22 03:29:32] 99组的爱城华恋本人: p3
[2026-02-22 03:29:32] 好姐妹芙卡洛斯: P3
[2026-02-22 03:29:33] 蜗牛蜗牛你快快走: 奥拉夫编一个，瓜点编一个，niko编一个
[2026-02-22 03:29:33] LvvsiN: 弹幕别吵了，银行业一样一样有有有也会有h'y'hui't'y'r's'c'dn
[2026-02-22 03:29:33] 规范规定高度: 这五个人都有major，那到底谁是niko
[2026-02-22 03:29:33] Kli0s: p3
[2026-02-22 03:29:33] 玩学生丶BlueArchive: 这五个人都有major，那到底谁是niko
[2026-02-22 03:29:33] 硫磺祥: @🗿：我干回来就是没干回来
[2026-02-22 03:29:34] IGetUp: p3
[2026-02-22 03:29:34] 魔男的夜宴: p3
[2026-02-22 03:29:34] dark1337: p3
[2026-02-22 03:29:34] 菜星冲冲冲: p3
[2026-02-22 03:29:34] RyeHS: 。。
[2026-02-22 03:29:34] 白桦mole: 奥拉夫编一个，瓜点编一个，niko编一个
[2026-02-22 03:29:34] -breeze143: p3
[2026-02-22 03:29:35] bsqqaq: 玩机器不仅扁尸还往上面吐痰，态度已经很明确了🤭
[2026-02-22 03:29:35] Aleksumimi: p3
[2026-02-22 03:29:35] LvvsiN: 你为什么要把mαjor禁了，我收藏的一半弹幕全毁了
[2026-02-22 03:29:35] 蜗牛蜗牛你快快走: 奥拉夫编一个，瓜点编一个，niko编一个
[2026-02-22 03:29:35] 苏清淼: p3
[2026-02-22 03:29:35] Tim135: 奥拉夫编一个，瓜点编一个，niko编一个
[2026-02-22 03:29:35] 撅银龙: p3
[2026-02-22 03:29:36] 风雨晚烟: 🗿：我将亲自进行研发
[2026-02-22 03:29:36] 玩斯特机机: 这五个人都有major，那到底谁是niko
[2026-02-22 03:29:36] 黑白玄鸟: p3
[2026-02-22 03:29:36] zzs13579: 　　　 吹的对象不是zywoo之后语气真实了好多
[2026-02-22 03:29:36] 用玩大哥的角磨机吧: @🗿：我干回来就是没干回来
[2026-02-22 03:29:36] 鲜血与暗影铸造的家伙: p3
[2026-02-22 03:29:36] 石家庄的宠物男孩: p3
[2026-02-22 03:29:37] 薛定谔的萝莉喵: p3
[2026-02-22 03:29:37] LvvsiN: 我让你开双倍你二龙吗？老子荧光棒要过期了
[2026-02-22 03:29:37] 蜗牛蜗牛你快快走: 奥拉夫编一个，瓜点编一个，niko编一个
[2026-02-22 03:29:38] 龍EVOLOVE龍: 这五个人都有major，那到底谁是niko
[2026-02-22 03:29:38] Tsume925: 银行业😄银行业😀银行业😃银行业😁银行业😆银行业🤪银行业😝
[2026-02-22 03:29:38] 玩学生丶BlueArchive: @🗿：我干回来就是没干回来
[2026-02-22 03:29:38] 椰椰来了: 这什么枪法
[2026-02-22 03:29:39] 冼星海1234567: 弹幕给了我一种zywoo没遍过的感觉
[2026-02-22 03:29:39] MSK枫: “跟niko没关系，是我身上装了吸铁石把子弹吸过来的”，nota如是说道。
[2026-02-22 03:29:39] 死神塔的特莉波卡本人: 这五个人都有major，那到底谁是niko
[2026-02-22 03:29:39] 想看老师打黄金赛: p3玩不玩
[2026-02-22 03:29:39] User5092: @🗿：我将亲自主导研发
[2026-02-22 03:29:39] LvvsiN: 孩子们快跑，马修赫伯特来了😨卧槽你的怎么是马枪和BOT
[2026-02-22 03:29:39] 蜗牛蜗牛你快快走: 奥拉夫编一个，瓜点编一个，niko编一个
[2026-02-22 03:29:40] s坑华: p3
[2026-02-22 03:29:40] 玩学生丶BlueArchive: @🗿：我干回来就是没干回来
[2026-02-22 03:29:40] himluo: p3这枪法
[2026-02-22 03:29:40] 用户7479593002: p3
[2026-02-22 03:29:40] 夏之大三角: p3
[2026-02-22 03:29:41] 精神病狼: p3
[2026-02-22 03:29:43] LvvsiN: 额，拿亚军我都会，拿亚军，拿季军，拿四强，拿八强，拿十六强，呃拿冠军我不会，然后小组赛淘汰
[2026-02-22 03:29:44] Asaki薯片: p3太经典了
[2026-02-22 03:29:45] Createfun: p3
[2026-02-22 03:29:45] 雷中见雨: 发狂了
[2026-02-22 03:29:45] 心生闸念: 被偷正面了
[2026-02-22 03:29:45] 玩学生丶BlueArchive: @🗿：我干回来就是没干回来
[2026-02-22 03:29:45] 一套二一套二: 这五个人都有major，那到底谁是niko
[2026-02-22 03:29:45] 中国仅剩的深情: p3
[2026-02-22 03:29:45] 比哈里快鸭: p3
[2026-02-22 03:29:45] LvvsiN: 额，拿亚军我都会，拿亚军，拿季军，拿四强，拿八强，拿十六强，呃拿冠军我不会，然后小组赛淘汰
[2026-02-22 03:29:45] 读我名字是菜逼: ROG upup
[2026-02-22 03:29:45] LvvsiN: 你为什么要把mαjor禁了，我收藏的一半弹幕全毁了
[2026-02-22 03:29:46] 中奖我是大沙雕: ？
[2026-02-22 03:29:46] 0220069: 车批
[2026-02-22 03:29:46] 77一定会是我的: NIko在Faze叫银河战舰，小蜜蜂叫抱团，这个要搞清楚
[2026-02-22 03:29:46] 玩斯特机机: 大区有区
[2026-02-22 03:29:47] 好姐妹弓塚五月: v慢
[2026-02-22 03:29:47] LvvsiN: 玩 出，我双倍呢？😡😡玩 出，我双倍呢？😡😡玩 出，我双倍呢？😡😡玩 出，我双倍呢？😡
[2026-02-22 03:29:48] glad1uS: @🗿：我干回来就是没干回来
[2026-02-22 03:29:48] 殇10876: 大狙有区
[2026-02-22 03:29:49] 中国仅剩的深情: 奥拉夫编一个，瓜点编一个，niko编一个
[2026-02-22 03:29:49] LvvsiN: 额，拿亚军我都会，拿亚军，拿季军，拿四强，拿八强，拿十六强，呃拿冠军我不会，然后小组赛淘汰
[2026-02-22 03:29:50] Minatocc: 有区
[2026-02-22 03:29:50] 可可爱爱爱弥斯: 奥拉夫编一个，瓜点编一个，niko编一个
[2026-02-22 03:29:50] 阿羞羞i: 大区有区
[2026-02-22 03:29:50] 小小小蕉: 大区有区
[2026-02-22 03:29:50] rem3dy: 大 qu
[2026-02-22 03:29:50] 正直鼠兔: 大狙有蛆
[2026-02-22 03:29:51] 用户6235382488: @玩机器：niko沙鹰爆头：这就是top2的实力啊 zywoo沙鹰爆头:卧槽有老尼的风范了
[2026-02-22 03:29:51] 不看似猎鹰就杀了你: 大狙有区
[2026-02-22 03:29:51] LvvsiN: 其实碗橱就是猪灵，你不拿黄金丢他他就不跟你说话
[2026-02-22 03:29:51] emberry: 大狙有区
[2026-02-22 03:29:52] 狂野皮几儿很哒: 大区有区
[2026-02-22 03:29:52] 秋茶小雪: 大狙有区
[2026-02-22 03:29:52] N丶SenioriouS: 有蛆
[2026-02-22 03:29:52] MR-POTATO: 大狙有区
[2026-02-22 03:29:52] 是英梨梨哦: 懂你意思
[2026-02-22 03:29:52] 我谢谢我自己: 大狙有曲
[2026-02-22 03:29:52] 忒斯特賊賊的披肩: 大狙有区
[2026-02-22 03:29:52] 好兄弟好大一棵树: 奥拉夫编一个，瓜点编一个，niko编一个
[2026-02-22 03:29:52] 马楼King张三: 大狙有区！！！！！
[2026-02-22 03:29:53] 我要吃炸虾口牙: 奥拉夫编一个，瓜点编一个，niko编一个
[2026-02-22 03:29:53] 我想玩小蜜蜂: 奥拉夫编一个，瓜点编一个，niko编一个
[2026-02-22 03:29:53] 用户6235382488: @玩机器：niko沙鹰爆头：这就是top2的实力啊 zywoo沙鹰爆头:卧槽有老尼的风范了
[2026-02-22 03:29:53] 洁身自好处男有为青年: 大区有区
[2026-02-22 03:29:53] LvvsiN: 其实碗橱就是猪灵，你不拿黄金丢他他就不跟你说话
[2026-02-22 03:29:53] 龙龙虾虾爱软脚: 大狙有区
[2026-02-22 03:29:54] Mahuyu: 大区有蛆
[2026-02-22 03:29:54] eyu星天涯: 大区有蛆
[2026-02-22 03:29:54] 血红Rose: 大狙有区
[2026-02-22 03:29:54] Shintaro: 大狙有区
[2026-02-22 03:29:54] KuanGggg丶: 区
[2026-02-22 03:29:55] 用户6235382488: @玩机器：niko沙鹰爆头：这就是top2的实力啊 zywoo沙鹰爆头:卧槽有老尼的风范了
[2026-02-22 03:29:55] LvvsiN: 为什么房管封的不能给鱼丸……还以为今天晚上得吃了……
[2026-02-22 03:29:55] 玩柜子丶Mortis: 奥拉夫编一个，瓜点编一个，niko编一个ですわ
[2026-02-22 03:29:55] KaiAsBefore: 大狙有区
[2026-02-22 03:29:56] 绝食十年攒爱top3飞机: 大区有区
[2026-02-22 03:29:56] eda778: 大狙有区
[2026-02-22 03:29:56] 小夜r: 大狙有区
[2026-02-22 03:29:56] 电棍儿轮椅维修师: 大狙有蛆
[2026-02-22 03:29:56] 粮食和蔬菜ll: 专业的解说
[2026-02-22 03:29:56] maozi07222: 大狙有区
[2026-02-22 03:29:57] 夏恋: 大狙有区
[2026-02-22 03:29:57] 阳光男神尧: 大狙有蛆
[2026-02-22 03:29:57] 玩机器今晚还播吗: 懂你意思
[2026-02-22 03:29:57] 老婆是可可萝: 你去洗把脸吧
[2026-02-22 03:29:57] LvvsiN: 我让你开双倍你二龙吗？老子荧光棒要过期了
[2026-02-22 03:29:58] 用户6235382488: @玩机器：niko沙鹰爆头：这就是top2的实力啊 zywoo沙鹰爆头:卧槽有老尼的风范了
[2026-02-22 03:29:58] 金美庭组长的红底高跟: 大区有蛆
[2026-02-22 03:29:58] Q1ed7f9c85b3bc7571: 大狙有区
[2026-02-22 03:29:58] 莫情123: 有区
[2026-02-22 03:29:59] 冬瓜不在家偷偷玩机器: 大狙有蛆
[2026-02-22 03:29:59] LvvsiN: 为什么房管封的不能给鱼丸……还以为今天晚上得吃了……
[2026-02-22 03:30:00] sadgyt1: 大狙有蛆
[2026-02-22 03:30:00] 龍EVOLOVE龍: NIko在Faze叫银河战舰，小蜜蜂叫抱团，这个要搞清楚
[2026-02-22 03:30:00] 不变的追求717: @玩机器：niko沙鹰爆头：这就是top2的实力啊 zywoo沙鹰爆头:卧槽有老尼的风范了
[2026-02-22 03:30:00] 用户6235382488: @玩机器：niko沙鹰爆头：这就是top2的实力啊 zywoo沙鹰爆头:卧槽有老尼的风范了
[2026-02-22 03:30:01] 高尚是也: 大狙是区
[2026-02-22 03:30:01] 范廷秀: 大狙有区
[2026-02-22 03:30:01] LvvsiN: 弹幕也就网上说说，现实里谁不觉得樱姐是好女孩（删括号领一条远坂凛同款鸟笼）
[2026-02-22 03:30:02] 叛逆的源源李: 奥拉夫编一个，瓜点编一个，niko编一个ですわ
[2026-02-22 03:30:02] 用户6235382488: @玩机器：niko沙鹰爆头：这就是top2的实力啊 zywoo沙鹰爆头:卧槽有老尼的风范了
[2026-02-22 03:30:03] LvvsiN: 其实碗橱就是猪灵，你不拿黄金丢他他就不跟你说话
[2026-02-22 03:30:04] 我最青睐小怪兽啦: 哈哈
[2026-02-22 03:30:04] 愣头青丷: 大狙有区
[2026-02-22 03:30:05] 用户6235382488: @玩机器：niko沙鹰爆头：这就是top2的实力啊 zywoo沙鹰爆头:卧槽有老尼的风范了
[2026-02-22 03:30:05] 量子毁灭717: 说实话如果你给我很多钱我也可以虚情假意的吹讨厌的选手
[2026-02-22 03:30:05] 99组的爱城华恋本人: zywoo又开始隔墙瞄人了
[2026-02-22 03:30:05] LvvsiN: 为什么房管封的不能给鱼丸……还以为今天晚上得吃了……
[2026-02-22 03:30:06] 你的能量超乎你想象啊: 大狙有蛆
[2026-02-22 03:30:07] mujica的长崎素世本人: 大狙有蛆
[2026-02-22 03:30:07] 用户6235382488: @玩机器：niko沙鹰爆头：这就是top2的实力啊 zywoo沙鹰爆头:卧槽有老尼的风范了
[2026-02-22 03:30:07] LvvsiN: 我提一嘴这剧情越来越像上海major了
[2026-02-22 03:30:08] liny66: 奥拉夫编一个，瓜点编一个，niko编一个
[2026-02-22 03:30:08] 瑭珏: 大狙有区
[2026-02-22 03:30:08] III兔子:  @玩机器：niko沙鹰爆头：这就是top2的实力啊 zywoo沙鹰爆头:卧槽有老尼的风范了
[2026-02-22 03:30:09] LvvsiN: @阿汤日记：一个人，5发子弹，保住格陵兰岛。我不会叫它不可能完成的任务，我现在只想先回家看亦博
[2026-02-22 03:30:10] 玩家军的猪头肉本人: @玩机器：niko沙鹰爆头：这就是top2的实力啊 zywoo沙鹰爆头:卧槽有老尼的风范了
[2026-02-22 03:30:11] 用户6235382488: @玩机器：niko沙鹰爆头：这就是top2的实力啊 zywoo沙鹰爆头:卧槽有老尼的风范了
[2026-02-22 03:30:11] 宫监手放监: 说实话如果你给我很多钱我也可以虚情假意的吹讨厌的选手
[2026-02-22 03:30:11] LvvsiN: 额，拿亚军我都会，拿亚军，拿季军，拿四强，拿八强，拿十六强，呃拿冠军我不会，然后小组赛淘汰
[2026-02-22 03:30:13] 酒神丶: 奥拉夫编一个，瓜点编一个，niko编一个ですわ
[2026-02-22 03:30:13] Minatocc: fw
[2026-02-22 03:30:13] 麦当劳树枝: 白皮上就是静音接触，cn队上就是干拉？
[2026-02-22 03:30:13] 用户6235382488: @玩机器：niko沙鹰爆头：这就是top2的实力啊 zywoo沙鹰爆头:卧槽有老尼的风范了
[2026-02-22 03:30:13] 小小青蛙输风雨: fw
[2026-02-22 03:30:13] LvvsiN: 就tm喜欢银行业🥰银行坏账我喜欢🥰银行挤兑我还喜欢😍利率调低我也喜欢🤤老子亲烂银行业的脸😘
[2026-02-22 03:30:14] 丽娜imbas: 好玩、
[2026-02-22 03:30:14] 我谢谢我自己: fw
[2026-02-22 03:30:14] 没有故事的Pluto: fw
[2026-02-22 03:30:14] dark1337: fw
[2026-02-22 03:30:15] 言笙丶丶丶丶丶: 🗿：也许研发才刚刚开始....
[2026-02-22 03:30:15] 99组的爱城华恋本人: 说实话如果你给我很多钱我也可以虚情假意的吹讨厌的选手
[2026-02-22 03:30:15] 死神塔的特莉波卡本人: 处刑😆处刑🤣处刑😄处刑😅处刑😋处刑🤪处刑😝处刑🤗处刑🤭
[2026-02-22 03:30:15] 苏清淼: 确实是区
[2026-02-22 03:30:15] 用户6235382488: @玩机器：niko沙鹰爆头：这就是top2的实力啊 zywoo沙鹰爆头:卧槽有老尼的风范了
[2026-02-22 03:30:16] LvvsiN: 孩子们快跑，马修赫伯特来了😨卧槽你的怎么是马枪和BOT
[2026-02-22 03:30:16] 第一空mi0: @间桐樱：玩大哥，你老说有区有区是什么意思
[2026-02-22 03:30:16] 想看老师打黄金赛: fw
[2026-02-22 03:30:16] 月高的结城理本人: 处刑
[2026-02-22 03:30:16] 一百丅的dev1ce: fw
[2026-02-22 03:30:16] 殇10876: fvv
[2026-02-22 03:30:17] 丽娜imbas: fw
[2026-02-22 03:30:17] 瑭珏: fw
[2026-02-22 03:30:17] c丿boy: @玩机器：niko沙鹰爆头：这就是top2的实力啊 zywoo沙鹰爆头:卧槽有老尼的风范了
[2026-02-22 03:30:17] CheZed: fw
[2026-02-22 03:30:18] LvvsiN: 为什么房管封的不能给鱼丸……还以为今天晚上得吃了……
[2026-02-22 03:30:18] 用户6235382488: @玩机器：niko沙鹰爆头：这就是top2的实力啊 zywoo沙鹰爆头:卧槽有老尼的风范了
[2026-02-22 03:30:18] 那英啊哈哈哈: @间桐樱：大区有区是什么意思
[2026-02-22 03:30:18] 小王58422: fw
[2026-02-22 03:30:18] 海绵宝宝永琳儿: fw
[2026-02-22 03:30:18] 大裂谷的登山家: fw
[2026-02-22 03:30:18] 結城希亞: fw
[2026-02-22 03:30:18] 狐狸来在此: @device：大狙里有区😣
[2026-02-22 03:30:19] 秋茶小雪: 难道说
[2026-02-22 03:30:19] 丨Connor: P3送了
[2026-02-22 03:30:19] Zxj1ing: @玩机器：niko沙鹰爆头：这就是top2的实力啊 zywoo沙鹰爆头:卧槽有老尼的风范了
[2026-02-22 03:30:19] 嘤嘤嘤嘤击长空: fw
[2026-02-22 03:30:19] 好的好的阖家: fw
[2026-02-22 03:30:19] 用玩大哥的角磨机吧: 说实话如果你给我很多钱我也可以虚情假意的吹讨厌的选手
[2026-02-22 03:30:19] 香菜粉丝粉丝: 啥都没干
[2026-02-22 03:30:20] LvvsiN: 你为什么要把mαjor禁了，我收藏的一半弹幕全毁了
[2026-02-22 03:30:20] 玩神爱吃猪头肉: 奥拉夫编一个，瓜点编一个，niko编一个ですわ
[2026-02-22 03:30:20] 用户7479593002: 区
[2026-02-22 03:30:20] 硫磺祥: 冷暴力
[2026-02-22 03:30:20] 糖嗜综合征: 冷暴力
[2026-02-22 03:30:21] 鲜血与暗影铸造的家伙: p3还有人样吗
[2026-02-22 03:30:21] 这个人还彳亍吧: 冷暴力
[2026-02-22 03:30:21] N1coZer4: @间桐樱：玩大哥，你老说有区有区是什么意思
[2026-02-22 03:30:21] 我最青睐小怪兽啦: 抓娃娃
[2026-02-22 03:30:21] 开朗若叶睦: 奥拉夫编一个，瓜点编一个，niko编一个ですわ
[2026-02-22 03:30:22] LvvsiN: 我提一嘴这剧情越来越像上海major了
[2026-02-22 03:30:22] 夕ro: 🗿：也许研发才刚刚开始....
[2026-02-22 03:30:22] KevinTheFool: @玩机器：niko沙鹰爆头：这就是top2的实力啊 zywoo沙鹰爆头:卧槽有老尼的风范了
[2026-02-22 03:30:22] 晏华裤子拉链没拉: fywoo
[2026-02-22 03:30:22] 文西67: fw
[2026-02-22 03:30:22] 袁雨桢的小酥肉本肉: 布罗利play
[2026-02-22 03:30:22] 那英啊哈哈哈: @间桐樱：玩大哥，你老说有区有区是什么意思
[2026-02-22 03:30:22] richardlee97: @玩机器：niko沙鹰爆头：这就是top2的实力啊 zywoo沙鹰爆头:卧槽有老尼的风范了
[2026-02-22 03:30:22] 大聪兔: @玩机器：niko沙鹰爆头：这就是top2的实力啊 zywoo沙鹰爆头:卧槽有老尼的风范了
[2026-02-22 03:30:23] pirpr: 冷暴力
[2026-02-22 03:30:23] Peko-: @玩机器：niko沙鹰爆头：这就是top2的实力啊 zywoo沙鹰爆头:卧槽有老尼的风范了
[2026-02-22 03:30:23] 冬瓜不在家偷偷玩机器: 冷暴力小胖
[2026-02-22 03:30:23] 無話可說848: 冷暴力
[2026-02-22 03:30:24] 玩学生丶BlueArchive: @玩机器：niko沙鹰爆头：这就是top2的实力啊 zywoo沙鹰爆头:卧槽有老尼的风范了
[2026-02-22 03:30:24] LvvsiN: 你为什么要把mαjor禁了，我收藏的一半弹幕全毁了
[2026-02-22 03:30:24] wristuuio: @玩机器：niko沙鹰爆头：这就是top2的实力啊 zywoo沙鹰爆头:卧槽有老尼的风范了
[2026-02-22 03:30:24] i化石-: 🗿：也许研发才刚刚开始....
[2026-02-22 03:30:24] 丶丶Ken丶丶: 说实话如果你给我很多钱我也可以虚情假意的吹讨厌的选手
[2026-02-22 03:30:24] 宜羽: Fw 
[2026-02-22 03:30:24] 微风拂面吖: 白皮上就是静音接触，cn队上就是干拉？
[2026-02-22 03:30:25] triangle233: @玩机器：niko沙鹰爆头：这就是top2的实力啊 zywoo沙鹰爆头:卧槽有老尼的风范了
[2026-02-22 03:30:25] 小小青蛙输风雨: @玩机器：niko沙鹰爆头：这就是top2的实力啊 zywoo沙鹰爆头:卧槽有老尼的风范了
[2026-02-22 03:30:25] 麻将高手八木唯: @玩机器：niko沙鹰爆头：这就是top2的实力啊 zywoo沙鹰爆头:卧槽有老尼的风范了
[2026-02-22 03:30:25] Kacyusha: @玩机器：niko沙鹰爆头：这就是top2的实力啊 zywoo沙鹰爆头:卧槽有老尼的风范了
[2026-02-22 03:30:25] ZywOo的猫: @玩机器：niko沙鹰爆头：这就是top2的实力啊 zywoo沙鹰爆头:卧槽有老尼的风范了
[2026-02-22 03:30:26] 我最喜欢玩机器: 孩子们快跑，马修赫伯特来了😨卧槽你的怎么是马枪和BOT
[2026-02-22 03:30:26] LvvsiN: 南孚一节更比六节强，也就是一节南孚比六节南孚强，六节南孚比三十六节强，三十六节比二百一十六节强
[2026-02-22 03:30:26] 用玩大哥的角磨机吧: 你为什么要把mαjor禁了，我收藏的一半弹幕全毁了
[2026-02-22 03:30:26] 水对地下导弹: @device：大狙里有区😣
[2026-02-22 03:30:26] 遇见你时风好甜m: P3送了
[2026-02-22 03:30:26] 温妻: 冷暴力
[2026-02-22 03:30:26] 宫监手放监: ROG真是圣人，在这个节骨眼赞助玩÷让他登不了山还得嗯吹他最恨的载物👍
[2026-02-22 03:30:26] 大梦464: 布罗利play
[2026-02-22 03:30:27] 全世坠可爱的ZywOo宝宝: @玩机器：niko沙鹰爆头：这就是top2的实力啊 zywoo沙鹰爆头:卧槽有老尼的风范了
[2026-02-22 03:30:27] 心灵盟友: fw
[2026-02-22 03:30:28] LvvsiN: 弹幕别吵了，银行业一样一样有有有也会有h'y'hui't'y'r's'c'dn
[2026-02-22 03:30:28] 笠松的小栗帽本人: @藤田琴音：薯寄😆薯寄🤣薯寄😄薯寄😅薯寄😋薯寄🤪
[2026-02-22 03:30:28] 破浪的松鼠: 说实话如果你给我很多钱我也可以虚情假意的吹讨厌的选手
[2026-02-22 03:30:28] bsqqaq: @玩机器：niko沙鹰爆头：这就是top2的实力啊 zywoo沙鹰爆头:卧槽有老尼的风范了
[2026-02-22 03:30:29] TheMongolZ的上单本人: @玩机器：niko沙鹰爆头：这就是top2的实力啊 zywoo沙鹰爆头:卧槽有老尼的风范了
[2026-02-22 03:30:29] bznalier: fywoo
[2026-02-22 03:30:29] 说得道理: p3还有人样吗
[2026-02-22 03:30:30] LvvsiN: 为什么房管封的不能给鱼丸……还以为今天晚上得吃了……
[2026-02-22 03:30:30] 好哥们黑龙歼灭刀: @玩机器：niko沙鹰爆头：这就是top2的实力啊 zywoo沙鹰爆头:卧槽有老尼的风范了
[2026-02-22 03:30:30] 乌鸦晒不黑: @玩机器：niko沙鹰爆头：这就是top2的实力啊 zywoo沙鹰爆头:卧槽有老尼的风范了
[2026-02-22 03:30:30] 好哥们烈永周: 孩子们快跑，马修赫伯特来了😨卧槽你的怎么是马枪和BOT
[2026-02-22 03:30:31] Jaindow: 🗿：也许研发才刚刚开始....
[2026-02-22 03:30:31] 大姜饼: @玩机器：niko沙鹰爆头：这就是top2的实力啊 zywoo沙鹰爆头:卧槽有老尼的风范了
[2026-02-22 03:30:31] 玩大人查到自贡了: @间桐樱：玩大哥，你老说有区有区是什么意思
[2026-02-22 03:30:31] 承認欲求: 蒙美
[2026-02-22 03:30:31] 阿羞羞i: 冷暴力
[2026-02-22 03:30:31] 默默momoMoMo123: @玩机器：niko沙鹰爆头：这就是top2的实力啊 zywoo沙鹰爆头:卧槽有老尼的风范了
[2026-02-22 03:30:31] HankFann: 烧
[2026-02-22 03:30:32] LvvsiN: 孩子们快跑，马修赫伯特来了😨卧槽你的怎么是马枪和BOT
[2026-02-22 03:30:32] 时光划过泪痕桥: 🗿：也许研发才刚刚开始....
[2026-02-22 03:30:33] 喃妈来俺可没抽: @玩机器：niko沙鹰爆头：这就是top2的实力啊 zywoo沙鹰爆头:卧槽有老尼的风范了
[2026-02-22 03:30:33] 海绵宝宝农批儿: 你为什么要把mαjor禁了，我收藏的一半弹幕全毁了
[2026-02-22 03:30:33] 用玩大哥的角磨机吧: 为什么房管封的不能给鱼丸……还以为今天晚上得吃了……
[2026-02-22 03:30:33] yuuuuua7: @玩机器：niko沙鹰爆头：这就是top2的实力啊 zywoo沙鹰爆头:卧槽有老尼的风范了
[2026-02-22 03:30:33] YEYH111: @玩机器：niko沙鹰爆头：这就是top2的实力啊 zywoo沙鹰爆头:卧槽有老尼的风范了
[2026-02-22 03:30:33] 我最喜欢玩机器: 这个
[2026-02-22 03:30:33] Crychiccc的若叶睦本人: @布罗利：可惜（🤭）
[2026-02-22 03:30:34] 用户80930680: @玩机器：niko沙鹰爆头：这就是top2的实力啊 zywoo沙鹰爆头:卧槽有老尼的风范了
[2026-02-22 03:30:34] LvvsiN: 我让你开双倍你二龙吗？老子荧光棒要过期了
[2026-02-22 03:30:34] Mgci2: ROG真是圣人，在这个节骨眼赞助玩÷让他登不了山还得嗯吹他最恨的载物👍
[2026-02-22 03:30:34] lriii: 这游戏的弹幕真是一天比一天好笑
[2026-02-22 03:30:34] 李小小与虾大大: 流椅播，你背后有头🐷....
[2026-02-22 03:30:34] 沸物贝利亚大王: @玩机器：niko沙鹰爆头：这就是top
[2026-02-22 03:30:35] 蛋包饭恶魔: 🗿：也许研发才刚刚开始....
[2026-02-22 03:30:35] 梅林老公: p3还有人样吗
[2026-02-22 03:30:35] 北巷aa: @device：大狙里有区😣 @device：大狙里有区😣
[2026-02-22 03:30:36] eyu星天涯: a大要拉出来，载物差点就定过去了
[2026-02-22 03:30:36] 花化话华h: 布罗利play
[2026-02-22 03:30:36] 一拳打爆你魔丸: 为什么房管封的不能给鱼丸……还以为今天晚上得吃了……
[2026-02-22 03:30:36] LvvsiN: 孩子们快跑，马修赫伯特来了😨卧槽你的怎么是马枪和BOT
[2026-02-22 03:30:36] vired77: 说实话如果你给我很多钱我也可以虚情假意的吹讨厌的选手
[2026-02-22 03:30:37] 洛陽城里看落陽: 这P3别送都有了，不用断
[2026-02-22 03:30:37] 你叫什么名儿啊: 蒙妹
[2026-02-22 03:30:38] 偷偷小看一眼: @玩机器：niko沙鹰爆头：这就是top2的实力啊 zywoo沙鹰爆头:卧槽有老尼的风范了
[2026-02-22 03:30:38] LvvsiN: 我让你开双倍你二龙吗？老子荧光棒要过期了
[2026-02-22 03:30:38] MightBeYou: 🗿：也许研发才刚刚开始....
[2026-02-22 03:30:38] 空青丶: @玩机器：niko沙鹰爆头：这就是top2的实力啊 zywoo沙鹰爆头:卧槽有老尼的风范了
[2026-02-22 03:30:39] 澄阳湖在逃大闸蟹: ROG真是圣人，在这个节骨眼赞助玩÷让他登不了山还得嗯吹他最恨的载物👍
[2026-02-22 03:30:39] 老段真没钱: 为什么不安Z 趴下啊
[2026-02-22 03:30:39] 長22222: @玩机器：niko沙鹰爆头：这就是top2的实力啊 zywoo沙鹰爆头:卧槽有老尼的风范了
[2026-02-22 03:30:39] 好哥们黑龙歼灭刀: @布罗利：可惜（🤭）
[2026-02-22 03:30:39] 头号瓜孝子: 大蛆（这回合拿狙没杀人那个）有狙
[2026-02-22 03:30:39] 银樽海韵: p3不送这把不是有了？
[2026-02-22 03:30:39] QU总的双下巴: @玩机器：niko沙鹰爆头：这就是top2的实力啊 zywoo沙鹰爆头:卧槽有老尼的风范了
[2026-02-22 03:30:39] G2的APEX本人: ROG真是圣人，在这个节骨眼赞助玩÷让他登不了山还得嗯吹他最恨的载物👍
[2026-02-22 03:30:39] RoseShady: @玩机器：niko沙鹰爆头：这就是top2的实力啊 zywoo沙鹰爆头:卧槽有老尼的风范了
[2026-02-22 03:30:39] 狐狸来在此: @device：大狙里有区😣
[2026-02-22 03:30:39] 用户5608006019: 🗿：也许研发才刚刚开始....
[2026-02-22 03:30:40] 好姐妹弓塚五月: 蒙美
[2026-02-22 03:30:40] LvvsiN: 我让你开双倍你二龙吗？老子荧光棒要过期了
[2026-02-22 03:30:40] 射命丸文文句号: @device：大狙里有区😣
[2026-02-22 03:30:41] 玩夏亚丶Amuro: 布罗利play
[2026-02-22 03:30:41] 恩基爱萌萌哒的牢狗贼: 🗿：队友好强，开始研发
[2026-02-22 03:30:41] 枫溪南封: fw玩不玩？让玩大哥难堪？
[2026-02-22 03:30:41] xuzVan: p3玩不玩
[2026-02-22 03:30:42] 用玩大哥的角磨机吧: 你为什么要把mαjor禁了，我收藏的一半弹幕全毁了
[2026-02-22 03:30:42] MSK枫: broli去哪了，为什么不说话了。。。
[2026-02-22 03:30:42] LvvsiN: 我提一嘴这剧情越来越像上海major了
[2026-02-22 03:30:42] 用户6235382488: @玩机器：niko沙鹰爆头：这就是top2的实力啊 zywoo沙鹰爆头:卧槽有老尼的风范了
[2026-02-22 03:30:42] 锤爆魔丸一百次: 我让你开双倍你二龙吗？老子荧光棒要过期了
[2026-02-22 03:30:42] 絮一冉: major
[2026-02-22 03:30:43] 好兄弟玩机器machine: 🗿：也许研发才刚刚开始....
[2026-02-22 03:30:43] Th0tiana: @玩机器：niko沙鹰爆头：这就是top2的实力啊 zywoo沙鹰爆头:卧槽有老尼的风范了
[2026-02-22 03:30:43] 难道我会乱说么: 沙二你就看小孩怎么狙吧
[2026-02-22 03:30:43] 深情不过他: 你们老婆
[2026-02-22 03:30:43] a队的丰川祥子: @玩机器：niko沙鹰爆头：这就是top2的实力啊 zywoo沙鹰爆头:卧槽有老尼的风范了
[2026-02-22 03:30:44] 往事年华1: 说实话如果你给我很多钱我也可以虚情假意的吹讨厌的选手
[2026-02-22 03:30:44] LvvsiN: 为什么房管封的不能给鱼丸……还以为今天晚上得吃了……
[2026-02-22 03:30:44] asphyxiaddd: ROG真是圣人，在这个节骨眼赞助玩÷让他登不了山还得嗯吹他最恨的载物👍
[2026-02-22 03:30:44] circle太子要楽奈: 为什么房管封的不能给鱼丸……还以为今天晚上得吃了……
[2026-02-22 03:30:45] kid在做鬼: @布罗利：可惜（🤭）
[2026-02-22 03:30:45] 无消息AT: ROG真是圣人，在这个节骨眼赞助玩÷让他登不了山还得嗯吹他最恨的载物👍
[2026-02-22 03:30:46] 剑崎梨梨花: ROG真是圣人，在这个节骨眼赞助玩÷让他登不了山还得嗯吹他最恨的载物👍
[2026-02-22 03:30:46] LvvsiN: 玩宝宝，我发现在大学上学的时候肄业会很舒服，你可以试试
[2026-02-22 03:30:46] 海绵宝宝一个球: 🗿：也许研发才刚刚开始....
[2026-02-22 03:30:46] wsxj131: ROG真是圣人，在这个节骨眼赞助玩÷让他登不了山还得嗯吹他最恨的载物👍
[2026-02-22 03:30:46] Ecifircas: ROG真是圣人，在这个节骨眼赞助玩÷让他登不了山还得嗯吹他最恨的载物👍
[2026-02-22 03:30:46] 炽雪星: 冰粉疯了
[2026-02-22 03:30:46] Q1ed7f9c85b3bc7571: 我让你开双倍你二龙吗？老子荧光棒要过期了
[2026-02-22 03:30:47] 晏华裤子拉链没拉: ROG真是圣人，在这个节骨眼赞助玩÷让他登不了山还得嗯吹他最恨的载物👍
[2026-02-22 03:30:48] 猫很好的小乖: ROG真是圣人，在这个节骨眼赞助玩÷让他登不了山还得嗯吹他最恨的载物👍
[2026-02-22 03:30:48] 马猴烧酒小地瓜: 蒙古女的好丑。。。。
[2026-02-22 03:30:48] LvvsiN: 为什么房管封的不能给鱼丸……还以为今天晚上得吃了……
[2026-02-22 03:30:48] 菜鸟上帝: ROG真是圣人，在这个节骨眼赞助玩÷让他登不了山还得嗯吹他最恨的载物👍
[2026-02-22 03:30:48] 寒枫曳是一头傲空的隼: 你为什么要把mαjor禁了，我收藏的一半弹幕全毁了
[2026-02-22 03:30:48] trajiro: @布罗利：可惜（🤭）
[2026-02-22 03:30:49] 吊人日子不过了: @device：大狙里有区😣
[2026-02-22 03:30:49] CThun438: 🤖玩🤖大🤖哥🤖我🤖来🤖上🤖班🤖了🤖🤖玩🤖大🤖哥🤖我🤖来🤖上🤖班🤖了
[2026-02-22 03:30:49] 花化话华h:  @用玩大哥的角磨机吧：为什么房管封的不能给鱼丸……还以为今天晚上得吃了……
[2026-02-22 03:30:49] wedd1ddeJodd: ROG真是圣人，在这个节骨眼赞助玩÷让他登不了山还得嗯吹他最恨的载物👍
[2026-02-22 03:30:50] 歌谷爱墨迹: 弓箭手
[2026-02-22 03:30:50] im黎里: @布罗利：可惜（🤭）
[2026-02-22 03:30:50] LvvsiN: 我让你开双倍你二龙吗？老子荧光棒要过期了
[2026-02-22 03:30:50] 最喜欢玩宝宝惹desuwa: @玩机器：niko沙鹰爆头：这就是top2的实力啊 zywoo沙鹰爆头:卧槽有老尼的风范了
[2026-02-22 03:30:51] LilPurpp803: ROG真是圣人，在这个节骨眼赞助玩÷让他登不了山还得嗯吹他最恨的载物👍
[2026-02-22 03:30:51] 红魔馆的蕾米莉亚本人: @玩机器：niko沙鹰爆头：这就是top2的实力啊 zywoo沙鹰爆头:卧槽有老尼的风范了
[2026-02-22 03:30:51] 硫磺祥: 为什么不安Z 趴下啊
[2026-02-22 03:30:51] 泠鸢不是冷鸢丶: 说实话如果你给我很多钱我也可以虚情假意的吹讨厌的选手
[2026-02-22 03:30:51] 用户7479593002: 这p3真TM废啊
[2026-02-22 03:30:52] 极夜之辰: ROG真是圣人，在这个节骨眼赞助玩÷让他登不了山还得嗯吹他最恨的载物👍
[2026-02-22 03:30:52] 不变的追求717: ROG真是圣人，在这个节骨眼赞助玩÷让他登不了山还得嗯吹他最恨的载物👍
[2026-02-22 03:30:52] 那先这样: 抓娃娃
[2026-02-22 03:30:52] LvvsiN: 孩子们快跑，马修赫伯特来了😨卧槽你的怎么是马枪和BOT
[2026-02-22 03:30:52] 千古恨轮回尝061: ROG真是圣人，在这个节骨眼赞助玩÷让他登不了山还得嗯吹他最恨的载物👍
[2026-02-22 03:30:53] 用玩大哥的角磨机吧: 孩子们快跑，马修赫伯特来了😨卧槽你的怎么是马枪和BOT
[2026-02-22 03:30:53] trajiro: ROG真是圣人，在这个节骨眼赞助玩÷让他登不了山还得嗯吹他最恨的载物👍
[2026-02-22 03:30:53] 李梦别: ROG真是圣人，在这个节骨眼赞助玩÷让他登不了山还得嗯吹他最恨的载物👍
[2026-02-22 03:30:54] efsd8: 冰粉疯了
[2026-02-22 03:30:54] 皇马卧底巴托梅乌: @布罗利：可惜（🤭）
[2026-02-22 03:30:54] 玩柜子丶Mortis: ROG真是圣人，在这个节骨眼赞助玩÷让他登不了山还得嗯吹他最恨的载物👍ですわ
[2026-02-22 03:30:54] LvvsiN: 玩宝宝，我发现在大学上学的时候肄业会很舒服，你可以试试
[2026-02-22 03:30:54] Peko-: @用玩大哥的角磨机吧：你为什么要把mαjor禁了，我收藏的一半弹幕全毁了
[2026-02-22 03:30:54] anyhens: 谁有那个最虚伪的玩机器的弹幕
[2026-02-22 03:30:55] 传统peek高手XANTARES: ROG真是圣人，在这个节骨眼赞助玩÷让他登不了山还得嗯吹他最恨的载物👍
[2026-02-22 03:30:55] 二阶堂sh1ro没坑donk: ROG真是圣人，在这个节骨眼赞助玩÷让他登不了山还得嗯吹他最恨的载物👍
[2026-02-22 03:30:55] 非必要不中岀: 说实话如果你给我很多钱我也可以虚情假意的吹讨厌的选手
[2026-02-22 03:30:55] 好哥们黑龙歼灭刀: 冷森载：niko，我鞋底有点痒了
[2026-02-22 03:30:55] 比哈里快鸭: 🗿：也许研发才刚刚开始....
[2026-02-22 03:30:55] astralis的jabbi本人: @布罗利：可惜（🤭）
[2026-02-22 03:30:55] 管松: ROG真是圣人，在这个节骨眼赞助玩÷让他登不了山还得嗯吹他最恨的载物👍
[2026-02-22 03:30:55] 缝穿箱子: ROG真是圣人，在这个节骨眼赞助玩÷让他登不了山还得嗯吹他最恨的载物👍
[2026-02-22 03:30:55] 熬翔303: ROG真是圣人，在这个节骨眼赞助玩÷让他登不了山还得嗯吹他最恨的载物👍
[2026-02-22 03:30:56] LvvsiN: 我让你开双倍你二龙吗？老子荧光棒要过期了
[2026-02-22 03:30:57] 玩魔丸丶猛锤: ROG真是圣人，在这个节骨眼赞助玩÷让他登不了山还得嗯吹他最恨的载物👍
[2026-02-22 03:30:57] 鹤翼三千连: @用玩大哥的角磨机吧：房管封了的不能给鱼丸
[2026-02-22 03:30:57] 神奥联盟的竹兰本人: ROG真是圣人，在这个节骨眼赞助玩÷让他登不了山还得嗯吹他最恨的载物👍
[2026-02-22 03:30:58] 摸鱼的悠尤: ROG真是圣人，在这个节骨眼赞助玩÷让他登不了山还得嗯吹他最恨的载物👍
[2026-02-22 03:30:58] LvvsiN: 我提一嘴这剧情越来越像上海major了
[2026-02-22 03:30:59] 阳光男神尧: 大区有蛆
[2026-02-22 03:30:59] 精神康福疗养院1号床: 为什么一整晚就拍这几个沙雕？
[2026-02-22 03:30:59] 用户144491677: ROG真是圣人，在这个节骨眼赞助玩÷让他登不了山还得嗯吹他最恨的载物👍
[2026-02-22 03:31:00] 用户6235382488: ROG真是圣人，在这个节骨眼赞助玩÷让他登不了山还得嗯吹他最恨的载物👍
[2026-02-22 03:31:00] 企业级嘉心糖: 你为什么要把mαjor禁了，我收藏的一半弹幕全毁了
[2026-02-22 03:31:00] 栗悟饭与龟波功-w-: ROG真是圣人，在这个节骨眼赞助玩÷让他登不了山还得嗯吹他最恨的载物👍ですわ
[2026-02-22 03:31:00] LvvsiN: 南孚一节更比六节强，也就是一节南孚比六节南孚强，六节南孚比三十六节强，三十六节比二百一十六节强
[2026-02-22 03:31:00] ropz的911本人: 　　　 ROG真是圣人，在这个节骨眼赞助玩÷让他登不了山还得嗯吹他最恨的载物👍
[2026-02-22 03:31:01] dark1337: @布罗利：可惜（🤭）
[2026-02-22 03:31:01] 我只能说只能说那个: fw
[2026-02-22 03:31:02] 龍EVOLOVE龍: ROG真是圣人，在这个节骨眼赞助玩÷让他登不了山还得嗯吹他最恨的载物👍
[2026-02-22 03:31:02] LvvsiN: 南孚一节更比六节强，也就是一节南孚比六节南孚强，六节南孚比三十六节强，三十六节比二百一十六节强
[2026-02-22 03:31:03] 玩家军的猪头肉本人: ROG真是圣人，在这个节骨眼赞助玩÷让他登不了山还得嗯吹他最恨的载物👍
[2026-02-22 03:31:04] 旋律的主人丰川祥子: ROG真是圣人，在这个节骨眼赞助玩÷让他登不了山还得嗯吹他最恨的载物👍
[2026-02-22 03:31:04] Gr1se0: ROG真是圣人，在这个节骨眼赞助玩÷让他登不了山还得嗯吹他最恨的载物👍
[2026-02-22 03:31:04] LvvsiN: 银行业😄银行业😀银行业😃银行业😁银行业😆银行业🤪银行业😝
[2026-02-22 03:31:04] 好哥们黑龙歼灭刀: ROG真是圣人，在这个节骨眼赞助玩÷让他登不了山还得嗯吹他最恨的载物👍
[2026-02-22 03:31:04] 冲上云霄的姨: @布罗利：可惜（🤭）
[2026-02-22 03:31:04] 蓝星的floppy本人: ROG真是圣人，在这个节骨眼赞助玩÷让他登不了山还得嗯吹他最恨的载物👍
[2026-02-22 03:31:05] crychic的tomori本人: ROG真是圣人，在这个节骨眼赞助玩÷让他登不了山还得嗯吹他最恨的载物👍
[2026-02-22 03:31:05] vobbbbb: ROG真是圣人，在这个节骨眼赞助玩÷让他登不了山还得嗯吹他最恨的载物👍
[2026-02-22 03:31:05] EG的Arteezy本人: @布罗利：可惜（🤭）
[2026-02-22 03:31:05] 椎名立希本人: ROG真是圣人，在这个节骨眼赞助玩÷让他登不了山还得嗯吹他最恨的载物👍
[2026-02-22 03:31:06] LvvsiN: 你屏蔽词都快赶上新华词典了为什么不干脆开一百级发言？
[2026-02-22 03:31:06] 臭狗熊友邻: ROG真是圣人，在这个节骨眼赞助玩÷让他登不了山还得嗯吹他最恨的载物👍ですわ
[2026-02-22 03:31:07] TeamVitality的Ropz本人: fw
[2026-02-22 03:31:07] 小小小蕉: ROG真是圣人，在这个节骨眼赞助玩÷让他登不了山还得嗯吹他最恨的载物👍
[2026-02-22 03:31:07] 麦克里斯特尔: 玩宝宝，我发现在大学上学的时候肄业会很舒服，你可以试试
[2026-02-22 03:31:07] User5092: ROG真是圣人，在这个节骨眼赞助玩÷让他登不了山还得嗯吹他最恨的载物👍
[2026-02-22 03:31:07] 君眉目亦如画: ROG真是圣人，在这个节骨眼赞助玩÷让他登不了山还得嗯吹他最恨的载物👍
[2026-02-22 03:31:07] Mahuyu: @布罗利：可惜（🤭）
[2026-02-22 03:31:08] 用玩大哥的角磨机吧: 我让你开双倍你二龙吗？老子荧光棒要过期了
[2026-02-22 03:31:08] 人中黄阿西乐: @布罗利：可惜（🤭）
[2026-02-22 03:31:08] 搞笑男西德尼: ROG真是圣人，在这个节骨眼赞助玩÷让他登不了山还得嗯吹他最恨的载物👍
[2026-02-22 03:31:08] Hana酱的宝贝阿根: ROG真是圣人，在这个节骨眼赞助玩÷让他登不了山还得嗯吹他最恨的载物👍
[2026-02-22 03:31:08] LvvsiN: 弹幕别吵了，银行业一样一样有有有也会有h'y'hui't'y'r's'c'dn
[2026-02-22 03:31:09] 康托尔74920: ROG真是圣人，在这个节骨眼赞助玩÷让他登不了山还得嗯吹他最恨的载物👍ですわ
[2026-02-22 03:31:09] 男人至死皆少年: 不是eco翻盘要攒两把了
[2026-02-22 03:31:10] 白日梦之主: ROG真是圣人，在这个节骨眼赞助玩÷让他登不了山还得嗯吹他最恨的载物👍
[2026-02-22 03:31:10] JS458450: 　　　 ROG真是圣人，在这个节骨眼赞助玩÷让他登不了山还得嗯吹他最恨的载物👍
[2026-02-22 03:31:12] 想看老师打黄金赛: fw不收过路费怎么赢
[2026-02-22 03:31:12] LvvsiN: 银行业😄银行业😀银行业😃银行业😁银行业😆银行业🤪银行业😝
[2026-02-22 03:31:12] 喉宝Eilf: 跟大伙聊了这么久了，其实有个事儿我一开始就想问了：左边那个b是谁啊
[2026-02-22 03:31:12] Tsume925: ROG真是圣人，在这个节骨眼赞助玩÷让他登不了山还得嗯吹他最恨的载物👍
[2026-02-22 03:31:12] 好姐妹河北省花: ROG真是圣人，在这个节骨眼赞助玩÷让他登不了山还得嗯吹他最恨的载物👍
[2026-02-22 03:31:14] LvvsiN: 就tm喜欢银行业🥰银行坏账我喜欢🥰银行挤兑我还喜欢😍利率调低我也喜欢🤤老子亲烂银行业的脸😘
[2026-02-22 03:31:14] TwistcC21: ROG真是圣人，在这个节骨眼赞助玩÷让他登不了山还得嗯吹他最恨的载物👍
[2026-02-22 03:31:14] 叫我晚舟就好啦: ROG真是圣人，在这个节骨眼赞助玩÷让他登不了山还得嗯吹他最恨的载物👍
[2026-02-22 03:31:14] 唔姆v唔姆: ROG真是圣人，在这个节骨眼赞助玩÷让他登不了山还得嗯吹他最恨的载物👍
[2026-02-22 03:31:14] 笠松的小栗帽本人: 　　　 @间桐樱：不想看了，到处都是区...
[2026-02-22 03:31:14] 大大大大大黄839: ROG真是圣人，在这个节骨眼赞助玩÷让他登不了山还得嗯吹他最恨的载物👍ですわ
[2026-02-22 03:31:14] 沸物贝利亚大王: ROG真是圣人，在这个节骨眼赞助玩÷让他登不了山还得嗯吹他最恨的载物👍
[2026-02-22 03:31:14] 泠鸢不是冷鸢丶: ROG真是圣人，在这个节骨眼赞助玩÷让他登不了山还得嗯吹他最恨的载物👍
[2026-02-22 03:31:14] 努力学习11199: ROG真是圣人，在这个节骨眼赞助玩÷让他登不了山还得嗯吹他最恨的载物👍
[2026-02-22 03:31:14] 好兄弟玩机器machine: ROG真是圣人，在这个节骨眼赞助玩÷让他登不了山还得嗯吹他最恨的载物👍
[2026-02-22 03:31:14] 想和载物玩机器3p: ROG真是圣人，在这个节骨眼赞助玩÷让他登不了山还得嗯吹他最恨的载物👍ですわ
[2026-02-22 03:31:14] 丰川祥子口三角初华:     ROG真是圣人，在这个节骨眼赞助玩÷让他登不了山还得嗯吹他最恨的载物👍
[2026-02-22 03:31:14] LvvsiN: 弹幕别吵了，银行业一样一样有有有也会有h'y'hui't'y'r's'c'dn
[2026-02-22 03:31:14] 范廷秀: ROG真是圣人，在这个节骨眼赞助玩÷让他登不了山还得嗯吹他最恨的载物👍
[2026-02-22 03:31:15] 箱监大寒焦: ROG真是圣人，在这个节骨眼赞助玩÷让他登不了山还得嗯吹他最恨的载物👍
[2026-02-22 03:31:15] 擅长登山的亦博同学: 南孚一节更比六节强，也就是一节南孚比六节南孚强，六节南孚比三十六节强，三十六节比二百一十六节强
[2026-02-22 03:31:15] 丶小恐龙丶: ROG真是圣人，在这个节骨眼赞助玩÷让他登不了山还得嗯吹他最恨的载物👍
[2026-02-22 03:31:15] 电子厂表演艺术家: 　　　 @间桐樱：不想看了，到处都是区...
[2026-02-22 03:31:15] 千古恨轮回尝061: .⚠️本直播间禁止阿拉伯数字⚠️
[2026-02-22 03:31:15] 刘刘的农: ROG真是圣人，在这个节骨眼赞助玩÷让他登不了山还得嗯吹他最恨的载物👍
[2026-02-22 03:31:16] 杏爱企鹅: 嗯🥴嗯🥴嗯🥴嗯🥴嗯🥴嗯🥴嗯🥴嗯🥴嗯🥴嗯🥴嗯🥴嗯🥴嗯🥴嗯🥴嗯🥴嗯🥴嗯
[2026-02-22 03:31:16] 下北沢涼桑: 怀念最好的五个人：辉夜（已登月）彩叶（已危亡）八千代（已皮套）芦花（已败犬）真实（已吃饱）
[2026-02-22 03:31:16] 神话zzz: ROG真是圣人，在这个节骨眼赞助玩÷让他登不了山还得嗯吹他最恨的载物👍ですわ
[2026-02-22 03:31:16] 好姐妹倉田真白: ROG真是圣人，在这个节骨眼赞助玩÷让他登不了山还得嗯吹他最恨的载物👍
[2026-02-22 03:31:16] 子瓜6666: 我让你开双倍你二龙吗？老子荧光棒要过期了
[2026-02-22 03:31:16] LvvsiN: 孩子们快跑，马修赫伯特来了😨卧槽你的怎么是马枪和BOT
[2026-02-22 03:31:17] ChensyBruce: ROG真是圣人，在这个节骨眼赞助玩÷让他登不了山还得嗯吹他最恨的载物👍
[2026-02-22 03:31:17] betterToWait丶xzs: ROG真是圣人，在这个节骨眼赞助玩÷让他登不了山还得嗯吹他最恨的载物👍
[2026-02-22 03:31:17] 麦克里斯特尔: 你屏蔽词都快赶上新华词典了为什么不干脆开一百级发言？你屏蔽词都快赶上新华词典了为什么不
[2026-02-22 03:31:18] 一百丅的dev1ce: ROG真是圣人，在这个节骨眼赞助玩÷让他登不了山还得嗯吹他最恨的载物👍
[2026-02-22 03:31:18] Q1ed7f9c85b3bc7571: 我让你开双倍你二龙吗？老子荧光棒要过期了
[2026-02-22 03:31:18] LvvsiN: 你屏蔽词都快赶上新华词典了为什么不干脆开一百级发言？
[2026-02-22 03:31:18] 雷中见雨: 恨载TV
[2026-02-22 03:31:19] 绝食十年攒爱top3飞机: ROG真是圣人，在这个节骨眼赞助玩÷让他登不了山还得嗯吹他最恨的载物👍
[2026-02-22 03:31:19] 大颗寿司玩机器: ROG真是圣人，在这个节骨眼赞助玩÷让他登不了山还得嗯吹他最恨的载物👍
[2026-02-22 03:31:19] 深情不过他: ROG真是圣人，在这个节骨眼赞助玩÷让他登不了山还得嗯吹他最恨的载物👍
[2026-02-22 03:31:20] efsd8: @NiKo：🦞有人需要钳子吗
[2026-02-22 03:31:20] gsf003x: 要不你们和玩大哥坐一桌吧 啥都不管就是想发fw了
[2026-02-22 03:31:20] LvvsiN: 银行业😄银行业😀银行业😃银行业😁银行业😆银行业🤪银行业😝
[2026-02-22 03:31:20] 顾北辰sup: ROG真是圣人，在这个节骨眼赞助玩÷让他登不了山还得嗯吹他最恨的载物👍
[2026-02-22 03:31:21] AKA箱宾监雨味真族:     @间桐樱：不想看了，到处都是区...
[2026-02-22 03:31:21] 三三得玖w: ROG真是圣人，在这个节骨眼赞助玩÷让他登不了山还得嗯吹他最恨的载物👍
[2026-02-22 03:31:22] LvvsiN: 额，拿亚军我都会，拿亚军，拿季军，拿四强，拿八强，拿十六强，呃拿冠军我不会，然后小组赛淘汰
[2026-02-22 03:31:23] 用玩大哥的角磨机吧: 你屏蔽词都快赶上新华词典了为什么不干脆开一百级发言？你屏蔽词都快赶上新华词典了为什么不
[2026-02-22 03:31:23] 大稽基: [左边耄耋]
[2026-02-22 03:31:24] rem3dy: 把握角度
[2026-02-22 03:31:24] LvvsiN: 我让你开双倍你二龙吗？老子荧光棒要过期了
[2026-02-22 03:31:25] 月光可以吃: 我荧光棒要过期了，双倍🥶🥶🥶🥶
[2026-02-22 03:31:26] 99组的爱城华恋本人: 你屏蔽词都快赶上新华词典了为什么不干脆开一百级发言？你屏蔽词都快赶上新华词典了为什么不
[2026-02-22 03:31:26] 沸物贝利亚大王: ROG真是圣人，在这个节骨眼赞助玩÷让他登不了山还得嗯吹他最恨的载物👍
[2026-02-22 03:31:26] LvvsiN: 为什么房管封的不能给鱼丸……还以为今天晚上得吃了……
[2026-02-22 03:31:28] 泪水的冷冽: 双狙
[2026-02-22 03:31:28] LvvsiN: 银行业😄银行业😀银行业😃银行业😁银行业😆银行业🤪银行业😝
[2026-02-22 03:31:29] 麦克里斯特尔: 我荧光棒要过期了
[2026-02-22 03:31:30] 喉宝Eilf: 没人觉得用马桶泡面很方便吗？吃完按一下就冲走了 碗都不用洗
[2026-02-22 03:31:30] LvvsiN: 我让你开双倍你二龙吗？老子荧光棒要过期了
[2026-02-22 03:31:31] 默默momoMoMo123: ROG真是圣人，在这个节骨眼赞助玩÷让他登不了山还得嗯吹他最恨的载物👍
[2026-02-22 03:31:31] 硫磺祥: 豆出
[2026-02-22 03:31:31] 马楼King张三: 哈哈哈
[2026-02-22 03:31:31] 橙黄双翼: timi
[2026-02-22 03:31:32] 好姐妹倉田真白: ROG真是圣人，在这个节骨眼赞助玩÷让他登不了山还得嗯吹他最恨的载物👍
[2026-02-22 03:31:32] 机器机器祝你天天开心: 僵尸
[2026-02-22 03:31:32] 玩斯特机机: 僵尸
[2026-02-22 03:31:33] LvvsiN: 弹幕也就网上说说，现实里谁不觉得樱姐是好女孩（删括号领一条远坂凛同款鸟笼）
[2026-02-22 03:31:33] YEYH111: ROG真是圣人，在这个节骨眼赞助玩÷让他登不了山还得嗯吹他最恨的载物👍
[2026-02-22 03:31:34] 晏华裤子拉链没拉: a出
[2026-02-22 03:31:34] 李小小与虾大大: A÷
[2026-02-22 03:31:34] LvvsiN: 银行业😄银行业😀银行业😃银行业😁银行业😆银行业🤪银行业😝
[2026-02-22 03:31:36] 99组的爱城华恋本人: apex死了跟没有损失没区别的
[2026-02-22 03:31:36] 丶丶Ken丶丶: 我让你开双倍你二龙吗？老子荧光棒要过期了
[2026-02-22 03:31:36] 竹沉丶乱世: 这帮人真坏 站起来挡住后面的蜂美不让看
[2026-02-22 03:31:36] CThun438: a÷
[2026-02-22 03:31:36] 玩大哥的户外呢: 　　　 僵尸
[2026-02-22 03:31:36] LvvsiN: 弹幕也就网上说说，现实里谁不觉得樱姐是好女孩（删括号领一条远坂凛同款鸟笼）
[2026-02-22 03:31:39] LvvsiN: 我提一嘴这剧情越来越像上海major了
[2026-02-22 03:31:39] 12312312312dfsdfs: 南孚m@jor一个更比六个强
[2026-02-22 03:31:39] 求奶我培训考试不通过: ROG真是圣人，在这个节骨眼赞助玩÷让他登不了山还得嗯吹他最恨的载物👍
[2026-02-22 03:31:39] 小呱批: 僵尸
[2026-02-22 03:31:39] 嘤嘤嘤嘤击长空: 豆出
[2026-02-22 03:31:39] 正直的鸡哥: a出经典
[2026-02-22 03:31:39] Q1ed7f9c85b3bc7571: 没人觉得用马桶泡面很方便吗？吃完按一下就冲走了 碗都不用洗
[2026-02-22 03:31:40] 玩斯特机机: ROG真是圣人，在这个节骨眼赞助玩÷让他登不了山还得嗯吹他最恨的载物👍
[2026-02-22 03:31:40] 宫监手放监: ROG真是圣人，在这个节骨眼赞助玩÷让他登不了山还得嗯吹他最恨的载物👍
[2026-02-22 03:31:40] 交流分不太够: ROG真是圣人，在这个节骨眼赞助玩÷让他登不了山还得嗯吹他最恨的载物👍
[2026-02-22 03:31:40] 用户1181920443: a出
[2026-02-22 03:31:41] 阿飞飞啊分: ROG真是圣人，在这个节骨眼赞助玩÷让他登不了山还得嗯吹他最恨的载物👍
[2026-02-22 03:31:41] LvvsiN: 玩 出，我双倍呢？😡😡玩 出，我双倍呢？😡😡玩 出，我双倍呢？😡😡玩 出，我双倍呢？😡
[2026-02-22 03:31:41] 非必要不中岀: 冷神为什么在蒙古
[2026-02-22 03:31:42] anyhens: 很干燥
[2026-02-22 03:31:42] 用户32522728: 要不你们和玩大哥坐一桌吧 啥都不管就是想发fw了
[2026-02-22 03:31:42] EDG的皮特174本人: 新senzu
[2026-02-22 03:31:42] 划算小划: 这波真不怪apex
[2026-02-22 03:31:43] LvvsiN: 额，拿亚军我都会，拿亚军，拿季军，拿四强，拿八强，拿十六强，呃拿冠军我不会，然后小组赛淘汰
[2026-02-22 03:31:43] 用户4312738955: senzu只是一个位置
[2026-02-22 03:31:43] 难道我会乱说么: a➗
[2026-02-22 03:31:45] 法老的donk本人: a出
[2026-02-22 03:31:45] 兔子Usaki: senzu是个位置
[2026-02-22 03:31:45] LvvsiN: 弹幕也就网上说说，现实里谁不觉得樱姐是好女孩（删括号领一条远坂凛同款鸟笼）
[2026-02-22 03:31:45] 喉宝Eilf: 蓝发小女孩来了！[αve Mujika_我有话说][αve Mujika_我有话说]
[2026-02-22 03:31:45] TheMongolZ的上单本人: ROG真是圣人，在这个节骨眼赞助玩÷让他登不了山还得嗯吹他最恨的载物👍
[2026-02-22 03:31:45] 胡椒胡椒胡椒胡椒胡椒: 已下单ROG圣人品牌，懂得＋1
[2026-02-22 03:31:45] 鲜血与暗影铸造的家伙: 中门烟？
[2026-02-22 03:31:47] LvvsiN: 孩子们快跑，马修赫伯特来了😨卧槽你的怎么是马枪和BOT
[2026-02-22 03:31:48] rem3dy: 这没架住
[2026-02-22 03:31:48] Oawm98k: 冷神为什么在蒙古
[2026-02-22 03:31:48] 神奥联盟的竹兰本人: 妹出
[2026-02-22 03:31:49] LvvsiN: 为什么房管封的不能给鱼丸……还以为今天晚上得吃了……
[2026-02-22 03:31:49] CThun438: m÷
[2026-02-22 03:31:51] LvvsiN: @阿汤日记：一个人，5发子弹，保住格陵兰岛。我不会叫它不可能完成的任务，我现在只想先回家看亦博
[2026-02-22 03:31:51] 胡椒胡椒胡椒胡椒胡椒: 已下单ROG圣人品牌，懂得＋1
[2026-02-22 03:31:51] 绝食十年攒爱top3飞机: ROG真是圣人，在这个节骨眼赞助玩÷让他登不了山还得嗯吹他最恨的载物👍
[2026-02-22 03:31:51] 玩斯特机机: m÷
[2026-02-22 03:31:52] 飛鳥蘭: a出a出
[2026-02-22 03:31:52] 尼尼海海出入平安: ROG真是圣人，在这个节骨眼赞助玩÷让他登不了山还得嗯吹他最恨的载物👍
[2026-02-22 03:31:52] 曹斯特逼逼: 你说编诗赢了被黑大半年？那编诗输了得啥样我都不敢想😨😨😨
[2026-02-22 03:31:53] 玩大人查到自贡了: @桃乃木:其实玩老师才是真正的高压默认，有一次我们合作他坐床上聊了四十分钟，后来我才知道他在等药生效
[2026-02-22 03:31:53] 你是天使: top哥
[2026-02-22 03:31:53] 大颗寿司玩机器: ROG真是圣人，在这个节骨眼赞助玩÷让他登不了山还得嗯吹他最恨的载物👍
[2026-02-22 03:31:53] Q1ed7f9c85b3bc7571: 千问，帮我下单左下角的猪头肉
[2026-02-22 03:31:53] LvvsiN: 你为什么要把mαjor禁了，我收藏的一半弹幕全毁了
[2026-02-22 03:31:53] 殇10876: 妹出
[2026-02-22 03:31:53] 强尼银手VVV: 妹÷
[2026-02-22 03:31:54] humb1e78: 无汤无杜新爹载物都不知道？直播间好多ylg。。
[2026-02-22 03:31:55] 下北沢涼桑: 怀念最好的五个人：辉夜（已登月）彩叶（已危亡）八千
[2026-02-22 03:31:55] FadeLIM: ROG真是圣人，在这个节骨眼赞助玩÷让他登不了山还得嗯吹他最恨的载物👍
[2026-02-22 03:31:55] LvvsiN: 就tm喜欢银行业🥰银行坏账我喜欢🥰银行挤兑我还喜欢😍利率调低我也喜欢🤤老子亲烂银行业的脸😘
[2026-02-22 03:31:55] 射命丸文文句号: 冷神为什么在蒙古
[2026-02-22 03:31:56] 几度迎合02908: 蒙古加油啊
[2026-02-22 03:31:56] 玩比赛丶bet: ROG真是圣人，在这个节骨眼赞助玩÷让他登不了山还得嗯吹他最恨的载物👍
[2026-02-22 03:31:56] 曹斯特逼逼: 你说编诗赢了被黑大半年？那编诗输了得啥样我都不敢想😨😨😨
[2026-02-22 03:31:57] Crychiccc的若叶睦本人: 你的语气好像很开心。。
[2026-02-22 03:31:57] LvvsiN: 我提一嘴这剧情越来越像上海major了
[2026-02-22 03:31:57] 洁身自好处男有为青年: 冷神为什么在蒙古
[2026-02-22 03:31:58] 一刀一个啵啵怪: 中门烟呢
[2026-02-22 03:31:58] 菜篮子工程质检员: teses play
[2026-02-22 03:31:58] Box强音来袭: 冷神为什么在蒙古
[2026-02-22 03:31:59] LvvsiN: 弹幕别吵了，银行业一样一样有有有也会有h'y'hui't'y'r's'c'dn
[2026-02-22 03:31:59] humb1e78: 无汤无杜新爹载物都不知道？直播间好多ylg。。
[2026-02-22 03:32:00] 好姐妹冰川姐妹: 感觉图三了啊
[2026-02-22 03:32:00] Wardel: ROG真是圣人，在这个节骨眼赞助玩÷让他登不了山还得嗯吹他最恨的载物👍
[2026-02-22 03:32:00] 时维鹰扬丶: Falcons play
[2026-02-22 03:32:01] 拉海洛TOP1爱弥斯本人: @桃乃木:其实玩老师才是真正的高压默认，有一次我们合作他坐床上聊了四十分钟，后来我才知道他在等药生效
[2026-02-22 03:32:01] 用玩大哥的角磨机吧: 你的语气好像很开心。。
[2026-02-22 03:32:01] 耶耶耶的感觉: 小赛认证
[2026-02-22 03:32:01] LvvsiN: 我提一嘴这剧情越来越像上海major了
[2026-02-22 03:32:01] 曹斯特逼逼: 你说编诗赢了被黑大半年？那编诗输了得啥样我都不敢想😨😨😨
[2026-02-22 03:32:01] 忽孝山庄: 你的语气好像很开心。。
[2026-02-22 03:32:02] 想看老师打黄金赛: 难道说
[2026-02-22 03:32:02] 琉璃一世转身白: ROG真是圣人，在这个节骨眼赞助玩÷让他登不了山还得嗯吹他最恨的载物👍
[2026-02-22 03:32:02] 洞洞载载车车major冠军: 你说编诗赢了被黑大半年？那编诗输了得啥样我都不敢想😨😨😨
[2026-02-22 03:32:02] 袁雨桢的小酥肉本肉: 孩子们快跑，马修赫伯特来了😨卧槽你的怎么是马枪和BOT
[2026-02-22 03:32:03] LvvsiN: 我让你开双倍你二龙吗？老子荧光棒要过期了
[2026-02-22 03:32:04] 秋茶小雪: 猎鹰战术
[2026-02-22 03:32:04] 雷中见雨: 冷神为什么在蒙古
[2026-02-22 03:32:04] 高松灯扣死千早爱音: ROG真是圣人，在这个节骨眼赞助玩÷让他登不了山还得嗯吹他最恨的载物👍
[2026-02-22 03:32:04] 落叶悠哉落: 你说编诗赢了被黑大半年？那编诗输了得啥样我都不敢想😨😨😨
[2026-02-22 03:32:05] ykls的爱情结晶: 我提一嘴这剧情越来越像上海major了
[2026-02-22 03:32:05] humb1e78: 无汤无杜新爹载物都不知道？直播间好多ylg。。
[2026-02-22 03:32:05] LvvsiN: 玩 出，我双倍呢？😡😡玩 出，我双倍呢？😡😡玩 出，我双倍呢？😡😡玩 出，我双倍呢？😡
[2026-02-22 03:32:05] 宫监手放监: 你说编诗赢了被黑大半年？那编诗输了得啥样我都不敢想😨😨😨
[2026-02-22 03:32:05] 黄色偶像大师: ROG真是圣人，在这个节骨眼赞助玩÷让他登不了山还得嗯吹他最恨的载物👍
[2026-02-22 03:32:06] ZywOo的猫: @桃乃木:其实玩老师才是真正的高压默认，有一次我们合作他坐床上聊了四十分钟，后来我才知道他在等药生效
[2026-02-22 03:32:06] 用玩大哥的角磨机吧: 你说编诗赢了被黑大半年？那编诗输了得啥样我都不敢想😨😨😨
[2026-02-22 03:32:07] LvvsiN: 额，拿亚军我都会，拿亚军，拿季军，拿四强，拿八强，拿十六强，呃拿冠军我不会，然后小组赛淘汰
[2026-02-22 03:32:07] 三角初华世界第一美: 弹幕别吵了，银行业一样一样有有有也会有h'y'hui't'y'r's'c'dn
[2026-02-22 03:32:07] CThun438: mxxx处
[2026-02-22 03:32:07] 窦妪惯例全思慕: 你的语气好像很开心。。
[2026-02-22 03:32:08] Mgci2: 　　　 ROG真是圣人，在这个节骨眼赞助玩÷让他登不了山还得嗯吹他最恨的载物👍
[2026-02-22 03:32:08] 好哥们黑龙歼灭刀: 你说编诗赢了被黑大半年？那编诗输了得啥样我都不敢想😨😨😨
[2026-02-22 03:32:08] 好哥们杨沈怡: 　　　 ROG真是圣人，在这个节骨眼赞助玩÷让他登不了山还得嗯吹他最恨的载物👍
[2026-02-22 03:32:08] 皇马卧底巴托梅乌: 你的语气好像很开心。。
[2026-02-22 03:32:09] 丶丶Ken丶丶: 你的语气好像很开心。。
[2026-02-22 03:32:09] papacarrot: 1
[2026-02-22 03:32:09] LvvsiN: 其实碗橱就是猪灵，你不拿黄金丢他他就不跟你说话
[2026-02-22 03:32:09] 鲜血与暗影铸造的家伙: 架沙地大狙给舞台吗
[2026-02-22 03:32:10] 小小青蛙输风雨: senzu（绝望的管理饮水机）
[2026-02-22 03:32:11] 一套二一套二: 你说编诗赢了被黑大半年？那编诗输了得啥样我都不敢想😨😨😨
[2026-02-22 03:32:11] LvvsiN: 其实碗橱就是猪灵，你不拿黄金丢他他就不跟你说话
[2026-02-22 03:32:12] RGsdfbf: 你说编诗赢了被黑大半年？那编诗输了得啥样我都不敢想😨😨😨
[2026-02-22 03:32:12] Box强音来袭: 你说编诗赢了被黑大半年？那编诗输了得啥样我都不敢想😨😨😨
[2026-02-22 03:32:13] 玩机器的小啾啾: 你说编诗赢了被黑大半年？那编诗输了得啥样我都不敢想😨😨😨
[2026-02-22 03:32:13] deyeBlanDrag: 我提一嘴这剧情越来越像上海major了
[2026-02-22 03:32:13] G2俘虏uzi: 你说编诗赢了被黑大半年？那编诗输了得啥样我都不敢想😨😨😨
[2026-02-22 03:32:13] 玩大哥我双倍呢: 你说编诗赢了被黑大半年？那编诗输了得啥样我都不敢想😨😨😨
[2026-02-22 03:32:13] LvvsiN: @阿汤日记：一个人，5发子弹，保住格陵兰岛。我不会叫它不可能完成的任务，我现在只想先回家看亦博
[2026-02-22 03:32:13] 玩神爱吃猪头肉: 你说编诗赢了被黑大半年？那编诗输了得啥样我都不敢想😨😨😨
[2026-02-22 03:32:13] Schnuffels: 有点太依赖中门狙了
[2026-02-22 03:32:14] 窦妪惯例全思慕:  @用玩大哥的角磨机吧：你说编诗赢了被黑大半年？那编诗输了得啥样我都不敢想😨😨😨
[2026-02-22 03:32:14] AiLuoLi1413: 你说编诗赢了被黑大半年？那编诗输了得啥样我都不敢想😨😨😨
[2026-02-22 03:32:14] 滑稽乂逗比: 你说编诗赢了被黑大半年？那编诗输了得啥样我都不敢想😨😨😨
[2026-02-22 03:32:14] Q1ed7f9c85b3bc7571: 握草 好想加一😨但是会不会被封号啊😫
[2026-02-22 03:32:14] humb1e78: 无汤无杜新爹载物都不知道？直播间好多ylg。。
[2026-02-22 03:32:15] ymyyo: @桃乃木：其实玩老师才是真正的高压默认，有一次我们合作他坐床上聊了四十分钟，后来我才知道他在等药生效
[2026-02-22 03:32:15] 曹斯特逼逼: 你说编诗赢了被黑大半年？那编诗输了得啥样我都不敢想😨😨😨
[2026-02-22 03:32:15] 默默momoMoMo123: 你说编诗赢了被黑大半年？那编诗输了得啥样我都不敢想😨😨😨
[2026-02-22 03:32:15] 大姜饼: ROG真是圣人，在这个节骨眼赞助玩÷让他登不了山还得嗯吹他最恨的载物👍
[2026-02-22 03:32:15] LvvsiN: 银行业😄银行业😀银行业😃银行业😁银行业😆银行业🤪银行业😝
[2026-02-22 03:32:15] 恴恴恴恴恴: 感觉图一了啊
[2026-02-22 03:32:15] pirpr: 弹幕别吵了，银行业一样一样有有有也会有h'y'hui't'y'r's'c'dn
[2026-02-22 03:32:16] Zxj1ing: 我提一嘴这剧情越来越像上海major了
[2026-02-22 03:32:16] MSK枫: 你说编诗赢了被黑大半年？那编诗输了得啥样我都不敢想😨😨😨
[2026-02-22 03:32:16] SSE丶: ROG真是圣人，在这个节骨眼赞助玩÷让他登不了山还得嗯吹他最恨的载物👍
[2026-02-22 03:32:17] 阵雨天o: 终末地没续月卡的记得续月卡了
[2026-02-22 03:32:17] 爱被小泉吃的拉面同学:     ROG真是圣人，在这个节骨眼赞助玩÷让他登不了山还得嗯吹他最恨的载物👍
[2026-02-22 03:32:17] Jess2: 你说编诗赢了被黑大半年？那编诗输了得啥样我都不敢想😨😨😨
[2026-02-22 03:32:17] LvvsiN: 为什么房管封的不能给鱼丸……还以为今天晚上得吃了……
[2026-02-22 03:32:18] 神奥联盟的竹兰本人: 你说编诗赢了被黑大半年？那编诗输了得啥样我都不敢想😨😨😨
[2026-02-22 03:32:18] 给口饭吃qaq: 你说编诗赢了被黑大半年？那编诗输了得啥样我都不敢想😨😨😨
[2026-02-22 03:32:18] 不看似猎鹰就杀了你: ROG真是圣人，在这个节骨眼赞助玩÷让他登不了山还得嗯吹他最恨的载物👍
[2026-02-22 03:32:18] 杏爱企鹅: 哦？😮哦？😮哦？😮哦？😮哦？😮哦？😮哦？😮哦？😮哦？😮
[2026-02-22 03:32:18] 結城希亞: 你说编诗赢了被黑大半年？那编诗输了得啥样我都不敢想😨😨😨
[2026-02-22 03:32:18] 丶小恐龙丶: 你说编诗赢了被黑大半年？那编诗输了得啥样我都不敢想😨😨😨
[2026-02-22 03:32:19] 明月夜无涯: 你说编诗赢了被黑大半年？那编诗输了得啥样我都不敢想😨😨😨
[2026-02-22 03:32:19] LvvsiN: 我提一嘴这剧情越来越像上海major了
[2026-02-22 03:32:20] KevinTheFool: 你说编诗赢了被黑大半年？那编诗输了得啥样我都不敢想😨😨😨
[2026-02-22 03:32:20] 承認欲求: 无汤无杜新爹载物都不知道？直播间好多ylg。。
[2026-02-22 03:32:21] 北徐: 握草 好想加一😨但是会不会被封号啊😫
[2026-02-22 03:32:21] Box强音来袭: 你说编诗赢了被黑大半年？那编诗输了得啥样我都不敢想😨😨😨
[2026-02-22 03:32:21] 固固固固固: 你说编诗赢了被黑大半年？那编诗输了得啥样我都不敢想😨😨😨
[2026-02-22 03:32:21] 爱被小泉吃的拉面同学: 你说编诗赢了被黑大半年？那编诗输了得啥样我都不敢想😨😨😨
[2026-02-22 03:32:21] LvvsiN: 玩 出，我双倍呢？😡😡玩 出，我双倍呢？😡😡玩 出，我双倍呢？😡😡玩 出，我双倍呢？😡
[2026-02-22 03:32:22] lhfhybxm: ROG真是圣人，在这个节骨眼赞助玩÷让他登不了山还得嗯吹他最恨的载物👍
[2026-02-22 03:32:22] 做了錯飯: 你说编诗赢了被黑大半年？那编诗输了得啥样我都不敢想😨😨😨
