# room_id=6979222 host=玩机器丶Machine title=小众宝藏结晶直播 live_time= fetch_time=2026-02-21 23:45:46
[2026-02-22 02:31:02] Cloud9的咬人猫本人:     如果你们认为羞辱一个高位接盘黑蛋家里裂墙鼻毛很长的尼孝房管很有成就感的话，请继续
[2026-02-22 02:31:02] 好的好的阖家: 如果你们认为羞辱一个高位接盘黑蛋家里裂墙鼻毛很长5000小时b加的房管很有成就感的话请继续
[2026-02-22 02:31:03] 哈基鹅大王: 如果你们认为羞辱一个高位接盘黑蛋家里裂墙鼻毛很长5000小时b加的房管很有成就感的话，请继续
[2026-02-22 02:31:03] LvvsiN: 南孚一节更比六节强，也就是一节南孚比六节南孚强，六节南孚比三十六节强，三十六节比二百一十六节强
[2026-02-22 02:31:03] 高松的灯ll: 5k小时b+有什么好笑的，布罗利官匹4千分呢。。。
[2026-02-22 02:31:03] MSK枫: ⎝🗿⎠╰🗿╯⎝🗿⎠╰🗿╯⎝🗿⎠╰🗿╯⎝🗿⎠╰🗿╯⎝🗿⎠╰🗿╯⎝🗿⎠╰🗿╯
[2026-02-22 02:31:03] UFO233:     如果你们认为羞辱一个高位接盘黑蛋家里裂墙鼻毛很长的尼孝房管很有成就感的话，请继续
[2026-02-22 02:31:03] 哥本哈根大巨蜥: 蒙特
[2026-02-22 02:31:04] 用戶6657: @布罗利 3年前：用你看不起？小蜜蜂怎么玩都是小组第一，你是个P🤣
[2026-02-22 02:31:04] 結城希亞: @玩机器：布罗利，这波我只能卖到底了。。。
[2026-02-22 02:31:04] 用户2100686284: 如果你们认为羞辱一个高位接盘黑蛋家里裂墙鼻毛很长5000小时b加的房管很有成就感的话，请继续
[2026-02-22 02:31:04] 巨型鸡冠: 如果你们认为羞辱一个高位接盘黑蛋家里裂墙鼻毛很长的尼孝房管很有成就感的话，请继续
[2026-02-22 02:31:05] 动物朋友哈基米: 如果你们认为羞辱一个高位接盘黑蛋家里裂墙鼻毛很长5000小时b加的房管很有
[2026-02-22 02:31:05] LvvsiN: @阿汤日记：一个人，5发子弹，保住格陵兰岛。我不会叫它不可能完成的任务，我现在只想先回家看亦博
[2026-02-22 02:31:05] 阿诺Ares: 闹麻了
[2026-02-22 02:31:05] 泪水的冷冽: 纪律性
[2026-02-22 02:31:05] 千早爱音desu: @布罗利：我替你说心里话你把我卖了，玩机器你做人真的可以
[2026-02-22 02:31:05] 玩玩的丸丸软又弹: @玩机器：布罗利，这波我只能卖到底了。。。
[2026-02-22 02:31:05] 好哥们韩信: 别因为喷布罗利就忘了喷玩 出啊，我知道大家不会忘，就是提一嘴
[2026-02-22 02:31:06] 羽丘美少女千早爱音: @🗿：zywoo你昨天反向研发的牛劲呢
[2026-02-22 02:31:06] 碳酸的汽水:  5k小时b+有什么好笑的，布罗利官匹4千分呢。。。
[2026-02-22 02:31:06] 看我柒拾貳鞭: 银行业一样一样有有有也会有h'yughty't'y'r's'c'dn
[2026-02-22 02:31:06] 墨本海人: @玩机器：布罗利，这波我只能卖到底了。。。
[2026-02-22 02:31:07] 朱雀院椿x: 友情提示：弹幕已经半小时没有喷玩机器了
[2026-02-22 02:31:07] 机器大笨蛋亲亲小脸蛋: 冷知识：布罗利5000个小时B+
[2026-02-22 02:31:07] 梓川咲太368: 懂你意思
[2026-02-22 02:31:07] LvvsiN: 额，拿亚军我都会，拿亚军，拿季军，拿四强，拿八强，拿十六强，呃拿冠军我不会，然后小组赛淘汰
[2026-02-22 02:31:08] GLxx17: 大家千万不要在b 站搜索布罗利broli然后在置顶动态下面表扬他啊
[2026-02-22 02:31:08] 玩蛇鼠丶stabbi: 冷知识：布罗利买黑蛋买错买成20rmr皮蛋了
[2026-02-22 02:31:08] 动物朋友哈基米: 大家千万不要给布罗利的steam账号发送交易报价再举报啊，我知道大家不知道就是提一句🤭
[2026-02-22 02:31:08] 我不是闪烁啊: 银行业一样一样有有有也会有h'yughty't'y'r's'c'dn
[2026-02-22 02:31:08] cornkiner: 如果你们认为羞辱一个高位接盘黑蛋家里裂墙鼻毛很长的尼孝房管很有成就感的话，请继续
[2026-02-22 02:31:08] 游荡的小病毒zZ: 好久没看了 senzu呢
[2026-02-22 02:31:09] 玩弓箭、Arrow: 大家不觉得很恐怖吗，主播和房管都那么恨载大哥但是主播可以面不改色的夸ZywOo😱
[2026-02-22 02:31:09] 稳稳稳: 那谁特会给破绽送枪导致被翻盘呢
[2026-02-22 02:31:09] 夜来幽梦片江山: 如果你们认为羞辱一个高位接盘黑蛋家里裂墙鼻毛很长5000小时b加的房管很有成就感的话，请继续
[2026-02-22 02:31:09] loverboy888:     决赛蒙古vsPV也很精彩啊（🫣🎁🚀*0✈️*0）
[2026-02-22 02:31:09] yuuik27:  5k小时b+有什么好笑的，布罗利官匹4千分呢。。。
[2026-02-22 02:31:09] LvvsiN: 弹幕别吵了，银行业一样一样有有有也会有h'y'hui't'y'r's'c'dn
[2026-02-22 02:31:09] 贝拉K1rA: 冷知识：布罗利力挺老九长管不补枪，而且布罗利是看化脓电竞入坑的
[2026-02-22 02:31:09] 丰川祥子口三角初华: @玩机器：布罗利，这波我只能卖到底了。。。
[2026-02-22 02:31:09] CSTG江叉叉: 5k小时b+有什么好笑的，布罗利官匹4千分呢。。。
[2026-02-22 02:31:09] 岭上雾冷: 哦对了
[2026-02-22 02:31:09] 大家要幸福呀: 如果你们认为羞辱一个高位接盘黑蛋家里裂墙鼻毛很长的尼孝房管很有成就感的话，请继续
[2026-02-22 02:31:09] 用户7965707956: 友情提示：弹幕已经半小时没有喷玩机器了
[2026-02-22 02:31:10] 肆拾肆啊: 抓娃娃
[2026-02-22 02:31:10] 想吃丑橘: 房管5k+时长b+就能看出这个直播间的cs氛围了
[2026-02-22 02:31:10] 胡椒胡椒胡椒胡椒胡椒: 如果你们认为羞辱一个高位接盘黑蛋家里裂墙鼻毛很长的尼孝房管很有成就感的话，请继续。。。
[2026-02-22 02:31:11] 麦当勞汉堡: 玩孝六六五8玩孝六六五8玩孝六六五8玩孝六六五8玩孝六六五8
[2026-02-22 02:31:11] 图帕雷松: 如果你们认为羞辱一个高位接盘黑蛋家里裂墙鼻毛很长的尼孝房管很有成就感的话，请继续
[2026-02-22 02:31:11] 高松的灯ll: 如果你们认为羞辱一个高位接盘黑蛋家里裂墙鼻毛很长5000小时b加的房管很有
[2026-02-22 02:31:11] UFOUFOUO: 如果你们认为羞辱一个高位接盘黑蛋家里裂墙鼻毛很长5000小时b加的房管很有成就感的话，请继续
[2026-02-22 02:31:11] 忒斯特李逵: 冷知识，布罗利其实是传说中的超级赛亚人
[2026-02-22 02:31:12] x星辰GGGGGG: 友情提示：弹幕已经半小时没有喷玩机器了
[2026-02-22 02:31:12] 秋茶小雪: 英雄p250
[2026-02-22 02:31:12] Odike: @玩机器：布罗利，这波我只能卖到底了。。。
[2026-02-22 02:31:12] RoseIia的凑友希那本人: @玩机器：布罗利，这波我只能卖到底了。。。
[2026-02-22 02:31:12] 河马爬爬爬: 　　　 银行业一样一样有有有也会有h'yughty't'y'r's'c'dn
[2026-02-22 02:31:13] 偷哦嘘鞭贷拔:  如果你们认为羞辱一个高位接盘黑蛋家里裂墙鼻毛很长的尼孝房管很
[2026-02-22 02:31:13] LvvsiN: 额，拿亚军我都会，拿亚军，拿季军，拿四强，拿八强，拿十六强，呃拿冠军我不会，然后小组赛淘汰
[2026-02-22 02:31:13] 用戶6657: @布罗利 3年前：用你看不起？小蜜蜂怎么玩都是小组第一，你是个P🤣
[2026-02-22 02:31:13] 还是荧光棒送少了: 友情提示：弹幕已经半小时没有喷玩机器了
[2026-02-22 02:31:14] 漂亮姐姐别打我: 5000小时B+诗人啊？4500小时都在社区服看饰品吧？
[2026-02-22 02:31:14] 罗山路的光: 真有人看到布罗利一仓库黑蛋能不笑吗
[2026-02-22 02:31:14] 呆妹儿的姑父: @玩机器：布罗利，这波我只能卖到底了。。。
[2026-02-22 02:31:14] 你又破防惹: 抓娃娃
[2026-02-22 02:31:14] 用户6690458103: @玩机器：布罗利，这波我只能卖到底了。。。
[2026-02-22 02:31:14] 失眠写歌: 冷知识，弹幕起码一半的人完美没段位都少了，至少三分之二
[2026-02-22 02:31:14] 伤物语的忍野忍本人: @玩机器：布罗利，这波我只能卖到底了。。。
[2026-02-22 02:31:15] 春花敲可爱的啦: 大家千万不要在b 站搜索布罗利broli然后在置顶动态下面表扬他啊
[2026-02-22 02:31:15] LvvsiN: 玩 出，我双倍呢？😡😡玩 出，我双倍呢？😡😡玩 出，我双倍呢？😡😡玩 出，我双倍呢？😡
[2026-02-22 02:31:15] 咸鱼精酿: 如果你们认为羞辱一个高位接盘黑蛋家里裂墙鼻毛很长5000小时b加的房管很有
[2026-02-22 02:31:15] 我不是闪烁啊: 银行业一样一样有有有也会有h'yughty't'y'r's'c'dn
[2026-02-22 02:31:15] 冬瓜不在家偷偷玩机器: 卧槽
[2026-02-22 02:31:16] CSTG江叉叉: 房管5k+时长b+就能看出这个直播间的cs氛围了
[2026-02-22 02:31:16] 好哥们韩信: 别因为喷布罗利就忘了喷玩 出啊，我知道大家不会忘，就是提一嘴
[2026-02-22 02:31:16] 阿诺Ares: 9特
[2026-02-22 02:31:17] racula:  @千早爱音desu：@布罗利：我替你说心里话你把我卖了，玩机器你做人真的可以
[2026-02-22 02:31:17] 时维鹰扬丶: 全部造了
[2026-02-22 02:31:17] 传统peek高手XANTARES: 特
[2026-02-22 02:31:17] 云边有条小侏如: 如果你们认为羞辱一个高位接盘黑蛋家里裂墙鼻毛很长5000小时b加的房管很有
[2026-02-22 02:31:17] LvvsiN: 你屏蔽词都快赶上新华词典了为什么不干脆开一百级发言？
[2026-02-22 02:31:18] 被贝拉拉: 布罗利笑料越来越多，这波是'越勾越搜'©copyrightWJQ
[2026-02-22 02:31:18] 迷你世界丁真学姐1: 如果你们认为羞辱一个高位接盘黑蛋家里裂墙鼻毛很长的尼孝房管很有成就感的话，请继续
[2026-02-22 02:31:18] 另一个世界7: 如果你们认为羞辱一个高位接盘黑蛋家里裂墙鼻毛很长5000小时b加的房管很有
[2026-02-22 02:31:18] 无刺有刺的安和昴本人: 如果你们认为羞辱一个高位接盘黑蛋家里裂墙鼻毛很长的尼孝房管很有成就感的话，请继续
[2026-02-22 02:31:18] 呆妹儿的姑父: @玩机器：布罗利，这波我只能卖到底了。。。@玩机器：布罗利，这波我只能卖到底了。。。
[2026-02-22 02:31:18] 胡椒胡椒胡椒胡椒胡椒: 如果你们认为羞辱一个高位接盘黑蛋家里裂墙鼻毛很长的尼孝房管很有成就感的话，请继续。。。
[2026-02-22 02:31:19] CSTG江叉叉: @玩机器：布罗利，这波我只能卖到底了。。。
[2026-02-22 02:31:19] 承認欲求: 友情提示：弹幕已经半小时没有喷玩机器了
[2026-02-22 02:31:19] WE丶繁梦: 友情提示：弹幕已经半小时没有喷玩机器了
[2026-02-22 02:31:19] Aenusae: 5000小时B+诗人啊？4500小时都在社区服看饰品吧？
[2026-02-22 02:31:19] uzi家的喷水龙: 玩孝6657加一了玩孝6657加一了
[2026-02-22 02:31:19] emmmm452: 房管5k+时长b+就能看出这个直播间的cs氛围了
[2026-02-22 02:31:19] LvvsiN: 为什么房管封的不能给鱼丸……还以为今天晚上得吃了……
[2026-02-22 02:31:20] HHHHanni:  如果你们认为羞辱一个高位接盘黑蛋家里裂墙鼻毛很长的尼孝房管很
[2026-02-22 02:31:20] 古堡12枪战神: 特10
[2026-02-22 02:31:20] 空有无垠: @玩机器：布罗利，这波我只能卖到底了。。。
[2026-02-22 02:31:20] 王师傅是狗: 贴边走，真地道
[2026-02-22 02:31:20] 玩原神、Genshin: @玩机器：布罗利，这波我只能卖到底了。。。
[2026-02-22 02:31:20] 人生无喜剧: 　　　 银行业一样一样有有有也会有h'yughty't'y'r's'c'dn
[2026-02-22 02:31:20] 秋Fc: 房管5k+时长b+就能看出这个直播间的cs氛围了
[2026-02-22 02:31:21] 偷哦嘘鞭贷拔:     如果你们认为羞辱一个高位接盘黑蛋家里裂墙鼻毛很长的尼孝房管很有成就感的话，请继续
[2026-02-22 02:31:21] 不知名贝斯手: 如果你们认为羞辱一个高位接盘黑蛋家里裂墙鼻毛很长5000小时b加的房管很有成就感的话，请继续
[2026-02-22 02:31:21] 用户80930680: 冷知识：布罗利5000个小时B+
[2026-02-22 02:31:21] 玩机器厦面鄙骰大: 5k小时b+有什么好笑的，布罗利官匹4千分呢。。。
[2026-02-22 02:31:21] 鹌鹑必成战神: 如果你们认为羞辱一个高位接盘黑蛋家里裂墙鼻毛很长的尼孝房管很有成就感的话，请继续
[2026-02-22 02:31:21] 马总糖尿病害我蛀牙: 云玩家最多的直播间也是嘲讽上5000小时的了
[2026-02-22 02:31:21] Rosie1st: 爽特
[2026-02-22 02:31:22] 1504990711: @玩机器：布罗利，这波我只能卖到底了。。。
[2026-02-22 02:31:22] 想舔刘大哥蜡烛: 真有人看到布罗利一仓库黑蛋能不笑吗
[2026-02-22 02:31:22] 我不是闪烁啊: 银行业一样一样有有有也会有h'yughty't'y'r's'c'dn
[2026-02-22 02:31:22] 艾琉诺拉E: @玩机器：布罗利，这波我只能卖到底了。。。
[2026-02-22 02:31:22] 好哥们羊和平: 😯
[2026-02-22 02:31:22] Bestyan33: 爽特
[2026-02-22 02:31:23] 汤汤魔魔mmmmmmmmajor冠军: 如果你们认为羞辱一个高位接盘黑蛋家里裂墙鼻毛很长5000小时b加的房管很有
[2026-02-22 02:31:23] 冥冥6657: 决赛马拉和达斯坦可以一起坐着
[2026-02-22 02:31:23] 乆01727: 冷知识：布罗利买黑蛋买错买成20rmr皮蛋了
[2026-02-22 02:31:23] 呆妹儿的姑父: @玩机器：布罗利，这波我只能卖到底了。。。
[2026-02-22 02:31:23] 浮华9527: a1说话
[2026-02-22 02:31:24] LvvsiN: @阿汤日记：一个人，5发子弹，保住格陵兰岛。我不会叫它不可能完成的任务，我现在只想先回家看亦博
[2026-02-22 02:31:24] 銀傷: @玩机器：布罗利，这波我只能卖到底了。。。
[2026-02-22 02:31:24] 12312312312dfsdfs: 额，拿亚军我都会，拿亚军，拿季军，拿四强，拿八强，拿十六强，呃拿冠军我不会，然后小组赛淘汰
[2026-02-22 02:31:24] 杜王町的吉良吉影本人: 别因为喷布罗利就忘了喷玩 出啊，我知道大家不会忘，就是提一嘴
[2026-02-22 02:31:24] 双髻鲨属的東雪蓮一头: 如果你们认为羞辱一个高位接盘黑蛋家里裂墙鼻毛很长的尼孝房管很有成就感的话，请继续。。。
[2026-02-22 02:31:25] 好的好的阖家: 如果你们认为羞辱一个高位接盘黑蛋家里裂墙鼻毛很长的尼孝房管很有成就感的话，请继续
[2026-02-22 02:31:25] 好姐妹索菲亚: 5000小时B+诗人啊？4500小时都在社区服看饰品吧？
[2026-02-22 02:31:25] 孩孩京京major冠军: 九爷
[2026-02-22 02:31:25] ElfSenIor: 友情提示：弹幕已经半小时没有喷玩机器了
[2026-02-22 02:31:25] csgo小茄子: 如果你们认为羞辱一个高位接盘黑蛋家里裂墙鼻毛很长5000小时b加的房管很有成就感的话，请继续
[2026-02-22 02:31:25] 用户1354046: @玩机器：布罗利，这波我只能卖到底了。。。
[2026-02-22 02:31:25] eyu星天涯: 蜜蜂更是没赢过
[2026-02-22 02:31:25] 用户2262650671: @玩机器：布罗利，这波我只能卖到底了。。。
[2026-02-22 02:31:25] 用戶6657: 如果你们认为羞辱一个高位接盘黑蛋家里裂墙鼻毛很长的尼孝房管很有成就感的话，请继续
[2026-02-22 02:31:26] 阿瓦伊莉雅: 闹麻了 弹幕有一个能看自己库存两百个黑蛋的吗
[2026-02-22 02:31:26] 贝拉K1rA: 真有人看到布罗利一仓库黑蛋能不笑吗
[2026-02-22 02:31:26] KevinTheFool: 如果你们认为羞辱一个高位接盘黑蛋家里裂墙鼻毛很长5000小时b加的房管很有
[2026-02-22 02:31:26] 最后之作146: @玩机器：布罗利，这波我只能卖到底了。。。
[2026-02-22 02:31:26] 伽蓝之堂的两仪式本人: 如果你们认为羞辱一个高位接盘黑蛋家里裂墙鼻毛很长的尼孝房管很有成就感的话，请继续。。。
[2026-02-22 02:31:26] Wardel: 房管5k+时长b+就能看出这个直播间的cs氛围了
[2026-02-22 02:31:27] 大英帝国林加德: 如果你们认为羞辱一个高位接盘黑蛋家里裂墙鼻毛很长5000小时b加的房管很有
[2026-02-22 02:31:27] 碎碎Limbo: 5000小时B+诗人啊？4500小时都在社区服看饰品吧？
[2026-02-22 02:31:27] 夯昆23333: 友情提示：弹幕已经半小时没有喷玩机器了
[2026-02-22 02:31:27] 100t的浓汤宝本人: 5k小时b+有什么好笑的，布罗利官匹4千分呢。。。
[2026-02-22 02:31:27] 汤汤魔魔mmmmmmmmajor冠军: 5000小时B+诗人啊？4500小时都在社区服看饰品吧？
[2026-02-22 02:31:27] FaZe的伊地知虹夏本人: 5k小时b+有什么好笑的，布罗利官匹4千分呢。。。
[2026-02-22 02:31:27] 暗夜吶: 绿蝇来翻了
[2026-02-22 02:31:28] 八重森彌妮: 玩孝6657加一了玩孝6657加一了
[2026-02-22 02:31:28] 理想零星: 如果你们认为羞辱一个高位接盘黑蛋家里裂墙鼻毛很长的尼孝房管很有成就感的话，请继续
[2026-02-22 02:31:28] CSTG江叉叉: 房管5k+时长b+就能看出这个直播间的cs氛围了
[2026-02-22 02:31:28] 所以我又晕了: 如果你们认为羞辱一个高位接盘黑蛋家里裂墙鼻毛很长的尼孝房管很有成就感的话，请继续。。。
[2026-02-22 02:31:28] 潇洒大概: A1说话
[2026-02-22 02:31:28] 岭上雾冷: 哦对了
[2026-02-22 02:31:28] 哥本哈根大巨蜥: 世一米
[2026-02-22 02:31:28] 好姐妹妮可:  @布罗利：友情提示：弹幕已经半小时没有喷玩机器了
[2026-02-22 02:31:28] 神奥联盟的竹兰本人: 如果你们认为羞辱一个高位接盘黑蛋家里裂墙鼻毛很长的尼孝房管很有成就感的话，请继续。。。
[2026-02-22 02:31:29] 安分小已的小青春: @玩机器：布罗利，这波我只能卖到底了。。。
[2026-02-22 02:31:29] 刊我秀你一脸: 　　　  如果你们认为羞辱一个高位接盘黑蛋家里裂墙鼻毛很长的尼孝房管很
[2026-02-22 02:31:29] Fantasy78: 房管5k+时长b+就能看出这个直播间的cs氛围了
[2026-02-22 02:31:29] 单推折纸11年: @玩机器：布罗利，这波我只能卖到底了。。。
[2026-02-22 02:31:29] MyGo的tomorin本人: 如果你们认为羞辱一个高位接盘黑蛋家里裂墙鼻毛很长5000小时b加的房管很有成就感的话，请继续
[2026-02-22 02:31:29] 拜仁每一分都是传奇: 　　　 你们这些✚1的，就像村头的🐕叫了一声，然后
[2026-02-22 02:31:29] xuzVan: 友情提示：弹幕已经半小时没有喷玩机器了
[2026-02-22 02:31:30] 德莉莎超可矮: 如果你们认为羞辱一个高位接盘黑蛋家里裂墙鼻毛很长5000小时b加的房管很有
[2026-02-22 02:31:30] 鹅地霸霸: 真有人看到布罗利一仓库黑蛋能不笑吗
[2026-02-22 02:31:30] 柠檬lei了: 如果你们认为羞辱一个高位接盘黑蛋家里裂墙鼻毛很长5000小时b加的房管很有
[2026-02-22 02:31:30] 太行山积雪: 友情提示：弹幕已经半小时没有喷玩机器了
[2026-02-22 02:31:30] 呆妹儿的姑父: @玩机器：布罗利，这波我只能卖到底了。。。
[2026-02-22 02:31:30] CSTG江叉叉: 闹麻了 弹幕有一个能看自己库存两百个黑蛋的吗
[2026-02-22 02:31:31] 好姐妹八幡海铃丶: 友情提示：弹幕已经半小时没有喷玩机器了
[2026-02-22 02:31:31] dark1337: 闹麻了 弹幕有一个能看自己库存两百个黑蛋的吗
[2026-02-22 02:31:31] Box强音来袭: @玩机器：布罗利，这波我只能卖到底了。。。
[2026-02-22 02:31:31] 窦妪惯例全思慕: 如果你们认为羞辱一个高位接盘黑蛋家里裂墙鼻毛很长的尼孝房管很有成就感的话，请继续
[2026-02-22 02:31:32] 车路士的凯赛多本人:     如果你们认为羞辱一个高位接盘黑蛋家里裂墙鼻毛很长的尼孝房管很有成就感的话，请继续
[2026-02-22 02:31:32] HapCam: @玩机器：布罗利，这波我只能卖到底了。。。
[2026-02-22 02:31:32] 大二土木狗叫旺财: 有人赢过
[2026-02-22 02:31:32] 云边有条小侏如: 如果你们认为羞辱一个高位接盘黑蛋家里裂墙鼻毛很长的尼孝房管很有成就感的话，请继续
[2026-02-22 02:31:32] 臣雎: @玩机器：布罗利，这波我只能卖到底了。。。
[2026-02-22 02:31:32] handsomesuperme: @玩机器：布罗利，这波我只能卖到底了。。。
[2026-02-22 02:31:33] 清风浮过丶: @玩机器：布罗利，这波我只能卖到底了。。。
[2026-02-22 02:31:33] 一寸灰Q: 5k小时b+有什么好笑的，布罗利官匹4千分呢。。。
[2026-02-22 02:31:33] 丨花千树: @玩机器：布罗利，这波我只能卖到底了。。。
[2026-02-22 02:31:33] 沐苏牛大无需多言: 友情提示：弹幕已经半小时没有喷玩机器了
[2026-02-22 02:31:34] TL的EliGE本人: 真有人看到布罗利一仓库黑蛋能不笑吗
[2026-02-22 02:31:34] LvvsiN: 我让你开双倍你二龙吗？老子荧光棒要过期了
[2026-02-22 02:31:34] chanceuxzz: @玩机器：布罗利，这波我只能卖到底了。。。
[2026-02-22 02:31:34] AmamiyaIori: 如果你们认为羞辱一个高位接盘黑蛋家里裂墙鼻毛很长5000小时b加的房管很有成就感的话，请继续
[2026-02-22 02:31:34] 拜仁每一分都是传奇: 　　　 你们这些✚1的，就像村头的🐕叫了一声，然后
[2026-02-22 02:31:34] 瞄准高高手: @玩机器：布罗利，这波我只能卖到底了。。。
[2026-02-22 02:31:34] 梦想是独立自由: a1说话
[2026-02-22 02:31:34] CSTG江叉叉: 闹麻了 弹幕有一个能看自己库存两百个黑蛋的吗
[2026-02-22 02:31:34] Aruka6: 5k小时b+有什么好笑的，布罗利官匹4千分呢。。。
[2026-02-22 02:31:34] 好姐妹八幡海铃丶: 友情提示：弹幕已经半小时没有喷玩机器了
[2026-02-22 02:31:35] simple的前男友: 房管5k+时长b+就能看出这个直播间的cs氛围了
[2026-02-22 02:31:35] sab33r: 如果你们认为羞辱一个高位接盘黑蛋家里裂墙鼻毛很长5000小时b加的房管很有
[2026-02-22 02:31:35] Mortnotz: 5k小时b+有什么好笑的，布罗利官匹4千分呢。。。
[2026-02-22 02:31:35] 和泉千晶MAo: 5k小时b+有什么好笑的，布罗利官匹4千分呢。。。
[2026-02-22 02:31:35] 友人A145946: 🤣🤣🤣🤣
[2026-02-22 02:31:36] KRU的Less本人: 别因为喷布罗利就忘了喷玩 出啊，我知道大家不会忘，就是提一嘴
[2026-02-22 02:31:36] Bloodpupil662: 　　　 银行业一样一样有有有也会有h'yughty't'y'r's'c'dn
[2026-02-22 02:31:36] 呆妹儿的姑父: 房管5k+时长b+就能看出这个直播间的cs氛围了
[2026-02-22 02:31:36] 个体: @玩机器：布罗利，这波我只能卖到底了。。。
[2026-02-22 02:31:36] 撒浪嘿呦0v0: 真有人看到布罗利一仓库黑蛋能不笑吗
[2026-02-22 02:31:36] 薛定谔的萝莉喵: @玩机器：布罗利，这波我只能卖到底了。。。
[2026-02-22 02:31:37] 智慧之主布耶尔: 小知识：数字其实是32，所以可以刷32玩机器
[2026-02-22 02:31:37] 落泪改名含泪: @玩机器：布罗利，这波我只能卖到底了。。。
[2026-02-22 02:31:37] 迷路啊啊:     你们这些✚1的，就像村头的🐕叫了一声，然后
[2026-02-22 02:31:37] 玩弓箭、Arrow: 友情提示：弹幕已经半小时没有喷玩机器了
[2026-02-22 02:31:37] 古堡12枪战神: 真有人看到布罗利一仓库黑蛋能不笑吗
[2026-02-22 02:31:38] 好姐妹八幡海铃丶: 友情提示：弹幕已经半小时没有喷玩机器了
[2026-02-22 02:31:38] 帅帅的翅膀为你翱翔: 如果你们认为羞辱一个高位接盘黑蛋家里裂墙鼻毛很长的尼孝房管很有成就感的话，请继续
[2026-02-22 02:31:38] LvvsiN: 其实碗橱就是猪灵，你不拿黄金丢他他就不跟你说话
[2026-02-22 02:31:38] S闪Aw: 房管5k+时长b+就能看出这个直播间的cs氛围了
[2026-02-22 02:31:38] HHHHanni: 如果你们认为羞辱一个高位接盘黑蛋家里裂墙鼻毛很长的尼孝房管很有成就感的话，请继续
[2026-02-22 02:31:38] CSTG江叉叉: 真有人看到布罗利一仓库黑蛋能不笑吗
[2026-02-22 02:31:38] 用户91227835: @玩机器：布罗利，这波我只能卖到底了。。。
[2026-02-22 02:31:38] 斷H弦: love and peace了
[2026-02-22 02:31:38] 女武神布伦希尔德: 友情提示：弹幕已经半小时没有喷玩机器了
[2026-02-22 02:31:38] 纸漓: 如果你们认为羞辱一个高位接盘黑蛋家里裂墙鼻毛很长的尼孝房管很有成就感的话，请继续
[2026-02-22 02:31:38] 小蜜蜂载物本人: 真有人看到布罗利一仓库黑蛋能不笑吗
[2026-02-22 02:31:38] 鄙视桑: 如果你们认为羞辱一个高位接盘黑蛋家里裂墙鼻毛很长的尼孝房管很有成就感的话，请继续
[2026-02-22 02:31:39] 幼稚的虫圭: @玩机器：布罗利，这波我只能卖到底了。。。
[2026-02-22 02:31:39] 新津粥劫伦: 抓娃娃
[2026-02-22 02:31:39] 錦笙: 如果你们认为羞辱一个高位接盘黑蛋家里裂墙鼻毛很长5000小时b加的房管很有
[2026-02-22 02:31:39] cornkiner: 尼孝房管你太棒了！！！尼孝房管你太棒了！！！尼孝房管你太棒了！！！
[2026-02-22 02:31:39] 我不是闪烁啊: 银行业一样一样有有有也会有h'yughty't'y'r's'c'dn
[2026-02-22 02:31:39] MataXian: 冷知识：布罗利买黑蛋买错买成20rmr皮蛋了
[2026-02-22 02:31:39] 狂野银幕长崎素世: 真有人看到布罗利一仓库黑蛋能不笑吗
[2026-02-22 02:31:39] 常州欧汉声丶: 友情提示：弹幕已经半小时没有喷玩机器了
[2026-02-22 02:31:39] 石家庄的宠物男孩: @玩机器：布罗利，这波我只能卖到底了。。。
[2026-02-22 02:31:39] 雨的舟: @玩机器：布罗利，这波我只能卖到底了。。。
[2026-02-22 02:31:40] 用戶6657: 如果你们认为羞辱一个高位接盘黑蛋家里裂墙鼻毛很长5000小时b加的房管很有成就感的话，请继续
[2026-02-22 02:31:40] 我想玩小蜜蜂: 友情提示：弹幕已经半小时没有喷玩机器了
[2026-02-22 02:31:40] 黑奈Car: 如果你们认为羞辱一个高位接盘黑蛋家里裂墙鼻毛很长的尼孝房管很有成就感的话，请继续。。。
[2026-02-22 02:31:41] 传统peek高手XANTARES: 恩人
[2026-02-22 02:31:41] xOcOg: @布罗利Broli：感觉今年monesy要TOP1了🤦‍
[2026-02-22 02:31:41] 付先生fj: 别因为喷布罗利就忘了喷玩 出啊，我知道大家不会忘，就是提一嘴
[2026-02-22 02:31:41] 鸭硕的哈撒给: 真有人看到布罗利一仓库黑蛋能不笑吗
[2026-02-22 02:31:41] Aruka6: 5000小时B+诗人啊？4500小时都在社区服看饰品吧？
[2026-02-22 02:31:41] Rain289416: @玩机器：布罗利，这波我只能卖到底了。。。
[2026-02-22 02:31:41] 好姐妹八幡海铃丶: 友情提示：弹幕已经半小时没有喷玩机器了
[2026-02-22 02:31:41] 我有一对电动大牛子: 如果你们认为羞辱一个高位接盘黑蛋家里裂墙鼻毛很长的尼孝房管很有成就感的话，请继续
[2026-02-22 02:31:41] 智慧之主布耶尔: 小知识：数字其实是32，所以可以刷32玩机器小知识：数字其实是32，所以可以刷32玩机器
[2026-02-22 02:31:42] LvvsiN: 孩子们快跑，马修赫伯特来了😨卧槽你的怎么是马枪和BOT
[2026-02-22 02:31:42] Jess2: 别因为喷布罗利就忘了喷玩 出啊，我知道大家不会忘，就是提一嘴
[2026-02-22 02:31:42] 小橙子橙99999: 5k小时b+有什么好笑的，布罗利官匹4千分呢。。。
[2026-02-22 02:31:42] 高松灯扣死千早爱音: @玩机器：布罗利，这波我只能卖到底了。。。
[2026-02-22 02:31:42] 没事小子: 别别别
[2026-02-22 02:31:42] 摩卡加氢氧化钠: 别别别
[2026-02-22 02:31:42] 热体温却无灵魂: 5000小时b加不让我笑，还得等他破万啊
[2026-02-22 02:31:43] 机器的亲爹Dupreeh本人: @玩机器：布罗利，这波我只能卖到底了。。。
[2026-02-22 02:31:43] kedadra: @玩机器：布罗利，这波我只能卖到底了。。。
[2026-02-22 02:31:43] 不跟你多喵喵: 不如6657
[2026-02-22 02:31:43] 潇洒大概: 友情提示：弹幕已经半小时没有喷玩机器了
[2026-02-22 02:31:44] 驴驴伟伟major冠军: 真有人看到布罗利一仓库黑蛋能不笑吗
[2026-02-22 02:31:44] 秋茶小雪: 玩宝宝是t几
[2026-02-22 02:31:44] Ephemerality137: 真有人看到布罗利一仓库黑蛋能不笑吗
[2026-02-22 02:31:44] 狂野银幕长崎素世: 真有人看到布罗利一仓库黑蛋能不笑吗
[2026-02-22 02:31:44] EDG的皮特174本人: 怀念最好的五个人：卡点、哑毙、死挡、速死、特色
[2026-02-22 02:31:44] 魔女审判的二阶堂希罗: 如果你们认为羞辱一个高位接盘黑蛋家里裂墙鼻毛很长5000小时b加的房管很有
[2026-02-22 02:31:45] 丰川祥子口三角初华: 友情提示：弹幕已经半小时没有喷玩机器了
[2026-02-22 02:31:45] xxx2xxx: @玩机器：布罗利，这波我只能卖到底了。。。
[2026-02-22 02:31:45] 早安丿章鱼哥: 别别别
[2026-02-22 02:31:45] 偷哦嘘鞭贷拔:  @玩机器：布罗利，这波我只能卖到底了。。。
[2026-02-22 02:31:45] 卡啊卡卡丶: @布罗利Broli：感觉今年monesy要TOP1了🤦‍
[2026-02-22 02:31:45] 载大哥的狗: @布罗利Broli：感觉今年monesy要TOP1了🤦‍
[2026-02-22 02:31:45] 可爱玩宝宝: 主播，这么好看的比赛，能不能大喊一声，让直播间睡着的兄弟起来一起看
[2026-02-22 02:31:45] 不知名贝斯手: @玩机器：布罗利，这波我只能卖到底了。。。
[2026-02-22 02:31:45] 玩龟的神头: 如果你们认为羞辱一个高位接盘黑蛋家里裂墙鼻毛很长的尼孝房管很有成就感的话，请继续。。。
[2026-02-22 02:31:45] Allieria: 别别别
[2026-02-22 02:31:46] 我要自闭了ovo: 如果你们认为羞辱一个高位接盘黑蛋家里裂墙鼻毛很长的尼孝房管很有成就感的话，请继续
[2026-02-22 02:31:46] 无伟契约: 感觉不如解说一哥
[2026-02-22 02:31:46] 巅峰社丶西门吹雪: 弹幕不要再发了😭😭你会消失的😭😭会变成……会变成……坏人的鱼丸……😭😭
[2026-02-22 02:31:46] Laila丶丶: machine呢
[2026-02-22 02:31:46] 忽孝山庄: 友情提示：弹幕已经半小时没有喷玩机器了
[2026-02-22 02:31:47] 机长家的华仔: 真有人看到布罗利一仓库黑蛋能不笑吗
[2026-02-22 02:31:47] jamesfaith23: 友情提示：弹幕已经半小时没有喷玩机器了
[2026-02-22 02:31:47] HisuiHearts: 真有人看到布罗利一仓库黑蛋能不笑吗
[2026-02-22 02:31:47] 呆妹儿的姑父: @玩机器：布罗利，这波我只能卖到底了。。。
[2026-02-22 02:31:47] CSTG江叉叉: @玩机器：布罗利，这波我只能卖到底了。。。
[2026-02-22 02:31:47] 好姐妹八幡海铃丶: 友情提示：弹幕已经半小时没有喷玩机器了
[2026-02-22 02:31:47] 羽川翼的恋爱物语: 玩宝宝算T0
[2026-02-22 02:31:47] eewwovo: 友情提示：弹幕已经半小时没有喷玩机器了
[2026-02-22 02:31:47] 爱马修更爱玩宝宝: @玩机器：布罗利，这波我只能卖到底了。。。
[2026-02-22 02:31:48] HapCam: 真有人看到布罗利一仓库黑蛋能不笑吗
[2026-02-22 02:31:48] 丶小恐龙丶: 如果你们认为羞辱一个高位接盘黑蛋家里裂墙鼻毛很长5000小时b加的房管很有成就感的话，请继续
[2026-02-22 02:31:48] C9的achine6658本人: 5k小时b+有什么好笑的，布罗利官匹4千分呢。。。
[2026-02-22 02:31:48] 小艾店长1031: 玩机器呢
[2026-02-22 02:31:48] 阿羞羞i: 不如6657
[2026-02-22 02:31:48] AG的青叶摩卡本人: @玩机器：布罗利，这波我只能卖到底了。。。
[2026-02-22 02:31:49] XCChieri: 别别别
[2026-02-22 02:31:49] 白金燐子本人: 懂你意思
[2026-02-22 02:31:49] 剑崎梨梨花: 友情提示：弹幕已经半小时没有喷玩机器了
[2026-02-22 02:31:49] 泪水的冷冽: 玩机器也是T0
[2026-02-22 02:31:49] 孩孩京京major冠军: 玩机器算多少
[2026-02-22 02:31:50] LvvsiN: 孩子们快跑，马修赫伯特来了😨卧槽你的怎么是马枪和BOT
[2026-02-22 02:31:50] 仲夏677: 真有人看到布罗利一仓库黑蛋能不笑吗
[2026-02-22 02:31:50] Kurisu048596: 玩机器算什么
[2026-02-22 02:31:50] 轻伤酱: 那mashine算T几
[2026-02-22 02:31:50] 岭上雾冷: @Ni顺ko：不要念辣个😭，也不要去搜😭，辣个是串人的😭
[2026-02-22 02:31:50] 乌贼王乌索普: 如果你们认为羞辱一个高位接盘黑蛋家里裂墙鼻毛很长的尼孝房管很有成就感的话，请继续。。。
[2026-02-22 02:31:51] 柚柚子Yuyuko: 感觉不如解说一哥
[2026-02-22 02:31:51] 尼尼孩孩合好吧: machine呢
[2026-02-22 02:31:51] eyu星天涯: T0 玩机器
[2026-02-22 02:31:52] 胡椒胡椒胡椒胡椒胡椒: 布罗列高位接盘黑蛋家里裂墙鼻毛很长的尼孝也能黑啊，nb。。。
[2026-02-22 02:31:52] 到霸霸这儿来ii: 那你T几
[2026-02-22 02:31:52] 北宇治拳王久石奏: 玩宝宝是t几
[2026-02-22 02:31:52] 山竹手的柚子: 不如玩机器
[2026-02-22 02:31:52] Mahuyu: 你算T几？
[2026-02-22 02:31:53] racula: @玩机器：布罗利，这波我只能卖到底了。。。
[2026-02-22 02:31:53] 宇莓: 你玩机器反正算双标一哥
[2026-02-22 02:31:53] 图帕雷松: @玩机器：布罗利，这波我只能卖到底了。。。
[2026-02-22 02:31:53] 用戶6657: 真有人看到布罗利一仓库黑蛋能不笑吗
[2026-02-22 02:31:53] 老实憨厚的戴便: 那你是t几
[2026-02-22 02:31:53] 替换狗蛇的Magisk本人: 真有人看到布罗利一仓库黑蛋能不笑吗
[2026-02-22 02:31:54] chordclef: 玩宝宝是t几
[2026-02-22 02:31:54] Z伊卡洛斯Z: chine呢
[2026-02-22 02:31:54] 大家要幸福呀: @玩机器：布罗利，这波我只能卖到底了。。。
[2026-02-22 02:31:54] 吊人日子不过了: 不如6657
[2026-02-22 02:31:54] Odike: @玩机器：布罗利，这波我只能卖到底了。。。
[2026-02-22 02:31:54] 智慧之主布耶尔: 小知识：数字其实是32，所以可以刷32玩机器
[2026-02-22 02:31:54] xjdnshxjdka: 好想当玩神直播间的房管啊，可惜我鼻毛不够长。。。
[2026-02-22 02:31:55] 欧提努斯的: 那machine呢？
[2026-02-22 02:31:55] 哒哒哒89917: 机器，现在人少，你说说赏金赛MVP该给谁？
[2026-02-22 02:31:55] 好哥们韩信: 大家千万不要给布罗利的steam账号发送交易报价再举报啊，我知道大家不知道就是提一句🤭
[2026-02-22 02:31:55] Altolier: 玩宝宝是t几
[2026-02-22 02:31:55] Mahuyu: 别别别
[2026-02-22 02:31:56] cornkiner: 5k小时B+有什么好笑的，布罗利官匹4千分呢。。。
[2026-02-22 02:31:56] 7奥蕾莉亚7: 友情提示：弹幕已经半小时没有喷玩机器了
[2026-02-22 02:31:56] 小怪兽8692: 如果你们认为羞辱一个高位接盘黑蛋家里裂墙鼻毛很长的尼孝房管很有成就感的话，请继续。。。如果你们认
[2026-02-22 02:31:56] LvvsiN: 为什么房管封的不能给鱼丸……还以为今天晚上得吃了……
[2026-02-22 02:31:57] Halohh1y: fw
[2026-02-22 02:31:57] 鲜血与暗影铸造的家伙: 吃力
[2026-02-22 02:31:57] siufff: @Ni顺ko：不要念辣个😭，也不要去搜😭，辣个是串人的😭
[2026-02-22 02:31:57] 神马米洛: @玩机器：布罗利，这波我只能卖到底了。。。
[2026-02-22 02:31:57] 椅子能坐盘子能偷: 玩大哥算t**
[2026-02-22 02:31:57] 猜猜他是who: 吃力
[2026-02-22 02:31:58] Geometric33: 懂你意思
[2026-02-22 02:31:58] 黑鳖王: @Ni顺ko：不要念辣个😭，也不要去搜😭，辣个是串人的😭
[2026-02-22 02:31:58] LvvsiN: 玩 出，我双倍呢？😡😡玩 出，我双倍呢？😡😡玩 出，我双倍呢？😡😡玩 出，我双倍呢？😡
[2026-02-22 02:31:58] betterToWait丶xzs: 玩大哥你再不下播你房管的sfz都要被挖出来了
[2026-02-22 02:31:58] 黑奈Car: @智慧之主布耶尔：小知识：数字其实是32，所以可以刷32玩机器小知识：数字其实是32，所以可以刷32
[2026-02-22 02:31:58] 随便7496987289: 热知识:布罗利其实是传说中的超级赛亚人
[2026-02-22 02:31:59] 吉吉的Niko本人: 数字布罗利！
数字布罗利！
数字布罗利！
数字布罗利！
数字布罗利！
数字布罗利！
数字布罗利！
数
[2026-02-22 02:31:59] yuuuuua7: 好久没这么酣畅淋漓的战斗了😊😊
[2026-02-22 02:31:59] 胡椒胡椒胡椒胡椒胡椒: 布罗列高位接盘黑蛋家里裂墙鼻毛很长的尼孝也能黑啊，nb。。。
[2026-02-22 02:31:59] 玩鸟器丶Machine: 玩机器算T几
[2026-02-22 02:31:59] 用戶6657: @布罗利 3年前：用你看不起？小蜜蜂怎么玩都是小组第一，你是个P🤣
[2026-02-22 02:31:59] 呆妹儿的姑父: 真有人看到布罗利一仓库黑蛋能不笑吗
[2026-02-22 02:31:59] 偷鸡蛋的玩机器本人o: -106
[2026-02-22 02:31:59] 好姐妹八幡海铃丶: 友情提示：弹幕已经半小时没有喷玩机器了
[2026-02-22 02:32:00] 阿聚TaHa: 如果你们认为羞辱一个高位接盘黑蛋家里裂墙鼻毛很长的尼孝房管很有成就感的话，请继续。。。如果你们认
[2026-02-22 02:32:00] 一血五牌神将: machine+spunj是t0
[2026-02-22 02:32:00] LvvsiN: 银行业😄银行业😀银行业😃银行业😁银行业😆银行业🤪银行业😝
[2026-02-22 02:32:00] 红魔馆的蕾米莉亚本人: 布罗利一裤子的黑蛋弹幕怎么比
[2026-02-22 02:32:00] 渡边曜女士: 真有人看到布罗利一仓库黑蛋能不笑吗
[2026-02-22 02:32:00] C9的achine6658本人: 玩神到底能不能玩数字梗啊之前这么多危险比分警告不封
[2026-02-22 02:32:01] 老鸡艳遇记: 大家千万不要给布罗利的steam账号发送交易报价再举报啊，我知道大家不知道就是提一句🤭
[2026-02-22 02:32:01] PlasticLove530: 弹幕还真有人支持蒙古啊🙄💅
[2026-02-22 02:32:01] 潇洒大概: A1说话
[2026-02-22 02:32:01] 冬原春希: 吃力
[2026-02-22 02:32:01] 岭上雾冷: @Ni顺ko：不要念辣个😭，也不要去搜😭，辣个是串人的😭
[2026-02-22 02:32:01] 呆妹儿的姑父: 真有人看到布罗利一仓库黑蛋能不笑吗
[2026-02-22 02:32:01] 大裂谷的登山家: fw
[2026-02-22 02:32:02] 1504990711: 你算T几？
[2026-02-22 02:32:02] 陌襲: fw
[2026-02-22 02:32:02] 迷你世界丁真学姐1: fw
[2026-02-22 02:32:02] LvvsiN: 南孚一节更比六节强，也就是一节南孚比六节南孚强，六节南孚比三十六节强，三十六节比二百一十六节强
[2026-02-22 02:32:02] 白金燐子本人: 你算T几？
[2026-02-22 02:32:03] 曲奇三梦: 布罗列高位接盘黑蛋家里裂墙鼻毛很长的尼孝也能黑啊，nb。。。
[2026-02-22 02:32:03] 小木曾雪菜本人: 玩机器machine排t几
[2026-02-22 02:32:03] 八重森彌妮: 载圣圣在证明了玩÷÷🤣
[2026-02-22 02:32:03] 玩玩玩玩的顽顽: 玩机器算t几个
[2026-02-22 02:32:03] 銀傷: 如果你们认为羞辱一个高位接盘黑蛋家里裂墙鼻毛很长的尼孝房管很有成就感的话，请继续。。。
[2026-02-22 02:32:03] xuzVan: 别别别，没玩机器为jee讨回公道时激情
[2026-02-22 02:32:03] 江原道智秀: 哦
[2026-02-22 02:32:03] 瑭珏: -106
[2026-02-22 02:32:03] shanweii: 真有人看到布罗利一仓库黑蛋能不笑吗
[2026-02-22 02:32:04] 冷言i丶: 你玩机器反正算双标一哥
[2026-02-22 02:32:04] 专看玩机器的号: @Ni顺ko：不要念辣个😭，也不要去搜😭，辣个是串人的😭
[2026-02-22 02:32:04] 起名字真特么麻烦: /PUNJ：别别别
[2026-02-22 02:32:04] 丶小恐龙丶: 真有人看到布罗利一仓库黑蛋能不笑吗
[2026-02-22 02:32:04] 我不是闪烁啊: 银行业一样一样有有有也会有h'yughty't'y'r's'c'dn
[2026-02-22 02:32:05] crychic的疯穿箱子本人: 河北第一深情玩机器马信
[2026-02-22 02:32:05] csgo小茄子: 5k小时b+算什么，我还知道一个1w小时a+局9-19的十年老解说
[2026-02-22 02:32:05] 什么名字都被用了诶: -106
[2026-02-22 02:32:05] P丶ersist丿: a1说话
[2026-02-22 02:32:05] 要有光o: Fw
[2026-02-22 02:32:05] 好哥们韩信: 大家千万不要给布罗利的steam账号发送交易报价再举报啊，我知道大家不知道就是提一句🤭
[2026-02-22 02:32:06] 青山锁欲锁不住你: @Ni顺ko：不要念辣个😭，也不要去搜😭，辣个是串人的😭
[2026-02-22 02:32:06] 洞洞载载车车major冠军: 可是玩宝宝也很棒啊🥺🥺🥺
[2026-02-22 02:32:06] 董夫子-字栓之: @Ni顺ko：不要念辣个😭，也不要去搜😭，辣个是串人的😭
[2026-02-22 02:32:06] LvvsiN: 玩宝宝，我发现在大学上学的时候肄业会很舒服，你可以试试
[2026-02-22 02:32:06] 智慧之主布耶尔: 小知识：数字其实是32，所以可以刷32玩机器小知识：数字其实是32，所以可以刷32玩机器小知识：数字
[2026-02-22 02:32:06] 黑白玄鸟: -106
[2026-02-22 02:32:06] 动物朋友哈基米: @Ni顺ko：不要念辣个😭，也不要去搜😭，辣个是串人的😭
[2026-02-22 02:32:07] 白鵉鳶OriGami: T6657玩机器
[2026-02-22 02:32:07] Falcons的橘雪莉本人: 我多嘴说一句，其实布罗利买的是20年黑蛋。。。。
[2026-02-22 02:32:07] xOcOg: @布罗利Broli：感觉今年monesy要TOP1了🤦‍
[2026-02-22 02:32:07] 高松的灯ll: 真有人看到布罗利一仓库黑蛋能不笑吗
[2026-02-22 02:32:08] 呆妹儿的姑父: 真有人看到布罗利一仓库黑蛋能不笑吗
[2026-02-22 02:32:08] 77一定会是我的: 大家别喷了，是Niko指挥的布罗利
[2026-02-22 02:32:08] 吉吉的Niko本人: 数字布罗利！
数字布罗利！
数字布罗利！
数字布罗利！
数字布罗利！
数字布罗利！
数字布罗利！
数
[2026-02-22 02:32:08] jamesfaith23: 玩大哥你再不下播你房管的sfz都要被挖出来了
[2026-02-22 02:32:08] LvvsiN: 银行业😄银行业😀银行业😃银行业😁银行业😆银行业🤪银行业😝
[2026-02-22 02:32:08] 离黯xxx: machine呢
[2026-02-22 02:32:08] suicho: 蜜蜂要是没进决赛那更恨了，荧光棒都没了😱😱😱
[2026-02-22 02:32:08] 希德Cyder: 玩宝宝是t几
[2026-02-22 02:32:09] csgo小茄子: 5k小时b+算什么，我还知道一个1w小时a+局9-19的十年老解说
[2026-02-22 02:32:09] 用戶6657: @布罗利 3年前：用你看不起？小蜜蜂怎么玩都是小组第一，你是个P🤣
[2026-02-22 02:32:10] yuuik27: 玩大哥你再不下播你房管的sfz都要被挖出来了
[2026-02-22 02:32:10] Aabv8877: landers别老串还有机会t0的
[2026-02-22 02:32:10] LvvsiN: 我让你开双倍你二龙吗？老子荧光棒要过期了
[2026-02-22 02:32:10] 結城希亞: 　　　 @Ni顺ko：不要念辣个😭，也不要去搜😭，辣个是串人的😭
[2026-02-22 02:32:10] 稳稳稳: 96的大学毕业了？
[2026-02-22 02:32:10] 呆妹儿的姑父: 真有人看到布罗利一仓库黑蛋能不笑吗
[2026-02-22 02:32:11] 好姐妹河北省花: 你玩机器反正算双标一哥
[2026-02-22 02:32:11] MSK枫: niko
[2026-02-22 02:32:11] 阡陌ER: 真有人看到布罗利一仓库黑蛋能不笑吗
[2026-02-22 02:32:11] waterfalldown: 喜欢引导的玩宝宝是t几?
[2026-02-22 02:32:12] 好哥们韩信: 大家千万不要给布罗利的steam账号发送交易报价再举报啊，我知道大家不知道就是提一句🤭
[2026-02-22 02:32:12] 暴力卓司: 玩大哥你线下和布罗利一起见面活动是一起骂载物吗？
[2026-02-22 02:32:12] LvvsiN: 你为什么要把mαjor禁了，我收藏的一半弹幕全毁了
[2026-02-22 02:32:12] 風起白鹭湾: 布罗利这种人有芝麻大的权力就这么跳，有更大我不敢想......
[2026-02-22 02:32:12] mikeycu: 真有人看到布罗利一仓库黑蛋能不笑吗
[2026-02-22 02:32:12] 山田凉来了: 5k小时b+算什么，我还知道一个1w小时a+局9-19的十年老解说
[2026-02-22 02:32:13] 肘一郎: @这里是小天啊：玩大哥我现在辞职还来得及吗😨
[2026-02-22 02:32:13] 呆妹儿的姑父: 真有人看到布罗利一仓库黑蛋能不笑吗
[2026-02-22 02:32:13] 我也是加把劲骑士: 真有人看到布罗利一仓库黑蛋能不笑吗
[2026-02-22 02:32:13] 今晚炸撤硕: @玩机器：布罗利你帮我似一下
[2026-02-22 02:32:14] 黑化的玩小将: @钟离：哼，欺负玩宝宝？——𒆙——天动万象
[2026-02-22 02:32:14] 图帕雷松: 　　　 小知识：数字其实是32，所以可以刷32玩机器小知识：数字其实是32，所以可以刷32玩机器小知
[2026-02-22 02:32:14] LvvsiN: 孩子们快跑，马修赫伯特来了😨卧槽你的怎么是马枪和BOT
[2026-02-22 02:32:14] 另一个世界7: 真有人看到布罗利一仓库黑蛋能不笑吗
[2026-02-22 02:32:14] Mortnotz: @布罗利Broli：感觉今年monesy要TOP1了🤦‍
[2026-02-22 02:32:14] 黄河流年: 96得上过大学吗
[2026-02-22 02:32:14] 吉吉的Niko本人: 数字布罗利！
数字布罗利！
数字布罗利！
数字布罗利！
数字布罗利！
数字布罗利！
数字布罗利！
数
[2026-02-22 02:32:15] XCChieri: 真有人看到布罗利一仓库黑蛋能不笑吗
[2026-02-22 02:32:15] 不知名贝斯手: 真有人看到布罗利一仓库黑蛋能不笑吗
[2026-02-22 02:32:15] dy不倒我不倒: 我让你开双倍你二龙吗？老子荧光棒要过期了
[2026-02-22 02:32:15] triangle233: 大家千万不要给布罗利的steam账号发送交易报价再举报啊，我知道大家不知道就是提一句🤭
[2026-02-22 02:32:15] 蓝鲸少年与小巷: 真有人看到布罗利一仓库黑蛋能不笑吗
[2026-02-22 02:32:15] 呆妹儿的姑父: 真有人看到布罗利一仓库黑蛋能不笑吗
[2026-02-22 02:32:16] 肘一郎: @这里是小天啊：玩大哥我现在辞职还来得及吗😨
[2026-02-22 02:32:16] 北部第一玄驹: chine呢
[2026-02-22 02:32:16] LvvsiN: 我提一嘴这剧情越来越像上海major了
[2026-02-22 02:32:16] 无情大强哥: 有痰
[2026-02-22 02:32:17] 用户30639588: 玩大哥你线下和布罗利一起见面活动是一起骂载物吗？
[2026-02-22 02:32:17] 爆爆爆开爆: 真有人看到布罗利一仓库黑蛋能不笑吗
[2026-02-22 02:32:17] 黑化的玩小将: @钟离：哼，欺负玩宝宝？——𒆙——天动万象
[2026-02-22 02:32:18] EolhcALeK: -106
[2026-02-22 02:32:18] vgcyt: 真有人看到布罗利一仓库黑蛋能不笑吗
[2026-02-22 02:32:18] csgo小茄子: 5k小时b+算什么，我还知道一个1w小时a+局9-19的十年老解说
[2026-02-22 02:32:18] S1natra: 玩大哥你再不下播你房管的sfz都要被挖出来了
[2026-02-22 02:32:18] 玩蓝紫丶Mechine: 玩机器我不欠你的了 mlb
[2026-02-22 02:32:18] LvvsiN: 我让你开双倍你二龙吗？老子荧光棒要过期了
[2026-02-22 02:32:18] 呆妹儿的姑父: 真有人看到布罗利一仓库黑蛋能不笑吗
[2026-02-22 02:32:19] 肘一郎: @这里是小天啊：玩大哥我现在辞职还来得及吗😨
[2026-02-22 02:32:19] The8little8oNe: 接盘黑蛋是的有多纯
[2026-02-22 02:32:20] Odike: @阿雨：布罗利你安心去吧，玩大哥保你安度晚年
[2026-02-22 02:32:20] 野pig亨利28: 真有人看到布罗利一仓库黑蛋能不笑吗
[2026-02-22 02:32:20] 兴豚: 真有人看到布罗利一仓库黑蛋能不笑吗
[2026-02-22 02:32:20] LvvsiN: 南孚一节更比六节强，也就是一节南孚比六节南孚强，六节南孚比三十六节强，三十六节比二百一十六节强
[2026-02-22 02:32:21] 下北沢涼桑: machine算T房管吗
[2026-02-22 02:32:21] 呆妹儿的姑父: 真有人看到布罗利一仓库黑蛋能不笑吗
[2026-02-22 02:32:21] 明天就和蕾塞结婚: 玩机器t4吧
[2026-02-22 02:32:21] xjdnshxjdka: 好想当玩神直播间的房管啊，可惜我鼻毛不够长。。。
[2026-02-22 02:32:21] Glew6: 实时胜率4%
[2026-02-22 02:32:22] 黑化的玩小将: @钟离：哼，欺负玩宝宝？——𒆙——天动万象
[2026-02-22 02:32:22] 逍遥丨丶尨: @玩机器：弹幕说的对啊，我挑两个发的最多的弹幕当房管备选😄
[2026-02-22 02:32:22] hxyvraf: 布罗利Broli  
2021年5月5日
..说的跟niko低simple一档一样 不管从荣誉还是数
[2026-02-22 02:32:22] 冥冥6657: 已经十分钟没有人提niko了
[2026-02-22 02:32:22] 哥本哈根大巨蜥: man
[2026-02-22 02:32:22] LvvsiN: 弹幕别吵了，银行业一样一样有有有也会有h'y'hui't'y'r's'c'dn
[2026-02-22 02:32:23] csgo小茄子: 5k小时b+算什么，我还知道一个1w小时a+局9-19的十年老解说
[2026-02-22 02:32:23] 哒哒哒89917: 弹幕在吵什么。。。看战绩也能看出来谁是指挥啊。。
[2026-02-22 02:32:23] 呆妹儿的姑父: 真有人看到布罗利一仓库黑蛋能不笑吗
[2026-02-22 02:32:24] 马修赫伯特本人: 真有人看到布罗利一仓库黑蛋能不笑吗
[2026-02-22 02:32:24] LvvsiN: 其实碗橱就是猪灵，你不拿黄金丢他他就不跟你说话
[2026-02-22 02:32:25] HanKsonn: 肺子咳烂
[2026-02-22 02:32:25] 钟初若叶睦: @钟离：哼，欺负玩宝宝？——𒆙——天动万象
[2026-02-22 02:32:26] 智慧之主布耶尔: 小知识：数字其实是32，所以可以刷32玩机器
[2026-02-22 02:32:26] LvvsiN: 弹幕别吵了，银行业一样一样有有有也会有h'y'hui't'y'r's'c'dn
[2026-02-22 02:32:27] 奇美拉的鸟谷真琴本人: 这个布罗利是谁啊
[2026-02-22 02:32:27] 黑化的玩小将: @钟离：哼，欺负玩宝宝？——𒆙——天动万象
[2026-02-22 02:32:28] QC很牛很强大: senzu在哪放羊呢
[2026-02-22 02:32:28] QAQ55555555: @钟离：哼，欺负玩宝宝？——𒆙——天动万象
[2026-02-22 02:32:28] dark1337: ？
[2026-02-22 02:32:28] 近战法师甘道夫zZ: 银行业有有有有有有有还有一样一样也会有
[2026-02-22 02:32:28] LvvsiN: @阿汤日记：一个人，5发子弹，保住格陵兰岛。我不会叫它不可能完成的任务，我现在只想先回家看亦博
[2026-02-22 02:32:29] 跳跃的司令官: 真有人看到布罗利一仓库黑蛋能不笑吗
[2026-02-22 02:32:30] 半城殇丶红尘: 真有人看到布罗利一仓库黑蛋能不笑吗
[2026-02-22 02:32:30] 菅叶和: 真有人看到布罗利一仓库黑蛋能不笑吗
[2026-02-22 02:32:30] LvvsiN: 我提一嘴这剧情越来越像上海major了
[2026-02-22 02:32:31] csgo小茄子: 5k小时b+算什么，我还知道一个1w小时a+局9-19的十年老解说
[2026-02-22 02:32:31] KuRoro1: P3
[2026-02-22 02:32:31] 迪奥雷: ropz无敌了
[2026-02-22 02:32:31] lllellle: 5k小时b+算什么，我还知道一个1w小时a+局9-19的十年老解说
[2026-02-22 02:32:32] MlianSe: q
[2026-02-22 02:32:32] 好哥们韩信: 布罗利评论区还没过100，玩小将当初团建斧乃木评论区的牛劲呢？
[2026-02-22 02:32:32] 伊森鸽丶不打烊: @玩机器：布罗利虽然潘多拉魔盒不是你开的但为了社团你先受着，等风头过了我把小天位置给你
[2026-02-22 02:32:32] LvvsiN: 我让你开双倍你二龙吗？老子荧光棒要过期了
[2026-02-22 02:32:32] QU总的双下巴: @钟离：哼，欺负玩宝宝？——𒆙——天动万象
[2026-02-22 02:32:33] 越勾越搜越王勾践: 奥斯汀决赛BP
[2026-02-22 02:32:34] 迷路啊啊: A1说话
[2026-02-22 02:32:34] 图帕雷松: ⓘ 该弹幕已被封禁
[2026-02-22 02:32:34] 滑稽的None: 弹幕别吵了，银行业一样一样有有有也会有h'y'hui't'y'r's'c'dn
[2026-02-22 02:32:34] Kunwz: 之前以为强哥骂标子是开玩笑的，没想到也是不小心将心里话说出来了
[2026-02-22 02:32:35] LvvsiN: 南孚一节更比六节强，也就是一节南孚比六节南孚强，六节南孚比三十六节强，三十六节比二百一十六节强
[2026-02-22 02:32:35] 羊宫妃那本人: 那T100岂不是路边了
[2026-02-22 02:32:35] The8little8oNe: 真有人看到布罗利一仓库黑蛋能不笑吗
[2026-02-22 02:32:35] 伊森鸽丶不打烊: @玩机器：布罗利虽然潘多拉魔盒不是你开的但为了社团你先受着，等风头过了我把小天位置给你】
[2026-02-22 02:32:36] 三三得玖w: 真有人看到布罗利一仓库黑蛋能不笑吗
[2026-02-22 02:32:37] 热情难止荒诞: a4刷了
[2026-02-22 02:32:37] LvvsiN: 孩子们快跑，马修赫伯特来了😨卧槽你的怎么是马枪和BOT
[2026-02-22 02:32:37] csgo小茄子: 5k小时b+算什么，我还知道一个1w小时a+局9-19的十年老解说
[2026-02-22 02:32:37] 什么罐头我说男人: 弹幕别吵了，银行业一样一样有有有也会有h'y'hui't'y'r's'c'dn
[2026-02-22 02:32:37] bLuEsTAr31: 真有人看到布罗利一仓库黑蛋能不笑吗
[2026-02-22 02:32:38] Ausliedy: man
[2026-02-22 02:32:38] KouKouJoe: 😙🍠😙🍠😙🍠😙🍠😙🍠😙🍠😙🍠😙🍠😙🍠😙🍠😙🍠
[2026-02-22 02:32:38] 好兄弟平湖家猪王: @senzu（放🐑中）：还有人记得我吗？
[2026-02-22 02:32:38] 胡椒胡椒胡椒胡椒胡椒: 布罗列高位接盘黑蛋家里裂墙鼻毛很长的尼孝也能黑啊，nb。。。
[2026-02-22 02:32:39] LvvsiN: 玩 出，我双倍呢？😡😡玩 出，我双倍呢？😡😡玩 出，我双倍呢？😡😡玩 出，我双倍呢？😡
[2026-02-22 02:32:39] 伊森鸽丶不打烊: @玩机器：布罗利虽然潘多拉魔盒不是你开的但为了社团你先受着，等风头过了我把小天位置给你
[2026-02-22 02:32:39] 好哥们韩信: @所有人兄弟们，最进弹幕可能会有很多人直球骂主播，如果碰到正常批的请不要封禁。如果碰到那种玩数字梗，谐音梗直接攻击我家人，或者水友家人的，麻
[2026-02-22 02:32:39] 江海大毛子爸爸: ⓘ 该弹幕已被封禁
[2026-02-22 02:32:39] TheMongolZ的上单本人: 真有人看到布罗利一仓库黑蛋能不笑吗
[2026-02-22 02:32:39] Z伊卡洛斯Z: 小知识：数字其实是32，所以可以刷32玩机器
[2026-02-22 02:32:39] 明天就和蕾塞结婚: 小知识：数字其实是32，所以可以刷32玩机器
[2026-02-22 02:32:40] 茂名水鬼: 玩神以后的2月份都不要直播了😭一到2月份大家都不喜欢你了😭
[2026-02-22 02:32:41] LvvsiN: 额，拿亚军我都会，拿亚军，拿季军，拿四强，拿八强，拿十六强，呃拿冠军我不会，然后小组赛淘汰
[2026-02-22 02:32:41] 蛋蛋可以进去吗: 载物又在系鞋带
[2026-02-22 02:32:41] 兔子不吃肉耶: 僵尸步
[2026-02-22 02:32:41] ThanatosSystem: 真有人看到布罗利一仓库黑蛋能不笑吗
[2026-02-22 02:32:41] 伊森鸽丶不打烊: @玩机器：布罗利虽然潘多拉魔盒不是你开的但为了社团你先受着，等风头过了我把小天位置给你】
[2026-02-22 02:32:41] 图帕雷松: 小夫在看弹幕吗，偷偷帮我解封一下🥺
[2026-02-22 02:32:41] Ch1Sa-: ？
[2026-02-22 02:32:41] LWJTMAC01: 真有人看到布罗利一仓库黑蛋能不笑吗
[2026-02-22 02:32:41] Ephemerality137: 5k小时b+算什么，我还知道一个1w小时a+局9-19的十年老解说
[2026-02-22 02:32:42] 暴力卓司: 玩大哥你线下和布罗利一起见面活动是骂载物吗？
[2026-02-22 02:32:42] bLuEsTAr31: 5k小时b+算什么，我还知道一个1w小时a+局9-19的十年老解说
[2026-02-22 02:32:42] 萝伯丝比尔: 弹幕别吵了，银行业一样一样有有有也会有h'y'hui't'y'r's'c'dn
[2026-02-22 02:32:43] LvvsiN: 弹幕也就网上说说，现实里谁不觉得樱姐是好女孩（删括号领一条远坂凛同款鸟笼）
[2026-02-22 02:32:43] 李小小与虾大大: 炸🥔
[2026-02-22 02:32:43] 好哥们韩信: 如果碰到那种玩数字梗，谐音梗直接攻击我家人，或者水友家人的，麻烦各位帮我封一下吧，365，谢谢大家了
[2026-02-22 02:32:44] 木空空空空空: 载物又在系鞋带
[2026-02-22 02:32:44] 琉丶枫: 起飞
[2026-02-22 02:32:45] LvvsiN: 我让你开双倍你二龙吗？老子荧光棒要过期了
[2026-02-22 02:32:45] csgo小茄子: 5k小时b+算什么，我还知道一个1w小时a+局9-19的十年老解说
[2026-02-22 02:32:45] 刘亦博之孙: @所有人兄弟们，最进弹幕可能会有很多人直球骂主播，如果碰到正常批的请不要封禁。如果碰到那种玩数字梗，谐音梗直接攻击我家人，或者水友家人的，麻
[2026-02-22 02:32:46] 一只米小悠呀悠: ？
[2026-02-22 02:32:46] UFOUFOUO: 布罗列高位接盘黑蛋家里裂墙鼻毛很长的尼孝也能黑啊，nb。。。
[2026-02-22 02:32:47] LvvsiN: 为什么房管封的不能给鱼丸……还以为今天晚上得吃了……
[2026-02-22 02:32:47] 老公骂我好口马: 载物又系鞋带
[2026-02-22 02:32:47] 好姐妹妮可: @这里是小天啊：玩大哥，惊喜年猪是我吗？😭
[2026-02-22 02:32:47] 迪奥雷: 僵尸
[2026-02-22 02:32:48] 等给他爱6发售中: 这也菲比啊。。。牛物
[2026-02-22 02:32:49] LvvsiN: 玩 出，我双倍呢？😡😡玩 出，我双倍呢？😡😡玩 出，我双倍呢？😡😡玩 出，我双倍呢？😡
[2026-02-22 02:32:49] 来自欧派星球: 帅u！
[2026-02-22 02:32:50] eda778: ？
[2026-02-22 02:32:50] 黑化的玩小将: @钟离：哼，欺负玩宝宝？——𒆙——天动万象
[2026-02-22 02:32:50] csgo小茄子: 5k小时b+算什么，我还知道一个1w小时a+局9-19的十年老解说
[2026-02-22 02:32:50] Ausliedy: A÷
[2026-02-22 02:32:50] 阿虎QAQ: 僵尸
[2026-02-22 02:32:50] 好哥们烈永周: 玩大哥看得见礼物，看不到弹幕真奇怪，是什么新型病毒吗？
[2026-02-22 02:32:50] 小羊肖恩6I6: 胖神
[2026-02-22 02:32:50] 皮里恩丶: ？
[2026-02-22 02:32:51] 秋茶小雪: 哈哈哈哈哈哈·
[2026-02-22 02:32:51] LvvsiN: 为什么房管封的不能给鱼丸……还以为今天晚上得吃了……
[2026-02-22 02:32:51] JanXu1999: 春节档票房冠军：《挥泪斩尼孝》，主演：玩机器饰诸葛亮，布罗利饰马谡
[2026-02-22 02:32:51] 1号群的语录哥: A➗
[2026-02-22 02:32:52] 礁石222: a÷
[2026-02-22 02:32:52] 愿你此生勿忘你: 小胖！
[2026-02-22 02:32:52] Allieria: 好
[2026-02-22 02:32:52] 李小小与虾大大: 僵尸
[2026-02-22 02:32:52] MSK枫: 载物又在系鞋带
[2026-02-22 02:32:52] likelixiaoyu: fw
[2026-02-22 02:32:52] 玩玩今天吃什么: 胖zin
[2026-02-22 02:32:52] 吃五顿: ？？
[2026-02-22 02:32:53] 江海大毛子爸爸: 僵尸
[2026-02-22 02:32:53] 夕ro: 僵尸
[2026-02-22 02:32:53] 用户0715022066: 布罗列高位接盘黑蛋家里裂墙鼻毛很长的尼孝也能黑啊，nb。。。
[2026-02-22 02:32:53] Litt1e丶Traveler: 哈吉胖
[2026-02-22 02:32:53] LvvsiN: 南孚一节更比六节强，也就是一节南孚比六节南孚强，六节南孚比三十六节强，三十六节比二百一十六节强
[2026-02-22 02:32:53] 黑化的玩小将: @钟离：哼，欺负玩宝宝？——𒆙——天动万象
[2026-02-22 02:32:53] 春花敲可爱的啦: 布罗列高位接盘黑蛋家里裂墙鼻毛很长的尼孝也能黑啊，nb。。。
[2026-02-22 02:32:53] 玩机器厦面鄙骰大: 僵尸
[2026-02-22 02:32:54] 三楼不如三箱: 豆出
[2026-02-22 02:32:54] 三上四下: 我活了🤗心脏舒服了😊呼吸均匀了😁我活了🤗心脏舒服了😊呼吸均匀了😁
[2026-02-22 02:32:54] 传统peek高手XANTARES: 豆出
[2026-02-22 02:32:54] 散落的花火的碎片: 载物又系鞋带
[2026-02-22 02:32:54] 明日香惣流: 胖zin！
[2026-02-22 02:32:54] 大帅060515: 精彩
[2026-02-22 02:32:54] Ephemerality137: A÷
[2026-02-22 02:32:54] 100t的浓汤宝本人: 这也菲比啊。。。牛物
[2026-02-22 02:32:54] jrcd66: 带不动啊
[2026-02-22 02:32:54] 用户02938034: fw
[2026-02-22 02:32:54] 暴力卓司: 玩大哥你线下和布罗利一起见面活动是骂载物吗？
[2026-02-22 02:32:55] 爱魚九千七: A➗
[2026-02-22 02:32:55] 温眸ind: 小胖！
[2026-02-22 02:32:55] Laila丶丶: 好准啊小胖
[2026-02-22 02:32:55] 大颗寿司玩机器: 布罗列高位接盘黑蛋家里裂墙鼻毛很长的尼孝也能黑啊，nb。。。
[2026-02-22 02:32:55] 正经猪头肉: 吊人在急森魔？
[2026-02-22 02:32:55] 近战法师甘道夫zZ: 弹幕别吵了，银行业一样一样有有有也会有h'y'hui't'y'r's'c'dn
[2026-02-22 02:32:55] JerrYemmm: 小胖！
[2026-02-22 02:32:56] KouKouJoe: 胖神
[2026-02-22 02:32:56] XPMaster: 这憨豆跑来跑去干啥
[2026-02-22 02:32:56] MeIoN39: 载物又在系鞋带
[2026-02-22 02:32:56] 有你便是世界1: 小胖！
[2026-02-22 02:32:56] 潇洒大概: a➗
[2026-02-22 02:32:56] 叛逆的源源李: A➗
[2026-02-22 02:32:56] suicho: 蜜蜂要是没进决赛那更恨了，荧光棒都没了😱😱😱
[2026-02-22 02:32:56] 大二土木狗叫旺财: APEX赢过
[2026-02-22 02:32:56] x星辰GGGGGG: A➗
[2026-02-22 02:32:57] 无伟契约: 这也菲比啊。。。牛物
[2026-02-22 02:32:57] 来挖掘: 马拉笑嘻了
[2026-02-22 02:32:57] 女武神布伦希尔德: 僵尸
[2026-02-22 02:32:57] 黑化的玩小将: @钟离：哼，欺负玩宝宝？——𒆙——天动万象
[2026-02-22 02:32:57] 就爱吃辣咋的: A➗
[2026-02-22 02:32:57] Killajoy: 小胖！
[2026-02-22 02:32:58] 中奖女装丨99999: falcons play
[2026-02-22 02:32:58] 废斯特物物: 载物又系鞋带
[2026-02-22 02:32:58] 千百度897: A➗
[2026-02-22 02:32:58] ThomasOldB: 猎鹰play
[2026-02-22 02:32:58] corriea: 帅
[2026-02-22 02:32:58] 坏天气啊坏: 小胖！
[2026-02-22 02:32:59] ZZzong: 5k小时b+算什么，我还知道一个1w小时a+局9-19的十年老解说
[2026-02-22 02:32:59] jamesfaith23: 僵尸
[2026-02-22 02:32:59] 小巷弯弯: 好！
[2026-02-22 02:32:59] 無話可說848: 僵尸
[2026-02-22 02:32:59] 零北鸢: 载物又系鞋带
[2026-02-22 02:32:59] 小悠的海梓: @好哥们韩信：如果碰到那种玩数字梗，谐音梗直接攻击我家人，或者水友家人的，麻烦各位帮我封一下吧，365，谢谢大家了
[2026-02-22 02:32:59] 我也是加把劲骑士: 马拉开心了
[2026-02-22 02:33:00] 77一定会是我的: 春节档票房冠军：《挥泪斩尼孝》，主演：玩机器饰诸葛亮，布罗利饰马谡
[2026-02-22 02:33:00] handsomesuperme: 春节档票房冠军：《挥泪斩尼孝》，主演：玩机器饰诸葛亮，布罗利饰马谡
[2026-02-22 02:33:00] 6657Bullys1mple: 载物又系鞋带
[2026-02-22 02:33:00] fazeclan的千早爱音: 要不叫小众宝藏直播间呢，全是结晶
[2026-02-22 02:33:00] 黑化的玩小将: @钟离：哼，欺负玩宝宝？——𒆙——天动万象
[2026-02-22 02:33:00] 山竹手的柚子: 🤷🏻‍♀️
[2026-02-22 02:33:00] 碳酸的汽水: 豆➗
[2026-02-22 02:33:01] LvvsiN: 为什么房管封的不能给鱼丸……还以为今天晚上得吃了……
[2026-02-22 02:33:01] 解说玩机包: 载物依旧系鞋带
[2026-02-22 02:33:01] xOcOg: @布罗利Broli：感觉今年monesy要TOP1了🤦‍
[2026-02-22 02:33:01] 黎那汐塔top2尤诺: A÷
[2026-02-22 02:33:01] 好姐妹倉田真白: 小胖！
[2026-02-22 02:33:01] 夕ro: falcons play
[2026-02-22 02:33:01] 热带雨林丶为爱鼓掌: 牛啊
[2026-02-22 02:33:02] 玩机器厦面鄙骰大: 胖神
[2026-02-22 02:33:02] 好好的吧不错: 玩大哥你线下和布罗利一起见面活动是骂载物吗？
[2026-02-22 02:33:02] 宫监手放监: 载物又系鞋带
[2026-02-22 02:33:03] 鹌鹑必成战神: 5k小时b+算什么，我还知道一个1w小时a+局9-19的十年老解说
[2026-02-22 02:33:03] Gverense: 你想笑就笑吧
[2026-02-22 02:33:03] Ch1Sa-: a出
[2026-02-22 02:33:03] 冰冰冰冰冰氷冰: 可爱捏
[2026-02-22 02:33:03] 伊森鸽丶不打烊: @玩机器：布罗利虽然潘多拉魔盒不是你开的但为了社团你先受着，等风头过了我把小天位置给你
[2026-02-22 02:33:03] cheenlinn: 马拉开心了
[2026-02-22 02:33:04] 李神神神神: 春节档票房冠军：《挥泪斩尼孝》，主演：玩机器饰诸葛亮，布罗利饰马谡
[2026-02-22 02:33:04] Aruka6: 我让你开双倍你二龙吗？老子荧光棒要过期了
[2026-02-22 02:33:04] 无情大强哥: 来劲来劲
[2026-02-22 02:33:05] 皓宇是个帅比: 载物依旧系鞋带
[2026-02-22 02:33:05] 中奖女装丨99999: falcons play
[2026-02-22 02:33:05] 叫我阿洪就好: 🤷🏻‍♀️
[2026-02-22 02:33:05] Ephemerality137: 这也菲比啊。。。牛物
[2026-02-22 02:33:05] 泪水的冷冽: A处别送了
[2026-02-22 02:33:05] 真的没排面: 残血系鞋带吗
[2026-02-22 02:33:06] 萝伯丝比尔: 春节档票房冠军：《挥泪斩尼孝》，主演：玩机器饰诸葛亮，布罗利饰马谡
[2026-02-22 02:33:06] 千寻XB: @钟离：哼，欺负玩宝宝？——𒆙——天动万象
[2026-02-22 02:33:06] 许血呐: 我活了🤗心脏舒服了😊呼吸均匀了😁我活了🤗心脏舒服了😊呼吸均匀了😁
[2026-02-22 02:33:06] 伊森鸽丶不打烊: @玩机器：布罗利虽然潘多拉魔盒不是你开的但为了社团你先受着，等风头过了我把小天位置给你】
[2026-02-22 02:33:06] 微笑灬雨凝: 载物依旧系鞋带
[2026-02-22 02:33:06] Rosie1st: 哇，这小蜜蜂感觉全员不在线啊，该输好吧
[2026-02-22 02:33:07] HXCHYH: a➗
[2026-02-22 02:33:07] LvvsiN: 银行业😄银行业😀银行业😃银行业😁银行业😆银行业🤪银行业😝
[2026-02-22 02:33:07] 小救星小杜DuD: 胖zin！
[2026-02-22 02:33:07] 橘殃丶丶: 载物依旧系鞋带
[2026-02-22 02:33:07] 秋茶小雪: 胖皇
[2026-02-22 02:33:07] 杰斌候入长峪城: 别故作难受了，想笑就笑吧
[2026-02-22 02:33:07] 好哥们韩信: 别因为喷布罗利就忘了喷玩 出啊，我知道大家不会忘，就是提一嘴
[2026-02-22 02:33:08] 大裂谷的登山家: 这波真不怪apex
[2026-02-22 02:33:08] 吉吉的Niko本人: 数字布罗利！
数字布罗利！
数字布罗利！
数字布罗利
[2026-02-22 02:33:08] QC很牛很强大: fku apex👏fku apex👏fku apex👏fku apex👏fku apex👏
[2026-02-22 02:33:09] 瑞雪时节: 经典
[2026-02-22 02:33:09] 有你便是世界1: 有major总决赛内味了
[2026-02-22 02:33:09] 蹲芳魂: falcons play
[2026-02-22 02:33:09] 木末暮鸦: 抓娃娃查看活动＞
[2026-02-22 02:33:09] LvvsiN: 孩子们快跑，马修赫伯特来了😨卧槽你的怎么是马枪和BOT
[2026-02-22 02:33:09] 好姐妹凑阿夸: 你别夸蜜蜂了，谁不知道你最恨载大哥😅
[2026-02-22 02:33:09] 山竹手的柚子: 🤷🏻‍♂️
[2026-02-22 02:33:09] 烟鬼安德鲁: 大笑一下
[2026-02-22 02:33:10] 老段真没钱: 4滴血下包 真只有载物知道C4密码
[2026-02-22 02:33:10] 花美未必摘: 载物又系鞋带
[2026-02-22 02:33:10] 载大哥的狗: 玩大哥你线下和布罗利一起见面活动是骂载物吗？
[2026-02-22 02:33:10] 乐观的石页: 载物又在系鞋带
[2026-02-22 02:33:10] 遇见你时风好甜m: 被冰粉团建了唉
[2026-02-22 02:33:10] 我最喜欢玩机器: 春节档票房冠军：《挥泪斩尼孝》，主演：玩机器饰诸葛亮，布罗利饰马谡
[2026-02-22 02:33:10] 潇洒大概: falcons play
[2026-02-22 02:33:10] 445440: 你想笑就笑吧
[2026-02-22 02:33:11] 大颗寿司玩机器: 要不叫小众宝藏直播间呢，全是结晶
[2026-02-22 02:33:11] vongwu: 杀2个不够
[2026-02-22 02:33:11] 好姐妹河北省花: 载物又系鞋带
[2026-02-22 02:33:11] 狂野皮几儿很哒: 载物又系鞋带
[2026-02-22 02:33:12] 我没P眼123: 玩大哥你线下和布罗利一起见面活动是骂载物吗？
[2026-02-22 02:33:12] -Squ1rrel-: 教练脸笑烂了快哈哈哈哈
[2026-02-22 02:33:12] 积阳德: 来劲
[2026-02-22 02:33:12] NiK0major123: 别故作难受了，想笑就笑吧
[2026-02-22 02:33:12] mujica的长崎素世本人: @钟离：哼，欺负玩宝宝？——𒆙——天动万象
[2026-02-22 02:33:13] 好的好的阖家: 春节档票房冠军：《挥泪斩尼孝》，主演：玩机器饰诸葛亮，布罗利饰马谡
[2026-02-22 02:33:13] 用户3661578: A÷拉出去又不管队友
[2026-02-22 02:33:13] 大姜饼: 春节档票房冠军：《挥泪斩尼孝》，主演：玩机器饰诸葛亮，布罗利饰马谡
[2026-02-22 02:33:13] LvvsiN: 孩子们快跑，马修赫伯特来了😨卧槽你的怎么是马枪和BOT
[2026-02-22 02:33:13] 海安WAILOM: 妹子脸色不对了
[2026-02-22 02:33:13] AG的青叶摩卡本人: 布罗利评论区还没过100，玩小将当初团建斧乃木评论区的牛劲呢？
[2026-02-22 02:33:14] 玩龟的神头: 数字布罗利！ 数字布罗利！ 数字布罗利！ 数字布罗利
[2026-02-22 02:33:14] 八重森彌妮: 你别夸蜜蜂了，谁不知道你最恨载大哥😅
[2026-02-22 02:33:15] LvvsiN: 玩宝宝，我发现在大学上学的时候肄业会很舒服，你可以试试
[2026-02-22 02:33:15] vbele987: @蒙古人：我们把🥁带来是有用的……
[2026-02-22 02:33:15] 王佰柒柒: 这也菲比啊。。。牛物
[2026-02-22 02:33:15] 吉吉的Niko本人: 数字布罗利！
数字布罗利！
数字布罗利！
数字布罗利
[2026-02-22 02:33:15] 玩小孩、monesy: 孩子们快跑，马修赫伯特来了😨卧槽你的怎么是马枪和BOT
[2026-02-22 02:33:16] 我在这姜留学: 依旧只有zywoo知道密码
[2026-02-22 02:33:16] 机机子的鼻涕: 主播还是有点太偏蒙古了，中立点
[2026-02-22 02:33:16] SakanaQQQ: 数字布罗利！
数字布罗利！
数字布罗利！
数字布罗利
[2026-02-22 02:33:16] 茂名水鬼: 别因为喷布罗利就忘了喷玩 出啊，我知道大家不会忘，就是提一嘴
[2026-02-22 02:33:16] 图帕雷松: 我发现这个b有点蠢啊↙🐷我发现这个b有点蠢啊↙🐷我发现这个b有点蠢啊↙🐷
[2026-02-22 02:33:16] 可苦可乐GRA: GTMDXMF！GTMDXMF！GTMDXMF！GTMDXMF！GTMDXMF！GTMDXMF！GT
[2026-02-22 02:33:16] Shintaro: @玩机器：布罗利虽然潘多拉魔盒不是你开的但为了社团你先受着，等风头过了我把小天位置给你】
[2026-02-22 02:33:16] csgo小茄子: 玩大哥，其实蜜蜂输了你不用装作很懊恼的样子的，想笑就笑吧
[2026-02-22 02:33:16] 专看玩机器的号: woc机器，快去看HLTV，总监事件反转了，是带伙一年前错怪你了
[2026-02-22 02:33:17] 科比劳大爱肘击: 春节档票房冠军：《挥泪斩尼孝》，主演：玩机器饰诸葛亮，布罗利饰马谡
[2026-02-22 02:33:17] LvvsiN: 你屏蔽词都快赶上新华词典了为什么不干脆开一百级发言？
[2026-02-22 02:33:17] 椎名真昼丶丶: 载物又在系鞋带
[2026-02-22 02:33:17] 你看我在哪: 孩子们快跑，马修赫伯特来了😨卧槽你的怎么是马枪和BOT
[2026-02-22 02:33:17] 车路士的凯赛多本人: @玩机器：布罗利虽然潘多拉魔盒不是你开的但为了社团你先受着，等风头过了我把小天位置给你
[2026-02-22 02:33:18] 窦妪惯例全思慕: 玩大哥你线下和布罗利一起见面活动是骂载物吗？
[2026-02-22 02:33:18] Z伊卡洛斯Z: 布罗利想笑就偷着笑吧
[2026-02-22 02:33:18] 丶小恐龙丶: 春节档票房冠军：《挥泪斩尼孝》，主演：玩机器饰诸葛亮，布罗利饰马谡
[2026-02-22 02:33:18] wedd1ddeJodd: @钟离：哼，欺负玩宝宝？——𒆙——天动万象
[2026-02-22 02:33:18] drooo1: 好多鱼丸在飘...
[2026-02-22 02:33:18] 中奖女装丨99999: falcons play
[2026-02-22 02:33:18] 王子瑞嘴嘴: @布罗利：玩大哥，你做人真可以，当你的狗还有被开的风险
[2026-02-22 02:33:18] 冷淡ld: 孩子们快跑，马修赫伯特来了😨卧槽你的怎么是马枪和BOT
[2026-02-22 02:33:19] LvvsiN: 你屏蔽词都快赶上新华词典了为什么不干脆开一百级发言？
[2026-02-22 02:33:19] 不離灬: 别TMD输蒙古啊蜜蜂🐝
[2026-02-22 02:33:20] 可苦可乐GRA: GTMDXMF！GTMDXMF！GTMDXMF！GTMDXMF！GTMDXMF！GTMDXMF！
[2026-02-22 02:33:20] csgo小茄子: 玩大哥，其实蜜蜂输了你不用装作很懊恼的样子的，想笑就笑吧
[2026-02-22 02:33:20] 落天华: 你别夸蜜蜂了，谁不知道你最恨载大哥😅
[2026-02-22 02:33:20] 石家庄特色猪油火锅: 你别夸蜜蜂了，谁不知道你最恨载大哥😅
[2026-02-22 02:33:21] Schnuffels: 非要让没血的下包
[2026-02-22 02:33:21] astralis的jabbi本人: 春节档票房冠军：《挥泪斩尼孝》，主演：玩机器饰诸葛亮，布罗利饰马谡
[2026-02-22 02:33:21] 伊森鸽丶不打烊: @玩机器：布罗利虽然潘多拉魔盒不是你开的但你先受着，等风头过了我把小天位置给你
[2026-02-22 02:33:21] 雨天禽兽: 玩机器T🥚
[2026-02-22 02:33:21] LvvsiN: 为什么房管封的不能给鱼丸……还以为今天晚上得吃了……
[2026-02-22 02:33:21] Altolier: 你别夸蜜蜂了，谁不知道你最恨载大哥😅
[2026-02-22 02:33:21] xOcOg: 【斤乃】斧乃木难绷布罗利被玩机器抛弃，直言抛就抛了呗，我当年也是这样被抛，都差不多
[2026-02-22 02:33:21] 澪伊吹: 别因为喷布罗利就忘了喷玩 出啊，我知道大家不会忘，就是提一嘴
[2026-02-22 02:33:22] Kli0s: 不是超精憨豆随便玩的
[2026-02-22 02:33:22] 冰银眼: 孩子们快跑，马修赫伯特来了😨卧槽你的怎么是马枪和BOT
[2026-02-22 02:33:22] 吉吉的Niko本人: 数字布罗利！
数字布罗利！
数字布罗利！
数字布罗利
[2026-02-22 02:33:22] GlockCookie: 每次都是只有zywoo知道密码
[2026-02-22 02:33:22] 墨本海人: 布里茨笑嘻了都
[2026-02-22 02:33:22] 正经猪头肉: 狂
[2026-02-22 02:33:22] 海绵宝宝小能儿: 别故作难受了，想笑就笑吧
[2026-02-22 02:33:23] inflamer: 数字布罗利！ 数字布罗利！ 数字布罗利！ 数字布罗利
[2026-02-22 02:33:23] 呆妹儿的姑父: @布罗利@CS欧皇团队：小道消息20rmr黑蛋是下一个笨香蕉
[2026-02-22 02:33:23] chordclef: 依旧只有zywoo知道密码
[2026-02-22 02:33:23] LvvsiN: 你屏蔽词都快赶上新华词典了为什么不干脆开一百级发言？
[2026-02-22 02:33:24] HisuiHearts: 春节档票房冠军：《挥泪斩尼孝》，主演：玩机器饰诸葛亮，布罗利饰马谡
[2026-02-22 02:33:24] 迷路的豆酱: 大家不要去布罗利steam（76561198367433637）好友那里留言骂他啊
[2026-02-22 02:33:24] 伊森鸽丶不打烊: @玩机器：布罗利虽然潘多拉魔盒不是你开的但你先受着，等风头过了我把小天位置给你】
[2026-02-22 02:33:24] csgo小茄子: 玩大哥，其实蜜蜂输了你不用装作很懊恼的样子的，想笑就笑吧
[2026-02-22 02:33:24] Litt1e丶Traveler: 可爱捏
[2026-02-22 02:33:24] 杰斌候入长峪城: 玩大哥，其实蜜蜂输了你不用装作很懊恼的样子的，想笑就笑吧
[2026-02-22 02:33:24] HHW的kkr本人: 你别夸蜜蜂了，谁不知道你最恨载大哥😅
[2026-02-22 02:33:24] 宫城县的仙台本人: @布罗利：玩大哥，你做人真可以，当你的狗还有被开的风险
[2026-02-22 02:33:25] 两头热力中间动力: 325325325325
[2026-02-22 02:33:25] 三楼不如三箱: 装起来了
[2026-02-22 02:33:25] 呆妹儿的姑父: @布罗利@CS欧皇团队：小道消息20rmr黑蛋是下一个笨香蕉
[2026-02-22 02:33:25] P丶ersist丿: 你别夸蜜蜂了，谁不知道你最恨载大哥😅
[2026-02-22 02:33:25] LvvsiN: 孩子们快跑，马修赫伯特来了😨卧槽你的怎么是马枪和BOT
[2026-02-22 02:33:26] Cloud9的咬人猫本人: 别因为喷布罗利就忘了喷玩 出啊，我知道大家不会忘，就是提一嘴
[2026-02-22 02:33:26] 大家要幸福呀: 春节档票房冠军：《挥泪斩尼孝》，主演：玩机器饰诸葛亮，布罗利饰马谡
[2026-02-22 02:33:26] CSTG江叉叉: @玩机器：布罗利虽然潘多拉魔盒不是你开的但你先受着，等风头过了我把小天位置给你
[2026-02-22 02:33:26] 萝伯丝比尔: 春节档票房冠军：《挥泪斩尼孝》，主演：玩机器饰诸葛亮，布罗利饰马谡
[2026-02-22 02:33:26] 伊森鸽丶不打烊: @玩机器：布罗利虽然潘多拉魔盒不是你开的但你先受着，等风头过了我把小天位置给你
[2026-02-22 02:33:26] MataXian: @布罗利Broli：玩大哥我仓库里的蛋都给你偷 快来救我😭
[2026-02-22 02:33:26] 卢敏莉666: 你别夸蜜蜂了，谁不知道你最恨载大哥😅
[2026-02-22 02:33:27] 可苦可乐GRA: GTMDXMF！GTMDXMF！GTMDXMF！GTMDXMF！GTMDXMF！GTMDXMF！
[2026-02-22 02:33:27] 爱被小泉吃的拉面同学: 你别夸蜜蜂了，谁不知道你最恨载大哥😅
[2026-02-22 02:33:27] LvvsiN: 我提一嘴这剧情越来越像上海major了
[2026-02-22 02:33:27] 荣誉马莱人丶贾碧: 你别夸蜜蜂了，谁不知道你最恨载大哥😅
[2026-02-22 02:33:27] 另一个世界7: 你别夸蜜蜂了，谁不知道你最恨载大哥😅
[2026-02-22 02:33:27] 久远寺有珠、: 你别夸蜜蜂了，谁不知道你最恨载大哥😅
[2026-02-22 02:33:27] 青山锁欲锁不住你: 依旧只有zywoo知道密码
[2026-02-22 02:33:27] 呆妹儿的姑父: @布罗利@CS欧皇团队：小道消息20rmr黑蛋是下一个笨香蕉
[2026-02-22 02:33:27] 可否叙上一曲: @钟离：哼，欺负玩宝宝？——𒆙——天动万象
[2026-02-22 02:33:28] 渡边曜女士: 你别夸蜜蜂了，谁不知道你最恨载大哥😅
[2026-02-22 02:33:28] 大裂谷的登山家: 你别夸蜜蜂了，谁不知道你最恨载大哥😅
[2026-02-22 02:33:28] 乌鸦晒不黑: 你别夸蜜蜂了，谁不知道你最恨载大哥😅
[2026-02-22 02:33:28] 粤夜封封哥岑验川老岑: 别因为喷布罗利就忘了喷玩 出啊，我知道大家不会忘，就是提一嘴
[2026-02-22 02:33:28] 付先生fj: 你别夸蜜蜂了，谁不知道你最恨载大哥😅
[2026-02-22 02:33:28] 压缩vs蛮晚: @玩机器：布罗利虽然潘多拉魔盒不是你开的但为了社团你先受着，等风头过了我把小天位置给你
[2026-02-22 02:33:28] Cantain光: 还有房管敢发弹幕啊....
[2026-02-22 02:33:28] 伊森鸽丶不打烊: @玩机器：布罗利虽然潘多拉魔盒不是你开的但你先受着，等风头过了我把小天位置给你】】
[2026-02-22 02:33:28] crychic的tomori本人: 你别夸蜜蜂了，谁不知道你最恨载大哥😅
[2026-02-22 02:33:29] MeIoN39: 你别夸蜜蜂了，谁不知道你最恨载大哥😅
[2026-02-22 02:33:29] csgo小茄子: 玩大哥，其实蜜蜂输了你不用装作很懊恼的样子的，想笑就笑吧
[2026-02-22 02:33:29] Mgci2: 别故作难受了，想笑就笑吧
[2026-02-22 02:33:29] 偷鸡蛋的玩机器本人o: 小胖：ez
[2026-02-22 02:33:29] 最后之作146: 别因为喷布罗利就忘了喷玩 出啊，我知道大家不会忘，就是提一嘴
[2026-02-22 02:33:29] 漩涡章鱼: @布罗利：玩大哥，你做人真可以，当你的狗还有被开的风险
[2026-02-22 02:33:29] 图帕雷松: 玩大哥，其实蜜蜂输了你不用装作很懊恼的样子的，想笑就笑吧
[2026-02-22 02:33:29] 鹌鹑必成战神: 春节档票房冠军：《挥泪斩尼孝》，主演：玩机器饰诸葛亮，布罗利饰马谡
[2026-02-22 02:33:30] 玩machine没机拔: 你别夸蜜蜂了，谁不知道你最恨载大哥😅
[2026-02-22 02:33:30] 妖艳阿卡莎: 大家不要去布罗利steam（76561198367433637）好友那里留言骂他啊
[2026-02-22 02:33:30] 啊撒发撒发: 终于找到一个讨论比赛的直播间了。。
[2026-02-22 02:33:30] 用户80930680: 布里茨笑嘻了都
[2026-02-22 02:33:31] 姓黄小名肥仔: 玩神真乃当代诸葛👍牺牲一个布罗利，自己跟🦐全都妹妹隐身了
[2026-02-22 02:33:31] 伊森鸽丶不打烊: @玩机器：布罗利虽然潘多拉魔盒不是你开的但你先受着，等风头过了我把小天位置给你
[2026-02-22 02:33:31] 高松的灯ll: 玩大哥，其实蜜蜂输了你不用装作很懊恼的样子的，想笑就笑吧
[2026-02-22 02:33:31] 孤巷里的猫QAQ: 你别夸蜜蜂了，谁不知道你最恨载大哥😅
[2026-02-22 02:33:32] 柠檬lei了: @布罗利@CS欧皇团队：小道消息20rmr黑蛋是下一个笨香蕉
[2026-02-22 02:33:32] 呆妹儿的姑父: @布罗利@CS欧皇团队：小道消息20rmr黑蛋是下一个笨香蕉
[2026-02-22 02:33:32] 宇宙战帅佳伟大坝: 我提一嘴，别因为比赛精彩就停止骂
[2026-02-22 02:33:32] 祝zsc今年找不到女朋友: 你别夸蜜蜂了，谁不知道你最恨载大哥😅
[2026-02-22 02:33:33] MataXian: @布罗利Broli：玩大哥我仓库里的蛋都给你偷 快来救我😭
[2026-02-22 02:33:33] 可苦可乐GRA: GTMDXMF！GTMDXMF！GTMDXMF！GTMDXMF！GTMDXMF！GTMDXMF！
[2026-02-22 02:33:33] Wardel: 你别夸蜜蜂了，谁不知道你最恨载大哥😅
[2026-02-22 02:33:33] csgo小茄子: 玩大哥，其实蜜蜂输了你不用装作很懊恼的样子的，想笑就笑吧
[2026-02-22 02:33:33] Altolier: 你别夸蜜蜂了，谁不知道你最恨载大哥😅
[2026-02-22 02:33:33] LvvsiN: 玩宝宝，我发现在大学上学的时候肄业会很舒服，你可以试试
[2026-02-22 02:33:33] 好姐妹八幡海铃丶: 你别夸蜜蜂了，谁不知道你最恨载大哥😅
[2026-02-22 02:33:33] 陪伴豆丶诶哟喂呀: 你别夸蜜蜂了，谁不知道你最恨载大哥😅
[2026-02-22 02:33:34] 金泰相的好室友: 你别夸蜜蜂了，谁不知道你最恨载大哥😅
[2026-02-22 02:33:34] 天诩sky: 别因为喷布罗利就忘了喷玩 出啊，我知道大家不会忘，就是提一嘴
[2026-02-22 02:33:34] 伊森鸽丶不打烊: @玩机器：布罗利虽然潘多拉魔盒不是你开的但你先受着，等风头过了我把小天位置给你】】】
[2026-02-22 02:33:34] 爱喝花绿青: 玩大哥，其实蜜蜂输了你不用装作很懊恼的样子的，想笑就笑吧
[2026-02-22 02:33:34] 吉吉的Niko本人: 数字布罗利！
数字布罗利！
数字布罗利！
数字布罗利
[2026-02-22 02:33:34] 斷H弦: 你别夸蜜蜂了，谁不知道你最恨载大哥😅
[2026-02-22 02:33:34] XCChieri: @布罗利Broli：玩大哥我仓库里的蛋都给你偷 快来救我😭
[2026-02-22 02:33:34] 明月夜无涯: 你别夸蜜蜂了，谁不知道你最恨载大哥😅
[2026-02-22 02:33:35] 拖二: 你别夸蜜蜂了，谁不知道你最恨载大哥😅
[2026-02-22 02:33:35] TL的EliGE本人: 你别夸蜜蜂了，谁不知道你最恨载大哥😅
[2026-02-22 02:33:35] Jess2: 你别夸蜜蜂了，谁不知道你最恨载大哥😅
[2026-02-22 02:33:35] 木末暮鸦: 还有房管敢发弹幕啊....
[2026-02-22 02:33:35] 碳酸的汽水: 你别夸蜜蜂了，谁不知道你最恨载大哥😅
[2026-02-22 02:33:35] LvvsiN: 玩宝宝，我发现在大学上学的时候肄业会很舒服，你可以试试
[2026-02-22 02:33:36] 泠鸢不是冷鸢丶: @布罗利@CS欧皇团队：小道消息20rmr黑蛋是下一个笨香蕉
[2026-02-22 02:33:36] 潇洒大概: 终于找到一个讨论比赛的直播间了。。
[2026-02-22 02:33:36] RzRzRzRz弱智: 你别夸蜜蜂了，谁不知道你最恨载大哥😅
[2026-02-22 02:33:36] 罗裙摇曳: 你别夸蜜蜂了，谁不知道你最恨载大哥😅
[2026-02-22 02:33:36] 蜗牛蜗牛你快快走: 你别夸蜜蜂了，谁不知道你最恨载大哥😅
[2026-02-22 02:33:37] 伊森鸽丶不打烊: @玩机器：布罗利虽然潘多拉魔盒不是你开的但你先受着，等风头过了我把小天位置给你
[2026-02-22 02:33:37] 呆妹儿的姑父: @布罗利@CS欧皇团队：小道消息20rmr黑蛋是下一个笨香蕉
[2026-02-22 02:33:37] 风中缩影: xinq萨玛 强啊
[2026-02-22 02:33:37] LvvsiN: 为什么房管封的不能给鱼丸……还以为今天晚上得吃了……
[2026-02-22 02:33:38] 桐原直木: @玩机器：布罗利虽然潘多拉魔盒不是你开的但你先受着，等风头过了我把小天位置给你】】】
[2026-02-22 02:33:38] Odike: @玩机器：布罗利，这波我只能卖到底了。。。
[2026-02-22 02:33:38] fazeclan的千早爱音: 你别夸蜜蜂了，谁不知道你最恨载大哥😅
[2026-02-22 02:33:38] 看死Herbaut就杀了你: 你别夸蜜蜂了，谁不知道你最恨载大哥😅
[2026-02-22 02:33:38] 蜗牛蜗牛你快快走: 你别夸蜜蜂了，谁不知道你最恨载大哥😅
[2026-02-22 02:33:39] 夜清英: a➗波高了
[2026-02-22 02:33:39] 姓黄小名肥仔: 玩神真乃当代诸葛👍牺牲一个布罗利，自己跟🦐全都妹妹隐身了
[2026-02-22 02:33:39] LvvsiN: @阿汤日记：一个人，5发子弹，保住格陵兰岛。我不会叫它不可能完成的任务，我现在只想先回家看亦博
[2026-02-22 02:33:39] 纸漓: 你别夸蜜蜂了，谁不知道你最恨载大哥😅
[2026-02-22 02:33:39] HapCam: 你别夸蜜蜂了，谁不知道你最恨载大哥😅
[2026-02-22 02:33:39] 呆妹儿的姑父: @布罗利@CS欧皇团队：小道消息20rmr黑蛋是下一个笨香蕉
[2026-02-22 02:33:40] huNter会不会先NIKO有Major: 春节档票房冠军：《挥泪斩尼孝》，主演：玩机器饰诸葛亮，布罗利饰马谡
[2026-02-22 02:33:40] csgo小茄子: 玩大哥，其实蜜蜂输了你不用装作很懊恼的样子的，想笑就笑吧
[2026-02-22 02:33:40] MataXian: @布罗利Broli：玩大哥我仓库里的蛋都给你偷 快来救我😭
[2026-02-22 02:33:40] 蜗牛蜗牛你快快走: 你别夸蜜蜂了，谁不知道你最恨载大哥😅
[2026-02-22 02:33:41] xuzVan: 玩大哥，其实蜜蜂输了你不用装作很懊恼的样子的，想笑就笑吧
[2026-02-22 02:33:41] 朔夜Sakuyaa: @玩机器：布罗利虽然潘多拉魔盒不是你开的但你先受着，等风头过了我把小天位置给你】】】
[2026-02-22 02:33:41] 伤物语的忍野忍本人: 你别夸蜜蜂了，谁不知道你最恨载大哥😅
[2026-02-22 02:33:41] wjnbsl: 你别夸蜜蜂了，谁不知道你最恨载大哥😅
[2026-02-22 02:33:41] siufff: 我提一嘴，别因为比赛精彩就停止骂
[2026-02-22 02:33:41] LvvsiN: 玩 出，我双倍呢？😡😡玩 出，我双倍呢？😡😡玩 出，我双倍呢？😡😡玩 出，我双倍呢？😡
[2026-02-22 02:33:41] 机器的亲爹Dupreeh本人: @布罗利Broli：玩大哥我仓库里的蛋都给你偷 快来救我😭
[2026-02-22 02:33:42] 好姐妹妮可: [ai] @玩机器：布罗利虽然潘多拉魔盒不是你开的但你先受着，等风头过了我把小天位置给你
[2026-02-22 02:33:43] 蜗牛蜗牛你快快走: 你别夸蜜蜂了，谁不知道你最恨载大哥😅
[2026-02-22 02:33:43] PlumEnd: 你别夸蜜蜂了，谁不知道你最恨载大哥😅
[2026-02-22 02:33:43] sys002: 昨天观众是霉b，今天观众是小福星
[2026-02-22 02:33:43] 不知名贝斯手: 终于找到一个讨论比赛的直播间了。。
[2026-02-22 02:33:43] LvvsiN: 你为什么要把mαjor禁了，我收藏的一半弹幕全毁了
[2026-02-22 02:33:45] 蜗牛蜗牛你快快走: 你别夸蜜蜂了，谁不知道你最恨载大哥😅
[2026-02-22 02:33:45] Kunwz: zywoo穿的什么鞋？鞋带这么容易松，天天在那系鞋带
[2026-02-22 02:33:45] GCXIA: 你别夸蜜蜂了，谁不知道你最恨载大哥😅
[2026-02-22 02:33:45] Mahuyu: ？？？
[2026-02-22 02:33:45] N1coZer4: 笑
[2026-02-22 02:33:45] 呆妹儿的姑父: @布罗利@CS欧皇团队：小道消息20rmr黑蛋是下一个笨香蕉
[2026-02-22 02:33:45] LvvsiN: 额，拿亚军我都会，拿亚军，拿季军，拿四强，拿八强，拿十六强，呃拿冠军我不会，然后小组赛淘汰
[2026-02-22 02:33:46] yuuuuua7: 你别夸蜜蜂了，谁不知道你最恨载大哥😅
[2026-02-22 02:33:46] 用户4933290078: 你别夸蜜蜂了，谁不知道你最恨载大哥😅
[2026-02-22 02:33:46] Aenusae: 小蜜蜂骄兵必败罢了
[2026-02-22 02:33:47] 蜗牛蜗牛你快快走: 你别夸蜜蜂了，谁不知道你最恨载大哥😅
[2026-02-22 02:33:47] 碧蓝航线丶AzurLane: 你别夸蜜蜂了，谁不知道你最恨载大哥😅
[2026-02-22 02:33:47] 蓝鲸少年与小巷: @布罗利@CS欧皇团队：小道消息20rmr黑蛋是下一个笨香蕉
[2026-02-22 02:33:47] 巨型鸡冠: 你别夸蜜蜂了，谁不知道你最恨载大哥😅
[2026-02-22 02:33:47] triangle233: 你别夸蜜蜂了，谁不知道你最恨载大哥😅
[2026-02-22 02:33:47] LvvsiN: 弹幕别吵了，银行业一样一样有有有也会有h'y'hui't'y'r's'c'dn
[2026-02-22 02:33:48] 結城希亞: 你别夸蜜蜂了，谁不知道你最恨载大哥😅
[2026-02-22 02:33:48] Abyss丶珈百璃: 你别夸蜜蜂了，谁不知道你最恨载大哥😅
[2026-02-22 02:33:48] 看我柒拾貳鞭: 不演了
[2026-02-22 02:33:48] FaZe的喜多川海梦本人: 喜欢跳
[2026-02-22 02:33:48] 北宇治的久石奏本人: 刻晴
[2026-02-22 02:33:48] 呆妹儿的姑父: @布罗利@CS欧皇团队：小道消息20rmr黑蛋是下一个笨香蕉
[2026-02-22 02:33:48] csgo小茄子: 玩大哥，其实蜜蜂输了你不用装作很懊恼的样子的，想笑就笑吧
[2026-02-22 02:33:49] 谦子卿: 冰粉：别输蒙古啊🐝
[2026-02-22 02:33:49] 星海羽弦: 玩大哥，其实蜜蜂输了你不用装作很懊恼的样子的，想笑就笑吧
[2026-02-22 02:33:49] 图帕雷松: 玩神你在核心群里说以后不看蜜蜂比赛是真的吗
[2026-02-22 02:33:49] 清风浮过丶: 你别夸蜜蜂了，谁不知道你最恨载大哥😅
[2026-02-22 02:33:49] 软柿子别叫: 以前你说这里是猎鹰官方直播间我觉得在⭕️ 现在我信了
[2026-02-22 02:33:49] 新兰永恒: @布罗利Broli：玩大哥我仓库里的蛋都给你偷 快来救我😭
[2026-02-22 02:33:49] 神奥联盟的竹兰本人: 你别夸蜜蜂了，谁不知道你最恨载大哥😅
[2026-02-22 02:33:49] xOcOg: @布罗利Broli：感觉今年monesy要TOP1了🤦‍
[2026-02-22 02:33:49] LvvsiN: 南孚一节更比六节强，也就是一节南孚比六节南孚强，六节南孚比三十六节强，三十六节比二百一十六节强
[2026-02-22 02:33:50] Aolite: 急了
[2026-02-22 02:33:50] 强尼手银9527号: 你别夸蜜蜂了，谁不知道你最恨载大哥😅
[2026-02-22 02:33:50] MataXian: @布罗利Broli：玩大哥我仓库里的蛋都给你偷 快来救我😭
[2026-02-22 02:33:51] fazeclan的千早爱音: 你别夸蜜蜂了，谁不知道你最恨载大哥😅
[2026-02-22 02:33:51] 高尚且感恩: 急了
[2026-02-22 02:33:51] 危危wei: 生气了
[2026-02-22 02:33:51] 用户8886943349: 你别夸蜜蜂了，谁不知道你最恨载大哥😅
[2026-02-22 02:33:51] 可苦可乐GRA: GTMDXMF！GTMDXMF！GTMDXMF！GTMDXMF！GTMDXMF！GTMDXMF！GT
[2026-02-22 02:33:51] 蜗牛蜗牛你快快走: 你别夸蜜蜂了，谁不知道你最恨载大哥😅
[2026-02-22 02:33:51] 飘飖1111: major
[2026-02-22 02:33:51] LvvsiN: 你屏蔽词都快赶上新华词典了为什么不干脆开一百级发言？
[2026-02-22 02:33:52] 红魔馆的蕾米莉亚本人: 刻晴
[2026-02-22 02:33:52] 迷你世界丁真学姐1: 你别夸蜜蜂了，谁不知道你最恨载大哥😅
[2026-02-22 02:33:52] EsusJ: zywoo穿的什么鞋？鞋带这么容易松，天天在那系鞋带
[2026-02-22 02:33:52] JuL1us: 你别夸蜜蜂了，谁不知道你最恨载大哥😅
[2026-02-22 02:33:53] 岭上雾冷: @Ni顺ko：不要念辣个😭，也不要去搜😭，辣个是串人的😭
[2026-02-22 02:33:53] 不是不想打只是爱解说: 你别夸蜜蜂了，谁不知道你最恨载大哥😅
[2026-02-22 02:33:53] 乌贼王乌索普: 你别夸蜜蜂了，谁不知道你最恨载大哥😅
[2026-02-22 02:33:53] 热情难止荒诞: 急了
[2026-02-22 02:33:53] 蜗牛蜗牛你快快走: 你别夸蜜蜂了，谁不知道你最恨载大哥😅
[2026-02-22 02:33:53] 波浪时光: 挂
[2026-02-22 02:33:53] LvvsiN: 我提一嘴这剧情越来越像上海major了
[2026-02-22 02:33:54] 雀群: 你别夸蜜蜂了，谁不知道你最恨载大哥😅
[2026-02-22 02:33:54] 棍子早上好: 你别夸蜜蜂了，谁不知道你最恨载大哥😅
[2026-02-22 02:33:54] 灵耀ii: 你别夸蜜蜂了，谁不知道你最恨载大哥😅
[2026-02-22 02:33:54] 小鳥遊六埖: 你别夸蜜蜂了，谁不知道你最恨载大哥😅
[2026-02-22 02:33:54] fazeclan的千早爱音: 你别夸蜜蜂了，谁不知道你最恨载大哥😅
[2026-02-22 02:33:55] 呆妹儿的姑父: @布罗利@CS欧皇团队：小道消息20rmr黑蛋是下一个笨香蕉
[2026-02-22 02:33:55] 仰望星空35812: 你别夸蜜蜂了，谁不知道你最恨载大哥😅
[2026-02-22 02:33:55] 巴黎城下塞纳河l: 你别夸蜜蜂了，谁不知道你最恨载大哥😅
[2026-02-22 02:33:55] 蜗牛蜗牛你快快走: 你别夸蜜蜂了，谁不知道你最恨载大哥😅
[2026-02-22 02:33:55] LvvsiN: 玩宝宝，我发现在大学上学的时候肄业会很舒服，你可以试试
[2026-02-22 02:33:56] 可苦可乐GRA: GTMDXMF！GTMDXMF！GTMDXMF！GTMDXMF！GTMDXMF！GTMDXMF！
[2026-02-22 02:33:56] csgo小茄子: 玩大哥，其实蜜蜂输了你不用装作很懊恼的样子的，想笑就笑吧
[2026-02-22 02:33:59] 姓黄小名肥仔: 玩神真乃当代诸葛👍牺牲一个布罗利，自己跟🦐全都妹妹隐身了
[2026-02-22 02:33:59] 看我柒拾貳鞭: 急了
[2026-02-22 02:33:59] 可爱玩宝宝: 你别夸蜜蜂了，谁不知道你最恨载大哥😅
[2026-02-22 02:33:59] MunChlax丶: 你别夸蜜蜂了，谁不知道你最恨载大哥😅
[2026-02-22 02:33:59] Wi1en: Zywoo有点配赢啊
[2026-02-22 02:33:59] Ch1Sa-: 还笑
[2026-02-22 02:33:59] LvvsiN: 你屏蔽词都快赶上新华词典了为什么不干脆开一百级发言？
[2026-02-22 02:33:59] 我没P眼123: 小道消息20rmr黑蛋是下一个笨香蕉
[2026-02-22 02:33:59] chordclef: 刻晴
[2026-02-22 02:33:59] 呆妹儿的姑父: @布罗利@CS欧皇团队：小道消息20rmr黑蛋是下一个笨香蕉
[2026-02-22 02:33:59] 玩大人查到自贡了: 你别夸蜜蜂了，谁不知道你最恨载大哥😅
[2026-02-22 02:34:01] 丶小恐龙丶: 机器想笑就笑吧
[2026-02-22 02:34:01] m78星云的造物主: 我去你的我不装了，看见蜜蜂逆风好爽啊
[2026-02-22 02:34:01] LvvsiN: 玩宝宝，我发现在大学上学的时候肄业会很舒服，你可以试试
[2026-02-22 02:34:01] 看我柒拾貳鞭: 挂
[2026-02-22 02:34:01] 阵雨天o: 弹幕千万不要在完美世界电竞搜索不喝酒亚威
[2026-02-22 02:34:01] 呆妹儿的姑父: @布罗利@CS欧皇团队：小道消息20rmr黑蛋是下一个笨香蕉
[2026-02-22 02:34:01] 不知名贝斯手: 你别夸蜜蜂了，谁不知道你最恨载大哥😅
[2026-02-22 02:34:03] LvvsiN: 为什么房管封的不能给鱼丸……还以为今天晚上得吃了……
[2026-02-22 02:34:03] 姓黄小名肥仔: 玩神真乃当代诸葛👍牺牲一个布罗利，自己跟🦐全都妹妹隐身了
[2026-02-22 02:34:03] 好的好的阖家: 别装模作样夸载物了，直接数字刷起来吧
[2026-02-22 02:34:03] Mortnotz: 以前你说这里是猎鹰官方直播间我觉得在⭕️ 现在我信了
[2026-02-22 02:34:03] 半城殇丶红尘: 你别夸蜜蜂了，谁不知道你最恨载大哥😅
[2026-02-22 02:34:03] 看我柒拾貳鞭: 演都不演了
[2026-02-22 02:34:03] 玩家军的猪头肉本人: 我还是喜欢从前那个玩数字梗、警告梗都不会被封的6657，玩大哥你不是不在乎这个的嘛😭😭😭
[2026-02-22 02:34:03] 沐苏牛大无需多言: 蜂美再给你爆米真是啥X了
[2026-02-22 02:34:03] 呆妹儿的姑父: @布罗利@CS欧皇团队：小道消息20rmr黑蛋是下一个笨香蕉
[2026-02-22 02:34:03] vgcyt: 玩神真乃当代诸葛👍牺牲一个布罗利，自己跟🦐全都妹妹隐身了
[2026-02-22 02:34:05] LvvsiN: @阿汤日记：一个人，5发子弹，保住格陵兰岛。我不会叫它不可能完成的任务，我现在只想先回家看亦博
[2026-02-22 02:34:05] MSK枫: 玩大哥你夸的很好，但我真的只有荧光棒了
[2026-02-22 02:34:05] MataXian: @布罗利Broli：玩大哥我仓库里的蛋都给你偷 快来救我😭
[2026-02-22 02:34:05] handsomesuperme: 你别夸蜜蜂了，谁不知道你最恨载大哥😅
[2026-02-22 02:34:05] vongwu: 这能翻？
[2026-02-22 02:34:05] 好姐妹芙卡洛斯: ？
[2026-02-22 02:34:05] YCSUN1017: 你别夸蜜蜂了，谁不知道你最恨载大哥😅
[2026-02-22 02:34:05] Cardinal665: 你别夸蜜蜂了，谁不知道你最恨载大哥😅
[2026-02-22 02:34:06] 呆妹儿的姑父: @布罗利@CS欧皇团队：小道消息20rmr黑蛋是下一个笨香蕉
[2026-02-22 02:34:06] Vitality的羽贺文乃本人: @唯爱孩神：载物没有进攻影响力
[2026-02-22 02:34:06] LvvsiN: 为什么房管封的不能给鱼丸……还以为今天晚上得吃了……
[2026-02-22 02:34:06] Killajoy: 🗿圣
[2026-02-22 02:34:06] fazeclan的千早爱音: 你别夸蜜蜂了，谁不知道你最恨载大哥😅
[2026-02-22 02:34:06] 这里是小天啊: ？
[2026-02-22 02:34:06] 无伟契约: ？
[2026-02-22 02:34:07] Kli0s: 这
[2026-02-22 02:34:07] 祈佑w: ？
[2026-02-22 02:34:07] 石家庄的宠物男孩: ？
[2026-02-22 02:34:07] 菜星冲冲冲: ？
[2026-02-22 02:34:07] 咩力羊: 哈哈哈
[2026-02-22 02:34:08] dark1337: ？
[2026-02-22 02:34:08] LvvsiN: 其实碗橱就是猪灵，你不拿黄金丢他他就不跟你说话
[2026-02-22 02:34:08] G2的device本人: ？
[2026-02-22 02:34:08] 秋Fc: ？
[2026-02-22 02:34:08] 刃涯: ?
[2026-02-22 02:34:08] 火焰兰丐帮: 哈哈
[2026-02-22 02:34:08] 另一个世界7: 弹幕千万不要在完美世界电竞搜索不喝酒亚威
[2026-02-22 02:34:08] 小白菜爱萝卜: 翻盘从这一刻开始
[2026-02-22 02:34:09] 呆妹儿的姑父: @布罗利@CS欧皇团队：小道消息20rmr黑蛋是下一个笨香蕉
[2026-02-22 02:34:09] 北宇治拳王久石奏: ？？
[2026-02-22 02:34:09] 空白Zzz丶: 别夸了，你最怕载大哥😅
[2026-02-22 02:34:09] Ggmftye: 哈哈
[2026-02-22 02:34:09] -Squ1rrel-: ？
[2026-02-22 02:34:09] 范玉欣丨: @布罗利：伟哥，事儿我都办了，尾款啥时结啊
[2026-02-22 02:34:09] Aolite: ？？？
[2026-02-22 02:34:09] 皮里恩丶: ？
[2026-02-22 02:34:10] 用户8044227198: ？
[2026-02-22 02:34:10] FiaoxP: ？
[2026-02-22 02:34:10] LvvsiN: 弹幕别吵了，银行业一样一样有有有也会有h'y'hui't'y'r's'c'dn
[2026-02-22 02:34:10] 图帕雷松: @cs2欧皇集团：是的布罗利你就得这样🤣黑蛋马上就要起飞了😎跟着欧皇吃肉喝汤😤
[2026-02-22 02:34:11] csgo小茄子: 玩大哥，其实蜜蜂输了你不用装作很懊恼的样子的，想笑就笑吧
[2026-02-22 02:34:11] 愤怒祷词: 报仇了
[2026-02-22 02:34:12] 凛月尹: ？
[2026-02-22 02:34:12] LvvsiN: 额，拿亚军我都会，拿亚军，拿季军，拿四强，拿八强，拿十六强，呃拿冠军我不会，然后小组赛淘汰
[2026-02-22 02:34:12] -Squ1rrel-: ？
[2026-02-22 02:34:12] 炫迈冰暴口香糖: 尝试提前给布罗利推销保健品
[2026-02-22 02:34:12] 莫情123: 背刺了
[2026-02-22 02:34:13] uzi家的喷水龙: 一个cs解说最恨的人是cs的goat，为了解说很开心吧
[2026-02-22 02:34:13] 岚东: 布罗利家里墙壁都开裂了还要给玩神爆米... nb
[2026-02-22 02:34:13] PacificationX: 玩大哥解说真专业吧，不知道的我还以为你是小蜜蜂粉丝，一点都不恨载物呢
[2026-02-22 02:34:14] LvvsiN: 弹幕也就网上说说，现实里谁不觉得樱姐是好女孩（删括号领一条远坂凛同款鸟笼）
[2026-02-22 02:34:14] Shintaro: 🗿
[2026-02-22 02:34:14] 呆妹儿的姑父: @布罗利@CS欧皇团队：小道消息20rmr黑蛋是下一个笨香蕉
[2026-02-22 02:34:15] Killajoy: 🗿÷
[2026-02-22 02:34:15] 但我内心冷如冰雪: 抓娃娃
[2026-02-22 02:34:15] z泽村英梨梨i: ☝️🗿☝️🗿☝️🗿☝️🗿☝️🗿☝️🗿☝️🗿☝️🗿☝️🗿☝️🗿☝️🗿☝️🗿
[2026-02-22 02:34:15] 狂野皮几儿很哒: ？？？
[2026-02-22 02:34:16] LvvsiN: 其实碗橱就是猪灵，你不拿黄金丢他他就不跟你说话
[2026-02-22 02:34:16] MaHaGaLa37: ？
[2026-02-22 02:34:17] 玩长女雪之下雪乃: 报仇了
[2026-02-22 02:34:17] hxyvraf: @布罗利Broli：..说的跟niko低simple一档一样 不管从荣誉还是数j
[2026-02-22 02:34:17] 冬瓜不在家偷偷玩机器: 车主怎么被队友TK了
[2026-02-22 02:34:17] 阿瓦伊莉雅: 夸的这么努力啊 再夸狠一点 这荧光棒就赏给你了
[2026-02-22 02:34:18] LvvsiN: 你屏蔽词都快赶上新华词典了为什么不干脆开一百级发言？
[2026-02-22 02:34:18] 肾结石就得喝碳酸: 神了
[2026-02-22 02:34:18] 玩弓箭、Arrow: 你别夸蜜蜂了，这个直播间已经没蜂美爆米了😅
[2026-02-22 02:34:19] Mortnotz: 我还是喜欢从前那个玩数字梗、警告梗都不会被封的6657，玩大哥你不是不在乎这个的嘛😭😭😭
[2026-02-22 02:34:20] LvvsiN: 为什么房管封的不能给鱼丸……还以为今天晚上得吃了……
[2026-02-22 02:34:20] 芜虎与雅虎: 一裤兜子黑蛋没绷住
[2026-02-22 02:34:22] LvvsiN: 我让你开双倍你二龙吗？老子荧光棒要过期了
[2026-02-22 02:34:22] 茂名水鬼: 玩神，我发现2月份的时候登山最舒服，你也来试试吧😋
[2026-02-22 02:34:23] 訫喛: 全力玩
[2026-02-22 02:34:24] LvvsiN: 额，拿亚军我都会，拿亚军，拿季军，拿四强，拿八强，拿十六强，呃拿冠军我不会，然后小组赛淘汰
[2026-02-22 02:34:26] 阵雨天o: 弹幕千万不要在完美世界电竞搜索不喝酒亚威
[2026-02-22 02:34:26] BleksiA: 哈人
[2026-02-22 02:34:26] AfKCola: 布罗利家里墙壁都开裂了还要给玩神爆米... nb
[2026-02-22 02:34:26] LvvsiN: 南孚一节更比六节强，也就是一节南孚比六节南孚强，六节南孚比三十六节强，三十六节比二百一十六节强
[2026-02-22 02:34:26] -Squ1rrel-: 报阿努比斯仇呢
[2026-02-22 02:34:27] 问天丶Aiden: 透视
[2026-02-22 02:34:27] eda778: 透视
[2026-02-22 02:34:27] 用户8044227198: 牛逼
[2026-02-22 02:34:27] 和煦m: 透视闹麻了
[2026-02-22 02:34:27] 小夜r: 哈人
[2026-02-22 02:34:27] PacificationX: 玩大哥解说真专业吧，不知道的我还以为你是小蜜蜂粉丝，一点都不恨载物呢
[2026-02-22 02:34:27] 潇洒大概: 就刀
[2026-02-22 02:34:28] Sereinily: 其实碗橱就是猪灵，你不拿黄金丢他他就不跟你说话
[2026-02-22 02:34:28] hhxggxhh: 卧槽
[2026-02-22 02:34:28] 沉默喵: 开持
[2026-02-22 02:34:28] LvvsiN: 玩宝宝，我发现在大学上学的时候肄业会很舒服，你可以试试
[2026-02-22 02:34:28] csgo小茄子: 玩大哥，其实蜜蜂输了你不用装作很懊恼的样子的，想笑就笑吧
[2026-02-22 02:34:28] 专看玩机器的号: 刀
[2026-02-22 02:34:29] fazeclan的千早爱音: 你别夸蜜蜂了，谁不知道你最恨载大哥😅
[2026-02-22 02:34:29] 艾琉诺拉E: 载！
[2026-02-22 02:34:29] 木空空空空空: 哈人
[2026-02-22 02:34:29] 呆呆呱呱呱: 全力玩
[2026-02-22 02:34:29] 公式化id: 玩神，我发现2月份的时候登山最舒服，你也来试试吧😋
[2026-02-22 02:34:29] 要有光o: 透
[2026-02-22 02:34:29] 迷你世界丁真学姐1: niko play
[2026-02-22 02:34:30] kyubit: 一刀一刀燃烧刀
[2026-02-22 02:34:30] 车路士的凯赛多本人: 我还是喜欢从前那个玩数字梗、警告梗都不会被封的6657，玩大哥你不是不在乎这个的嘛😭😭😭
[2026-02-22 02:34:30] LvvsiN: 你屏蔽词都快赶上新华词典了为什么不干脆开一百级发言？
[2026-02-22 02:34:30] 财通情绪大师糖宝: 匕匕
[2026-02-22 02:34:30] 高松的灯ll: 透视
[2026-02-22 02:34:30] 古堡12枪战神: 可惜
[2026-02-22 02:34:30] fmljz: 编
[2026-02-22 02:34:30] 阿乐v515: 一刀一刀
[2026-02-22 02:34:30] 迪奥雷: 载物少杀一个真能赢吗
[2026-02-22 02:34:30] 串串金枪鱼: 牛逼牛逼
[2026-02-22 02:34:31] 冰冰冰冰冰氷冰: 刺激
[2026-02-22 02:34:31] 好姐妹河北省花: 透视
[2026-02-22 02:34:31] PacificationX: 玩大哥解说真专业吧，不知道的我还以为你是小蜜蜂粉丝，一点都不恨载物呢
[2026-02-22 02:34:31] Drankwater: 太离谱了载物
[2026-02-22 02:34:31] 玩机器厦面鄙骰大: 透视
[2026-02-22 02:34:31] Shahriar丶Shinva: 透视
[2026-02-22 02:34:32] 是是非非blue: niko play
[2026-02-22 02:34:32] 最后之作146: niko play
[2026-02-22 02:34:32] 丶丶Ken丶丶: 透视
[2026-02-22 02:34:32] LvvsiN: 你为什么要把mαjor禁了，我收藏的一半弹幕全毁了
[2026-02-22 02:34:32] 千早爱音desu: 弹幕千万不要在完美世界电竞搜索不喝酒亚威
[2026-02-22 02:34:32] kanoqi: 额，拿亚军我都会，拿亚军，拿季军，拿四强，拿八强，拿十六强，呃拿冠军我不会，然后小组赛淘汰
[2026-02-22 02:34:32] 阿羞羞i: 透视
[2026-02-22 02:34:32] 春花敲可爱的啦: 布罗利家里墙壁都开裂了还要给玩神爆米... nb
[2026-02-22 02:34:32] 可可爱爱戴佳伟: 弹幕千万不要在完美世界电竞搜索不喝酒亚威
[2026-02-22 02:34:32] Odike: @玩机器：布罗利，这波我只能卖到底了。。。
[2026-02-22 02:34:32] 用户7479593002: 太假了
[2026-02-22 02:34:33] 你敢看死蜜蜂就杀了你: 一刀一刀燃烧刀
[2026-02-22 02:34:33] 暗影貘良的229元: 就刀就刀
[2026-02-22 02:34:33] 我没有西班牙馅饼: 透视
[2026-02-22 02:34:33] 载物的艾7: 喜欢刀
[2026-02-22 02:34:33] 狂野皮几儿很哒: 玩神，我发现2月份的时候登山最舒服，你也来试试吧😋
[2026-02-22 02:34:33] 最喜欢妮姆芙: 透视
[2026-02-22 02:34:33] 天守阁信长: 一刀一刀燃烧刀
[2026-02-22 02:34:33] 传统peek高手XANTARES: 透视
[2026-02-22 02:34:34] mizuki99: 透视罢了
[2026-02-22 02:34:34] 大颗寿司玩机器: 其实碗橱就是猪灵，你不拿黄金丢他他就不跟你说话
[2026-02-22 02:34:34] hxyvraf: 布罗利家里墙壁都开裂了还要给玩神爆米... nb
[2026-02-22 02:34:34] TL的EliGE本人: 弹幕千万不要在完美世界电竞搜索不喝酒亚威
[2026-02-22 02:34:34] 岚东: 布罗利家里墙壁都开裂了还要给玩神爆米... nb
[2026-02-22 02:34:34] 宫监手放监: 牛逼
[2026-02-22 02:34:34] 好好的吧不错: 弹幕千万不要在完美世界电竞搜索不喝酒亚威
[2026-02-22 02:34:35] 神奥联盟的竹兰本人: 玩大哥解说真专业吧，不知道的我还以为你是小蜜蜂粉丝，一点都不恨载物呢
[2026-02-22 02:34:35] 我们曾经的样子: 就🔪！就🔪！就🔪！就🔪！就🔪！就🔪！就🔪！就🔪！就🔪！
[2026-02-22 02:34:35] 用户43629220: 透视
[2026-02-22 02:34:35] 喉宝Eilf: 一刀一刀燃烧刀
[2026-02-22 02:34:35] 冬瓜不在家偷偷玩机器: 🔪！
[2026-02-22 02:34:35] 可苦可乐GRA: 和透视玩这个？
[2026-02-22 02:34:35] 我最喜欢玩机器: 刀削
[2026-02-22 02:34:36] 静寂风: ？？？？？？？
[2026-02-22 02:34:36] 玩机器厦面鄙骰大: 透视。
[2026-02-22 02:34:36] Z伊卡洛斯Z: 布罗利家里墙壁都开裂了还要给玩神爆米... nb
[2026-02-22 02:34:36] 暗月流风: 🔪瘾犯了
[2026-02-22 02:34:36] gggaligeigei: 匕匕
[2026-02-22 02:34:37] 巨型鸡冠: 编
[2026-02-22 02:34:37] vongwu: 封烟没用
[2026-02-22 02:34:37] 6657Bullys1mple: 一刀一刀燃烧刀
[2026-02-22 02:34:37] 大裂谷的登山家: niko play
[2026-02-22 02:34:37] 卡其反: 玩大哥解说真专业吧，不知道的我还以为你是小蜜蜂粉丝，一点都不恨载物呢
[2026-02-22 02:34:37] 十点差49分: 就刀
[2026-02-22 02:34:37] 窦妪惯例全思慕: 　　　 我还是喜欢从前那个玩数字梗、警告梗都不会被封的6657，玩大哥你不是不在乎这个的嘛😭😭���
[2026-02-22 02:34:37] 叛逆的源源李: niko play
[2026-02-22 02:34:37] 柚柚子Yuyuko: 一刀一刀燃烧刀
[2026-02-22 02:34:37] 大颗寿司玩机器: @玩机器：布罗利，这波我只能卖到底了。。。
[2026-02-22 02:34:38] W美利坚香蕉君W: 一刀一刀燃烧刀
[2026-02-22 02:34:38] 白鵉鳶OriGami: 匕
[2026-02-22 02:34:38] 沉默喵: 不装了直接刀
[2026-02-22 02:34:38] Schnuffels: 载！
[2026-02-22 02:34:38] 青椒263: 抓娃娃
[2026-02-22 02:34:38] 漩涡章鱼: 一刀一刀燃烧刀
[2026-02-22 02:34:38] Ephemerality137: 玩大哥解说真专业吧，不知道的我还以为你是小蜜蜂粉丝，一点都不恨载物呢
[2026-02-22 02:34:39] 秋茶小雪: niko play
[2026-02-22 02:34:39] 纪川6657: 　　　 我还是喜欢从前那个玩数字梗、警告梗都不会被封的6657，玩大哥你不是不在乎这个的嘛😭😭���
[2026-02-22 02:34:39] 拜仁慕尼黑阿拉伯: 尼可比载物爽多了，玩大哥说的对
[2026-02-22 02:34:39] 卡卡卡茨比杨: 漂亮
[2026-02-22 02:34:39] 黎那汐塔top2尤诺: 透视
[2026-02-22 02:34:39] 擅长登山的亦博同学: 本能ca
[2026-02-22 02:34:40] 云边有条小侏如: 布罗利家里墙壁都开裂了还要给玩神爆米... nb
[2026-02-22 02:34:40] Ch1Sa-: 载
[2026-02-22 02:34:40] 生快生快妈妈: 你别夸蜜蜂了，谁不知道你最恨载大哥😅
[2026-02-22 02:34:40] 红烧哈基米: 恨
[2026-02-22 02:34:40] MyGo的tomorin本人: 玩神，我发现2月份的时候登山最舒服，你也来试试吧😋
[2026-02-22 02:34:40] 毛子没有jb: 布罗利：气死我了操
[2026-02-22 02:34:40] 治好了也会流口水: niko play
[2026-02-22 02:34:40] 可苦可乐GRA: 和透视玩这个？
[2026-02-22 02:34:41] 玉兔捣药57575: 全力玩
[2026-02-22 02:34:41] 小巷弯弯: 尼科玩
[2026-02-22 02:34:41] Kirse: 一刀一刀燃烧刀
[2026-02-22 02:34:41] FiaoxP: 载载😍😍
[2026-02-22 02:34:41] 岭上雾冷: 装最爱载的
[2026-02-22 02:34:41] PacificationX: 玩大哥解说真专业吧，不知道的我还以为你是小蜜蜂粉丝，一点都不恨载物呢
[2026-02-22 02:34:42] 玩蛇鼠丶stabbi: niko play
[2026-02-22 02:34:42] 卧看星河尽意明丶: monesy play
[2026-02-22 02:34:42] LvvsiN: 我让你开双倍你二龙吗？老子荧光棒要过期了
[2026-02-22 02:34:42] 玩师傅精益求精: 布罗利家里墙壁都开裂了还要给玩神爆米... nb
[2026-02-22 02:34:42] 茂名水鬼: 玩神，我发现2月份的时候登山最舒服，你也来试试吧😋
[2026-02-22 02:34:42] 爱被小泉吃的拉面同学: niko play
[2026-02-22 02:34:42] 野pig亨利28: 一刀一刀燃烧刀
[2026-02-22 02:34:43] 看死Herbaut就杀了你: 匕匕
[2026-02-22 02:34:43] YLXE太阳: 玩大哥解说真专业吧，不知道的我还以为你是小蜜蜂粉丝，一点都不恨载物呢
[2026-02-22 02:34:43] 可苦可乐GRA: 和透视玩这个？
[2026-02-22 02:34:43] 用户3661578: 经典翻盘
[2026-02-22 02:34:43] P丶ersist丿: 喜欢刀？
[2026-02-22 02:34:44] 胡椒胡椒胡椒胡椒胡椒: 弹幕千万不要在完美世界电竞搜索不喝酒亚威
[2026-02-22 02:34:44] 忽孝山庄: 一刀一刀燃烧刀
[2026-02-22 02:34:44] AmamiyaIori: monesy play！
[2026-02-22 02:34:44] xuzVan: 匕匕！
[2026-02-22 02:34:44] LvvsiN: 你屏蔽词都快赶上新华词典了为什么不干脆开一百级发言？
[2026-02-22 02:34:44] 第三猪白猪玩斯曼: 恶意刀人
[2026-02-22 02:34:44] 一只米小悠呀悠: 喜欢刀
[2026-02-22 02:34:45] 约定之王: niko play
[2026-02-22 02:34:45] 杺毓: 布罗利：气死我了操
[2026-02-22 02:34:45] 牧瀨紅莉栖awa: 你有啥好说的，尼可比载物爽多了，玩大哥说的对
[2026-02-22 02:34:45] 冷淡ld: niko play
[2026-02-22 02:34:45] 贝拉K1rA: 一刀一刀燃烧刀
[2026-02-22 02:34:45] 文西67: niko play
[2026-02-22 02:34:46] 浮华9527: 这也透视？听到声音了
[2026-02-22 02:34:46] 我改名还不行吗给我中: 都躲烟里了都没杀人
[2026-02-22 02:34:46] 可苦可乐GRA: 和透视玩这个？
[2026-02-22 02:34:46] 用户8044227198: ？
[2026-02-22 02:34:46] 大家要幸福呀: 布罗利家里墙壁都开裂了还要给玩神爆米... nb
[2026-02-22 02:34:46] 77一定会是我的: 载物别杀了，布罗利不敢看了
[2026-02-22 02:34:46] 载大哥的狗: 布罗利家里墙壁都开裂了还要给玩神爆米... nb
[2026-02-22 02:34:46] WEYyuki: 编了
[2026-02-22 02:34:46] 纸漓: 玩大哥解说真专业吧，不知道的我还以为你是小蜜蜂粉丝，一点都不恨载物呢
[2026-02-22 02:34:47] 玩斯特出出6657: 载物刀活人，niko刀死人
[2026-02-22 02:34:47] 好姐妹凑阿夸: niko play
[2026-02-22 02:34:47] 王子瑞嘴嘴: @布罗利：玩大哥，你做人真可以，当你的狗还有被开的风险
[2026-02-22 02:34:47] Viper的牛子: 有的人刀活人，有的人刀死人
[2026-02-22 02:34:48] 古堡12枪战神: 为什么zywoo能看砍到人，绿龙一直不行
[2026-02-22 02:34:48] 户儒娃: ropz起到帮助🗿研发的作用
[2026-02-22 02:34:48] 空有无垠: goat
[2026-02-22 02:34:48] 阿羞羞i: 不装了直接刀
[2026-02-22 02:34:48] 古怪的一个人: niko play
[2026-02-22 02:34:48] 迷你世界丁真学姐1: monesy play
[2026-02-22 02:34:49] 淡然夏末的温存11: 布罗利家里墙壁都开裂了还要给玩神爆米... nb
[2026-02-22 02:34:49] Malik3th: 业余
[2026-02-22 02:34:49] 1十甫0: ？
[2026-02-22 02:34:49] 清风浮过丶: 装最爱载的
[2026-02-22 02:34:49] Vitaliy的ZywOo本人: 你别夸蜜蜂了，谁不知道你最恨载大哥😅
[2026-02-22 02:34:50] 来自欧派星球: 玩神，我发现2月份的时候登山最舒服，你也来试试吧😋
[2026-02-22 02:34:50] 看死Herbaut就杀了你: niko play
[2026-02-22 02:34:50] 热烈旳馬: ？？
[2026-02-22 02:34:51] 绘绘绘绘绘梨衣: 是人吗
[2026-02-22 02:34:51] 石家庄的宠物男孩: 神了
[2026-02-22 02:34:51] 可苦可乐GRA: 和透视玩这个？
[2026-02-22 02:34:52] 修飞机的保安: monesy play
[2026-02-22 02:34:52] duoduofeizhuzi: niko play
[2026-02-22 02:34:52] 光明貘良: monesy pllay
[2026-02-22 02:34:52] VALORANT钢枪指挥cadiaN: 喜欢刀？喜欢刀？喜欢刀？
[2026-02-22 02:34:52] 传统peek高手XANTARES: 业余
[2026-02-22 02:34:52] LvvsiN: 你为什么要把mαjor禁了，我收藏的一半弹幕全毁了
[2026-02-22 02:34:52] Sereinily: 一刀一刀燃烧刀
[2026-02-22 02:34:52] 就爱吃辣咋的: 神人
[2026-02-22 02:34:53] 正经猪头肉: ？
[2026-02-22 02:34:53] 玩蛇鼠丶stabbi: @niko：载物不是也砍了吗
[2026-02-22 02:34:53] 心之怪盗团的Queen本人: 闹麻了
[2026-02-22 02:34:53] JuL1us: 匕匕
[2026-02-22 02:34:53] AG的青叶摩卡本人: @布罗利@CS欧皇团队：小道消息20rmr黑蛋是下一个笨香蕉
[2026-02-22 02:34:53] 偷哦嘘鞭贷拔: 一刀一刀燃烧刀
[2026-02-22 02:34:53] loureed11: 一刀一刀燃烧刀
[2026-02-22 02:34:53] PacificationX: 玩大哥解说真专业吧，不知道的我还以为你是小蜜蜂粉丝，一点都不恨载物呢
[2026-02-22 02:34:53] 潇洒大概: 业余
[2026-02-22 02:34:54] 無話可說848: 业余
[2026-02-22 02:34:54] 机长家的华仔: 一刀一刀燃烧刀
[2026-02-22 02:34:54] 可苦可乐GRA: 和透视玩这个？
[2026-02-22 02:34:54] Mortnotz: zywoo刀活物，niko刀尸体
[2026-02-22 02:34:54] 我730730730: 匕匕！
[2026-02-22 02:34:54] 偷鸡蛋的玩机器本人o: 业余
[2026-02-22 02:34:54] LvvsiN: 银行业😄银行业😀银行业😃银行业😁银行业😆银行业🤪银行业😝
[2026-02-22 02:34:54] 淡然夏末的温存11: 布罗利家里墙壁都开裂了还要给玩神爆米... nb
[2026-02-22 02:34:54] 普通的用户7756: 玩神，我发现2月份的时候登山最舒服，你也来试试吧😋
[2026-02-22 02:34:55] ppqi七亚七: 一刀一刀燃烧刀
[2026-02-22 02:34:55] 丶小恐龙丶: @布罗利：玩大哥，你做人真可以，当你的狗还有被开的风险
[2026-02-22 02:34:55] 好兄弟平湖家猪王: 我就说这个zywoo是个杀人犯，直接🔪人了
[2026-02-22 02:34:55] zzzhr698: ‘’如果碰到那种玩数字梗，……麻烦各位帮我封一下吧‘’
[2026-02-22 02:34:55] 好兄弟玩机器马信: ⚠️伟伟在盗播⚠️伟伟在盗播⚠️伟伟在盗播⚠️伟伟在盗播⚠️伟伟在盗播
[2026-02-22 02:34:55] 岭上雾冷: 装最爱载的
[2026-02-22 02:34:56] 用户2100686284: 装最爱载的
[2026-02-22 02:34:56] 玩弓箭、Arrow: 　　　 玩神，我发现2月份的时候登山最舒服，你也来试试吧😋
[2026-02-22 02:34:56] 小怪兽8692: 恶意刀人
[2026-02-22 02:34:56] 专看玩机器的号: monesy pllay
[2026-02-22 02:34:56] 石家庄特色猪油火锅: ropz起到帮助🗿研发的作用
[2026-02-22 02:34:57] Kli0s: 首杀残局
[2026-02-22 02:34:57] Shahriar丶Shinva: 倒霉
[2026-02-22 02:34:57] 风雨晚烟: 🚗：🗿不玩就滚
[2026-02-22 02:34:57] 辣薄荷Lapohre: 匕哩匕哩~乾杯
[2026-02-22 02:34:58] 丶丶Ken丶丶: niko play
[2026-02-22 02:34:58] Halohh1y: 吃晃了
[2026-02-22 02:34:58] LvvsiN: 弹幕也就网上说说，现实里谁不觉得樱姐是好女孩（删括号领一条远坂凛同款鸟笼）
[2026-02-22 02:34:58] 青山锁欲锁不住你: 一刀一刀燃烧刀
[2026-02-22 02:34:59] 無茶苦茶0: 载物又兜底了，布罗利气不气🤭载物又兜底了，布罗利气不气🤭
[2026-02-22 02:34:59] 佐久夜姬子: monesy play
[2026-02-22 02:34:59] 用户30639588: 一刀一刀燃烧刀
[2026-02-22 02:34:59] 石家庄的刘亦博本人: 太没办法了
[2026-02-22 02:35:00] 我也是加把劲骑士: 业余
[2026-02-22 02:35:00] 好兄弟好大一棵树: 一刀一刀燃烧刀
[2026-02-22 02:35:00] 丶丶Ken丶丶: 一刀一刀燃烧刀
[2026-02-22 02:35:00] 密码密码送的: monesy pllay
[2026-02-22 02:35:00] LvvsiN: 银行业😄银行业😀银行业😃银行业😁银行业😆银行业🤪银行业😝
[2026-02-22 02:35:00] 老人星的优秀素质本人: 一刀一刀燃烧刀
[2026-02-22 02:35:01] 图帕雷松: 小夫在看弹幕吗，偷偷帮我解封一下🥺
[2026-02-22 02:35:01] uzi家的喷水龙: 牛逼，一直夸不喜欢的人。。。
[2026-02-22 02:35:01] 骑士Death: 解说就是胡说
[2026-02-22 02:35:01] 用户80930680: 一刀一刀燃烧刀
[2026-02-22 02:35:01] Vitality的羽贺文乃本人: @niko：载物不是也砍了吗
[2026-02-22 02:35:01] 愿逐月华流照君_: 哈哈哈哈哈哈哈
[2026-02-22 02:35:01] 羊驼主播: niko play
[2026-02-22 02:35:01] 搞笑男西德尼: 装最爱载的
[2026-02-22 02:35:01] 玩机器的小jj: 倒霉菜了
[2026-02-22 02:35:02] PacificationX: 玩大哥解说真专业吧，不知道的我还以为你是小蜜蜂粉丝，一点都不恨载物呢
[2026-02-22 02:35:02] gggaligeigei: 装最爱载的
[2026-02-22 02:35:02] 菅叶和: 匕哩匕哩~乾杯
[2026-02-22 02:35:02] LvvsiN: 额，拿亚军我都会，拿亚军，拿季军，拿四强，拿八强，拿十六强，呃拿冠军我不会，然后小组赛淘汰
[2026-02-22 02:35:03] 展昭Z: @布罗利：玩大哥，你做人真可以，当你的狗还有被开的风险
[2026-02-22 02:35:03] 太行山积雪: monesy play
[2026-02-22 02:35:03] magellan0v0: monesy pllay
[2026-02-22 02:35:03] 梓川咲太368: ropz起到帮助🗿研发的作用
[2026-02-22 02:35:04] 爆爆爆开爆: monesy play
[2026-02-22 02:35:04] 高松的灯ll: 一刀一刀燃烧刀
[2026-02-22 02:35:04] LvvsiN: 你屏蔽词都快赶上新华词典了为什么不干脆开一百级发言？
[2026-02-22 02:35:05] 封丶不丶觉: 玩哥说这话是不是太违心了
[2026-02-22 02:35:05] last玩神丶: zywoo刀活物，niko刀尸体
[2026-02-22 02:35:05] 剑崎梨梨花: 牛逼，一直夸不喜欢的人。。。
[2026-02-22 02:35:05] -无街之城: 一刀一刀燃烧刀
[2026-02-22 02:35:05] Box强音来袭: 玩机器:小蜜蜂是最后一米了😭
[2026-02-22 02:35:06] 橘殃丶丶: 装最爱载的
[2026-02-22 02:35:06] 牧瀨紅莉栖awa: @niko：载物不是也砍了吗
[2026-02-22 02:35:06] 佐久夜姬子: @niko：载物不是也砍了吗
[2026-02-22 02:35:06] 小救星小杜DuD: 恶意刀人
[2026-02-22 02:35:06] LvvsiN: 我让你开双倍你二龙吗？老子荧光棒要过期了
[2026-02-22 02:35:06] 775424353: monesy pllay
[2026-02-22 02:35:06] 搞笑男西德尼: 牛逼，一直夸不喜欢的人。。。
[2026-02-22 02:35:07] 三角初华世界第一美: 弹幕也就网上说说，现实里谁不觉得樱姐是好女孩（删括号领一条远坂凛同款鸟笼）
[2026-02-22 02:35:07] 玩蛇鼠丶stabbi: @niko：载物不是也砍了吗😅
[2026-02-22 02:35:07] 琴弦之意: 🗿：上半场这p3搞了这么多把，真得制他一下
[2026-02-22 02:35:07] qboss799: 一刀一刀燃烧刀
[2026-02-22 02:35:07] 大姜饼: 载物又兜底了，布罗利气不气🤭载物又兜底了，布罗利气不气🤭
[2026-02-22 02:35:08] 卡啊卡卡丶: niko play
[2026-02-22 02:35:08] MeIoN39: 装最爱载的
[2026-02-22 02:35:08] 宫监手放监: 牛逼，一直夸不喜欢的人。。。
[2026-02-22 02:35:08] shadow彡跨擦: 这个警家双架也太搞笑了，还要跳一下
[2026-02-22 02:35:08] 用户4496427612: 一刀一刀燃烧刀
[2026-02-22 02:35:08] 江河湖海豹: 怀念最好的主播和房管:总监和箱子。
[2026-02-22 02:35:08] LvvsiN: 弹幕也就网上说说，现实里谁不觉得樱姐是好女孩（删括号领一条远坂凛同款鸟笼）
[2026-02-22 02:35:09] PacificationX: 玩大哥解说真专业吧，不知道的我还以为你是小蜜蜂粉丝，一点都不恨载物呢
[2026-02-22 02:35:09] 玩机爹丶Device: niko play
[2026-02-22 02:35:09] 丶丶桔梗丶: @niko：载物不是也砍了吗
[2026-02-22 02:35:09] 杰斌候入长峪城: @布罗利：玩大哥，你做人真可以，当你的狗还有被开的风险
[2026-02-22 02:35:09] 冷冉LengRanzZ: 一刀一刀燃烧刀
[2026-02-22 02:35:10] 猹拉图斯特拉没话说: 一刀一刀燃烧刀
[2026-02-22 02:35:10] 小橙子橙99999: 玩大哥解说真专业吧，不知道的我还以为你是小蜜蜂粉丝，一点都不恨载物呢
[2026-02-22 02:35:10] 花开花终败z: niko只是刀尸体就被说成素质低，载物直接刀活人怎么说？
[2026-02-22 02:35:10] 忒斯特李逵: 怎么没人刷布罗利了，是被禁言了吗
[2026-02-22 02:35:10] 悲风悯月: 载物太坏了 niko都是等对面死了才刀
[2026-02-22 02:35:10] 潇洒大概: monesy play
[2026-02-22 02:35:10] 看我柒拾貳鞭: 一刀一刀燃烧刀
[2026-02-22 02:35:11] LvvsiN: 为什么房管封的不能给鱼丸……还以为今天晚上得吃了……
[2026-02-22 02:35:11] wiremis: 真没关系马
[2026-02-22 02:35:11] 云边有条小侏如: monesy pllay
[2026-02-22 02:35:11] hxyvraf: monesy pllay
[2026-02-22 02:35:11] RyeHS: 装最爱载的
[2026-02-22 02:35:11] 琴弦之意: 🗿：上半场这p3搞了这么多把，真得制他一下
[2026-02-22 02:35:11] yuuuuua7: @niko：载物不是也砍了吗
[2026-02-22 02:35:12] 我730730730: @niko：载物不是也砍了吗
[2026-02-22 02:35:12] 杺毓: @niko：载物不是也砍了吗
[2026-02-22 02:35:12] 最爱的马卡龙: 玩机器去年道歉之后啥都没干，现在这一秒禁言，我不好说什意思
[2026-02-22 02:35:12] Scarlettwithtearstain: @niko：载物不是也砍了吗😅
[2026-02-22 02:35:12] LvvsiN: @阿汤日记：一个人，5发子弹，保住格陵兰岛。我不会叫它不可能完成的任务，我现在只想先回家看亦博
[2026-02-22 02:35:13] 好哥们音箱蟀: @niko：载物不是也砍了吗
[2026-02-22 02:35:13] Cardinal665: monesy play
[2026-02-22 02:35:13] Ch1Sa-: 711
[2026-02-22 02:35:13] 看死Herbaut就杀了你: 尼尼孩孩 play
[2026-02-22 02:35:14] ZJOI4K: 载物又兜底了，布罗利气不气🤭载物又兜底了，布罗利气不气🤭
[2026-02-22 02:35:14] Jess2: 载物太坏了 niko都是等对面死了才刀
[2026-02-22 02:35:14] 玩大招、PRX: @niko：载物不是也砍了吗
[2026-02-22 02:35:14] 太行山积雪: 牛逼，一直夸不喜欢的人。。。
[2026-02-22 02:35:14] 撒浪嘿呦0v0: @niko：载物不是也砍了吗
[2026-02-22 02:35:14] 菜星冲冲冲: 一刀一刀燃烧刀
[2026-02-22 02:35:14] 狸仙人420: 怎么没人刷布罗利了，是被禁言了吗
[2026-02-22 02:35:14] 近战法师甘道夫zZ: 有有有有有有有有有有有有有有有有有有有永远永远永远永远
[2026-02-22 02:35:14] LvvsiN: 额，拿亚军我都会，拿亚军，拿季军，拿四强，拿八强，拿十六强，呃拿冠军我不会，然后小组赛淘汰
[2026-02-22 02:35:15] 白环游: 牛逼，一直夸不喜欢的人。。。
[2026-02-22 02:35:15] 木空空空空空: 这局车主还真是倒霉菜了
[2026-02-22 02:35:15] WEYyuki: niko只是刀尸体就被说成素质低，载物直接刀活人怎么说？
[2026-02-22 02:35:15] 压缩vs蛮晚: 玩大哥解说真专业吧，不知道的我还以为你是小蜜蜂粉丝，一点都不恨载物呢
[2026-02-22 02:35:15] 阿瓦伊莉雅: 那你都这样了 荧光棒给你了呗
[2026-02-22 02:35:16] 时间就是深海咸鱼: niko只是刀尸体就被说成素质低，载物直接刀活人怎么说？
[2026-02-22 02:35:16] YLXE太阳: @niko：载物不是也砍了吗
[2026-02-22 02:35:16] WPwpS: 要纯e了
[2026-02-22 02:35:16] 鹌鹑必成战神: 玩哥说这话是不是太违心了
[2026-02-22 02:35:16] 稳稳稳: 怀念最好的主播和房管:总监和箱子。
[2026-02-22 02:35:16] 奖励自己一把卡尔: 这太涨士气了 我说实话
[2026-02-22 02:35:16] wedd1ddeJodd: 载物太坏了 niko都是等对面死了才刀
[2026-02-22 02:35:17] LvvsiN: 为什么房管封的不能给鱼丸……还以为今天晚上得吃了……
[2026-02-22 02:35:17] 微笑灬雨凝: @niko：载物不是也砍了吗
[2026-02-22 02:35:17] 邦德教育: @布罗利：玩大哥，你做人真可以，当你的狗还有被开的风险
[2026-02-22 02:35:17] 咩力羊: @niko：载物不是也砍了吗
[2026-02-22 02:35:17] 牛顿哪位: @niko：载物不是也砍了吗
[2026-02-22 02:35:17] 迪奥雷: 开始四条区了
[2026-02-22 02:35:17] 牧瀨紅莉栖awa: 我的青春是哲伟：363天路边，1天在绿龙踢死Niko，1天在PV踢死Niko
[2026-02-22 02:35:17] 丶丶Ken丶丶: @niko：载物不是也砍了吗
[2026-02-22 02:35:18] 石家庄的刘亦博本人: 　　　 🗿：上半场这p3搞了这么多把，真得制他一下
[2026-02-22 02:35:18] 蜉蝣XwX: 6250没钱说是
[2026-02-22 02:35:18] 猫很好的小乖: @niko：载物不是也砍了吗😅
[2026-02-22 02:35:18] 大裂谷的登山家: 载物太坏了 niko都是等对面死了才刀
[2026-02-22 02:35:18] 解说就是胡说machine: @niko：载物不是也砍了吗
[2026-02-22 02:35:18] 好姐妹德克萨斯: 亦博翻盘
[2026-02-22 02:35:18] 泠鸢不是冷鸢丶: 牛逼，一直夸不喜欢的人。。。
[2026-02-22 02:35:19] 呆妹儿的姑父: @布罗利：玩大哥，你做人真可以，当你的狗还有被开的风险
[2026-02-22 02:35:19] 結城希亞: @niko：载物不是也砍了吗😅
[2026-02-22 02:35:19] 阿聚TaHa: monesy play
[2026-02-22 02:35:19] 石家庄的宠物男孩: 牛逼，一直夸不喜欢的人。。。
[2026-02-22 02:35:19] 小夜r: 我Z
[2026-02-22 02:35:19] 卡啊卡卡丶: @niko：载物不是也砍了吗
[2026-02-22 02:35:19] 那就点: @niko：载物不是也砍了吗
[2026-02-22 02:35:19] 春花敲可爱的啦: 装最爱载的
[2026-02-22 02:35:19] LaifuoO来福oO: 载物又兜底了，布罗利气不气🤭载物又兜底了，布罗利气不气🤭
[2026-02-22 02:35:19] 古怪的一个人: 载物太坏了 niko都是等对面死了才刀
[2026-02-22 02:35:20] 沉默灬Sheath: 载物太坏了 niko都是等对面死了才刀
[2026-02-22 02:35:20] 用户3661578: @niko：载物不是也砍了吗
[2026-02-22 02:35:20] 我要改名字2153: @niko：载物不是也砍了吗
[2026-02-22 02:35:20] 毛驴肖汉: 牛逼，一直夸不喜欢的人。。。
[2026-02-22 02:35:20] 窦妪惯例全思慕:  @花开花终败z：niko只是刀尸体就被说成素质低，载物直接刀活人怎么说？
[2026-02-22 02:35:20] 玩猴爪丶MonkeyPaw: 主播你在看弹幕吗？我看弹幕都在骂你，你根本没有回应
[2026-02-22 02:35:20] 缨只会嘤嘤嘤: 装最爱载的
[2026-02-22 02:35:20] Reality89877: @niko：载物不是也砍了吗
[2026-02-22 02:35:21] dark1337: @niko：载物不是也砍了吗
[2026-02-22 02:35:21] 茂名水鬼: 牛逼，一直夸不喜欢的人。。。
[2026-02-22 02:35:21] 图帕雷松: @niko：载物不是也砍了吗
[2026-02-22 02:35:21] duoduofeizhuzi: @niko：载物不是也砍了吗
[2026-02-22 02:35:21] 怪自己怪天气: @niko：载物不是也砍了吗
[2026-02-22 02:35:21] Aimyon33: niko只是刀尸体就被说成素质低，载物直接刀活人怎么说？
[2026-02-22 02:35:21] 空有无垠: @niko：载物不是也砍了吗
[2026-02-22 02:35:21] 时团的马嘉祺本人: @niko：载物不是也砍了吗
[2026-02-22 02:35:21] 潇洒大概: @niko：载物不是也砍了吗
[2026-02-22 02:35:22] RyougiAqua: 载物太坏了 niko都是等对面死了才刀
[2026-02-22 02:35:22] Shintaro:     🗿：上半场这p3搞了这么多把，真得制他一下
[2026-02-22 02:35:22] 搞笑男西德尼: 载物太坏了 niko都是等对面死了才刀
[2026-02-22 02:35:22] IF的灰爱音本人: niko只是刀尸体就被说成素质低，载物直接刀活人怎么说？
[2026-02-22 02:35:23] P丶ersist丿: @niko：载物不是也砍了吗😅
[2026-02-22 02:35:23] 北宇治拳王久石奏: @niko：载物不是也砍了吗
[2026-02-22 02:35:23] 妖艳阿卡莎: monesy play
[2026-02-22 02:35:23] 小救星小杜DuD: 载物太坏了 niko都是等对面死了才刀
[2026-02-22 02:35:24] 送不起火箭我送张办卡: niko只是刀尸体就被说成素质低，载物直接刀活人怎么说？
[2026-02-22 02:35:24] 忍野忍小忍: 　　　 @niko：载物不是也砍了吗
[2026-02-22 02:35:24] 胡椒胡椒胡椒胡椒胡椒: 怎么没人刷布罗利了，是被禁言了吗
[2026-02-22 02:35:24] 丨Connor: 6250没钱说是
[2026-02-22 02:35:24] 少年瞳a: @niko：载物不是也砍了吗
[2026-02-22 02:35:24] shanweii: @niko：载物不是也砍了吗
[2026-02-22 02:35:25] 河北医大四院Zywoo本人: 装最爱载的
[2026-02-22 02:35:25] 新用户259: 友善互动
[2026-02-22 02:35:25] Adrian林讲: 我的青春是哲伟：363天路边，1天在绿龙踢死Niko，1天在PV踢死Niko
[2026-02-22 02:35:25] LvvsiN: 额，拿亚军我都会，拿亚军，拿季军，拿四强，拿八强，拿十六强，呃拿冠军我不会，然后小组赛淘汰
[2026-02-22 02:35:25] 十五勇士之一apex: 载物太坏了 niko都是等对面死了才刀
[2026-02-22 02:35:25] winwin哥: 载物太坏了 niko都是等对面死了才刀
[2026-02-22 02:35:25] 柚子厨0721: @niko：载物不是也砍了吗
[2026-02-22 02:35:25] 锤爆魔丸一百次: @niko：载物不是也砍了吗
[2026-02-22 02:35:25] 文西67: @niko：载物不是也砍了吗
[2026-02-22 02:35:26] 梅林老公: 载物太坏了 niko都是等对面死了才刀
[2026-02-22 02:35:26] 罗湖古天樂: 载物太坏了 niko都是等对面死了才刀
[2026-02-22 02:35:26] 爱淡茶未凉: @布罗利：玩大哥，你做人真可以，当你的狗还有被开的风险
[2026-02-22 02:35:26] 康托尔74920: 没钱在哪
[2026-02-22 02:35:26] A队的佐佐木李子本人: @niko：载物不是也砍了吗
[2026-02-22 02:35:26] MyGo的tomorin本人: 太刻晴了.。
[2026-02-22 02:35:26] Finland的索米KP31本人: @niko：载物不是也砍了吗😅
[2026-02-22 02:35:26] S1natra: niko只是刀尸体就被说成素质低，载物直接刀活人怎么说？
[2026-02-22 02:35:26] 百事可乐oIo: 载物太坏了 niko都是等对面死了才刀
[2026-02-22 02:35:27] LvvsiN: 银行业😄银行业😀银行业😃银行业😁银行业😆银行业🤪银行业😝
[2026-02-22 02:35:27] 我梦庄周: 恶意刀人，感觉不如niko……
[2026-02-22 02:35:27] 瞄准高高手: 载物太坏了 niko都是等对面死了才刀
[2026-02-22 02:35:27] 改下名就能中111: 载物太坏了 niko都是等对面死了才刀
[2026-02-22 02:35:27] 专看玩机器的号: 那你都这样了 荧光棒给你了呗
[2026-02-22 02:35:27] 爱上女大: 装模做样的 差不多得了
[2026-02-22 02:35:28] 喃芷哒哒哒: 载物太坏了 niko都是等对面死了才刀
[2026-02-22 02:35:28] 大裂谷的登山家: @niko：载物不是也砍了吗
[2026-02-22 02:35:28] 玩原神、Genshin: @niko：载物不是也砍了吗
[2026-02-22 02:35:28] 企鹅物流安全屋: 牛逼，一直夸不喜欢的人。。。
[2026-02-22 02:35:28] 神奥联盟的竹兰本人: @niko：载物不是也砍了吗
[2026-02-22 02:35:28] 小蜜蜂载物本人: niko只是刀尸体就被说成素质低，载物直接刀活人怎么说？
[2026-02-22 02:35:28] 夯昆23333:     @niko：载物不是也砍了吗
[2026-02-22 02:35:28] 仲夏677: 载物太坏了 niko都是等对面死了才刀
[2026-02-22 02:35:29] 氧蜜茶: 这流怎么吵成这样
[2026-02-22 02:35:29] 风雨晚烟: 载物太坏了 niko都是等对面死了才刀
[2026-02-22 02:35:29] 无果y丶: @niko：载物不是也砍了吗😅
[2026-02-22 02:35:29] 老人星的优秀素质本人: niko只是刀尸体就被说成素质低，载物直接刀活人怎么说？
[2026-02-22 02:35:29] 长崎翔子: @布罗利：玩大哥，你做人真可以，当你的狗还有被开的风险
[2026-02-22 02:35:29] FurudeTMT: ropz不玩就回faze（不是肥美）
[2026-02-22 02:35:29] 果小果是个谢彬: @niko：载物不是也砍了吗
[2026-02-22 02:35:29] 小巷弯弯: @花开花终败z：niko只是刀尸体就被说成素质低，载物直接刀活人怎么说？
[2026-02-22 02:35:29] Mortnotz: 载物太坏了 niko都是等对面死了才刀
[2026-02-22 02:35:29] 多喝热水9点睡: 载物太坏了 niko都是等对面死了才刀
[2026-02-22 02:35:30] 诺零零零零零: @niko：载物不是也砍了吗
[2026-02-22 02:35:30] 冲上云霄的姨: @niko：载物不是也砍了吗
[2026-02-22 02:35:30] 茂名水鬼: @niko：载物不是也砍了吗
[2026-02-22 02:35:30] 云边有条小侏如: 载物太坏了 niko都是等对面死了才刀
[2026-02-22 02:35:30] 易池大大: 我的青春是哲伟：363天路边，1天在绿龙踢死Niko，1天在PV踢死Niko
[2026-02-22 02:35:31] LvvsiN: 你屏蔽词都快赶上新华词典了为什么不干脆开一百级发言？
[2026-02-22 02:35:31] 77一定会是我的: 我觉得布罗利也是6657直播间的明星选手啊
[2026-02-22 02:35:31] 共难共难: niko只是刀尸体就被说成素质低，载物直接刀活人怎么说？
[2026-02-22 02:35:32] 十点差49分: niko只是刀尸体就被说成素质低，载物直接刀活人怎么说？
[2026-02-22 02:35:32] 玩弓箭、Arrow: 玩大哥解说真专业吧，不知道的我还以为你是小蜜蜂粉丝，一点都不恨载物呢
[2026-02-22 02:35:32] 三千世界鸦杀尽彡: 载物太坏了 niko都是等对面死了才刀
[2026-02-22 02:35:32] MataXian: @布罗利Broli：玩大哥我仓库里的蛋都给你偷 快来救我😭
[2026-02-22 02:35:32] 葬人__: 载物太坏了 niko都是等对面死了才刀
[2026-02-22 02:35:32] 呆妹儿的姑父: @niko：载物不是也砍了吗
[2026-02-22 02:35:33] niivcyk: 载物太坏了 niko都是等对面死了才刀
[2026-02-22 02:35:33] xjdnshxjdka: @niko：载物不是也砍了吗
[2026-02-22 02:35:33] 我肥任我肥: @niko：载物不是也砍了吗
[2026-02-22 02:35:33] 抓住肉肉啃: 载物太坏了 niko都是等对面死了才刀
[2026-02-22 02:35:33] 丰川祥子口三角初华: 载物居然🔪活人 比niko恶劣多....
[2026-02-22 02:35:33] JOhNsoN兆: @niko：载物不是也砍了吗
[2026-02-22 02:35:34] 下水道在逃鼠鼠: 载物太坏了 niko都是等对面死了才刀
[2026-02-22 02:35:34] 鹌鹑必成战神: @布罗利：玩大哥，你做人真可以，当你的狗还有被开的风险
[2026-02-22 02:35:34] 明月夜无涯: @niko：载物不是也砍了吗
[2026-02-22 02:35:34] BL灵梦: 玩机器气死了 载物秀
[2026-02-22 02:35:35] 喷香的臭臭泥: @niko：载物不是也砍了吗😅
[2026-02-22 02:35:35] 牧瀨紅莉栖awa: @niko：载物不是也砍了吗😅
[2026-02-22 02:35:35] LvvsiN: 其实碗橱就是猪灵，你不拿黄金丢他他就不跟你说话
[2026-02-22 02:35:35] 青山锁欲锁不住你: niko只是刀尸体就被说成素质低，载物直接刀活人怎么说？
[2026-02-22 02:35:35] 有你便是世界1: 载物太坏了 niko都是等对面死了才刀
[2026-02-22 02:35:35] MeIoN39: 载物太坏了 niko都是等对面死了才刀
[2026-02-22 02:35:35] A队的佐佐木李子本人:  @多喝热水9点睡：载物太坏了 niko都是等对面死了才刀
[2026-02-22 02:35:35] 老婆是可可萝: cobrazera成功研发i110
[2026-02-22 02:35:35] 爱淡茶未凉: 载物不比niko差
[2026-02-22 02:35:36] 秋Fc:     @niko：载物不是也砍了吗
[2026-02-22 02:35:36] 石家庄特色猪油火锅: 载物太坏了 niko都是等对面死了才刀
[2026-02-22 02:35:36] 明天就和蕾塞结婚: 载物太坏了 niko都是等对面死了才刀
[2026-02-22 02:35:36] YCSUN1017: 牛逼，一直夸不喜欢的人。。。
[2026-02-22 02:35:36] Goodnite: 载物太坏了 niko都是等对面死了才刀
[2026-02-22 02:35:36] 宇莓: 确实，Niko沙二中路那波就挺带动的
[2026-02-22 02:35:37] 帅帅的翅膀为你翱翔: 载物太坏了 niko都是等对面死了才刀
[2026-02-22 02:35:38] 图帕雷松: 载物太坏了 niko都是等对面死了才刀
[2026-02-22 02:35:38] Mgci2: 载物太坏了 niko都是等对面死了才刀
[2026-02-22 02:35:38] 好姐妹长期素食丶: @布罗利：玩大哥，你做人真可以，当你的狗还有被开的风险
[2026-02-22 02:35:38] 极夜之辰: niko只是刀尸体就被说成素质低，载物直接刀活人怎么说？
[2026-02-22 02:35:38] vitality的亡巴淡本人: niko只是刀尸体就被说成素质低，载物直接刀活人怎么说？
[2026-02-22 02:35:38] 安酱没有jj: @niko：载物不是也砍了吗
[2026-02-22 02:35:38] Schnuffels: 这沙鹰一波进点翻盘
[2026-02-22 02:35:39] LvvsiN: 银行业😄银行业😀银行业😃银行业😁银行业😆银行业🤪银行业😝
[2026-02-22 02:35:39] 阡陌ER: 载物太坏了 niko都是等对面死了才刀
[2026-02-22 02:35:39] 爆爆爆开爆: 载物太坏了 niko都是等对面死了才刀
[2026-02-22 02:35:40] 正经猪头肉: 快
[2026-02-22 02:35:40] 求你关了我: 载物太坏了 niko都是等对面死了才刀
[2026-02-22 02:35:40] yuuik27: 载物刀活人比niko还恶劣
[2026-02-22 02:35:40] 三角初华世界第一美: 这丰川祥子真TM废啊😡
[2026-02-22 02:35:40] 呆妹儿的姑父: niko只是刀尸体就被说成素质低，载物直接刀活人怎么说？
[2026-02-22 02:35:40] Yuki111: 载物太坏了 niko都是等对面死了才刀
[2026-02-22 02:35:41] 徐弃安: @niko：载物不是也砍了吗😅
[2026-02-22 02:35:41] 好姐妹芙卡洛斯: P3
[2026-02-22 02:35:41] 肘一郎: 蛋糕店里卖蛋糕😱面包店里卖面包😭菜市场里能买辣椒😒厨房里边有菜刀😍
[2026-02-22 02:35:41] 吃饱了就想遛鸟: 载物太坏了 niko都是等对面死了才刀
[2026-02-22 02:35:41] LvvsiN: 南孚一节更比六节强，也就是一节南孚比六节南孚强，六节南孚比三十六节强，三十六节比二百一十六节强
[2026-02-22 02:35:41] 箱监大寒焦: 载物太坏了 niko都是等对面死了才刀
[2026-02-22 02:35:41] 果小果是个谢彬: 载物太坏了 niko都是等对面死了才刀
[2026-02-22 02:35:42] 鹌鹑必成战神: 额，拿亚军我都会，拿亚军，拿季军，拿四强，拿八强，拿十六强，呃拿冠军我不会，然后小组赛淘汰
[2026-02-22 02:35:42] 菜星冲冲冲: p3
[2026-02-22 02:35:42] 传统peek高手XANTARES: 快
[2026-02-22 02:35:42] Ggmftye: 快
[2026-02-22 02:35:42] NB的超电磁炮: P3
[2026-02-22 02:35:42] 我要上帝保佑我: 载物太坏了 niko都是等对面死了才刀
[2026-02-22 02:35:42] 雨天禽兽: 处刑
[2026-02-22 02:35:43] 斩斩斩斩斩吧: P3
[2026-02-22 02:35:43] 呆妹儿的姑父: @niko：载物不是也砍了吗
[2026-02-22 02:35:43] N1coZer4: 载物太坏了 niko都是等对面死了才刀
[2026-02-22 02:35:43] LvvsiN: 玩 出，我双倍呢？😡😡玩 出，我双倍呢？😡😡玩 出，我双倍呢？😡😡玩 出，我双倍呢？😡
[2026-02-22 02:35:43] 薛定谔的萝莉喵: p3
[2026-02-22 02:35:43] 应感激忠心的伴侣: p3
[2026-02-22 02:35:43] 欧气来我家: P3
[2026-02-22 02:35:44] 茂名水鬼: 载物太坏了 niko都是等对面死了才刀
[2026-02-22 02:35:44] 一位D级: 抓娃娃
[2026-02-22 02:35:44] 三角初华世界第一美: 叫小姐太虚伪 叫客服太现实 叫Oblivionis太崇洋 叫白月光太缅怀，晚上好，祥➗
[2026-02-22 02:35:44] G2的device本人: p3
[2026-02-22 02:35:44] 荣誉马莱人丶贾碧: 快
[2026-02-22 02:35:44] 虹豆砸: 载物太坏了 niko都是等对面死了才刀
[2026-02-22 02:35:44] 秋茶小雪: p3
[2026-02-22 02:35:45] jrcd66: p3
[2026-02-22 02:35:45] 魔男的夜宴: niko只是刀尸体就被说成素质低，载物直接刀活人怎么说？
[2026-02-22 02:35:45] 呆妹儿的姑父: @niko：载物不是也砍了吗
[2026-02-22 02:35:45] 卡卡卡茨比杨: 载物太坏了 niko都是等对面死了才刀
[2026-02-22 02:35:45] Aimyon33: r➗
[2026-02-22 02:35:45] 阿乐v515: rop紫
[2026-02-22 02:35:46] Killajoy: p3
[2026-02-22 02:35:46] 1泡泡壶茶1: niko只是刀尸体就被说成素质低，载物直接刀活人怎么说？
[2026-02-22 02:35:46] 另一个世界7: 载物太坏了 niko都是等对面死了才刀
[2026-02-22 02:35:46] 河马爬爬爬: 弹幕这也要尬黑吗？niko刀了？
[2026-02-22 02:35:46] YCSUN1017: p3
[2026-02-22 02:35:47] Bob小熊君: P3别送了
[2026-02-22 02:35:47] 蓝x釉: 快
[2026-02-22 02:35:47] 静寂风: ？？？？？？？
[2026-02-22 02:35:47] LvvsiN: 孩子们快跑，马修赫伯特来了😨卧槽你的怎么是马枪和BOT
[2026-02-22 02:35:47] AG的青叶摩卡本人: 载物太坏了 niko都是等对面死了才刀
[2026-02-22 02:35:47] Ecifircas: p3
[2026-02-22 02:35:48] A队的佐佐木李子本人: 车主玩不玩
[2026-02-22 02:35:48] 我也是加把劲骑士: P3
[2026-02-22 02:35:48] 好姐妹天野远子: 载物太坏了 niko都是等对面死了才刀
[2026-02-22 02:35:48] 呆妹儿的姑父: @niko：载物不是也砍了吗
[2026-02-22 02:35:48] 小救星小杜DuD: niko只是刀尸体就被说成素质低，载物直接刀活人怎么说？
[2026-02-22 02:35:48] 石家庄的宠物男孩: 车主玩不玩
[2026-02-22 02:35:49] loverboy888: P3
[2026-02-22 02:35:49] bLuEsTAr31: 载物太坏了 niko都是等对面死了才刀
[2026-02-22 02:35:49] 星海羽弦: rop紫
[2026-02-22 02:35:49] 白日梦之主: P3
[2026-02-22 02:35:49] 闪光皮凡: 好快的狙
[2026-02-22 02:35:49] LvvsiN: 为什么房管封的不能给鱼丸……还以为今天晚上得吃了……
[2026-02-22 02:35:49] 用户19863404: niko只是刀尸体就被说成素质低，载物直接刀活人怎么说？
[2026-02-22 02:35:50] 悟道茶y: P3
[2026-02-22 02:35:50] Finland的索米KP31本人: 一脚
[2026-02-22 02:35:50] Sereinily: 为什么房管封的不能给鱼丸……还以为今天晚上得吃了……
[2026-02-22 02:35:50] 好姐們愛爾奎特: @布罗利：玩大哥，你做人真可以，当你的狗还有被开的风险
[2026-02-22 02:35:50] LRaxewis: 这种蒙古人狂宰欧洲人的剧情太符合我的世界观了
[2026-02-22 02:35:51] 胖的飞起丫: p3
[2026-02-22 02:35:51] 花开花终败z: rop紫
[2026-02-22 02:35:51] LvvsiN: 我提一嘴这剧情越来越像上海major了
[2026-02-22 02:35:51] Ch1Sa-: 快
[2026-02-22 02:35:51] 丰川祥子口三角初华: 载物太坏了 niko都是等对面死了才刀
[2026-02-22 02:35:51] 一只米小悠呀悠: 载物太坏了 niko都是等对面死了才刀
[2026-02-22 02:35:51] boluo730: niko只是刀尸体就被说成素质低，载物直接刀活人怎么说？
[2026-02-22 02:35:52] sarbest: 载物太坏了 niko都是等对面死了才刀
[2026-02-22 02:35:52] 冬瓜不在家偷偷玩机器: 紫色！！！
[2026-02-22 02:35:52] 茂名水鬼: niko只是刀尸体就被说成素质低，载物直接刀活人怎么说？
[2026-02-22 02:35:52] 魔女审判的二阶堂希罗: p3根本不尊重
[2026-02-22 02:35:52] 琴弦之意: 🗿：p3又开始了是吧
[2026-02-22 02:35:53] Vitality的羽贺文乃本人: niko只是刀尸体就被说成素质低，载物直接刀活人怎么说？
[2026-02-22 02:35:53] TheMongolZ的上单本人: 载物太坏了 niko都是等对面死了才刀
[2026-02-22 02:35:53] LvvsiN: 为什么房管封的不能给鱼丸……还以为今天晚上得吃了……
[2026-02-22 02:35:53] AiLuoLi1413: niko只是刀尸体就被说成素质低，载物直接刀活人怎么说？
[2026-02-22 02:35:53] 好姐妹妮可: p3
[2026-02-22 02:35:53] 正经猪头肉: 一个人送了几分？
[2026-02-22 02:35:53] 潇洒大概: p3
[2026-02-22 02:35:53] 杀鱼宝宝028: 载物太坏了 niko都是等对面死了才刀
[2026-02-22 02:35:54] ahhhhhhhhhhhhhhhhhhh: p3不防的
[2026-02-22 02:35:54] G2的device本人: 责任神
[2026-02-22 02:35:55] 波波哈哈决赛双架: 昨天我也记得那个明星选手转折点，就是沙二那把AK是吧
[2026-02-22 02:35:55] 用户3661578: 没想到起狙了
[2026-02-22 02:35:55] LvvsiN: 为什么房管封的不能给鱼丸……还以为今天晚上得吃了……
[2026-02-22 02:35:55] ppqi七亚七: p3
[2026-02-22 02:35:55] 可苦可乐GRA: 还说啥呢，你都这样夸载物了，我攒了一周的荧光棒都给你呗
[2026-02-22 02:35:55] -Squ1rrel-: ？
[2026-02-22 02:35:55] 保持冷静helhao: @布罗利：玩大哥，你做人真可以，当你的狗还有被开的风险
[2026-02-22 02:35:56] hxyvraf: 载物太坏了 niko都是等对面死了才刀
[2026-02-22 02:35:56] 秋茶小雪: p3别送了
[2026-02-22 02:35:56] KujoJolyne: RBQ
[2026-02-22 02:35:56] 我刀贼好振i: 车主不玩退了吧
[2026-02-22 02:35:56] 迪奥雷: p3送完特特完送
[2026-02-22 02:35:57] 杀鱼宝宝028: @niko：载物不是也砍了吗😅
[2026-02-22 02:35:57] LvvsiN: 南孚一节更比六节强，也就是一节南孚比六节南孚强，六节南孚比三十六节强，三十六节比二百一十六节强
[2026-02-22 02:35:57] 我要改名字2153: @Niko: 故意杀人比侮辱尸体严重
[2026-02-22 02:35:57] 呆妹儿的姑父: niko只是刀尸体就被说成素质低，载物直接刀活人怎么说？
[2026-02-22 02:35:57] Viper的牛子: 弹幕有没有法律常识……不骂故意杀人的，反而骂侮辱尸 体的……
[2026-02-22 02:35:57] 小木曾雪菜本人: 正反手
[2026-02-22 02:35:58] MasterChiefOvO: P3
[2026-02-22 02:35:58] KAZUSA149: 羞死了
[2026-02-22 02:35:58] 把酒问月I: 紫色别送了
[2026-02-22 02:35:58] 金泰相的好室友: 指的是device荒漠迷城a1送狙zywoo吗
[2026-02-22 02:35:59] 伏拉夫在柏林: 载物太坏了 niko都是等对面死了才刀
[2026-02-22 02:35:59] 用来焚城的业炎: 羞死了
[2026-02-22 02:35:59] YLXE太阳: niko只是刀尸体就被说成素质低，载物直接刀活人怎么说？
[2026-02-22 02:35:59] MataXian: niko只是刀尸体就被说成素质低，载物直接刀活人怎么说？
[2026-02-22 02:35:59] 好姐妹德克萨斯: p3不玩就滚回faze（不是肥美）
[2026-02-22 02:35:59] LvvsiN: 玩宝宝，我发现在大学上学的时候肄业会很舒服，你可以试试
[2026-02-22 02:35:59] 好姐妹小草莓: @布罗利Broli：行了都知道了我也不装了，玩机器你也别装最爱载的了😄
[2026-02-22 02:36:00] xixiprime: 沙克也干了
[2026-02-22 02:36:00] TL的EliGE本人: 载物太坏了 niko都是等对面死了才刀
[2026-02-22 02:36:00] 呆妹儿的姑父: niko只是刀尸体就被说成素质低，载物直接刀活人怎么说？
[2026-02-22 02:36:00] 可苦可乐GRA: 还说啥呢，你都这样夸载物了，我攒了一周的荧光棒都给你呗
[2026-02-22 02:36:00] 秋月妻姬: 载物太坏了 niko都是等对面死了才刀
[2026-02-22 02:36:00] 谁会想要左后卫球衣呢: P3送了一把了
[2026-02-22 02:36:01] hxyvraf: niko只是刀尸体就被说成素质低，载物直接刀活人怎么说？
[2026-02-22 02:36:01] LvvsiN: 玩宝宝，我发现在大学上学的时候肄业会很舒服，你可以试试
[2026-02-22 02:36:01] wedd1ddeJodd: 载物是把对面砍似，而Niko是想做手术把对面救活。。
[2026-02-22 02:36:01] 夏空喵: 倒霉菜了
[2026-02-22 02:36:01] 用户80930680: 载物太坏了 niko都是等对面死了才刀
[2026-02-22 02:36:02] Canlynn鹙: 载物太坏了 niko都是等对面死了才刀
[2026-02-22 02:36:02] 依然有力: 羞死了
[2026-02-22 02:36:03] 超级爱大户爱: 羞死了
[2026-02-22 02:36:03] QC很牛很强大: @唯爱niko：niko只是刀了个尸体就被一直喷，载物刀活人却没人喷……nb……
[2026-02-22 02:36:03] 呆妹儿的姑父: niko只是刀尸体就被说成素质低，载物直接刀活人怎么说？
[2026-02-22 02:36:03] LvvsiN: 你屏蔽词都快赶上新华词典了为什么不干脆开一百级发言？
[2026-02-22 02:36:04] 云边有条小侏如: niko只是刀尸体就被说成素质低，载物直接刀活人怎么说？
[2026-02-22 02:36:04] csgo小茄子: 玩大哥，其实蜜蜂输了你不用装作很懊恼的样子的，想笑就笑吧
[2026-02-22 02:36:04] 好姐妹小草莓: @布罗利Broli：行了都知道了我也不装了，玩机器你也别装最爱载的了😄 
[2026-02-22 02:36:04] WPwpS: 蒙古很喜欢强起，大汗自己是个不大冷静的指挥
[2026-02-22 02:36:04] wjnbsl: 载物太坏了 niko都是等对面死了才刀
[2026-02-22 02:36:05] 明日香惣流: 两腿一张
[2026-02-22 02:36:05] uzi家的喷水龙: 玩机器：你刀你m呢。哦是老尼，老尼没忍住啊，老尼配赢啊
[2026-02-22 02:36:05] LvvsiN: 你为什么要把mαjor禁了，我收藏的一半弹幕全毁了
[2026-02-22 02:36:05] 儒雅随和不讲武德: 还送把枪
[2026-02-22 02:36:06] 呆妹儿的姑父: niko只是刀尸体就被说成素质低，载物直接刀活人怎么说？
[2026-02-22 02:36:06] 许血呐: 载物太坏了 niko都是等对面死了才刀
[2026-02-22 02:36:07] LvvsiN: 弹幕也就网上说说，现实里谁不觉得樱姐是好女孩（删括号领一条远坂凛同款鸟笼）
[2026-02-22 02:36:08] 撒浪嘿呦0v0: 载物太坏了 niko都是等对面死了才刀
[2026-02-22 02:36:08] 粤夜封封哥岑验川老岑: 载物太坏了 niko都是等对面死了才刀
[2026-02-22 02:36:09] 麻辣火锅兔子: 你屏蔽词都快赶上新华词典了为什么不干脆开一百级发言？
[2026-02-22 02:36:09] csgo小茄子: 玩大哥，其实蜜蜂输了你不用装作很懊恼的样子的，想笑就笑吧
[2026-02-22 02:36:09] LvvsiN: 玩宝宝，我发现在大学上学的时候肄业会很舒服，你可以试试
[2026-02-22 02:36:10] qwjwyzlqjy: niko只是刀尸体就被说成素质低，载物直接刀活人怎么说？
[2026-02-22 02:36:11] Ggmftye: 载物太坏了 niko都是等对面死了才刀
[2026-02-22 02:36:11] uzi家的喷水龙: 玩机器：你刀你m呢。哦是老尼，老尼没忍住啊，老尼配赢啊
[2026-02-22 02:36:11] LvvsiN: 我让你开双倍你二龙吗？老子荧光棒要过期了
[2026-02-22 02:36:11] Schnuffels: 车主倒霉菜了
[2026-02-22 02:36:12] Gverense: Niko：载物砍活人你们说砍的好，我砍个死人你们猛喷
[2026-02-22 02:36:12] 呆妹儿的姑父: 载物是把对面砍似，而Niko是想做手术把对面救活。。
[2026-02-22 02:36:12] 小怪兽8692: @布罗利：感觉niko这波不该刀的。。。
[2026-02-22 02:36:13] 我只是个npc12138: 玩大哥前两天才说弹幕越来越有意思了 怎么这两天弹幕都不看了
[2026-02-22 02:36:13] LvvsiN: 你屏蔽词都快赶上新华词典了为什么不干脆开一百级发言？
[2026-02-22 02:36:15] 唱给软妹听: 玩机器你还是想想要吹多少句才能还8月的几百万个8吧
[2026-02-22 02:36:15] LvvsiN: 银行业😄银行业😀银行业😃银行业😁银行业😆银行业🤪银行业😝
[2026-02-22 02:36:16] 可苦可乐GRA: 还说啥呢，你都这样夸载物了，我攒了一周的荧光棒都给你呗
[2026-02-22 02:36:16] 呆妹儿的姑父: 载物是把对面砍似，而Niko是想做手术把对面救活。。
[2026-02-22 02:36:16] 姓黄小名肥仔: @玩机器：布罗利你先登山几天，过几天你再出现就有人给你送礼物了
[2026-02-22 02:36:17] 压缩vs蛮晚: 玩机器:你刀你m呢？哦是老尼，老尼没忍住啊，老尼配赢啊。
[2026-02-22 02:36:17] 热烈白勺马: 翻了
[2026-02-22 02:36:17] 猜猜他是who: 5
[2026-02-22 02:36:17] 墨本海人: 1
[2026-02-22 02:36:17] 岭上雾冷: @Niko：这冰粉确实厉害啊，载物刀就没人刷是吧😅😅😅
[2026-02-22 02:36:17] LvvsiN: 弹幕也就网上说说，现实里谁不觉得樱姐是好女孩（删括号领一条远坂凛同款鸟笼）
[2026-02-22 02:36:17] 大姜饼: niko只是刀尸体就被说成素质低，载物直接刀活人怎么说？
[2026-02-22 02:36:18] Mortnotz: @布罗利Broli：行了都知道了我也不装了，玩机器你也别装最爱载的了😄 
[2026-02-22 02:36:18] 绝食十年攒爱top3飞机: 载物是把对面砍似，而Niko是想做手术把对面救活。。
[2026-02-22 02:36:18] Z伊卡洛斯Z: 载物太坏了 niko都是等对面死了才刀
[2026-02-22 02:36:18] 杀鱼宝宝028: @布罗利：感觉niko这波不该刀的。。。
[2026-02-22 02:36:18] 皓宇是个帅比: 玩大哥，其实蜜蜂输了你不用装作很懊恼的样子的，想笑就笑吧
[2026-02-22 02:36:18] uzi家的喷水龙: 玩机器：你刀你m呢。哦是老尼，老尼没忍住啊，老尼配赢啊
[2026-02-22 02:36:19] 沐川椰子: 车车生病了没办法
[2026-02-22 02:36:19] 呆妹儿的姑父: 载物是把对面砍似，而Niko是想做手术把对面救活。。
[2026-02-22 02:36:19] 太行山积雪: 玩大哥，其实蜜蜂输了你不用装作很懊恼的样子的，想笑就笑吧
[2026-02-22 02:36:19] 罗山路的光: 载物太坏了 niko都是等对面死了才刀
[2026-02-22 02:36:19] LvvsiN: 银行业😄银行业😀银行业😃银行业😁银行业😆银行业🤪银行业😝
[2026-02-22 02:36:19] cornkiner: niko只是刀尸体就被说成素质低，载物直接刀活人怎么说？
[2026-02-22 02:36:20] 宫监手放监: @frozen：熟悉👍
[2026-02-22 02:36:20] Mahuyu: -105
[2026-02-22 02:36:20] xOcOg: 【斤乃】斧乃木难绷布罗利被玩机器抛弃，直言抛就抛了呗，我当年也是这样被抛，都差不多
[2026-02-22 02:36:20] csgo小茄子: 玩大哥，其实蜜蜂输了你不用装作很懊恼的样子的，想笑就笑吧
[2026-02-22 02:36:21] CV65Enterprise: 南孚一节更比六节强，也就是一节南孚比六节南孚强，六节南孚比三十六节强，三十六节比二百一十六节强
[2026-02-22 02:36:21] 玩猴爪丶MonkeyPaw: @玩机器：布罗利你先登山几天，过几天你再出现就有人给你送礼物了
[2026-02-22 02:36:21] 好哥们音箱蟀: 玩机器：你刀你m呢。哦是老尼，老尼没忍住啊，老尼配赢啊
[2026-02-22 02:36:21] drooo1: niko只是刀尸体就被说成素质低，载物直接刀活人怎么说？
[2026-02-22 02:36:21] 猫猫喜欢鱼丶: 玩机器：你刀你m呢。哦是老尼，老尼没忍住啊，老尼配赢啊
[2026-02-22 02:36:21] kyubit: 玩大哥前两天才说弹幕越来越有意思了 怎么这两天弹幕都不看了
[2026-02-22 02:36:21] LvvsiN: 玩宝宝，我发现在大学上学的时候肄业会很舒服，你可以试试
[2026-02-22 02:36:22] 呆妹儿的姑父: 载物是把对面砍似，而Niko是想做手术把对面救活。。
[2026-02-22 02:36:22] QU总的双下巴: 玩机器:你刀你m呢？哦是老尼，老尼没忍住啊，老尼配赢啊。
[2026-02-22 02:36:22] 锦书难托1109: niko只是刀尸体就被说成素质低，载物直接刀活人怎么说？
[2026-02-22 02:36:22] WEYyuki: @niko：载物不是也砍了吗
[2026-02-22 02:36:22] 不上钩的小鱼干: niko只是刀尸体就被说成素质低，载物直接刀活人怎么说？
[2026-02-22 02:36:22] 神奥联盟的竹兰本人: 玩机器:你刀你m呢？哦是老尼，老尼没忍住啊，老尼配赢啊。
[2026-02-22 02:36:22] 岭上雾冷: @Niko：这冰粉确实厉害啊，载物刀就没人刷是吧😅😅😅
[2026-02-22 02:36:23] 随便7496987289: 那个赛亚人成了you know how
[2026-02-22 02:36:23] 窦妪惯例全思慕: 玩机器:你刀你m呢？哦是老尼，老尼没忍住啊，老尼配赢啊。
[2026-02-22 02:36:23] 三角初华世界第一美: 银行业😄银行业😀银行业😃银行业😁银行业😆银行业🤪银行业😝
[2026-02-22 02:36:23] LvvsiN: 我提一嘴这剧情越来越像上海major了
[2026-02-22 02:36:24] 玩黑豹FURIA: 谁不想淦？？？谁不想淦？？？谁不想淦？？？谁不想淦？？？
[2026-02-22 02:36:24] 暗月舞魂殇: 载物是把对面砍似，而Niko是想做手术把对面救活。。
[2026-02-22 02:36:24] 另一个世界7: 玩机器:你刀你m呢？哦是老尼，老尼没忍住啊，老尼配赢啊。
[2026-02-22 02:36:24] 呆妹儿的姑父: 载物是把对面砍似，而Niko是想做手术把对面救活。。
[2026-02-22 02:36:24] 太行山积雪: 载物是把对面砍似，而Niko是想做手术把对面救活。。
[2026-02-22 02:36:24] 那就点: 玩机器:你刀你m呢？哦是老尼，老尼没忍住啊，老尼配赢啊。
[2026-02-22 02:36:24] 我只能说只能说那个: niko只是刀尸体就被说成素质低，载物直接刀活人怎么说？
[2026-02-22 02:36:24] 可苦可乐GRA: 还说啥呢，你都这样夸载物了，我攒了一周的荧光棒都给你呗
[2026-02-22 02:36:24] 古堡12枪战神: 载物是把对面砍似，而Niko是想做手术把对面救活。。
[2026-02-22 02:36:24] 绝食十年攒爱top3飞机: @布罗利Broli：行了都知道了我也不装了，玩机器你也别装最爱载的了😄
[2026-02-22 02:36:25] 丰川祥子口三角初华: 玩大哥，其实蜜蜂输了你不用装作很懊恼的样子的，想笑就笑吧
[2026-02-22 02:36:25] 果小果是个谢彬: 载物是把对面砍似，而Niko是想做手术把对面救活。。
[2026-02-22 02:36:25] 云间琉璃丶源稚诚: 姜狗
[2026-02-22 02:36:25] 出生玩机器: 载物是把对面砍似，而Niko是想做手术把对面救活。。
[2026-02-22 02:36:25] LvvsiN: 其实碗橱就是猪灵，你不拿黄金丢他他就不跟你说话
[2026-02-22 02:36:26] 玩血狼丶Bloodywolf: -105
[2026-02-22 02:36:26] 柚子厨0721: 载物是把对面砍似，而Niko是想做手术把对面救活。。
[2026-02-22 02:36:26] Koutarou1010: 载物是把对面砍似，而Niko是想做手术把对面救活。。
[2026-02-22 02:36:26] 治好了也会流口水: niko只是刀尸体就被说成素质低，载物直接刀活人怎么说？
[2026-02-22 02:36:26] Foolproof32563: 载物是把对面砍似，而Niko是想做手术把对面救活。。
[2026-02-22 02:36:26] 蛋蛋可以进去吗: 原来数字梗只有玩到自己头上才管啊
[2026-02-22 02:36:26] 玩机爹丶Device: -105
[2026-02-22 02:36:26] 迷你世界丁真学姐1: 玩大哥，其实蜜蜂输了你不用装作很懊恼的样子的，想笑就笑吧
[2026-02-22 02:36:27] 77一定会是我的: 玩机器:你刀你m呢？哦是老尼，老尼没忍住啊，老尼配赢啊。
[2026-02-22 02:36:27] 玩弓箭、Arrow: 载物是把对面砍似，而Niko是想做手术把对面救活。。
[2026-02-22 02:36:27] MunChlax丶: 玩机器:你刀你m呢？哦是老尼，老尼没忍住啊，老尼配赢啊。
[2026-02-22 02:36:27] Endwa1ker: niko只是刀尸体就被说成素质低，载物直接刀活人怎么说？
[2026-02-22 02:36:27] 岭上雾冷: @Niko：这冰粉确实厉害啊，载物刀就没人刷是吧😅😅😅
[2026-02-22 02:36:28] 八重森彌妮: niko只是刀尸体就被说成素质低，载物直接刀活人怎么说？
[2026-02-22 02:36:28] 图帕雷松: 管理员:关于佩丽卡与庄方宜 塔卫二的过去与未来 拉电线的心路历程 有关产线效率的反思 和诚挚的道歉!
[2026-02-22 02:36:28] 玩蛇鼠丶stabbi: 玩机器你还是想想要吹多少句才能还8月的几百万个8吧
[2026-02-22 02:36:28] gggaligeigei: @布罗利Broli：行了都知道了我也不装了，玩机器你也别装最爱载的了😄 
[2026-02-22 02:36:28] 我是陈的皮: 透视
[2026-02-22 02:36:28] 玩猴爪丶MonkeyPaw: 主播你看弹幕吗？我看弹幕都在骂你，你根本没有回应
[2026-02-22 02:36:28] csgo小茄子: 玩大哥，其实蜜蜂输了你不用装作很懊恼的样子的，想笑就笑吧
[2026-02-22 02:36:28] Th0tiana: 载物是把对面砍似，而Niko是想做手术把对面救活。。
[2026-02-22 02:36:28] 高松的灯ll: 玩大哥，其实蜜蜂输了你不用装作很懊恼的样子的，想笑就笑吧
[2026-02-22 02:36:29] 呆妹儿的姑父: 载物是把对面砍似，而Niko是想做手术把对面救活。。
[2026-02-22 02:36:29] 玩大哥我双倍呢: 【斤乃】斧乃木难绷布罗利被玩机器抛弃，直言抛就抛了呗，我当年也是这样被抛，都差不多
[2026-02-22 02:36:29] 小白菜爱萝卜: 玩机器:你刀你m呢？哦是老尼，老尼没忍住啊，老尼配赢啊。
[2026-02-22 02:36:29] YCSUN1017: niko只是刀尸体就被说成素质低，载物直接刀活人怎么说？
[2026-02-22 02:36:29] 羊驼主播: @Niko：这冰粉确实厉害啊，载物刀就没人刷是吧😅😅😅
[2026-02-22 02:36:30] 撒浪嘿呦0v0: niko只是刀尸体就被说成素质低，载物直接刀活人怎么说？
[2026-02-22 02:36:30] 新用户259: 载物是把对面砍似，而Niko是想做手术把对面救活。。
[2026-02-22 02:36:30] 放我去藏经阁一日游: 锁
[2026-02-22 02:36:30] 剩枪游侠任已嘘: 玩机器：你刀你m呢。哦是老尼，老尼没忍住啊，老尼配赢啊
[2026-02-22 02:36:30] y666t666y666: 原来数字梗只有玩到自己头上才管啊
[2026-02-22 02:36:31] Vitality的羽贺文乃本人: 很喜欢孩神粉丝的一句话：载物没有进攻影响力
[2026-02-22 02:36:31] 杺毓: 载物是把对面砍似，而Niko是想做手术把对面救活。。
[2026-02-22 02:36:31] 不上钩的小鱼干: 载物是把对面砍似，而Niko是想做手术把对面救活。。
[2026-02-22 02:36:31] 可苦可乐GRA: 还说啥呢，你都这样夸载物了，我攒了一周的荧光棒都给你呗
[2026-02-22 02:36:31] 神马米洛: 载物是把对面砍似，而Niko是想做手术把对面救活。。
[2026-02-22 02:36:31] 呆妹儿的姑父: 载物是把对面砍似，而Niko是想做手术把对面救活。。
[2026-02-22 02:36:31] xxx2xxx: 还说啥呢，你都这样夸载物了，我攒了一周的荧光棒都给你呗
[2026-02-22 02:36:32] LvvsiN: 弹幕别吵了，银行业一样一样有有有也会有h'y'hui't'y'r's'c'dn
[2026-02-22 02:36:32] Lee西关少爷: 看啥呢
[2026-02-22 02:36:32] 我褴褛你彩绘: 透
[2026-02-22 02:36:32] 卡啊卡卡丶: 载物是把对面砍似，而Niko是想做手术把对面救活。。
[2026-02-22 02:36:32] Peko-: @Niko：这冰粉确实厉害啊，载物刀就没人刷是吧😅😅😅
[2026-02-22 02:36:32] AiLuoLi1413: @Niko：这冰粉确实厉害啊，载物刀就没人刷是吧😅😅😅
[2026-02-22 02:36:32] 大裂谷的登山家: 载物是把对面砍似，而Niko是想做手术把对面救活。。
[2026-02-22 02:36:32] yuuuuua7: niko只是刀尸体就被说成素质低，载物直接刀活人怎么说？
[2026-02-22 02:36:33] 付先生fj: 　　　 niko只是刀尸体就被说成素质低，载物直接刀活人怎么说？
[2026-02-22 02:36:33] BirdT: 玩大哥前两天才说弹幕越来越有意思了 怎么这两天弹幕都不看了
[2026-02-22 02:36:33] 单推折纸11年: @布罗利Broli：行了都知道了我也不装了，玩机器你也别装最爱载的了😄 
[2026-02-22 02:36:33] gggaligeigei: 原来数字梗只有玩到自己头上才管啊
[2026-02-22 02:36:33] 锤子带明星: 载物是把对面砍似，而Niko是想做手术把对面救活。。
[2026-02-22 02:36:33] 解说玩机包: 载物是把对面砍似，而Niko是想做手术把对面救活。。
[2026-02-22 02:36:33] 撒浪嘿呦0v0: 玩机器:你刀你m呢？哦是老尼，老尼没忍住啊，老尼配赢啊。
[2026-02-22 02:36:33] 星海羽弦: 载物是把对面砍似，而Niko是想做手术把对面救活。。
[2026-02-22 02:36:33] 天守阁信长: 载物是把对面砍似，而Niko是想做手术把对面救活。。
[2026-02-22 02:36:34] 呆妹儿的姑父: 载物是把对面砍似，而Niko是想做手术把对面救活。。
[2026-02-22 02:36:34] 空有无垠: 载物是把对面砍似，而Niko是想做手术把对面救活。。
[2026-02-22 02:36:34] 站桩土豆刺客: 载物是把对面砍似，而Niko是想做手术把对面救活。。
[2026-02-22 02:36:34] 什么名字都被用了诶: 载物是把对面砍似，而Niko是想做手术把对面救活。。
[2026-02-22 02:36:34] 浮华9527: 你在说什么？拱门不是信息吗
[2026-02-22 02:36:34] handsomesuperme: 玩机器：你刀你m呢。哦是老尼，老尼没忍住啊，老尼配赢啊
[2026-02-22 02:36:34] Funny0531: niko只是刀尸体就被说成素质低，载物直接刀活人怎么说？
[2026-02-22 02:36:35] simple的前男友: niko只是刀尸体就被说成素质低，载物直接刀活人怎么说？
[2026-02-22 02:36:35] 稳稳稳: niko只是刀尸体就被说成素质低，载物直接刀活人怎么说？
[2026-02-22 02:36:35] 玩猴爪丶MonkeyPaw: 主播你看弹幕吗？我看弹幕都在骂你，你根本没有回应
[2026-02-22 02:36:35] 隔壁的小洛: 载物是把对面砍似，而Niko是想做手术把对面救活。。
[2026-02-22 02:36:35] 穿甲狗: 把狙给我
[2026-02-22 02:36:35] 東雪蓮復活賽必秒丁真: niko只是刀尸体就被说成素质低，载物直接刀活人怎么说？
[2026-02-22 02:36:35] 好兄弟玩机器马信: 载物是把对面砍似，而Niko是想做手术把对面救活。。
[2026-02-22 02:36:35] 看死Herbaut就杀了你: 原来数字梗只有玩到自己头上才管啊
[2026-02-22 02:36:36] AmamiyaIori: 载物是把对面砍似，而Niko是想做手术把对面救活。。
[2026-02-22 02:36:36] 宫监手放监: 载物是把对面砍似，而Niko是想做手术把对面救活。。
[2026-02-22 02:36:36] 岭上雾冷: @Niko：这冰粉确实厉害啊，载物刀就没人刷是吧😅😅😅
[2026-02-22 02:36:36] 結城希亞: 载物是把对面砍似，而Niko是想做手术把对面救活。。
[2026-02-22 02:36:36] 中官人: 载物是把对面砍似，而Niko是想做手术把对面救活。。
[2026-02-22 02:36:37] 没事小子: 他为什么一直隔墙看人啊
[2026-02-22 02:36:37] 下水道在逃鼠鼠: 载物是把对面砍似，而Niko是想做手术把对面救活。。
[2026-02-22 02:36:37] 空有无垠: niko只是刀尸体就被说成素质低，载物直接刀活人怎么说？
[2026-02-22 02:36:37] 爆爆爆开爆: 载物是把对面砍似，而Niko是想做手术把对面救活。。
[2026-02-22 02:36:37] 好好的吧不错: 原来数字梗只有玩到自己头上才管啊
[2026-02-22 02:36:37] 墨染清风丶丶: 　　　 @布罗利Broli：行了都知道了我也不装了，玩机器你也别装最爱载的了😄 
[2026-02-22 02:36:37] 撒浪嘿呦0v0: @Niko：这冰粉确实厉害啊，载物刀就没人刷是吧😅😅😅
[2026-02-22 02:36:38] 纸漓: 载物是把对面砍似，而Niko是想做手术把对面救活。。
[2026-02-22 02:36:38] 鸭硕的哈撒给: 载物是把对面砍似，而Niko是想做手术把对面救活。。
[2026-02-22 02:36:38] 给jee介绍女朋友: 原来数字梗只有玩到自己头上才管啊
[2026-02-22 02:36:38] 福布斯最佳中文解说: 载物是把对面砍似，而Niko是想做手术把对面救活。。
[2026-02-22 02:36:39] 羊驼主播: 载物是把对面砍似，而Niko是想做手术把对面救活。。
[2026-02-22 02:36:39] Leonisss丶: 载物是把对面砍似，而Niko是想做手术把对面救活。。
[2026-02-22 02:36:39] 泠鸢不是冷鸢丶: 载物是把对面砍似，而Niko是想做手术把对面救活。。
[2026-02-22 02:36:39] 玩机器的小jj: 这大番薯太坏了
[2026-02-22 02:36:39] 鹌鹑必成战神: 玩机器：你刀你m呢。哦是老尼，老尼没忍住啊，老尼配赢啊
[2026-02-22 02:36:39] 老人星的优秀素质本人: 载物是把对面砍似，而Niko是想做手术把对面救活。。
[2026-02-22 02:36:39] 黑鳖王: 玩大哥前两天才说弹幕越来越有意思了 怎么这两天弹幕都不看了
[2026-02-22 02:36:39] 能不能去洗头太恶心了:  @锤子带明星：载物是把对面砍似，而Niko是想做手术把对面救活。。
[2026-02-22 02:36:39] 老漁服了: 载物是把对面砍似，而Niko是想做手术把对面救活。。
[2026-02-22 02:36:39] 可苦可乐GRA: 还说啥呢，你都这样夸载物了，我攒了一周的荧光棒都给你呗
[2026-02-22 02:36:39] 100t的浓汤宝本人: 主播你看弹幕吗？我看弹幕都在骂你，你根本没有回应
[2026-02-22 02:36:39] 玩长女雪之下雪乃: 透
[2026-02-22 02:36:40] 小白菜爱萝卜: @Niko：这冰粉确实厉害啊，载物刀就没人刷是吧😅😅😅
[2026-02-22 02:36:40] xxx2xxx: 载物是把对面砍似，而Niko是想做手术把对面救活。。
[2026-02-22 02:36:40] 白鵉鳶OriGami: 载物是把对面砍似，而Niko是想做手术把对面救活。。
[2026-02-22 02:36:40] mujica的长崎素世本人: 载物是把对面砍似，而Niko是想做手术把对面救活。。
[2026-02-22 02:36:40] 扰乱: 载物是把对面砍似，而Niko是想做手术把对面救活。。
[2026-02-22 02:36:40] Hitagi蟹蟹: niko只是刀尸体就被说成素质低，载物直接刀活人怎么说？
[2026-02-22 02:36:41] simalayi: 载物是把对面砍似，而Niko是想做手术把对面救活。。
[2026-02-22 02:36:41] 石家庄的刘亦博本人: 载物是把对面砍似，而Niko是想做手术把对面救活。。
[2026-02-22 02:36:41] mikeycu: 载物是把对面砍似，而Niko是想做手术把对面救活。。
[2026-02-22 02:36:41] 我没P眼123: 载物是把对面砍似，而Niko是想做手术把对面救活。。
[2026-02-22 02:36:42] LaifuoO来福oO: 载物是把对面砍似，而Niko是想做手术把对面救活。。
[2026-02-22 02:36:42] L0Ne1yZeNny2: 载物是把对面砍似，而Niko是想做手术把对面救活。。
[2026-02-22 02:36:42] 玩猴爪丶MonkeyPaw: 主播你看弹幕吗？我看弹幕都在骂你，你根本没有回应
[2026-02-22 02:36:42] Peko-: @星海羽弦：载物是把对面砍似，而Niko是想做手术把对面救活。。
[2026-02-22 02:36:42] 我730730730: 载物刀牛魔啊！
[2026-02-22 02:36:42] A队的佐佐木李子本人: 载物是把对面砍似，而Niko是想做手术把对面救活。。
[2026-02-22 02:36:42] Ggmftye: 玩机器：你刀你m呢。哦是老尼，老尼没忍住啊，老尼配赢啊
[2026-02-22 02:36:42] 参隼: 载物是把对面砍似，而Niko是想做手术把对面救活。。
[2026-02-22 02:36:42] 解说就是胡说machine: 载物是把对面砍似，而Niko是想做手术把对面救活。。
[2026-02-22 02:36:42] 搞笑男西德尼: 载物是把对面砍似，而Niko是想做手术把对面救活。。
[2026-02-22 02:36:43] 你是真的很无趣呢: 载物是把对面砍似，而Niko是想做手术把对面救活。。
[2026-02-22 02:36:43] 花化话华h: 原来数字梗只有玩到自己头上才管啊
[2026-02-22 02:36:43] 爱被小泉吃的拉面同学: @Niko：这冰粉确实厉害啊，载物刀就没人刷是吧😅😅😅
[2026-02-22 02:36:43] 石家庄的宠物男孩: 载物是把对面砍似，而Niko是想做手术把对面救活。。
[2026-02-22 02:36:43] 芒团: 载物是把对面砍似，而Niko是想做手术把对面救活。。
[2026-02-22 02:36:43] 玩大人查到自贡了: 载物是把对面砍似，而Niko是想做手术把对面救活。。
[2026-02-22 02:36:43] 玩蛇鼠丶stabbi: 载物是把对面砍似，而Niko是想做手术把对面救活。。
[2026-02-22 02:36:44] LvvsiN: 额，拿亚军我都会，拿亚军，拿季军，拿四强，拿八强，拿十六强，呃拿冠军我不会，然后小组赛淘汰
[2026-02-22 02:36:44] 玩迩妈丶master: 载物是把对面砍似，而Niko是想做手术把对面救活。。
[2026-02-22 02:36:44] 大裂谷的登山家: niko只是刀尸体就被说成素质低，载物直接刀活人怎么说？
[2026-02-22 02:36:44] 荣誉马莱人丶贾碧: 载物是把对面砍似，而Niko是想做手术把对面救活。。
[2026-02-22 02:36:45] Box强音来袭: 　　　 载物是把对面砍似，而Niko是想做手术把对面救活。。
[2026-02-22 02:36:45] 牛头人突击手: 载物是把对面砍似，而Niko是想做手术把对面救活。。
[2026-02-22 02:36:45] 長22222: 载物是把对面砍似，而Niko是想做手术把对面救活。。
[2026-02-22 02:36:45] bznalier: 载物是把对面砍似，而Niko是想做手术把对面救活。。
[2026-02-22 02:36:45] 王佰柒柒: 　　　 niko只是刀尸体就被说成素质低，载物直接刀活人怎么说？
[2026-02-22 02:36:45] Pioneer893: 载物是把对面砍似，而Niko是想做手术把对面救活。。
[2026-02-22 02:36:46] LvvsiN: 银行业😄银行业😀银行业😃银行业😁银行业😆银行业🤪银行业😝
[2026-02-22 02:36:46] 可苦可乐GRA: 还说啥呢，你都这样夸载物了，我攒了一周的荧光棒都给你呗
[2026-02-22 02:36:46] 废斯特物物: 载物是把对面砍似，而Niko是想做手术把对面救活。。
[2026-02-22 02:36:46] 妖艳阿卡莎: 原来数字梗只有玩到自己头上才管啊
[2026-02-22 02:36:46] 牛顿哪位: 载物是把对面砍似，而Niko是想做手术把对面救活。。
[2026-02-22 02:36:46] cornkiner: niko是复活刀，zywoo是致死刀，要分清
[2026-02-22 02:36:46] viovvvvvvvon: 冷知识：布罗利的steam曾用名：载没爹
[2026-02-22 02:36:46] 求老仙奶贾碧不死: niko只是刀尸体就被说成素质低，载物直接刀活人怎么说？
[2026-02-22 02:36:46] 咸鱼红茶: 载物是把对面砍似，而Niko是想做手术把对面救活。。
[2026-02-22 02:36:47] 海绵宝宝小能儿: niko只是刀尸体就被说成素质低，载物直接刀活人怎么说？
[2026-02-22 02:36:47] Cloud9的咬人猫本人: 载物是把对面砍似，而Niko是想做手术把对面救活。。
[2026-02-22 02:36:47] 玩玩的丸丸软又弹: 载物是把对面砍似，而Niko是想做手术把对面救活。。
[2026-02-22 02:36:47] 潇洒大概: 载物是把对面砍似，而Niko是想做手术把对面救活。。
[2026-02-22 02:36:47] 飞逝蔷薇: 载物是把对面砍似，而Niko是想做手术把对面救活。。
[2026-02-22 02:36:47] 载大哥的U盘供应商: 载物是把对面砍似，而Niko是想做手术把对面救活。。
[2026-02-22 02:36:48] LvvsiN: 你屏蔽词都快赶上新华词典了为什么不干脆开一百级发言？
[2026-02-22 02:36:48] 锤爆魔丸一百次: 载物是把对面砍似，而Niko是想做手术把对面救活。。
[2026-02-22 02:36:48] LA的勒布朗本人: 载物是把对面砍似，而Niko是想做手术把对面救活。。
[2026-02-22 02:36:48] 波多里诺233: 载物是把对面砍似，而Niko是想做手术把对面救活。。
[2026-02-22 02:36:48] 维布罗斯: 载物是把对面砍似，而Niko是想做手术把对面救活。。
[2026-02-22 02:36:48] -小佐内由纪-: @Niko：这冰粉确实厉害啊，载物刀就没人刷是吧😅😅😅
[2026-02-22 02:36:49] viovvvvvvvon: 冷知识：布罗利的steam曾用名：载没爹
[2026-02-22 02:36:49] 爱被小泉吃的拉面同学: @星海羽弦：载物是把对面砍似，而Niko是想做手术把对面救活。。
[2026-02-22 02:36:49] 纪川6657: 玩大哥前两天才说弹幕越来越有意思了 怎么这两天弹幕都不看了
[2026-02-22 02:36:49] 乌鸦晒不黑: 玩大哥前两天才说弹幕越来越有意思了 怎么这两天弹幕都不看了
[2026-02-22 02:36:49] 八重森彌妮: 原来数字梗只有玩到自己头上才管啊
[2026-02-22 02:36:49] 玩指挥丶NiKo: 你现在可以不攻击主播，但等主播被破防无差别攻击弹幕得时候，你不要在这里委屈
[2026-02-22 02:36:50] LvvsiN: 你屏蔽词都快赶上新华词典了为什么不干脆开一百级发言？
[2026-02-22 02:36:50] 在多兰古雷格燃烧绝望: 载物是把对面砍似，而Niko是想做手术把对面救活。。
[2026-02-22 02:36:50] 鹌鹑必成战神: 载物是把对面砍似，而Niko是想做手术把对面救活。。
[2026-02-22 02:36:51] 太行山积雪: 玩大哥前两天才说弹幕越来越有意思了 怎么这两天弹幕都不看了
[2026-02-22 02:36:51] 废斯特物物: niko只是刀尸体就被说成素质低，载物直接刀活人怎么说？
[2026-02-22 02:36:51] viovvvvvvvon: 冷知识：布罗利的steam曾用名：载没爹
[2026-02-22 02:36:51] inflamer: 载物是把对面砍似，而Niko是想做手术把对面救活。。
[2026-02-22 02:36:51] 吉吉的Niko本人: 数字布罗利和他的数字主人
数字布罗利和他的数字主人
[2026-02-22 02:36:51] 维布罗斯: 载物是把对面砍似，而Niko是想做手术把对面救活。。
[2026-02-22 02:36:51] 机器的亲爹Dupreeh本人: 载物是把对面砍似，而Niko是想做手术把对面救活。。
[2026-02-22 02:36:52] LvvsiN: 玩宝宝，我发现在大学上学的时候肄业会很舒服，你可以试试
[2026-02-22 02:36:52] arsQaQ: 载物是把对面砍似，而Niko是想做手术把对面救活。。
[2026-02-22 02:36:52] 锤子带明星:     niko只是刀尸体就被说成素质低，载物直接刀活人怎么说？
[2026-02-22 02:36:52] 风雨晚烟: 载物是把对面砍似，而Niko是想做手术把对面救活。。
[2026-02-22 02:36:52] 贝拉K1rA: 载物是把对面砍似，而Niko是想做手术把对面救活。。
[2026-02-22 02:36:53] MercuryAzoth: 载物是把对面砍似，而Niko是想做手术把对面救活。。
[2026-02-22 02:36:53] 呆妹儿的姑父: 载物是把对面砍似，而Niko是想做手术把对面救活。。
[2026-02-22 02:36:53] viovvvvvvvon: 冷知识：布罗利的steam曾用名：载没爹
[2026-02-22 02:36:53] zbq93: 玩大哥前两天才说弹幕越来越有意思了 怎么这两天弹幕都不看了
[2026-02-22 02:36:53] 不buy立省百分百: 载物是把对面砍似，而Niko是想做手术把对面救活。。
[2026-02-22 02:36:53] 杺毓: niko只是刀尸体就被说成素质低，载物直接刀活人怎么说？
[2026-02-22 02:36:54] AiLuoLi1413: 玩机器：你刀你m呢。哦是老尼，老尼没忍住啊，老尼配赢啊
[2026-02-22 02:36:54] LvvsiN: 为什么房管封的不能给鱼丸……还以为今天晚上得吃了……
[2026-02-22 02:36:54] Hitagi蟹蟹: 原来数字梗只有玩到自己头上才管啊
[2026-02-22 02:36:55] 1泡泡壶茶1: 载物是把对面砍似，而Niko是想做手术把对面救活。。
[2026-02-22 02:36:55] 替换狗蛇的Magisk本人: 透视
[2026-02-22 02:36:55] 7奥蕾莉亚7: 主播你看弹幕吗？我看弹幕都在骂你，你根本没有回应
[2026-02-22 02:36:55] CV65Enterprise: 玩机器:你刀你m呢？哦是老尼，老尼没忍住啊，老尼配赢啊。
[2026-02-22 02:36:56] 呆妹儿的姑父: 载物是把对面砍似，而Niko是想做手术把对面救活。。
[2026-02-22 02:36:56] LvvsiN: @阿汤日记：一个人，5发子弹，保住格陵兰岛。我不会叫它不可能完成的任务，我现在只想先回家看亦博
[2026-02-22 02:36:56] 求老仙奶贾碧不死: 载物是把对面砍似，而Niko是想做手术把对面救活。。
[2026-02-22 02:36:56] 动物朋友哈基米: 载物是把对面砍似，而Niko是想做手术把对面救活。。
[2026-02-22 02:36:56] viovvvvvvvon: 冷知识：布罗利的steam曾用名：载没爹
[2026-02-22 02:36:56] triangle233: 冷知识：布罗利的steam曾用名：载没爹
[2026-02-22 02:36:56] 八重森彌妮: 载物是把对面砍似，而Niko是想做手术把对面救活。。
[2026-02-22 02:36:57] MunChlax丶: Niko
[2026-02-22 02:36:57] 春花敲可爱的啦: 冷知识：布罗利的steam曾用名：载没爹
[2026-02-22 02:36:57] 绝食十年攒爱top3飞机: @Niko：这冰粉确实厉害啊，载物刀就没人刷是吧😅😅😅
[2026-02-22 02:36:57] NYU唯一铲车人: 载物是把对面砍似，而Niko是想做手术把对面救活。。
[2026-02-22 02:36:58] LvvsiN: 你为什么要把mαjor禁了，我收藏的一半弹幕全毁了
[2026-02-22 02:36:58] 牛顿哪位:     niko只是刀尸体就被说成素质低，载物直接刀活人怎么说？
[2026-02-22 02:36:58] Mortnotz: 冷知识：布罗利的steam曾用名：载没爹
[2026-02-22 02:36:58] 呆妹儿的姑父: 载物是把对面砍似，而Niko是想做手术把对面救活。。
[2026-02-22 02:36:58] xxx2xxx:     niko只是刀尸体就被说成素质低，载物直接刀活人怎么说？
[2026-02-22 02:36:59] viovvvvvvvon: 冷知识：布罗利的steam曾用名：载没爹
[2026-02-22 02:37:00] LvvsiN: 我提一嘴这剧情越来越像上海major了
[2026-02-22 02:37:00] loverboy888: @星海羽弦：载物是把对面砍似，而Niko是想做手术把对面救活。。
[2026-02-22 02:37:01] viovvvvvvvon: 冷知识：布罗利的steam曾用名：载没爹
[2026-02-22 02:37:01] hxyvraf: 冷知识：布罗利的steam曾用名：载没爹
[2026-02-22 02:37:01] G2的device本人: 哦？
[2026-02-22 02:37:02] LvvsiN: 孩子们快跑，马修赫伯特来了😨卧槽你的怎么是马枪和BOT
[2026-02-22 02:37:02] 擅长登山的亦博同学: 哦？😮哦？😮哦？😮哦？😮哦？😮哦？😮哦？😮哦？😮哦？😮哦？😮哦？😮哦
[2026-02-22 02:37:03] 替换狗蛇的Magisk本人: 挂
[2026-02-22 02:37:03] viovvvvvvvon: 冷知识：布罗利的steam曾用名：载没爹
[2026-02-22 02:37:04] CV65Enterprise: 载物是把对面砍似，而Niko是想做手术把对面救活。。
[2026-02-22 02:37:04] LvvsiN: 为什么房管封的不能给鱼丸……还以为今天晚上得吃了……
[2026-02-22 02:37:04] 压缩vs蛮晚: 锤子带明星 ： niko只是刀尸体就被说成素质低，载物直接刀活人怎么说？
[2026-02-22 02:37:05] 暴力卓司: @niko: 老玩还是没忍住，老玩配赢！
[2026-02-22 02:37:05] viovvvvvvvon: 冷知识：布罗利的steam曾用名：载没爹
[2026-02-22 02:37:05] 迪奥雷: 🗿：🗿÷
[2026-02-22 02:37:06] 詹跑跑还下跪: 冷知识：布罗利的steam曾用名：载没爹
[2026-02-22 02:37:06] 小爱同学学熊二说话: 哦？😮哦？😮哦？😮哦？😮哦？😮哦？😮哦？😮哦？
[2026-02-22 02:37:06] LvvsiN: 孩子们快跑，马修赫伯特来了😨卧槽你的怎么是马枪和BOT
[2026-02-22 02:37:07] 马修赫伯特本人: 冷知识：布罗利的steam曾用名：载没爹
[2026-02-22 02:37:08] Captain秃: 玩大哥前两天才说弹幕越来越有意思了 怎么这两天弹幕都不看了
[2026-02-22 02:37:08] 河马爬爬爬: 这弹幕还有眼看吗？
[2026-02-22 02:37:08] Hitagi蟹蟹: 冷知识：布罗利的steam曾用名：载没爹
[2026-02-22 02:37:08] LvvsiN: 我让你开双倍你二龙吗？老子荧光棒要过期了
[2026-02-22 02:37:08] 我730730730: 冷知识：布罗利的steam曾用名：载没爹
[2026-02-22 02:37:09] eda778: 送狙
[2026-02-22 02:37:09] 送了3年钻粉没进群: zywoo是一级谋杀，niko是医疗援助，这点要分清
[2026-02-22 02:37:09] gggaligeigei: 冷知识：布罗利的steam曾用名：载没爹
[2026-02-22 02:37:09] 好兄弟鲁迪乌斯: 送狙了
[2026-02-22 02:37:10] 昌岗陈坤: 冷知识：布罗利的steam曾用名：载没爹
[2026-02-22 02:37:10] 可苦可乐GRA: 还说啥呢，你都这样夸载物了，我攒了一周的荧光棒都给你呗
[2026-02-22 02:37:10] LvvsiN: 孩子们快跑，马修赫伯特来了😨卧槽你的怎么是马枪和BOT
[2026-02-22 02:37:10] MiunaShiodome: @device：？
[2026-02-22 02:37:10] 木空空空空空: 孩子们快跑，马修赫伯特来了😨卧槽你的怎么是马枪和BOT
[2026-02-22 02:37:11] 古堡12枪战神: 哈人
[2026-02-22 02:37:11] 载大哥的狗: 冷知识：布罗利的steam曾用名：载没爹
[2026-02-22 02:37:11] 好兄弟平湖家猪王: niko刀两下死人就被全网喷，载物把拆弹的好人🔪死了都没人骂😅？
[2026-02-22 02:37:11] mizuki99: 透视
[2026-02-22 02:37:11] 用户3853464680: 冷知识：布罗利的steam曾用名：载没爹
[2026-02-22 02:37:11] 石家庄的宠物男孩: 送狙了
[2026-02-22 02:37:11] 蛋包饭恶魔: 冷知识：布罗利的steam曾用名：载没爹
[2026-02-22 02:37:11] 小爱同学学熊二说话: 哦？😮哦？😮哦？😮哦？😮哦？😮哦？😮哦？😮哦？
[2026-02-22 02:37:12] fazeclan的千早爱音: 你别夸蜜蜂了，谁不知道你最恨载大哥😅
[2026-02-22 02:37:12] erickobe: 冷知识：布罗利的steam曾用名：载没爹
[2026-02-22 02:37:12] Mahuyu: 🗿：🗿÷
[2026-02-22 02:37:12] 未酲儿: 经典送狙
[2026-02-22 02:37:12] 木林森969585: 哦？😮哦？😮哦？😮哦？😮哦？😮哦？😮哦？😮哦？
[2026-02-22 02:37:12] 挥泪斩楚狗: 如果成为超级赛亚人的代价是失去浮木。。。
[2026-02-22 02:37:12] AfKCola: 不孝
[2026-02-22 02:37:12] a19991526: ?
[2026-02-22 02:37:12] 杺毓: 冷知识：布罗利的steam曾用名：载没爹
