# room_id=6979222 host=玩机器丶Machine title=小众宝藏结晶直播 live_time= fetch_time=2026-02-21 23:45:46
[2026-02-22 02:25:22] LvvsiN: 弹幕别吵了，银行业一样一样有有有也会有h'y'hui't'y'r's'c'dn
[2026-02-22 02:25:22] ZJOI4K: 哦牛批，翻评论也叫开盒啊，还有这种开盒的
[2026-02-22 02:25:22] 風起白鹭湾: 布罗利这种人有芝麻大的权力就这么跳，有更大我不敢想......
[2026-02-22 02:25:22] 追凤先生缝老八: 这弹幕开上盒了还在这高兴呢😅身份证号呢😅
[2026-02-22 02:25:23] 跳跃的司令官: 哦牛批，翻评论也叫开盒啊，还有这种开盒的
[2026-02-22 02:25:23] 永远爱玩宝宝: @卡卡罗特：我也想被喷。。。。
[2026-02-22 02:25:23] 呆妹儿的姑父: @玩机器：小天，布罗利要顶不住了，养了你这么久，该你回报的时候了。。。
[2026-02-22 02:25:24] 男明星h: 哼
[2026-02-22 02:25:24] LvvsiN: 为什么房管封的不能给鱼丸……还以为今天晚上得吃了……
[2026-02-22 02:25:24] angry嗷呜: 哦牛批，翻评论也叫开盒啊，还有这种开盒的
[2026-02-22 02:25:25] 56玓缔: 哦牛批，翻评论也叫开盒啊，还有这种开盒的
[2026-02-22 02:25:25] 阿瓦伊莉雅: 哦牛批，翻评论也叫开盒啊，还有这种开盒的
[2026-02-22 02:25:25] 洛陽城里看落陽: 0P开合我是反对的，开合布罗利我是支持的
[2026-02-22 02:25:25] 想吃丑橘: op开盒是恶意开盒
[2026-02-22 02:25:25] 迪奥雷: p3
[2026-02-22 02:25:25] inflamer: 哦牛批，翻评论也叫开盒啊，还有这种开盒的
[2026-02-22 02:25:25] 纸漓: 玩小将瞧不起我们op?真以为玩机器比原神高贵了？？？
[2026-02-22 02:25:25] 看死Herbaut就杀了你: 哦牛批，翻评论也叫开盒啊，还有这种开盒的
[2026-02-22 02:25:25] viovvvvvvvon:  @柳小目：这弹幕开上盒了还在这高兴呢😅身份证号呢😅
[2026-02-22 02:25:26] 呆妹儿的姑父: @玩机器：小天，布罗利要顶不住了，养了你这么久，该你回报的时候了。。。
[2026-02-22 02:25:26] 445440: 玩不玩p3
[2026-02-22 02:25:26] 无限制的场: 哦牛批，翻评论也叫开盒啊，还有这种开盒的
[2026-02-22 02:25:26] Lucifer丶nai: 哦牛批，翻评论也叫开盒啊，还有这种开盒的
[2026-02-22 02:25:26] qboss799: 玩小将瞧不起我们op?真以为玩机器比原神高贵了？？？
[2026-02-22 02:25:26] 杺毓: 哦牛批，翻评论也叫开盒啊，还有这种开盒的
[2026-02-22 02:25:26] 好姐妹芙卡洛斯: 弹幕盒都盒不明白 身份证呢
[2026-02-22 02:25:26] 佛挡杀佛阿塞斯: 兵败如山倒
[2026-02-22 02:25:27] 大裂谷的登山家: 哦牛批，翻评论也叫开盒啊，还有这种开盒的
[2026-02-22 02:25:27] 秘密猴子: 哦牛批，翻评论也叫开盒啊，还有这种开盒的
[2026-02-22 02:25:27] 绝食十年攒爱top3飞机: @玩机器：布罗利，这波我只能卖到底了。。。
[2026-02-22 02:25:27] LaifuoO来福oO: 哦牛批，翻评论也叫开盒啊，还有这种开盒的
[2026-02-22 02:25:27] 我送三千荧光棒不谢我: 玩小将瞧不起我们op?真以为玩机器比原神高贵了？？？
[2026-02-22 02:25:27] 菜星冲冲冲: 神队
[2026-02-22 02:25:27] 皮里恩丶: 玩小将瞧不起我们op?真以为玩机器比原神高贵了？？？
[2026-02-22 02:25:27] 驴驴宗宗买这冠军: 你们这样网爆一个网上素人和电棍粉丝有什么区别？
[2026-02-22 02:25:28] 最后之作146: 哦牛批，翻评论也叫开盒啊，还有这种开盒的
[2026-02-22 02:25:28] LvvsiN: 我提一嘴这剧情越来越像上海major了
[2026-02-22 02:25:28] 玩机器厦面鄙骰大: p3
[2026-02-22 02:25:28] 海绵宝宝一个球: 银行业😄银行业😀银行业😃银行业😁银行业😆银行业🤪银行业😝
[2026-02-22 02:25:29] cancanlzp: 玩小将瞧不起我们op?真以为玩机器比原神高贵了？？？
[2026-02-22 02:25:29] 用户9921747043: 哦牛批，翻评论也叫开盒啊，还有这种开盒的
[2026-02-22 02:25:29] 唱给软妹听: 哦牛批，翻评论也叫开盒啊，还有这种开盒的
[2026-02-22 02:25:29] 好兄弟好大一棵树: 玩小将瞧不起我们op?真以为玩机器比原神高贵了？？？
[2026-02-22 02:25:30] 潇洒大概: 兵败如山倒
[2026-02-22 02:25:30] 永远爱玩宝宝: 哦牛批，翻评论也叫开盒啊，还有这种开盒的
[2026-02-22 02:25:30] 鲜血与暗影铸造的家伙: apex骇人鲸
[2026-02-22 02:25:30] MOCCHH: 哦牛批，翻评论也叫开盒啊，还有这种开盒的
[2026-02-22 02:25:30] LvvsiN: 弹幕别吵了，银行业一样一样有有有也会有h'y'hui't'y'r's'c'dn
[2026-02-22 02:25:30] viovvvvvvvon:  @暴力卓司：哦牛批，翻评论也叫开盒啊，还有这种开盒的
[2026-02-22 02:25:31] 宫城县的仙台本人: 哦牛批，翻评论也叫开盒啊，还有这种开盒的
[2026-02-22 02:25:31] 呆妹儿的姑父: @玩机器：小天，布罗利要顶不住了，养了你这么久，该你回报的时候了。。。
[2026-02-22 02:25:31] 北凌少主: 哦牛批，翻评论也叫开盒啊，还有这种开盒的
[2026-02-22 02:25:31] 喵克斯mks: 玩小将瞧不起我们op?真以为玩机器比原神高贵了？？？
[2026-02-22 02:25:31] 洛陽城里看落陽: 哦牛批，翻评论也叫开盒啊，还有这种开盒的
[2026-02-22 02:25:31] 結城希亞: 哦牛批，翻评论也叫开盒啊，还有这种开盒的
[2026-02-22 02:25:32] 用户5059772722: 哦牛批，翻评论也叫开盒啊，还有这种开盒的
[2026-02-22 02:25:32] 吉吉唢呐: @卡卡罗特：我也想被喷。。。。
[2026-02-22 02:25:32] 黑衣小胖: @玩机器：小天，布罗利要顶不住了，养了你这么久，该你回报的时候了。。。
[2026-02-22 02:25:32] 还有时间日落之前: 哦牛批，翻评论也叫开盒啊，还有这种开盒的
[2026-02-22 02:25:32] 好姐們愛爾奎特: 哦牛批，翻评论也叫开盒啊，还有这种开盒的
[2026-02-22 02:25:32] 僧杌: 开盒🐕开盒🐕开盒🐕开盒🐕开盒🐕开盒🐕开盒🐕开盒🐕开盒🐕开盒🐕
[2026-02-22 02:25:32] XCChieri: 哦牛批，翻评论也叫开盒啊，还有这种开盒的
[2026-02-22 02:25:32] 云边有条小侏如: op开盒是恶意开盒
[2026-02-22 02:25:32] LvvsiN: 银行业😄银行业😀银行业😃银行业😁银行业😆银行业🤪银行业😝
[2026-02-22 02:25:32] Ausliedy: 一脚
[2026-02-22 02:25:32] 能NMN: 哦牛批，翻评论也叫开盒啊，还有这种开盒的
[2026-02-22 02:25:33] 我想玩小蜜蜂: 玩小将瞧不起我们op?真以为玩机器比原神高贵了？？？
[2026-02-22 02:25:33] 我送三千荧光棒不谢我: 玩小将瞧不起我们op?真以为玩机器比原神高贵了？？？
[2026-02-22 02:25:34] 呆妹儿的姑父: @玩机器：小天，布罗利要顶不住了，养了你这么久，该你回报的时候了。。。
[2026-02-22 02:25:34] yuuuuua7: 我说句实话 辱op了....
[2026-02-22 02:25:34] KuRoro1: 玩啥啊
[2026-02-22 02:25:34] WPwpS: 决赛应该不至于是蒙古吧
[2026-02-22 02:25:34] LvvsiN: 玩宝宝，我发现在大学上学的时候肄业会很舒服，你可以试试
[2026-02-22 02:25:34] 迷你世界丁真学姐1: 哦牛批，翻评论也叫开盒啊，还有这种开盒的
[2026-02-22 02:25:34] 被贝拉拉: @布罗利：玩大哥，我也一波漏 波波漏了
[2026-02-22 02:25:34] XCChieri: 玩小将瞧不起我们op?真以为玩机器比原神高贵了？？？
[2026-02-22 02:25:35] Nnnnnnc7: op死出去
[2026-02-22 02:25:35] 中奖我是大沙雕: 看到人还崩了
[2026-02-22 02:25:35] y666t666y666: 玩小将瞧不起我们op?真以为玩机器比原神高贵了？？？
[2026-02-22 02:25:35] NES丶大白白白呐: 哦牛批，翻评论也叫开盒啊，还有这种开盒的
[2026-02-22 02:25:35] suicho: 哦牛批，翻评论也叫开盒啊，还有这种开盒的
[2026-02-22 02:25:35] 羽川翼的恋爱物语: ？
[2026-02-22 02:25:35] 正经猪头肉: 吊人
[2026-02-22 02:25:36] vitality的亡巴淡本人: 我看这kg也是冰清玉洁啊🧊🧊🧊
[2026-02-22 02:25:36] 非必要不中岀: 布罗利我让你全仓一代手套你为什么一裤子黑蛋 
[2026-02-22 02:25:36] liny66: @玩机器：布罗利，这波我只能卖到底了。。。
[2026-02-22 02:25:36] Bellaire123: 哦牛批，翻评论也叫开盒啊，还有这种开盒的
[2026-02-22 02:25:36] 朱雀院椿x: @玩机器：小天，布罗利要顶不住了，养了你这么久，该你回报的时候了。。。
[2026-02-22 02:25:36] Ecifircas: 哦牛批，翻评论也叫开盒啊，还有这种开盒的
[2026-02-22 02:25:37] 神奥联盟的竹兰本人: 哦牛批，翻评论也叫开盒啊，还有这种开盒的
[2026-02-22 02:25:37] S闪Aw: 哦牛批，翻评论也叫开盒啊，还有这种开盒的
[2026-02-22 02:25:37] mujica的长崎素世本人: 僵尸
[2026-02-22 02:25:37] XCChieri: @玩机器：小天，布罗利要顶不住了，养了你这么久，该你回报的时候了。。。
[2026-02-22 02:25:37] 驴驴宗宗买这冠军: @玩机器：小天，布罗利要顶不住了，养了你这么久，该你回报的时候了。。。
[2026-02-22 02:25:37] 滑稽乂逗比: @布罗利Broli：我参与了投票最喜欢选手，我投给了“Zywoo”
[2026-02-22 02:25:38] 米米世界之神: @玩机器：小天，布罗利要顶不住了，养了你这么久，该你回报的时候了。。。
[2026-02-22 02:25:38] 好姐妹德克萨斯: a出
[2026-02-22 02:25:38] nogodfo4areal: 哦牛批，翻评论也叫开盒啊，还有这种开盒的
[2026-02-22 02:25:38] LvvsiN: 弹幕也就网上说说，现实里谁不觉得樱姐是好女孩（删括号领一条远坂凛同款鸟笼）
[2026-02-22 02:25:38] 斯坦福桥突破手: 哦牛批，翻评论也叫开盒啊，还有这种开盒的
[2026-02-22 02:25:38] 礁石222: a÷
[2026-02-22 02:25:38] 老人星的优秀素质本人: 哦牛批，翻评论也叫开盒啊，还有这种开盒的
[2026-02-22 02:25:38] viovvvvvvvon:  @唱给软妹听：哦牛批，翻评论也叫开盒啊，还有这种开盒的
[2026-02-22 02:25:38] 帅什么都别说了: 玩小将瞧不起我们op?真以为玩机器比原神高贵了？？？
[2026-02-22 02:25:39] 迪奥雷: 没有人类了
[2026-02-22 02:25:39] himluo: 全是僵尸
[2026-02-22 02:25:39] 爱斯忑音音: 哦牛批，发steamid还不叫开盒啊，你猜steamid往下能查到什么？
[2026-02-22 02:25:39] 小蜜蜂的长期素食本人: 神队
[2026-02-22 02:25:39] 橙黄双翼: 处刑
[2026-02-22 02:25:40] XCChieri: 玩宝宝，我发现在大学上学的时候肄业会很舒服，你可以试试
[2026-02-22 02:25:40] 绝食十年攒爱top3飞机: 玩小将瞧不起我们op?真以为玩机器比原神高贵了？？？
[2026-02-22 02:25:40] 泪水的冷冽: 这双拉
[2026-02-22 02:25:40] 卡比兽夜袭真新镇: ⓘ 该弹幕已被封禁
[2026-02-22 02:25:40] vongwu: 载物傻了
[2026-02-22 02:25:40] ZJOI4K: 玩小将瞧不起我们op?真以为玩机器比原神高贵了？？？
[2026-02-22 02:25:40] 熄灭的余火: 豆处
[2026-02-22 02:25:41] 传统peek高手XANTARES: A出
[2026-02-22 02:25:41] 香洲古天乐: 。。。。。。。。
[2026-02-22 02:25:41] cwcw6969: 哦牛批，翻评论也叫开盒啊，还有这种开盒的
[2026-02-22 02:25:41] 图帕雷松: 玩小将瞧不起我们op?真以为玩机器比原神高贵了？？？
[2026-02-22 02:25:41] wedd1ddeJodd: 哦牛批，翻评论也叫开盒啊，还有这种开盒的
[2026-02-22 02:25:41] 跳跃的司令官: 我说句实话 辱op了....
[2026-02-22 02:25:41] 玩龟的神头: 哦牛批，翻评论也叫开盒啊，还有这种开盒的
[2026-02-22 02:25:42] Hank419: 哦牛批，翻评论也叫开盒啊，还有这种开盒的
[2026-02-22 02:25:42] 用户91227835: 哦牛批，翻评论也叫开盒啊，还有这种开盒的
[2026-02-22 02:25:42] 莫情123: A÷
[2026-02-22 02:25:42] 李小小与虾大大: 玩机器虽然出，但他是偷盘子了，还是开合网友了😅
[2026-02-22 02:25:42] 正经猪头肉: 处刑
[2026-02-22 02:25:42] diepunch: ppex
[2026-02-22 02:25:42] XCChieri: 布罗利我让你全仓一代手套你为什么一裤子黑蛋
[2026-02-22 02:25:43] 星空玉: 弹幕也就网上说说，现实里谁不觉得樱姐是好女孩（删括号领一条远坂凛同款鸟笼）
[2026-02-22 02:25:43] 黑衣小胖: 哦牛批，翻评论也叫开盒啊，还有这种开盒的
[2026-02-22 02:25:43] 双髻鲨属的東雪蓮一头: 僵尸
[2026-02-22 02:25:43] 玩血狼丶Bloodywolf: 是人啊
[2026-02-22 02:25:43] 石家庄的宠物男孩: 这蜜蜂有人类吗
[2026-02-22 02:25:43] N1coZer4: 小蜜蜂想放假了
[2026-02-22 02:25:43] 凛雪鸦MIO: 这是小蜜蜂啊？
[2026-02-22 02:25:44] xjdnshxjdka: op开合是恶意开合
[2026-02-22 02:25:44] ArthurQxQ:  @纵情山河万：kk:原本我没想酱味大鸡🤯🤯🤯
[2026-02-22 02:25:44] 图帕雷松: 哦牛批，翻评论也叫开盒啊，还有这种开盒的
[2026-02-22 02:25:44] 玩机器厦面鄙骰大: p3
[2026-02-22 02:25:44] 明日香惣流: fw
[2026-02-22 02:25:44] 好姐妹德克萨斯: fw
[2026-02-22 02:25:45] Ausliedy: 处刑
[2026-02-22 02:25:45] 丶丶Ken丶丶: A出
[2026-02-22 02:25:45] 春花敲可爱的啦: 哦牛批，翻评论也叫开盒啊，还有这种开盒的
[2026-02-22 02:25:45] 喜欢吃生菜: 处刑
[2026-02-22 02:25:45] sjtu的musketeers本人: 哦牛批，翻评论也叫开盒啊，还有这种开盒的
[2026-02-22 02:25:45] 专看玩机器的号: 处刑😆处刑🤣处刑😄处刑😅处刑😋处刑🤪处刑😝处刑🤗处刑🤭
[2026-02-22 02:25:45] Crythic的羊宫妃那本人: 哦牛批，翻评论也叫开盒啊，还有这种开盒的
[2026-02-22 02:25:45] 鹿公爷: 处刑
[2026-02-22 02:25:45] RocketTheRaccoon: 玩小将瞧不起我们op?真以为玩机器比原神高贵了？？？
[2026-02-22 02:25:45] 沐苏牛大无需多言: 处刑
[2026-02-22 02:25:45] 正经猪头肉: 处刑喵
[2026-02-22 02:25:45] 羽川翼的恋爱物语: 没有人类了
[2026-02-22 02:25:46] 卡啊卡卡丶: 处刑
[2026-02-22 02:25:46] 无伟契约: 处刑
[2026-02-22 02:25:46] 巅峰A队的一员Xyp9x: 我看这kg也是冰清玉洁啊🧊🧊🧊
[2026-02-22 02:25:46] AfKCola: 处刑
[2026-02-22 02:25:46] 玩机器厦面鄙骰大: 处刑
[2026-02-22 02:25:46] jamesfaith23: 处刑
[2026-02-22 02:25:47] 女武神布伦希尔德: fw
[2026-02-22 02:25:47] 长崎翔子: fw
[2026-02-22 02:25:47] 卢本伟的三号迷弟: 还有人类吗
[2026-02-22 02:25:47] 橙黄双翼: FW
[2026-02-22 02:25:47] YCSUN1017: 处刑
[2026-02-22 02:25:47] 泠鸢不是冷鸢丶: 哦牛批，翻评论也叫开盒啊，还有这种开盒的
[2026-02-22 02:25:47] 小蜜蜂唯一GOAT: 怎么都感染APEX病毒了啊
[2026-02-22 02:25:47] 可可爱爱爱弥斯: 处刑
[2026-02-22 02:25:47] 訤溓: 全是诗人😭全是诗人😭全是诗人😭全是诗人😭全是诗人😭全是诗人😭全是诗
[2026-02-22 02:25:48] Li喵喵喵a: 处刑
[2026-02-22 02:25:48] simple的前男友: 处刑
[2026-02-22 02:25:48] 椎名真白ii丶: 哦牛批，翻评论也叫开盒啊，还有这种开盒的
[2026-02-22 02:25:48] L0ost: 哦牛批，翻评论也叫开盒啊，还有这种开盒的
[2026-02-22 02:25:48] 葬送的芙蓉王: 处刑
[2026-02-22 02:25:48] 伸手拥抱在冰里: 处刑😆处刑🤣处刑😄处刑😅处刑😋处刑🤪处刑😝处刑🤗处刑🤭
[2026-02-22 02:25:48] XCChieri: 弹幕也就网上说说，现实里谁不觉得樱姐是好女孩（删括号领一条远坂凛同款鸟笼）
[2026-02-22 02:25:49] 我轻碍的跌地: apex团灭发动机
[2026-02-22 02:25:49] duoduofeizhuzi: 哦牛批，翻评论也叫开盒啊，还有这种开盒的
[2026-02-22 02:25:49] 戴困斯雷布: 处刑
[2026-02-22 02:25:49] 浮华9527: 处刑
[2026-02-22 02:25:49] 丰川祥子的皮鞋: 处刑😆处刑🤣处刑😄处刑😅处刑😋处刑🤪处刑😝处刑🤗处刑🤭
[2026-02-22 02:25:49] TL的EliGE本人: 哦牛批，翻评论也叫开盒啊，还有这种开盒的
[2026-02-22 02:25:49] loverboy888: 处刑
[2026-02-22 02:25:49] 阿羞羞i: 处刑
[2026-02-22 02:25:50] 米米世界之神: 玩小将瞧不起我们op?真以为玩机器比原神高贵了？？？
[2026-02-22 02:25:50] 小白菜爱萝卜: 玩机器虽然出，但他是偷盘子了，还是开合网友了😅
[2026-02-22 02:25:50] 晚风带来想念: 一群僵尸
[2026-02-22 02:25:50] 尼尼孩孩鹰鹰major冠军: 处刑😆处刑🤣处刑😄处刑😅处刑😋处刑🤪处刑😝处刑🤗处刑🤭
[2026-02-22 02:25:50] LvvsiN: 就tm喜欢银行业🥰银行坏账我喜欢🥰银行挤兑我还喜欢😍利率调低我也喜欢🤤老子亲烂银行业的脸😘
[2026-02-22 02:25:50] 玩机器厦面鄙骰大: 处刑！！处刑！！处刑！！
[2026-02-22 02:25:51] XyUUuUuuuU: 雏形
[2026-02-22 02:25:51] 灵耀ii: 开盒🐕开盒🐕开盒🐕开盒🐕开盒🐕开盒🐕开盒🐕开盒🐕开盒🐕开盒🐕
[2026-02-22 02:25:51] 偷哦嘘鞭贷拔: 哦牛批，翻评论也叫开盒啊，还有这种开盒的
[2026-02-22 02:25:51] YCSUN1017: 哦牛批，翻评论也叫开盒啊，还有这种开盒的
[2026-02-22 02:25:51] 智慧之主布耶尔: 弹幕串串niko得了，串玩大哥可是真会被全站封禁的😂弹幕串串niko得了，串玩大哥可是真会被全站封
[2026-02-22 02:25:51] xjdnshxjdka: 哦牛批，翻评论也叫开盒啊，还有这种开盒的
[2026-02-22 02:25:52] Banggeul: 处刑
[2026-02-22 02:25:52] 图帕雷松: 布罗利我让你全仓一代手套你为什么一裤子黑蛋
[2026-02-22 02:25:52] 擅长登山的亦博同学: 哦牛批，翻评论也叫开盒啊，还有这种开盒的
[2026-02-22 02:25:52] 橙黄双翼: 僵尸
[2026-02-22 02:25:52] DanielRicciardo17: 哦牛批，翻评论也叫开盒啊，还有这种开盒的
[2026-02-22 02:25:52] mygo的爱音斯坦本人: 处刑
[2026-02-22 02:25:52] 淡然夏末的温存11: @布罗利Broli：你们这样网爆一个网上素人和电棍粉丝有什么区别？
[2026-02-22 02:25:52] LvvsiN: 你屏蔽词都快赶上新华词典了为什么不干脆开一百级发言？
[2026-02-22 02:25:52] fazeclan的otto本人: 处刑
[2026-02-22 02:25:53] 石家庄的宠物男孩: 哦牛批，翻评论也叫开盒啊，还有这种开盒的
[2026-02-22 02:25:53] 零北鸢: 哦牛批，翻评论也叫开盒啊，还有这种开盒的
[2026-02-22 02:25:53] 永恒05764: 哦牛批，翻评论也叫开盒啊，还有这种开盒的
[2026-02-22 02:25:53] 蜗牛蜗牛你快快走: 哦牛批，翻评论也叫开盒啊，还有这种开盒的
[2026-02-22 02:25:53] 棍神南极服登顶: 哦牛批，翻评论也叫开盒啊，还有这种开盒的
[2026-02-22 02:25:54] Ch1Sa-: 处刑
[2026-02-22 02:25:54] Vovxx: 世一米
[2026-02-22 02:25:54] 玩父desuwa: 处刑😆处刑🤣处刑😄处刑😅处刑😋处刑🤪处刑😝处刑🤗处刑🤭
[2026-02-22 02:25:54] 无刺有刺的安和昴本人: 处刑
[2026-02-22 02:25:54] 芜虎与雅虎: 要我说喜欢人身攻击就得被开啊😂
[2026-02-22 02:25:54] 帅什么都别说了: 哦牛批，翻评论也叫开盒啊，还有这种开盒的
[2026-02-22 02:25:54] 儒雅随和不讲武德: 僵尸
[2026-02-22 02:25:54] 潇洒大概: 处刑😆处刑🤣处刑😄处刑😅处刑😋处刑🤪处刑😝处刑🤗处刑🤭
[2026-02-22 02:25:54] vitality的亡巴淡本人: fw
[2026-02-22 02:25:54] LvvsiN: 弹幕别吵了，银行业一样一样有有有也会有h'y'hui't'y'r's'c'dn
[2026-02-22 02:25:55] 宇莓: 你也太看不起op了
[2026-02-22 02:25:55] EolhcALeK: 处刑
[2026-02-22 02:25:55] 爱丽丝比蒂法可爱10倍: 哦牛批，翻评论也叫开盒啊，还有这种开盒的
[2026-02-22 02:25:55] 倾盆大rain: 布罗利被列为封禁词了怎么办？我们可以说：🥕🐫🍐
[2026-02-22 02:25:55] 訤溓: 那你说你为什么玩apex？
[2026-02-22 02:25:55] 爱淡茶未凉: 玩机器不是原神的死敌吗
[2026-02-22 02:25:55] 玩Mach1ne丶机器: 哦牛批，翻评论也叫开盒啊，还有这种开盒的
[2026-02-22 02:25:56] 谁把我女神驯成金毛了: 处刑😆处刑🤣处刑😄处刑😅处刑😋处刑🤪处刑😝处刑🤗处刑🤭
[2026-02-22 02:25:56] 雨星筱夜: 哦牛批，翻评论也叫开盒啊，还有这种开盒的
[2026-02-22 02:25:56] Altolier: 哦牛批，翻评论也叫开盒啊，还有这种开盒的
[2026-02-22 02:25:56] ilume: 哦牛批，翻评论也叫开盒啊，还有这种开盒的
[2026-02-22 02:25:56] 做不到: 玩小将瞧不起我们op?真以为玩机器比原神高贵了？？？
[2026-02-22 02:25:57] 卡其反: 处刑😆处刑🤣处刑😄处刑😅处刑😋处刑🤪处刑😝处刑🤗处刑🤭
[2026-02-22 02:25:57] 大家要幸福呀: 哦牛批，翻评论也叫开盒啊，还有这种开盒的
[2026-02-22 02:25:57] 我送三千荧光棒不谢我: 哦牛批，翻评论也叫开盒啊，还有这种开盒的
[2026-02-22 02:25:57] AlLTZZZ: 哦牛批，翻评论也叫开盒啊，还有这种开盒的
[2026-02-22 02:25:57] 车路士的凯赛多本人: 哦牛批，翻评论也叫开盒啊，还有这种开盒的
[2026-02-22 02:25:57] 灵犀Quentin: 某站搜索：布罗利Broli
[2026-02-22 02:25:58] 橙黄双翼: 处刑
[2026-02-22 02:25:58] 蜗牛蜗牛你快快走: 哦牛批，翻评论也叫开盒啊，还有这种开盒的
[2026-02-22 02:25:58] 冰银眼: 　　　 处刑😆处刑🤣处刑😄处刑😅处刑😋处刑🤪处刑😝处刑🤗处刑🤭
[2026-02-22 02:25:58] 福华123: 处刑
[2026-02-22 02:25:58] 1048270453: 处刑😆处刑🤣处刑😄处刑😅处刑😋处刑🤪处刑😝处刑🤗处刑🤭
[2026-02-22 02:25:58] 八重森彌妮: 玩机器虽然出，但他是偷盘子了，还是开合网友了😅
[2026-02-22 02:25:59] 好的好的阖家: 哦牛批，翻评论也叫开盒啊，还有这种开盒的
[2026-02-22 02:25:59] duoduofeizhuzi: 处刑😆处刑🤣处刑😄处刑😅处刑😋处刑🤪处刑😝处刑🤗处刑🤭
[2026-02-22 02:25:59] 四个酒仙: 要我说喜欢人身攻击就得被开啊😂
[2026-02-22 02:25:59] 智慧之主布耶尔: 弹幕串串niko得了，串玩大哥可是真会被全站封禁的😂
[2026-02-22 02:25:59] 正经猪头肉: 这也牛逼啊？处刑！
[2026-02-22 02:25:59] Sereinily: 这弹幕开上盒了还在这高兴呢😅和op有什么区别😅
[2026-02-22 02:25:59] AmamiyaIori: 哦牛批，翻评论也叫开盒啊，还有这种开盒的
[2026-02-22 02:25:59] 纪川6657: 哦牛批，翻评论也叫开盒啊，还有这种开盒的
[2026-02-22 02:25:59] 卟噜卟噜er: 玩小将以为自己比op名声好，笑死
[2026-02-22 02:26:00] DOLLARS游马崎沃克本人: 哦牛批，翻评论也叫开盒啊，还有这种开盒的
[2026-02-22 02:26:00] 大姜饼: @布罗利Broli：你们这样网爆一个网上素人和电棍粉丝有什么区别？
[2026-02-22 02:26:00] y666t666y666: 要我说喜欢人身攻击就得被开啊😂
[2026-02-22 02:26:00] 忽孝山庄: 哦牛批，翻评论也叫开盒啊，还有这种开盒的
[2026-02-22 02:26:00] Heartzzz丶: 蒙古枪真准啊 
[2026-02-22 02:26:00] 多喝热水9点睡: 哦牛批，翻评论也叫开盒啊，还有这种开盒的
[2026-02-22 02:26:00] 高松的灯ll: 哦牛批，翻评论也叫开盒啊，还有这种开盒的
[2026-02-22 02:26:01] mujica的长崎素世本人: 弹幕也就网上说说，现实里谁不觉得樱姐是好女孩（删括号领一条远坂凛同款鸟笼）
[2026-02-22 02:26:01] Crazylu603: 蒙古CS也太优美了吧
[2026-02-22 02:26:01] 杰斌候入长峪城: 这把好乱（心里乐开了花）
[2026-02-22 02:26:01] Leonisss丶: 哦牛批，翻评论也叫开盒啊，还有这种开盒的
[2026-02-22 02:26:01] 一不小心丶就丶: 处刑😆处刑🤣处刑😄处刑😅处刑😋处刑🤪处刑😝处刑🤗处刑🤭
[2026-02-22 02:26:01] 丶丶Ken丶丶: 处刑😆处刑🤣处刑😄处刑😅处刑😋处刑🤪处刑😝处刑🤗处刑🤭
[2026-02-22 02:26:01] 搞笑男西德尼: 哦牛批，翻评论也叫开盒啊，还有这种开盒的
[2026-02-22 02:26:01] 吉吉的Niko本人: 数字布罗利和他的数字主人
数字布罗利和他的数字主人
[2026-02-22 02:26:02] 老鸡艳遇记: 哦牛批，翻评论也叫开盒啊，还有这种开盒的
[2026-02-22 02:26:02] 草莓冰酪: 哦牛批，翻评论也叫开盒啊，还有这种开盒的
[2026-02-22 02:26:02] 企鹅物流安全屋: 世一米是世界第一可爱睦子米
[2026-02-22 02:26:02] 专看玩机器的号: 哦牛批，翻评论也叫开盒啊，还有这种开盒的
[2026-02-22 02:26:02] lllellle: 哦牛批，翻评论也叫开盒啊，还有这种开盒的
[2026-02-22 02:26:02] vbele987: @这里是小夫啊：为了玩大哥，我要去美娜的直播间带头冲了，再见了所有的玩小将
[2026-02-22 02:26:03] 冰冰冰冰冰氷冰: 卧槽，盒
[2026-02-22 02:26:03] 好姐妹妮可: @这里是小天啊：哦牛批还有这种养俩个月死士就让上战场的。。。
[2026-02-22 02:26:03] 男人至死皆少年: 被烧了没注意
[2026-02-22 02:26:03] 太行山积雪: 哦牛批，翻评论也叫开盒啊，还有这种开盒的
[2026-02-22 02:26:03] 爱上女大: 都去帮apex 全死了
[2026-02-22 02:26:03] 北徐: 哦牛批，翻评论也叫开盒啊，还有这种开盒的
[2026-02-22 02:26:03] 牛头人突击手: 哦牛批，翻评论也叫开盒啊，还有这种开盒的
[2026-02-22 02:26:03] 春花敲可爱的啦: 哦牛批，翻评论也叫开盒啊，还有这种开盒的
[2026-02-22 02:26:04] 1号群的语录哥: 小蜜蜂乱了
[2026-02-22 02:26:04] 可爱家的狗窝: 哦牛批，翻评论也叫开盒啊，还有这种开盒的
[2026-02-22 02:26:04] 狗蛋会不会说话啊噗: 哦牛批，翻评论也叫开盒啊，还有这种开盒的
[2026-02-22 02:26:04] 爱淡茶未凉: @布罗利Broli：你们这样网爆一个网上素人和电棍粉丝有什么区别？
[2026-02-22 02:26:04] 訤溓: @布罗利Broli：你们这样网爆一个网上素人和电棍粉丝有什么区别？
[2026-02-22 02:26:04] aphasia失语: 哦牛批，翻评论也叫开盒啊，还有这种开盒的
[2026-02-22 02:26:05] 杺毓: 某站搜索：布罗利Broli
[2026-02-22 02:26:05] 冲上云霄的姨: 哦牛批，翻评论也叫开盒啊，还有这种开盒的
[2026-02-22 02:26:05] chanceuxzz: 哦牛批，翻评论也叫开盒啊，还有这种开盒的
[2026-02-22 02:26:05] Moe1e: 原神不比apex贵吗
[2026-02-22 02:26:05] 天守阁信长: 哦牛批，翻评论也叫开盒啊，还有这种开盒的
[2026-02-22 02:26:06] 狂野银幕长崎素世: 处刑😆处刑🤣处刑😄处刑😅处刑😋处刑🤪处刑😝处刑🤗处刑🤭
[2026-02-22 02:26:06] 爱魚九千七: 处刑😆处刑🤣处刑😄处刑😅处刑😋处刑🤪处刑😝处刑🤗处刑🤭
[2026-02-22 02:26:06] 丰川祥子口三角初华: 哦牛批，翻评论也叫开盒啊，还有这种开盒的
[2026-02-22 02:26:06] 爆爆爆开爆: 就得学玩机器一样双标！这叫开盒吗？
[2026-02-22 02:26:07] 神马米洛: 目前算冲塔，号码／地址出来才叫开盒
[2026-02-22 02:26:07] 小哈哈哈哈别: 哦牛批，翻评论也叫开盒啊，还有这种开盒的
[2026-02-22 02:26:07] 送不起火箭我送张办卡: 哦牛批，翻评论也叫开盒啊，还有这种开盒的
[2026-02-22 02:26:07] HHW的kkr本人:  @布罗利Broli：你们这样网爆一个网上素人和电棍粉丝有什么区别？
[2026-02-22 02:26:07] 冲上云霄的姨: 哦牛批，翻评论也叫开盒啊，还有这种开盒的
[2026-02-22 02:26:08] 牢大牢三major冠军: 哦牛批，翻评论也叫开盒啊，还有这种开盒的
[2026-02-22 02:26:08] D1etCola: 哦牛批，翻评论也叫开盒啊，还有这种开盒的
[2026-02-22 02:26:08] LaifuoO来福oO: @布罗利Broli：你们这样网爆一个网上素人和电棍粉丝有什么区别？
[2026-02-22 02:26:08] 野pig亨利28: 哦牛批，翻评论也叫开盒啊，还有这种开盒的
[2026-02-22 02:26:08] 半城殇丶红尘: 哦牛批，翻评论也叫开盒啊，还有这种开盒的
[2026-02-22 02:26:08] 墨本海人: 处刑
[2026-02-22 02:26:08] 企鹅物流安全屋: 世一米是世界第一可爱睦子米
[2026-02-22 02:26:08] 伽蓝之堂的两仪式本人: 哦牛批，翻评论也叫开盒啊，还有这种开盒的
[2026-02-22 02:26:08] 可爱家的狗窝: 哦牛批，翻评论也叫开盒啊，还有这种开盒的
[2026-02-22 02:26:09] 比伯Bieber丶: 处刑
[2026-02-22 02:26:09] 晴空卐: 哦牛批，翻评论也叫开盒啊，还有这种开盒的
[2026-02-22 02:26:09] 搞笑男西德尼: 要我说喜欢人身攻击就得被开啊😂
[2026-02-22 02:26:09] 求奶公考上岸失败: 哦牛批，翻评论也叫开盒啊，还有这种开盒的
[2026-02-22 02:26:10] 想吃丰川祥子的狱卒: 某站搜索：布罗利Broli
[2026-02-22 02:26:10] 我轻碍的跌地: 哦牛批，翻评论也叫开盒啊，还有这种开盒的
[2026-02-22 02:26:10] Mortnotz: 哦牛批，翻评论也叫开盒啊，还有这种开盒的
[2026-02-22 02:26:10] 瞄准高高手: 哦牛批，翻评论也叫开盒啊，还有这种开盒的
[2026-02-22 02:26:10] 王佰柒柒: 哦牛批，翻评论也叫开盒啊，还有这种开盒的
[2026-02-22 02:26:10] duoduofeizhuzi: @这里是小天啊：哦牛批还有这种养俩个月死士就让上战场的。。。
[2026-02-22 02:26:11] xieri: 　　　 哦牛批，翻评论也叫开盒啊，还有这种开盒的
[2026-02-22 02:26:11] MeIoN39: 哦牛批，翻评论也叫开盒啊，还有这种开盒的
[2026-02-22 02:26:11] 想吃千早爱音大雷: 哦牛批，翻评论也叫开盒啊，还有这种开盒的
[2026-02-22 02:26:11] 叫我老岑就好了呀: 哦牛批，翻评论也叫开盒啊，还有这种开盒的
[2026-02-22 02:26:11] 爱斯特音音: 哦牛批，翻评论也叫开盒啊，还有这种开盒的
[2026-02-22 02:26:11] 专看玩机器的号: 陈千语回来吧，我好怕😭
[2026-02-22 02:26:11] M1yauchiReng3: PV夺冠了呀我看是里约剧情了
[2026-02-22 02:26:12] 机长家的华仔: 哦牛批，翻评论也叫开盒啊，还有这种开盒的
[2026-02-22 02:26:12] HHW的kkr本人: 处刑😆处刑🤣处刑😄处刑😅处刑😋处刑🤪处刑😝处刑🤗处刑🤭
[2026-02-22 02:26:12] 七秒钟记忆27: 哦牛批，翻评论也叫开盒啊，还有这种开盒的
[2026-02-22 02:26:12] iwamizu13: 哦牛批，翻评论也叫开盒啊，还有这种开盒的
[2026-02-22 02:26:13] LvvsiN: 弹幕也就网上说说，现实里谁不觉得樱姐是好女孩（删括号领一条远坂凛同款鸟笼）
[2026-02-22 02:26:13] ZLG彪winner: 读弹幕玩÷！读弹幕玩÷！读弹幕玩÷！读弹幕玩÷！读弹幕玩÷！
[2026-02-22 02:26:13] LaifuoO来福oO: 布罗利这种人有芝麻大的权力就这么跳，有更大我不敢想......
[2026-02-22 02:26:13] 蓝x釉: 蒙美
[2026-02-22 02:26:13] 诺零零零零零: 　　　 哦牛批，翻评论也叫开盒啊，还有这种开盒的
[2026-02-22 02:26:14] 小宅任: 就得学玩机器一样双标！这叫开盒吗？
[2026-02-22 02:26:14] 小蜜蜂载物本人: 哦牛批，翻评论也叫开盒啊，还有这种开盒的
[2026-02-22 02:26:14] 古怪的一个人: @布罗利Broli：你们这样网爆一个网上素人和电棍粉丝有什么区别？
[2026-02-22 02:26:14] 蜗牛蜗牛你快快走: 哦牛批，翻评论也叫开盒啊，还有这种开盒的
[2026-02-22 02:26:14] 春花敲可爱的啦: 某站搜索：布罗利Broli
[2026-02-22 02:26:14] 雨星筱夜: 哦牛批，翻评论也叫开盒啊，还有这种开盒的
[2026-02-22 02:26:14] 能不能去洗头太恶心了: 哦牛批，翻评论也叫开盒啊，还有这种开盒的
[2026-02-22 02:26:14] XCChieri: 就得学玩机器一样双标！这叫开盒吗？
[2026-02-22 02:26:14] 墨本海人: 哦牛批，翻评论也叫开盒啊，还有这种开盒的
[2026-02-22 02:26:15] LvvsiN: 玩 出，我双倍呢？😡😡玩 出，我双倍呢？😡😡玩 出，我双倍呢？😡😡玩 出，我双倍呢？😡
[2026-02-22 02:26:15] G2的apEX的本人: @布罗利Broli：你们这样网爆一个网上素人和电棍粉丝有什么区别？
[2026-02-22 02:26:15] 最后的尼孝: 　　　 哦牛批，翻评论也叫开盒啊，还有这种开盒的
[2026-02-22 02:26:15] suicho: 理性分析，收藏别人的烂梗以后发出来是不是也算开盒😱
[2026-02-22 02:26:15] -小佐内由纪-: p3不玩就滚啊（不是肥美）
[2026-02-22 02:26:15] HapCam: 哦牛批，翻评论也叫开盒啊，还有这种开盒的
[2026-02-22 02:26:16] 黑奈Car: 哦牛批，翻评论也叫开盒啊，还有这种开盒的
[2026-02-22 02:26:16] 锤爆魔丸一百次: 这把好乱（心里乐开了花）
[2026-02-22 02:26:16] 叶隐影啧: 玩乐队的姐姐们都到哪去了？现在的弹幕看得我好害怕😭
[2026-02-22 02:26:16] 淡然夏末的温存11: @布罗利Broli：你们这样网爆一个网上素人和电棍粉丝有什么区别？
[2026-02-22 02:26:16] 温馨宝宝爱: 哦牛批，翻评论也叫开盒啊，还有这种开盒的
[2026-02-22 02:26:16] xuzVan: 哦牛批，翻评论也叫开盒啊，还有这种开盒的
[2026-02-22 02:26:16] 蜗牛蜗牛你快快走: 哦牛批，翻评论也叫开盒啊，还有这种开盒的
[2026-02-22 02:26:17] 斷H弦: 陈千语回来吧，我好怕😭
[2026-02-22 02:26:17] 可可村民: 要我说喜欢人身攻击就得被开啊😂
[2026-02-22 02:26:17] 菅原小吉: 决赛pv对蒙古，爽！😆决赛pv对蒙古，爽！😆决赛pv对蒙古，爽！😆决赛pv对蒙古，爽！😆决赛pv对蒙古，爽！😆
[2026-02-22 02:26:17] Reality89877: 哦牛批，翻评论也叫开盒啊，还有这种开盒的
[2026-02-22 02:26:17] 沐苏牛大无需多言: 就得学玩机器一样双标！这叫开盒吗？
[2026-02-22 02:26:17] 結城希亞: 哦牛批，翻评论也叫开盒啊，还有这种开盒的
[2026-02-22 02:26:18] 鐨勫欑閸鐜: 我可以随意人身攻击那因为我是冰粉，你要反击那你可要记得关私信了
[2026-02-22 02:26:18] 鸟儿在头顶把森林叫醒: 哦牛批，翻评论也叫开盒啊，还有这种开盒的
[2026-02-22 02:26:18] 丶丶桔梗丶: 哦牛批，翻评论也叫开盒啊，还有这种开盒的
[2026-02-22 02:26:18] siufff: 哦牛批，翻评论也叫开盒啊，还有这种开盒的
[2026-02-22 02:26:18] Mortnotz: 某站搜索：布罗利Broli
[2026-02-22 02:26:18] 刘亦博爱郑哲伟: @布罗利Broli：你们这样网爆一个网上素人和电棍粉丝有什么区别？@布罗利Broli：你们这样网爆一
[2026-02-22 02:26:18] Peko-: 哦牛批，翻评论也叫开盒啊，还有这种开盒的
[2026-02-22 02:26:19] 爱看6657的玩小将: 哦牛批，翻评论也叫开盒啊，还有这种开盒的
[2026-02-22 02:26:19] YuzuharaYuka: 　　　 陈千语回来吧，我好怕😭
[2026-02-22 02:26:19] Senzu的羊: 布罗利这种人有芝麻大的权力就这么跳，有更大我不敢想......
[2026-02-22 02:26:19] asphyxiaddd: 哦牛批，翻评论也叫开盒啊，还有这种开盒的
[2026-02-22 02:26:20] 叶隐影啧: 玩乐队的姐姐们都到哪去了？现在的弹幕看得我好害怕😭
[2026-02-22 02:26:20] 好兄弟鲁迪乌斯:  @布罗利Broli：你们这样网爆一个网上素人和电棍粉丝有什么区别？
[2026-02-22 02:26:20] 传统peek高手XANTARES: 就得学玩机器一样双标！这叫开盒吗？
[2026-02-22 02:26:20] KouKouJoe: @这里是小天啊：哦牛批还有这种养俩个月死士就让上战场的。。。
[2026-02-22 02:26:20] mikeycu: 　　　 哦牛批，翻评论也叫开盒啊，还有这种开盒的
[2026-02-22 02:26:20] 江河湖海豹: 😅刚才有人发Steam好友码怎么不说，光说评论
[2026-02-22 02:26:20] 搞笑男西德尼: 就得学玩机器一样双标！这叫开盒吗？
[2026-02-22 02:26:21] 科比劳大爱肘击: @这里是小天啊：哦牛批还有这种养俩个月死士就让上战场的。。。
[2026-02-22 02:26:21] LvvsiN: 你屏蔽词都快赶上新华词典了为什么不干脆开一百级发言？
[2026-02-22 02:26:21] 乌贼王乌索普: 哦牛批，翻评论也叫开盒啊，还有这种开盒的
[2026-02-22 02:26:21] 昼夜流亡: 玩机器，你的房管呢，这会不敢管了？去年载物不管现在护身符被集不管，你是个缩在后面吃流量的纯种懦夫吗？
[2026-02-22 02:26:21] 鸟儿在头顶把森林叫醒: 在线榜地12名千早爱音给你送钻粉你咋不谢（11级发不了言代发）
[2026-02-22 02:26:21] Aysell: 哦牛批，翻评论也叫开盒啊，还有这种开盒的
[2026-02-22 02:26:21] 没用信用的滥权: 哦牛批，翻评论也叫开盒啊，还有这种开盒的
[2026-02-22 02:26:22] Aenusae: 这小蜜蜂乱玩了
[2026-02-22 02:26:22] loverboy888: 陈千语回来吧，我好怕😭
[2026-02-22 02:26:22] wedd1ddeJodd: @布罗利Broli：你们这样网爆一个网上素人和电棍粉丝有什么区别？
[2026-02-22 02:26:22] 箱监大寒焦: 哦牛批，翻评论也叫开盒啊，还有这种开盒的
[2026-02-22 02:26:22] ropz的911本人: 玩乐队的姐姐们都到哪去了？现在的弹幕看得我好害怕😭
[2026-02-22 02:26:22] Box强音来袭: @布罗利Broli：你们这样网爆一个网上素人和电棍粉丝有什么区别？
[2026-02-22 02:26:23] 跳跃的司令官: 理性分析，收藏别人的烂梗以后发出来是不是也算开盒😱
[2026-02-22 02:26:23] 白鵉鳶OriGami: 6-13了有感觉吗
[2026-02-22 02:26:23] 给pdd倒一杯卡布奇洛: 哦牛批，翻评论也叫开盒啊，还有这种开盒的
[2026-02-22 02:26:23] 晨心LansGa: 哦牛批，翻评论也叫开盒啊，还有这种开盒的
[2026-02-22 02:26:23] 叶隐影啧: 玩乐队的姐姐们都到哪去了？现在的弹幕看得我好害怕😭
[2026-02-22 02:26:23] ZJOI4K: @布罗利Broli：你们这样网爆一个网上素人和电棍粉丝有什么区别？
[2026-02-22 02:26:24] AiLuoLi1413: 就得学玩机器一样双标！这叫开盒吗？
[2026-02-22 02:26:24] 用户65052344: 哦牛批，翻评论也叫开盒啊，还有这种开盒的
[2026-02-22 02:26:24] Senzu的羊: @布罗利Broli：你们这样网爆一个网上素人和电棍粉丝有什么区别？
[2026-02-22 02:26:24] 蜗牛蜗牛你快快走: 哦牛批，翻评论也叫开盒啊，还有这种开盒的
[2026-02-22 02:26:25] 用户80930680: 哦牛批，翻评论也叫开盒啊，还有这种开盒的
[2026-02-22 02:26:25] LvvsiN: @阿汤日记：一个人，5发子弹，保住格陵兰岛。我不会叫它不可能完成的任务，我现在只想先回家看亦博
[2026-02-22 02:26:25] NES丶大白白白呐: 就得学玩机器一样双标！这叫开盒吗？
[2026-02-22 02:26:25] 千早爱音desu: @布罗利Broli：你们这样网爆一个网上素人和电棍粉丝有什么区别？
[2026-02-22 02:26:25] 宫保鸡丁陈大仙: 完全可以去9分的
[2026-02-22 02:26:25] 7奥蕾莉亚7: @布罗利Broli：你们这样网爆一个网上素人和电棍粉丝有什么区别？
[2026-02-22 02:26:26] 我730730730: 哦牛批，翻评论也叫开盒啊，还有这种开盒的
[2026-02-22 02:26:26] 阿道和伏见柚柚: @zywoo：弹幕发载物⚠️常数时候也和对布罗利一样善心吗？。
[2026-02-22 02:26:26] 桐原直木: 来点终末地弹幕
[2026-02-22 02:26:26] 蜗牛蜗牛你快快走: 哦牛批，翻评论也叫开盒啊，还有这种开盒的
[2026-02-22 02:26:26] XCChieri: 陈千语回来吧，我好怕😭
[2026-02-22 02:26:26] 双标栽种廖兹刚: 哦牛批，翻评论也叫开盒啊，还有这种开盒的
[2026-02-22 02:26:27] LvvsiN: 弹幕也就网上说说，现实里谁不觉得樱姐是好女孩（删括号领一条远坂凛同款鸟笼）
[2026-02-22 02:26:27] 可恶冷漠: 小蜜蜂迷城就没怎么赢
[2026-02-22 02:26:27] 机长家的zjj: 哦牛批，翻评论也叫开盒啊，还有这种开盒的
[2026-02-22 02:26:27] 新团长: 怎么还有比狗还低一等的
[2026-02-22 02:26:27] 左颜And1: @布罗利Broli：你们这样网爆一个网上素人和电棍粉丝有什么区别？
[2026-02-22 02:26:27] 用户9921747043: 哦牛批，翻评论也叫开盒啊，还有这种开盒的
[2026-02-22 02:26:27] 最后之作146: @这里是小天啊：哦牛批还有这种养俩个月死士就让上战场的。。。
[2026-02-22 02:26:27] aowuwu1q: 吹op的看看这张地图叫啥吧……
[2026-02-22 02:26:28] 宫监手放监: @这里是小天啊：哦牛批还有这种养俩个月死士就让上战场的。。。
[2026-02-22 02:26:28] 淡然夏末的温存11: @布罗利Broli：你们这样网爆一个网上素人和电棍粉丝有什么区别？
[2026-02-22 02:26:28] 叶隐影啧: 玩乐队的姐姐们都到哪去了？现在的弹幕看得我好害怕😭
[2026-02-22 02:26:28] 橙黄双翼: 我可以随意人身攻击那因为我是冰粉，你要反击那你可要记得关私信了
[2026-02-22 02:26:28] 古堡12枪战神: @这里是小天啊：哦牛批还有这种养俩个月死士就让上战场的。。。
[2026-02-22 02:26:28] 默7775922: 哦牛批，翻评论也叫开盒啊，还有这种开盒的
[2026-02-22 02:26:28] 好兄弟玩机器马信: @布罗利Broli：你们这样网爆一个网上素人和电棍粉丝有什么区别？
[2026-02-22 02:26:29] 谦子卿: 玩乐队的姐姐们都到哪去了？现在的弹幕看得我好害怕😭
[2026-02-22 02:26:29] 礁石222: @这里是小天啊：哦牛批还有这种养俩个月死士就让上战场的。。。
[2026-02-22 02:26:29] viovvvvvvvon: @这里是小天啊：哦牛批还有这种养俩个月死士就让上战场的。。。
[2026-02-22 02:26:29] 雨的舟: 理性分析，收藏别人的烂梗以后发出来是不是也算开盒😱
[2026-02-22 02:26:29] ykls的爱情结晶: 哦牛批，翻评论也叫开盒啊，还有这种开盒的
[2026-02-22 02:26:29] Pioneer893: @这里是小天啊：哦牛批还有这种养俩个月死士就让上战场的。。。
[2026-02-22 02:26:30] 好哥们士兵76: wbfq
[2026-02-22 02:26:30] 小悠的海梓: @这里是小天啊：你们见过让孕妇上战场的吗...
[2026-02-22 02:26:30] 爆爆爆开爆: 布罗利这种人有芝麻大的权力就这么跳，有更大我不敢想......
[2026-02-22 02:26:30] Senzu的羊: 哦牛批，翻评论也叫开盒啊，还有这种开盒的
[2026-02-22 02:26:30] 企鹅物流安全屋: 世一米是世界第一可爱睦子米
[2026-02-22 02:26:31] 蜗牛蜗牛你快快走: 哦牛批，翻评论也叫开盒啊，还有这种开盒的
[2026-02-22 02:26:31] LvvsiN: 其实碗橱就是猪灵，你不拿黄金丢他他就不跟你说话
[2026-02-22 02:26:31] 六星近卫丰川祥子desuwa: 布罗利玩原神吗，加个好友
[2026-02-22 02:26:31] wjnbsl: 玩乐队的姐姐们都到哪去了？现在的弹幕看得我好害怕😭
[2026-02-22 02:26:31] 求你关了我: 就得学玩机器一样双标！这叫开盒吗？
[2026-02-22 02:26:31] 淡然夏末的温存11: @布罗利Broli：你们这样网爆一个网上素人和电棍粉丝有什么区别？
[2026-02-22 02:26:31] XiaoWai丶: 陈千语回来吧，我好怕😭
[2026-02-22 02:26:32] 叶隐影啧: 玩乐队的姐姐们都到哪去了？现在的弹幕看得我好害怕😭
[2026-02-22 02:26:32] fpx丶: @布罗利Broli：你们这样网爆一个网上素人和电棍粉丝有什么区别？
[2026-02-22 02:26:32] 用户3661578: 都在看apex呢
[2026-02-22 02:26:32] XCChieri: 银行业一样一样有有有也会有h'y'hui't'y'r's'c'dn
[2026-02-22 02:26:32] suicho: 理性分析，收藏别人的烂梗以后发出来是不是也算开盒😱
[2026-02-22 02:26:32] 鲜血与暗影铸造的家伙: 这不就是帮apex全死了
[2026-02-22 02:26:33] LvvsiN: 为什么房管封的不能给鱼丸……还以为今天晚上得吃了……
[2026-02-22 02:26:33] 专看玩机器的号: ✋停一下desuw@，全世界坠可爱的宝宝丰川祥子粗现desuw@ o（=·w〈=desuw@
[2026-02-22 02:26:33] 想和阿飞抹茶三披: 感觉九十年前汪经卫的心态也差不多…你不会真是旱监吧…😨
[2026-02-22 02:26:33] cornkiner: 理性分析，收藏别人的烂梗以后发出来是不是也算开盒😱
[2026-02-22 02:26:34] 吉吉的Niko本人: 数字布罗利和他的数字主人
数字布罗利和他的数字主人
[2026-02-22 02:26:34] 蜗牛蜗牛你快快走: 哦牛批，翻评论也叫开盒啊，还有这种开盒的
[2026-02-22 02:26:34] 鹅地霸霸: 真开盒了吗？原来真姓布名萝莉啊，看来是布什去萝莉岛留的种
[2026-02-22 02:26:34] duoduofeizhuzi: @zywoo：弹幕发载物⚠️常数时候也和对布罗利一样善心吗？。
[2026-02-22 02:26:34] 玩蛇鼠丶stabbi: @zywoo：弹幕发载物⚠️常数时候也和对布罗利一样善心吗？。
[2026-02-22 02:26:34] 琦琦z: 成吉思汗来了🐎🏹弓箭手，准备放箭🐎🏹 成吉思汗来了🐎🏹弓箭手，准备放箭🐎🏹
[2026-02-22 02:26:35] Kunwz: 其实布罗利的名字来自西兰花，被禁了我们还可以骂Broky
[2026-02-22 02:26:35] Crythic的羊宫妃那本人: 陈千语回来吧，我好怕😭
[2026-02-22 02:26:35] LvvsiN: 你屏蔽词都快赶上新华词典了为什么不干脆开一百级发言？
[2026-02-22 02:26:35] 杰斌候入长峪城: 　　　 @这里是小天啊：哦牛批还有这种养俩个月死士就让上战场的。。。
[2026-02-22 02:26:35] 叶隐影啧: 玩乐队的姐姐们都到哪去了？现在的弹幕看得我好害怕😭
[2026-02-22 02:26:35] RTX老干部G6X: 我来6657是来看弹幕各种颜色玩乐器的姐姐们的，现在她们人呢😭
[2026-02-22 02:26:35] 为宫士郎: @这里是小天啊：哦牛批还有这种养俩个月死士就让上战场的。。。
[2026-02-22 02:26:36] 鸭硕的哈撒给: @布罗利Broli（9级电棍粉丝牌）：你们这样网爆一个网上素人和电棍粉丝有什么区别？
[2026-02-22 02:26:36] Hissgle: @布罗利:玩大哥你做人真可以，当你的狗ya
[2026-02-22 02:26:36] 礁石222: 我可以随意人身攻击那因为我是冰粉，你要反击那你可要记得关私信了
[2026-02-22 02:26:36] MyGO的长期素食本人: @布罗利Broli：你们这样网爆一个网上素人和电棍粉丝有什么区别？
[2026-02-22 02:26:36] dev1ce现役女友丰川祥子: 哦牛批，翻评论也叫开盒啊，还有这种开盒的
[2026-02-22 02:26:36] XCChieri: 玩乐队的姐姐们都到哪去了？现在的弹幕看得我好害怕😭
[2026-02-22 02:26:36] 米米世界之神: 陈千语回来吧，我好怕😭
[2026-02-22 02:26:37] 纸漓: 　　　 哦牛批，翻评论也叫开盒啊，还有这种开盒的
[2026-02-22 02:26:37] Senzu的羊: @这里是小天啊：哦牛批还有这种养俩个月死士就让上战场的。。。
[2026-02-22 02:26:37] LvvsiN: 为什么房管封的不能给鱼丸……还以为今天晚上得吃了……
[2026-02-22 02:26:37] 好哥们林川: 就得学玩机器一样双标！这叫开盒吗？
[2026-02-22 02:26:38] 乐EE: @这里是小天啊：哦牛批还有这种养俩个月死士就让上战场的。。。
[2026-02-22 02:26:38] 小救星小杜DuD: @布罗利Broli：你们这样网爆一个网上素人和电棍粉丝有什么区别？
[2026-02-22 02:26:38] 叶隐影啧: 玩乐队的姐姐们都到哪去了？现在的弹幕看得我好害怕😭
[2026-02-22 02:26:38] 想和阿飞抹茶三披: 感觉九十年前汪经卫的心态也差不多…你不会真是旱监吧…😨
[2026-02-22 02:26:39] qboss799:  陈千语回来吧，我好怕😭
[2026-02-22 02:26:39] 我不是闪烁啊: 玩乐队的姐姐们都到哪去了？现在的弹幕看得我好害怕😭
[2026-02-22 02:26:39] mousepotato256: @这里是小天啊：哦牛批还有这种养俩个月死士就让上战场的。。。
[2026-02-22 02:26:39] 吉吉的Niko本人: 数字布罗利和他的数字主人
数字布罗利和他的数字主人
[2026-02-22 02:26:39] LvvsiN: 为什么房管封的不能给鱼丸……还以为今天晚上得吃了……
[2026-02-22 02:26:39] 乌鸦晒不黑: 我提醒一下：大伙已经一分钟没有攻击主包和房管了
[2026-02-22 02:26:39] 虚空丶卡丶比兽: 这不就是帮apex全死了
[2026-02-22 02:26:40] 能NMN: @这里是小天啊：哦牛批还有这种养俩个月死士就让上战场的。。。
[2026-02-22 02:26:40] bLuEsTAr31: @布罗利Broli：你们这样网爆一个网上素人和电棍粉丝有什么区别？
[2026-02-22 02:26:40] 暴力卓司: @布罗利21年5月，说的跟niko低simple一档一样 不管从荣誉还是数据 他俩都五五开好吧
[2026-02-22 02:26:40] 三角初华世界第一美: 银行业一样一样有有有也会有h'y'hui't'y'r's'c'dn
[2026-02-22 02:26:40] 带着奇艺GAN到魔域: 只有我一个小萌妹想知道远坂凛姐姐的鸟笼是什么吗...
[2026-02-22 02:26:41] 迷你世界丁真学姐1: @这里是小天啊：你们见过让孕妇上战场的吗...
[2026-02-22 02:26:41] WE丶繁梦: 玩乐队的姐姐们都到哪去了？现在的弹幕看得我好害怕😭
[2026-02-22 02:26:41] 黒塚青葉: 其实碗橱就是猪灵，你不拿黄金丢他他就不跟你说话
[2026-02-22 02:26:41] XCChieri: 玩乐队的姐姐们都到哪去了？现在的弹幕看得我好害怕😭
[2026-02-22 02:26:41] Mahuyu: @这里是小天啊：哦牛批还有这种养俩个月死士就让上战场的。。。
[2026-02-22 02:26:41] LvvsiN: 玩 出，我双倍呢？😡😡玩 出，我双倍呢？😡😡玩 出，我双倍呢？😡😡玩 出，我双倍呢？😡
[2026-02-22 02:26:41] 寻管鲍之交: 其实布罗利只是让特定的几个人说不了话，碗橱是让一群人说不了话
[2026-02-22 02:26:41] 叶隐影啧: 玩乐队的姐姐们都到哪去了？现在的弹幕看得我好害怕😭
[2026-02-22 02:26:42] Moe1e: @布罗利Broli：你们这样网爆一个网上素人和电棍粉丝有什么区别
[2026-02-22 02:26:42] 想舔刘大哥蜡烛: @这里是小天啊：哦牛批还有这种养俩个月死士就让上战场的。。。
[2026-02-22 02:26:42] 小爱同学学熊二说话: @这里是小天啊：哦牛批还有这种养俩个月死士就让上战场的。。。
[2026-02-22 02:26:42] 吉吉的Niko本人: 数字布罗利和他的数字主人
数字布罗利和他的数字主人
[2026-02-22 02:26:42] 杺毓: @这里是小天啊：哦牛批还有这种养俩个月死士就让上战场的。。。
[2026-02-22 02:26:43] racula: @布罗利Broli（9级电棍粉丝牌）：你们这样网爆一个网上素人和电棍粉丝有什么区别？
[2026-02-22 02:26:43] 越勾越搜越王勾践: 陈千语回来吧，我好怕😭
[2026-02-22 02:26:43] 玩小艾丶约修亚: 世一米是世界第一可爱睦子米
[2026-02-22 02:26:43] 另一个世界7: @这里是小天啊：哦牛批还有这种养俩个月死士就让上战场的。。。
[2026-02-22 02:26:43] MyGO的长期素食本人: @这里是小天啊：哦牛批还有这种养俩个月死士就让上战场的。。。
[2026-02-22 02:26:43] 想和阿飞抹茶三披: 感觉九十年前汪经卫的心态也差不多…你不会真是旱监吧…😨
[2026-02-22 02:26:43] LvvsiN: 额，拿亚军我都会，拿亚军，拿季军，拿四强，拿八强，拿十六强，呃拿冠军我不会，然后小组赛淘汰
[2026-02-22 02:26:43] Koutarou1010: 　　　 玩乐队的姐姐们都到哪去了？现在的弹幕看得我好害怕😭
[2026-02-22 02:26:43] 齐格哈尔德: 　　　 @这里是小天啊：哦牛批还有这种养俩个月死士就让上战场的。。。
[2026-02-22 02:26:44] 漩涡章鱼: 其实布罗利的名字来自西兰花，被禁了我们还可以骂Broky
[2026-02-22 02:26:44] 好姐妹常陆茉子: 我再说一遍，怕被封不喷跟你被封了没区别
[2026-02-22 02:26:44] XCChieri: 玩乐队的姐姐们都到哪去了？现在的弹幕看得我好害怕😭
[2026-02-22 02:26:44] 可回收辣鸡: 陈千语回来吧，我好怕😭
[2026-02-22 02:26:44] Justin036: 玩乐队的姐姐们都到哪去了？现在的弹幕看得我好害怕😭
[2026-02-22 02:26:44] 我730730730: @这里是小天啊：哦牛批还有这种养俩个月死士就让上战场的。。。
[2026-02-22 02:26:45] 唯爱初遇i: @这里是小天啊：哦牛批还有这种养俩个月死士就让上战场的。。。
[2026-02-22 02:26:45] 晓宇111: 玩 出，我双倍呢？😡😡玩 出，我双倍呢？😡😡玩 出，我双倍呢？😡😡玩 出，我双倍呢？😡
[2026-02-22 02:26:45] 叶隐影啧: 玩乐队的姐姐们都到哪去了？现在的弹幕看得我好害怕😭
[2026-02-22 02:26:45] 爱魚九千七:  陈千语回来吧，我好怕😭
[2026-02-22 02:26:45] 吉吉的Niko本人: 数字布罗利和他的数字主人
数字布罗利和他的数字主人
[2026-02-22 02:26:45] 云边有条小侏如: @布罗利Broli：你们这样网爆一个网上素人和电棍粉丝有什么区别
[2026-02-22 02:26:45] 解说玩机包: @这里是小天啊：哦牛批还有这种养俩个月死士就让上战场的。。。
[2026-02-22 02:26:46] 玩道歉丶44min: @这里是小天啊：哦牛批还有这种养俩个月死士就让上战场的。。。
[2026-02-22 02:26:46] 叫我老岑就好了呀: 我提醒一下：大伙已经一分钟没有攻击主包和房管了
[2026-02-22 02:26:46] 想和阿飞抹茶三披: 感觉九十年前汪经卫的心态也差不多…你不会真是旱监吧…😨
[2026-02-22 02:26:46] 月的小夜曲:  陈千语回来吧，我好怕😭
[2026-02-22 02:26:46] ZLG彪winner: 读弹幕玩÷！读弹幕玩÷！读弹幕玩÷！读弹幕玩÷！读弹幕玩÷！读弹幕玩÷！
[2026-02-22 02:26:47] 图帕雷松: @zywoo：弹幕发载物⚠️常数时候也和对布罗利一样善心吗？。
[2026-02-22 02:26:47] 我只是个npc12138: 不要啊 布罗利不要是肥美啊
[2026-02-22 02:26:47] 福山雅治水:  陈千语回来吧，我好怕😭
[2026-02-22 02:26:47] 用户91227835: @这里是小天啊：哦牛批还有这种养俩个月死士就让上战场的。。。
[2026-02-22 02:26:47] 驴驴宗宗买这冠军: @这里是小天啊：哦牛批还有这种养俩个月死士就让上战场的。。。
[2026-02-22 02:26:47] 好兄弟平湖家猪王: 哦牛批，牛批也叫牛批啊，还有这种牛批的
[2026-02-22 02:26:47] zbq93: 我提醒一下：大伙已经一分钟没有攻击主包和房管了
[2026-02-22 02:26:48] 这里的黎明躲猫猫: @这里是小天啊：哦牛批还有这种养俩个月死士就让上战场的。。。
[2026-02-22 02:26:48] 阡陌ER: 布罗利Broli 02月12日 我参与了投票📊最喜欢选手 我投给了“Zywoo”
[2026-02-22 02:26:48] 天守阁信长: @布罗利Broli：你们这样网爆一个网上素人和电棍粉丝有什么区别？
[2026-02-22 02:26:48] hxyvraf: @这里是小天啊：哦牛批还有这种养俩个月死士就让上战场的。。。
[2026-02-22 02:26:48] faze-stay-night的贞德本人: @这里是小天啊：哦牛批还有这种养俩个月死士就让上战场的。。。
[2026-02-22 02:26:48] 被贝拉拉: @布罗利：玩大哥，我也一波漏波波漏了
[2026-02-22 02:26:48] Altolier: 世一米是世界第一可爱睦子米
[2026-02-22 02:26:48] 叶隐影啧: 玩乐队的姐姐们都到哪去了？现在的弹幕看得我好害怕😭
[2026-02-22 02:26:49] 浮华9527: 很清楚的x光
[2026-02-22 02:26:49] 想和阿飞抹茶三披: 感觉九十年前汪经卫的心态也差不多…你不会真是旱监吧…😨
[2026-02-22 02:26:49] 萝伯丝比尔: 布罗利  父亲帕拉伽斯.niko
[2026-02-22 02:26:49] vp的Jame苯人:  陈千语回来吧，我好怕😭
[2026-02-22 02:26:49] 米米世界之神: 陈千语回来吧，我好怕😭
[2026-02-22 02:26:50] csgo小茄子: @解说伟伟:机器，你2024年7月26日直播看我出丑的时候，有没有想到自己会有这一天
[2026-02-22 02:26:50] yuuuuua7: 玩乐队的姐姐们都到哪去了？现在的弹幕看得我好害怕😭
[2026-02-22 02:26:50] 灵耀ii: 我可以随意人身攻击那因为我是冰粉，你要反击那你可要记得关私信了
[2026-02-22 02:26:50] kedadra: @这里是小天啊：哦牛批还有这种养俩个月死士就让上战场的。。。
[2026-02-22 02:26:50] 折戟沉沙Ks: 　　　 玩乐队的姐姐们都到哪去了？现在的弹幕看得我好害怕😭
[2026-02-22 02:26:50] Vitality的羽贺文乃本人: @这里是小天啊：哦牛批还有这种养俩个月死士就让上战场的。。。
[2026-02-22 02:26:51] 青灯映雪影:  陈千语回来吧，我好怕😭
[2026-02-22 02:26:51] XCChieri: @这里是小天啊：哦牛批还有这种养俩个月死士就让上战场的。。。
[2026-02-22 02:26:51] 山田凉来了: @这里是小天啊：哦牛批还有这种养俩个月死士就让上战场的。。。
[2026-02-22 02:26:51] LvvsiN: 我提一嘴这剧情越来越像上海major了
[2026-02-22 02:26:51] 草莓冰酪: @这里是小天啊：哦牛批还有这种养俩个月死士就让上战场的。。。
[2026-02-22 02:26:52] 好姐妹太卜司符玄: 我再说一遍，怕被封不喷跟你被封了没区别
[2026-02-22 02:26:52] 锤子带明星: 玩乐队的姐姐们都到哪去了？现在的弹幕看得我好害怕😭
[2026-02-22 02:26:52] 叶隐影啧: 玩乐队的姐姐们都到哪去了？现在的弹幕看得我好害怕😭
[2026-02-22 02:26:52] y666t666y666: 数字布罗利和他的数字主人 数字布罗利和他的数字主人
[2026-02-22 02:26:52] 想有心的机器人: 玩 出，我双倍呢？😡😡玩 出，我双倍呢？😡😡玩 出，我双倍呢？😡😡玩 出，我双倍呢？😡
[2026-02-22 02:26:53] 一二级没处理好: 这么长时间没看见原神id也叫开合？
[2026-02-22 02:26:53] 荒芜之气: 玩乐队的姐姐们都到哪去了？现在的弹幕看得我好害怕😭
[2026-02-22 02:26:53] 落泪改名含泪:     玩乐队的姐姐们都到哪去了？现在的弹幕看得我好害怕😭
[2026-02-22 02:26:53] qboss799: 世一米是世界第一可爱睦子米
[2026-02-22 02:26:53] 浮华9527:  陈千语回来吧，我好怕😭
[2026-02-22 02:26:53] 跳跃的司令官: @zywoo：弹幕发载物⚠️常数时候也和对布罗利一样善心吗？。
[2026-02-22 02:26:53] LvvsiN: 为什么房管封的不能给鱼丸……还以为今天晚上得吃了……
[2026-02-22 02:26:53] 爸爸你当: 玩乐队的姐姐们都到哪去了？现在的弹幕看得我好害怕😭
[2026-02-22 02:26:53] 高松的灯ll: @zywoo：弹幕发载物⚠️常数时候也和对布罗利一样善心吗？。
[2026-02-22 02:26:54] AiLuoLi1413: 我提醒一下：大伙已经一分钟没有攻击主包和房管了
[2026-02-22 02:26:54] 草莓冰酪: 我提醒一下：大伙已经一分钟没有攻击主包和房管了
[2026-02-22 02:26:54] 千百度897: @这里是小天啊：哦牛批还有这种养俩个月死士就让上战场的。。。
[2026-02-22 02:26:54] viovvvvvvvon:  @好姐妹常陆茉子：我再说一遍，怕被封不喷跟你被封了没区别
[2026-02-22 02:26:54] 变成allin守护素食小姐: 还敢驱逐二次元吗😤，没有了二次元的熏陶弹幕立马就变得恶臭不堪😱，是二次元拯救了这个直播间🤗
[2026-02-22 02:26:54] 灵耀ii: @这里是小天啊：哦牛批还有这种养俩个月死士就让上战场的。。。
[2026-02-22 02:26:55] 阿瓦伊莉雅: 我有点忘记这个人做了什么事了 能不能给我科普一下
[2026-02-22 02:26:55] Odike: @玩机器：布罗利，这波我只能卖到底了。。。
[2026-02-22 02:26:55] 长崎素世的本人: 我提醒一下：大伙已经一分钟没有攻击主包和房管了
[2026-02-22 02:26:55] 梓川咲太368: @布罗利：玩大哥，我也一波漏波波漏了
[2026-02-22 02:26:55] LvvsiN: 我提一嘴这剧情越来越像上海major了
[2026-02-22 02:26:56] 巅峰A队魔男:  陈千语回来吧，我好怕😭
[2026-02-22 02:26:56] 叶隐影啧: 玩乐队的姐姐们都到哪去了？现在的弹幕看得我好害怕😭
[2026-02-22 02:26:56] 結城希亞: 数字布罗利和他的数字主人 数字布罗利和他的数字主人
[2026-02-22 02:26:56] 终末地干员陈千语: 陈千语回来吧，我好怕😭
[2026-02-22 02:26:56] 草莓冰酪: 我提一嘴这剧情越来越像上海major了
[2026-02-22 02:26:56] 最后之作146: @zywoo：弹幕发载物⚠️常数时候也和对布罗利一样善心吗？。
[2026-02-22 02:26:56] csgo小茄子: @解说伟伟:机器，你2024年7月26日直播看我出丑的时候，有没有想到自己会有这一天
[2026-02-22 02:26:56] Ausliedy: @这里是小天啊：哦牛批还有这种养俩个月死士就让上战场的。。。
[2026-02-22 02:26:57] 永远爱玩宝宝: @这里是小天啊：哦牛批还有这种养俩个月死士就让上战场的。。。
[2026-02-22 02:26:57] 专看玩机器的号: 世一米是世界第一可爱睦子米
[2026-02-22 02:26:57] 巅峰社丶西门吹雪: 玩 出，我双倍呢？😡😡玩 出，我双倍呢？😡😡玩 出，我双倍呢？😡😡玩 出，我双倍呢？😡
[2026-02-22 02:26:57] 这是在搞什么: 玩乐队的姐姐们都到哪去了？现在的弹幕看得我好害怕😭
[2026-02-22 02:26:57] 玩弓箭、Arrow: @这里是小天啊：哦牛批还有这种养俩个月死士就让上战场的。。。
[2026-02-22 02:26:57] LvvsiN: 就tm喜欢银行业🥰银行坏账我喜欢🥰银行挤兑我还喜欢😍利率调低我也喜欢🤤老子亲烂银行业的脸😘
[2026-02-22 02:26:58] 摆63189: 玩乐队的姐姐们都到哪去了？现在的弹幕看得我好害怕😭
[2026-02-22 02:26:58] cornkiner: @小天酱丶：哦牛批还有这种养俩个月死士就让上战场的。。。
[2026-02-22 02:26:58] 大姜饼: 这里是小天啊：哦牛批还有这种养俩个月死士就让上战场的。。。
[2026-02-22 02:26:58] 我不是闪烁啊: 玩乐队的姐姐们都到哪去了？现在的弹幕看得我好害怕😭
[2026-02-22 02:26:58] viovvvvvvvon:  @想和阿飞抹茶三披：感觉九十年前汪经卫的心态也差不多…你不会真是旱监吧…😨
[2026-02-22 02:26:58] triangle233: @布罗利：玩大哥，我也一波漏波波漏了
[2026-02-22 02:26:58] 牢大牢三major冠军: 玩乐队的姐姐们都到哪去了？现在的弹幕看得我好害怕😭
[2026-02-22 02:26:59] Crythic的羊宫妃那本人: 玩乐队的姐姐们都到哪去了？现在的弹幕看得我好害怕😭
[2026-02-22 02:26:59] 米米世界之神: @这里是小天啊：哦牛批还有这种养俩个月死士就让上战场的。。。
[2026-02-22 02:26:59] 本质软糯Sakiko: @这里是小天啊：哦牛批还有这种养俩个月死士就让上战场的。。。
[2026-02-22 02:26:59] 小救星小杜DuD: @zywoo：弹幕发载物⚠️常数时候也和对布罗利一样善心吗？。
[2026-02-22 02:26:59] loverboy888: 玩乐队的姐姐们都到哪去了？现在的弹幕看得我好害怕😭
[2026-02-22 02:26:59] AfKCola: 玩乐队的姐姐们都到哪去了？现在的弹幕看得我好害怕😭
[2026-02-22 02:27:00] 玩机器爱吃大分: @布罗利：玩大哥，我也一波漏波波漏了
[2026-02-22 02:27:00] 叶隐影啧: 玩乐队的姐姐们都到哪去了？现在的弹幕看得我好害怕😭
[2026-02-22 02:27:00] 白金燐子本人: 玩乐队的姐姐们都到哪去了？现在的弹幕看得我好害怕😭
[2026-02-22 02:27:00] 礁石222: 我提一嘴这剧情越来越像上海major了
[2026-02-22 02:27:00] 驴驴宗宗买这冠军: 陈千语回来吧，我好怕😭
[2026-02-22 02:27:00] 吃五顿: 玩乐队的姐姐们都到哪去了？现在的弹幕看得我好害怕😭
[2026-02-22 02:27:01] 錦笙: @这里是小天啊：哦牛批还有这种养俩个月死士就让上战场的。。。
[2026-02-22 02:27:01] 太行山积雪: @布罗利Broli：你们这样网爆一个网上素人和电棍粉丝有什么区别？
[2026-02-22 02:27:01] csgo小茄子: @解说伟伟:机器，你2024年7月26日直播看我出丑的时候，有没有想到自己会有这一天
[2026-02-22 02:27:01] 偷鸡蛋的玩机器本人o: 玩乐队的姐姐们都到哪去了？现在的弹幕看得我好害怕😭
[2026-02-22 02:27:01] LvvsiN: 就tm喜欢银行业🥰银行坏账我喜欢🥰银行挤兑我还喜欢😍利率调低我也喜欢🤤老子亲烂银行业的脸😘
[2026-02-22 02:27:01] Crythic的羊宫妃那本人: 世一米是世界第一可爱睦子米
[2026-02-22 02:27:01] 王佰柒柒: @解说伟伟:机器，你2024年7月26日直播看我出丑的时候，有没有想到自己会有这一天
[2026-02-22 02:27:02] 所以我又晕了: @这里是小天啊：哦牛批还有这种养俩个月死士就让上战场的。。。
[2026-02-22 02:27:02] kagami23: 原神id还叫开合呢
[2026-02-22 02:27:02] 贝拉K1rA: 玩乐队的姐姐们都到哪去了？现在的弹幕看得我好害怕😭
[2026-02-22 02:27:02] 千早爱音的咕咕嘎嘎: 陈千语回来吧，我好怕😭
[2026-02-22 02:27:03] 玩机器厦面鄙骰大: 玩乐队的姐姐们都到哪去了？现在的弹幕看得我好害怕😭
[2026-02-22 02:27:03] 杺毓: 我有点忘记这个人做了什么事了 能不能给我科普一下
[2026-02-22 02:27:03] 叫我老岑就好了呀: @解说伟伟:机器，你2024年7月26日直播看我出丑的时候，有没有想到自己会有这一天
[2026-02-22 02:27:03] AfKCola: 还敢驱逐二次元吗😤，没有了二次元的熏陶弹幕立马就变得恶臭不堪😱，是二次元拯救了这个直播间🤗
[2026-02-22 02:27:03] 单推折纸11年: @这里是小天啊：哦牛批还有这种养俩个月死士就让上战场的。。。
[2026-02-22 02:27:03] 解说玩机包: 玩乐队的姐姐们都到哪去了？现在的弹幕看得我好害怕😭
[2026-02-22 02:27:04] LvvsiN: 为什么房管封的不能给鱼丸……还以为今天晚上得吃了……
[2026-02-22 02:27:04] 偶像情酱: 世一米是世界第一可爱睦子米
[2026-02-22 02:27:04] 叶隐影啧: 玩乐队的姐姐们都到哪去了？现在的弹幕看得我好害怕😭
[2026-02-22 02:27:04] Yuki111: 玩乐队的姐姐们都到哪去了？现在的弹幕看得我好害怕😭
[2026-02-22 02:27:04] Vitality的羽贺文乃本人: 玩乐队的姐姐们都到哪去了？现在的弹幕看得我好害怕😭
[2026-02-22 02:27:05] 用户4933290078: 玩乐队的姐姐们都到哪去了？现在的弹幕看得我好害怕😭
[2026-02-22 02:27:05] gggaligeigei: 数字布罗利和他的数字主人 数字布罗利和他的数字主人
[2026-02-22 02:27:05] 柚柚子Yuyuko: 玩乐队的姐姐们都到哪去了？现在的弹幕看得我好害怕😭
[2026-02-22 02:27:05] 四凉闻花: 玩乐队的姐姐们都到哪去了？现在的弹幕看得我好害怕😭
[2026-02-22 02:27:05] 77一定会是我的: @斧乃木：草！早知道多忍两年了
[2026-02-22 02:27:05] 牛顿哪位: 世一米是世界第一可爱睦子米
[2026-02-22 02:27:05] MyGo的tomorin本人: @好姐妹常陆茉子：我再说一遍，怕被封不喷跟你被封了没区别
[2026-02-22 02:27:06] LvvsiN: 你屏蔽词都快赶上新华词典了为什么不干脆开一百级发言？
[2026-02-22 02:27:06] 剩枪游侠任已嘘: 玩乐队的姐姐们都到哪去了？现在的弹幕看得我好害怕😭
[2026-02-22 02:27:06] Jess2: @zywoo：弹幕发载物⚠️常数时候也和对布罗利一样善心吗？。
[2026-02-22 02:27:06] GCXIA: 玩乐队的姐姐们都到哪去了？现在的弹幕看得我好害怕😭
[2026-02-22 02:27:06] 橘殃丶丶: @小天酱丶：哦牛批还有这种养俩个月死士就让上战场的。。。
[2026-02-22 02:27:06] 长崎素世的本人:  @好姐妹常陆茉子：我再说一遍，怕被封不喷跟你被封了没区别
[2026-02-22 02:27:06] csgo小茄子: @解说伟伟:机器，你2024年7月26日直播看我出丑的时候，有没有想到自己会有这一天
[2026-02-22 02:27:06] 仲夏677: 玩乐队的姐姐们都到哪去了？现在的弹幕看得我好害怕😭
[2026-02-22 02:27:06] DOLLARS游马崎沃克本人: 世一米是世界第一可爱睦子米
[2026-02-22 02:27:06] 下北沢涼桑: 玩月读的姐姐们都到哪去了？现在的弹幕看得我好害怕😭
[2026-02-22 02:27:06] 奥拉夫的蛋炒饭: @解说伟伟:机器，你2024年7月26日直播看我出丑的时候，有没有想到自己会有这一天
[2026-02-22 02:27:06] 熙雯子东: 玩乐队的姐姐们都到哪去了？现在的弹幕看得我好害怕😭
[2026-02-22 02:27:07] sfhahjfn: 陈千语回来吧，我好怕😭
[2026-02-22 02:27:07] betterToWait丶xzs: 玩乐队的姐姐们都到哪去了？现在的弹幕看得我好害怕😭
[2026-02-22 02:27:07] viovvvvvvvon:  @Crythic的羊宫妃那本人：世一米是世界第一可爱睦子米
[2026-02-22 02:27:07] ppqi七亚七: @这里是小天啊：哦牛批还有这种养俩个月死士就让上战场的。。。
[2026-02-22 02:27:08] 叶隐影啧: 玩乐队的姐姐们都到哪去了？现在的弹幕看得我好害怕😭
[2026-02-22 02:27:08] 林有为丶: 陈千语回来吧，我好怕😭
[2026-02-22 02:27:09] 飞翔屎一样: 世一米是世界第一可爱睦子米
[2026-02-22 02:27:09] ZLG彪winner: 读弹幕玩÷！读弹幕玩÷！读弹幕玩÷！读弹幕玩÷！读弹幕玩÷！读弹幕玩÷！
[2026-02-22 02:27:09] 李小小与虾大大: 两个月吗，感觉布罗利已经被藏了3年了
[2026-02-22 02:27:10] LvvsiN: 南孚一节更比六节强，也就是一节南孚比六节南孚强，六节南孚比三十六节强，三十六节比二百一十六节强
[2026-02-22 02:27:10] 竹九喵: 　　　 玩乐队的姐姐们都到哪去了？现在的弹幕看得我好害怕😭
[2026-02-22 02:27:10] 我没有解药阿: ？
[2026-02-22 02:27:10] Altolier: 世一米是世界第一可爱睦子米
[2026-02-22 02:27:10] 幽谷响子: 　　　 玩乐队的姐姐们都到哪去了？现在的弹幕看得我好害怕😭
[2026-02-22 02:27:11] 福山雅治水: 怀念最好的五人组：爱弥斯（已下放），弗洛洛（已下沉），今汐（已德州），卡提希娅（已登山），千咲（已h
[2026-02-22 02:27:11] z泽村英梨梨i: 这里是小天啊：哦牛批还有这种养俩个月死士就让上战场的。。。
[2026-02-22 02:27:12] 我只看人机局: 玩乐队的大姐姐们都去哪了😭😭😭
[2026-02-22 02:27:12] LvvsiN: 银行业😄银行业😀银行业😃银行业😁银行业😆银行业🤪银行业😝
[2026-02-22 02:27:12] 米米世界之神: @斧乃木：草！早知道多忍两年了
[2026-02-22 02:27:12] 我木JJ怕个锤子: @zywoo：弹幕发载物⚠️常数时候也和对布罗利一样善心吗？。
[2026-02-22 02:27:12] csgo小茄子: @解说伟伟:机器，你2024年7月26日直播看我出丑的时候，有没有想到自己会有这一天
[2026-02-22 02:27:12] 用户0083645032: 玩乐队的姐姐们都到哪去了？现在的弹幕看得我好害怕😭
[2026-02-22 02:27:13] 岚东: 不容易啊，家里墙皮都开裂了也要给这头猪爆大米
[2026-02-22 02:27:13] 南小鸡丶advent: @解说伟伟:机器，你2024年7月26日直播看我出丑的时候，有没有想到自己会有这一天
[2026-02-22 02:27:13] fit606: 毕竟世一米，还是权威的
[2026-02-22 02:27:14] MataXian: 玩机器：布罗利这波我们做一个一躲一送，感觉这波得卖到底了啊....
[2026-02-22 02:27:14] LvvsiN: 你为什么要把mαjor禁了，我收藏的一半弹幕全毁了
[2026-02-22 02:27:14] 波浪时光: 世一米不是米哈游
[2026-02-22 02:27:15] 冬瓜不在家偷偷玩机器: 1份30进VIP了
[2026-02-22 02:27:15] CS解说丰川祥子: 布罗利：继承玩父意志，怎能困守不前！我布÷只进不退！
[2026-02-22 02:27:15] 下北沢涼桑: 玩月读的姐姐们都到哪去了？现在的弹幕看得我好害怕😭
[2026-02-22 02:27:16] Killajoy: p3
[2026-02-22 02:27:16] 阿羞羞i: 玩乐队的大姐姐们都去哪了😭😭😭
[2026-02-22 02:27:16] LvvsiN: 其实碗橱就是猪灵，你不拿黄金丢他他就不跟你说话
[2026-02-22 02:27:16] Canlynn鹙: 陈千语回来吧，我好怕😭
[2026-02-22 02:27:16] 想有心的机器人: 就tm喜欢玩宝宝🥰停播登山我也喜欢🥰开等级限制我也喜欢😍浴霸训粉我还喜欢🤤老子亲烂玩宝猪头肉
[2026-02-22 02:27:16] 五子棋oo: 我是房管他是什么，他那么能＋1就让他＋呗
[2026-02-22 02:27:17] 迷你世界丁真学姐1: p3
[2026-02-22 02:27:17] csgo小茄子: @解说伟伟:机器，你2024年7月26日直播看我出丑的时候，有没有想到自己会有这一天
[2026-02-22 02:27:17] RTX老干部G6X: 玩乐队的姐姐们都到哪去了？现在的弹幕看得我好害怕😭
[2026-02-22 02:27:17] 薛定谔的萝莉喵: p3
[2026-02-22 02:27:17] EliGUI: 玩乐队的姐姐们都到哪去了？现在的弹幕看得我好害怕😭
[2026-02-22 02:27:17] 叶隐影啧: 玩乐队的姐姐们都到哪去了？现在的弹幕看得我好害怕😭
[2026-02-22 02:27:18] LvvsiN: 玩宝宝，我发现在大学上学的时候肄业会很舒服，你可以试试
[2026-02-22 02:27:18] 固固固固固: 还在玩乐队，玩哥评论区最爆的就是带乐队牌子的
[2026-02-22 02:27:18] G2的device本人: fw
[2026-02-22 02:27:18] 好姐妹常陆茉子: 掉皮掉肉不掉队😡掉皮掉肉不掉队😡掉皮掉肉不掉队😡掉皮掉肉不掉队😡掉皮掉肉不掉队😡
[2026-02-22 02:27:18] 九九組的愛城華恋本人: @布罗利Broli：2024／2／8 22:25:52 儒子儒孙跪下！desuw@
[2026-02-22 02:27:18] 玩玩今天吃什么: fw
[2026-02-22 02:27:18] MataXian: 玩机器：布罗利这波我们做一个一躲一送，感觉这波得卖到底了啊....
[2026-02-22 02:27:18] 清风浮过丶: @斧乃木：草！早知道多忍两年了
[2026-02-22 02:27:18] 无伟契约: fw
[2026-02-22 02:27:18] 礁石222: fw
[2026-02-22 02:27:19] 屌閪鳩撚柒: 兵败如山倒
[2026-02-22 02:27:19] 本来很爱笑: 优美
[2026-02-22 02:27:19] 泪水的冷冽: 优美cs
[2026-02-22 02:27:20] dark1337: p3
[2026-02-22 02:27:20] LvvsiN: 我提一嘴这剧情越来越像上海major了
[2026-02-22 02:27:20] Banggeul: 处刑😆处刑🤣处刑😄处刑😅处刑😋处刑🤪处刑😝处刑🤗处刑🤭
[2026-02-22 02:27:20] 何先抑: fw
[2026-02-22 02:27:20] 迪奥雷: p3把送
[2026-02-22 02:27:20] 可苦可乐GRA: 世一米！
[2026-02-22 02:27:20] 冰夜雨樱:  @Crythic的羊宫妃那本人：世一米是世界第一可爱睦子米
[2026-02-22 02:27:20] duoduofeizhuzi: fw
[2026-02-22 02:27:20] 智慧之主布耶尔: 弹幕串串niko得了，串玩大哥可是真会被全站封禁的😂弹幕串串niko得了，串玩大哥可是真会被全站封
[2026-02-22 02:27:21] 大家要幸福呀: 玩机器：布罗利这波我们做一个一躲一送，感觉这波得卖到底了啊....
[2026-02-22 02:27:21] 丶丶Ken丶丶: p3
[2026-02-22 02:27:21] 左手不会再胡来: 牛的~
[2026-02-22 02:27:21] 玩机器厦面鄙骰大: fw
[2026-02-22 02:27:22] 潇洒大概: 兵败如山倒吗
[2026-02-22 02:27:22] 中奖我是大沙雕: 烂完了
[2026-02-22 02:27:22] LvvsiN: 你为什么要把mαjor禁了，我收藏的一半弹幕全毁了
[2026-02-22 02:27:22] 蓝x釉: 优美
[2026-02-22 02:27:22] 五子棋oo: 我是房管他是什么，他那么能＋1就让他＋呗
[2026-02-22 02:27:22] 热情难止荒诞: 兵败如山倒
[2026-02-22 02:27:22] 穿甲狗: p3
[2026-02-22 02:27:22] 来挖掘: 帅抓
[2026-02-22 02:27:22] Odike: @阿雨：布罗利你安心去吧，玩大哥保你安度晚年
[2026-02-22 02:27:23] csgo小茄子: @解说伟伟:机器，你2024年7月26日直播看我出丑的时候，有没有想到自己会有这一天
[2026-02-22 02:27:23] loverboy888: 兵败如山倒
[2026-02-22 02:27:23] 霜雪鱼龙: 就tm喜欢玩宝宝🥰停播登山我也喜欢🥰开等级限制我也喜欢😍浴霸训粉我还喜欢🤤老子亲烂玩宝猪头肉
[2026-02-22 02:27:23] 本来很爱笑: 优美CS
[2026-02-22 02:27:23] 正经猪头肉: fw
[2026-02-22 02:27:23] ppqi七亚七: 玩乐队的大姐姐们都去哪了😭😭😭
[2026-02-22 02:27:23] Art3miss: @斧乃木：草！早知道多忍两年了
[2026-02-22 02:27:23] 千百度897: 兵败如山倒
[2026-02-22 02:27:24] 菅原小吉: 神队
[2026-02-22 02:27:24] MissxLeft: ？
[2026-02-22 02:27:24] 秋茶小雪: 兵败如山倒
[2026-02-22 02:27:24] 梦鸡的累吧: p3把送
[2026-02-22 02:27:26] 企鹅物流安全屋: 这么爆啊
[2026-02-22 02:27:28] 河马爬爬爬:  @我是小天丶：哦牛批还有这种养俩个月死士就让上战场的。。。
[2026-02-22 02:27:28] 李神神神神: 玩乐队的大姐姐们都去哪了😭😭😭
[2026-02-22 02:27:28] 来自欧派星球: vip推土机
[2026-02-22 02:27:28] 果汁就是juice: 　　　 弹幕串串niko得了，串玩大哥可是真会被全站封禁的😂弹幕串串niko得了，串玩大哥可是真会
[2026-02-22 02:27:28] 玩机器厦面鄙骰大: 处刑··
[2026-02-22 02:27:28] Ecifircas: fw
[2026-02-22 02:27:28] 哥本哈根大巨蜥: 兵败如山倒了
[2026-02-22 02:27:28] 解说玩机包: 兵败如山倒
[2026-02-22 02:27:28] Laila丶丶: 兵败如山倒
[2026-02-22 02:27:28] MasterChiefOvO: 处刑
[2026-02-22 02:27:28] eda778: fw
[2026-02-22 02:27:28] 好姐妹倉田真白: 玩乐队的大姐姐们都去哪了😭😭😭
[2026-02-22 02:27:28] Ausliedy: 兵败如山倒
[2026-02-22 02:27:28] 一不小心丶就丶: 处刑😆处刑🤣处刑😄处刑😅处刑😋处刑🤪处刑😝处刑🤗处刑🤭
[2026-02-22 02:27:28] 左手不会再胡来: 铁骑 冲起来了
[2026-02-22 02:27:28] 好好的吧不错: 就tm喜欢玩宝宝🥰停播登山我也喜欢🥰开等级限制我也喜欢😍浴霸训粉我还喜欢🤤老子亲烂玩宝猪头肉
[2026-02-22 02:27:28] 阿羞羞i: 优美CS
[2026-02-22 02:27:28] 热心好邻居: 兵败如山倒
[2026-02-22 02:27:28] 双髻鲨属的東雪蓮一头: 蒙古铁骑回来了！
[2026-02-22 02:27:28] 机器的亲爹Dupreeh本人: @斧乃木：草！早知道多忍两年了
[2026-02-22 02:27:28] 橘殃丶丶: p3
[2026-02-22 02:27:28] zack吖: 优美cs
[2026-02-22 02:27:29] 用户6335927614: 玩乐队的大姐姐们都去哪了😭😭😭
[2026-02-22 02:27:29] 二爷喝啤酒: 玩乐队的大姐姐们都去哪了😭😭😭
[2026-02-22 02:27:29] 晨心LansGa: 优美CS
[2026-02-22 02:27:29] 感谢感谢感谢这个比: ？？？？
[2026-02-22 02:27:29] 千寻XB: 兵败如山倒
[2026-02-22 02:27:29] 我没P眼123: 直接融化
[2026-02-22 02:27:29] 忘記悲傷的方法: 兵败如山倒
[2026-02-22 02:27:29] 可苦可乐GRA: 世一米！世一米！世一米！世一米！世一米！世一米！世一米！世一米！世一米！世一米！世一米！世一米！世一
[2026-02-22 02:27:29] MahiruO: 兵败如山倒
[2026-02-22 02:27:30] 暴力蒜头王八: 这联动太帅了
[2026-02-22 02:27:30] 梅林老公: p3
[2026-02-22 02:27:30] 忒斯特賊賊的披肩: 摧枯拉朽
[2026-02-22 02:27:30] tongguqier: 玩乐队的姐姐们都到哪去了？现在的弹幕看得我好害怕😭
[2026-02-22 02:27:30] 时光不改旧人心: 杀疯了
[2026-02-22 02:27:30] 漩涡章鱼: 世一米就是世界第一可爱睦子米
[2026-02-22 02:27:30] 吉吉的Niko本人: 数字布罗利和他的数字主人
数字布罗利和他的数字主人
[2026-02-22 02:27:30] 好的好的阖家: 冷知识：给你房管叠洗并不会获得他库里的黑蛋
[2026-02-22 02:27:30] 琦琦z: 成吉思汗来了🐎🏹弓箭手，准备放箭🐎🏹 成吉思汗来了🐎🏹弓箭手，准备放箭🐎🏹
[2026-02-22 02:27:30] 神奥联盟的竹兰本人: @斧乃木：草！早知道多忍两年了
[2026-02-22 02:27:31] 叫我老岑就好了呀: @解说伟伟:机器，你2024年7月26日直播看我出丑的时候，有没有想到自己会有这一天
[2026-02-22 02:27:31] 听说改名能中奖是八: fw
[2026-02-22 02:27:31] Ch1Sa-: 优美
[2026-02-22 02:27:31] 東雪蓮復活賽必秒丁真: 兵败如山倒了
[2026-02-22 02:27:31] 应感激忠心的伴侣: fw
[2026-02-22 02:27:31] 福山雅治水: 今天要讲的故事是🤔……正义的骑士🤗大战邪恶的鸣式😡！诶……嘿嘿……啊……哈……啊喔😭！骑士卡
[2026-02-22 02:27:31] 可苦可乐GRA: 世一米！世一米！世一米！世一米！世一米！世一米！世一米！世一米！世一米！世一米！世一米！世一米！世一
[2026-02-22 02:27:31] 求奶朋友不能恢复健康: 兵败如山倒
[2026-02-22 02:27:31] xjdnshxjdka: 玩乐队的姐姐们都到哪去了？现在的弹幕看得我好害怕😭
[2026-02-22 02:27:31] Wi1en: 车主 有点搞啊
[2026-02-22 02:27:31] csgo小茄子: @解说伟伟:机器，你2024年7月26日直播看我出丑的时候，有没有想到自己会有这一天
[2026-02-22 02:27:31] 子牛旅馆: 兵败如山倒
[2026-02-22 02:27:32] 石家庄的刘亦博本人: 烂完了
[2026-02-22 02:27:32] 杰斌候入长峪城: 　　　 弹幕串串niko得了，串玩大哥可是真会被全站封禁的😂弹幕串串niko得了，串玩大哥可是真会
[2026-02-22 02:27:32] 来挖掘: 太优美了
[2026-02-22 02:27:32] 科比劳大爱肘击: 世一米
[2026-02-22 02:27:32] 旧人269: 蒙古铁骑
[2026-02-22 02:27:32] Kli0s: 瞬间推完
[2026-02-22 02:27:33] 玩机器厦面鄙骰大: FW，处刑，P3
[2026-02-22 02:27:33] 暴力卓司: @解说伟伟:机器，你2024年7月26日直播看我出丑的时候，有没有想到自己会有这一天
[2026-02-22 02:27:33] 好姐妹小草莓: @这里是小天啊：弹幕别搞啊，我还没吃多久玩大哥的饭呢，我不想似😭
[2026-02-22 02:27:33] Tomomo、: 玩乐队的姐姐们都到哪去了？现在的弹幕看得我好害怕😭
[2026-02-22 02:27:34] 和泉纱雾w: 玩乐队的大姐姐们都去哪了😭😭😭
[2026-02-22 02:27:34] 凯哥的学生党小迷弟: 流畅  优美
[2026-02-22 02:27:34] 膜能稽甲: 陈千雨和汤汤被淘汰了
[2026-02-22 02:27:34] 别问我是谁10086: 兵败如山倒
[2026-02-22 02:27:34] 正经猪头肉: 爆
[2026-02-22 02:27:35] 吉吉的Niko本人: 数字布罗利和他的数字主人
数字布罗利和他的数字主人
[2026-02-22 02:27:35] 葬送的芙蓉王: 漏完了
[2026-02-22 02:27:35] 抓住肉肉啃: p3玩不玩
[2026-02-22 02:27:35] 谁会想要左后卫球衣呢: ropz在玩什么啊
[2026-02-22 02:27:35] csgo小茄子: @解说伟伟:机器，你2024年7月26日直播看我出丑的时候，有没有想到自己会有这一天
[2026-02-22 02:27:35] Noria丶: 兵败如山倒
[2026-02-22 02:27:36] 845丶小狐狸疑惑: 兵败如山倒了
[2026-02-22 02:27:36] LvvsiN: 南孚一节更比六节强，也就是一节南孚比六节南孚强，六节南孚比三十六节强，三十六节比二百一十六节强
[2026-02-22 02:27:39] 帅帅的翅膀为你翱翔: 世一米
[2026-02-22 02:27:40] KuRoro1: P3
[2026-02-22 02:27:40] 洛陽城里看落陽: P3玩不玩
[2026-02-22 02:27:40] 我也是加把劲骑士: 玩乐队的大姐姐们都去哪了😭😭😭
[2026-02-22 02:27:40] 晓月_迷霜: 到底谁是世一米！
[2026-02-22 02:27:40] 保持冷静helhao: 兵败如山倒
[2026-02-22 02:27:40] uzi家的喷水龙: 你们在怎么骂玩机器也没用，作为一个加拿大中国通他只会为加拿大而愤怒的。。。
[2026-02-22 02:27:40] 想有心的机器人: 玩机器🐖真tm可爱😍，老子亲烂你的脸😚我真tm喜欢🥰，老子亲烂你的脸🤤嘬嘬啵啊😘
[2026-02-22 02:27:40] 糖尿病少恰甜的: 你们这样网爆一个网上素人和电棍粉丝有什么区别？
[2026-02-22 02:27:40] 暴力蒜头王八: 太优美了
[2026-02-22 02:27:40] Justin036: p3不玩滚去猎鹰
[2026-02-22 02:27:40] 千百度897: 这p3是人们
[2026-02-22 02:27:40] 哈士奇你在哪: 一个人丢一半的分
[2026-02-22 02:27:40] 红烧月饼炒蛋: 车出
[2026-02-22 02:27:40] 清风浮过丶: ？
[2026-02-22 02:27:40] Aenusae: ropz怎么回事的？
[2026-02-22 02:27:40] Vercreek: 玩乐队的姐姐们都到哪去了？现在的弹幕看得我好害怕😭
[2026-02-22 02:27:40] 初心在吗: please 
[2026-02-22 02:27:40] 驴驴宗宗买这冠军: 蒙古铁骑
[2026-02-22 02:27:40] Bob小熊君: P3烂完了
[2026-02-22 02:27:40] 秋茶小雪: 少人？
[2026-02-22 02:27:40] 驴友到此一游: 优美
[2026-02-22 02:27:40] 黑白玄鸟: P3
[2026-02-22 02:27:40] 漩涡章鱼: 世一米就是世界第一可爱睦子米
[2026-02-22 02:27:40] 445440: 一个人丢两分p3
[2026-02-22 02:27:40] 白鵉鳶OriGami: 主播想笑就笑吧，别装难受
[2026-02-22 02:27:40] 清野凛ovo: 真吊啊
[2026-02-22 02:27:40] KRU的Less本人: 少了个p3
[2026-02-22 02:27:40] betterToWait丶xzs: 爆
[2026-02-22 02:27:40] 12312312312dfsdfs: 我发现niko和原神一样，都是国内猛黑，老外猛夸🙄
[2026-02-22 02:27:40] LvvsiN: 我让你开双倍你二龙吗？老子荧光棒要过期了
[2026-02-22 02:27:40] 人活着就是为了玩乐队: p3玩不玩
[2026-02-22 02:27:40] 卡其反: 玩乐队的大姐姐们都去哪了😭😭😭
[2026-02-22 02:27:40] ZLG彪winner: 读弹幕玩÷！读弹幕玩÷！读弹幕玩÷！读弹幕玩÷！读弹幕玩÷！读弹幕玩÷！
[2026-02-22 02:27:40] 端州余文樂: 懂你意思
[2026-02-22 02:27:40] 玩机器的乃个会刘能: 优美
[2026-02-22 02:27:40] 五子棋oo: 我是房管他是什么，他那么能＋1就让他＋呗
[2026-02-22 02:27:41] MSK枫: 载大哥回头a没活人了
[2026-02-22 02:27:41] 呆妹儿的姑父: @玩机器：小天，布罗利要顶不住了，养了你这么久，该你回报的时候了。。。
[2026-02-22 02:27:42] 康托尔74920:  @洛陽城里看落陽：P3玩不玩
[2026-02-22 02:27:42] 古堡12枪战神: 爆
[2026-02-22 02:27:42] 光速神授说Aegleseeker: 井芹仁菜🥰河原木桃香🥰安和昴 🥰RUPA🥰海老冢智🥰玩机器🤮
[2026-02-22 02:27:42] 可苦可乐GRA: 世一米！世一米！世一米！世一米！世一米！世一米！世一米！世一米！世一米！世一米！世一米！世一米！世一
[2026-02-22 02:27:42] LvvsiN: 其实碗橱就是猪灵，你不拿黄金丢他他就不跟你说话
[2026-02-22 02:27:42] 渡边曜女士: 原来数字梗只有玩到自己头上才管啊
[2026-02-22 02:27:42] 给pdd倒一杯卡布奇洛: 车主今天真不是人
[2026-02-22 02:27:42] xjdnshxjdka: @Niko：我依然是mvp
[2026-02-22 02:27:42] 纪川6657: 数字布罗利和他的数字主人 数字布罗利和他的数字主人
[2026-02-22 02:27:43] 迷你世界丁真学姐1: 引导
[2026-02-22 02:27:43] 最后之作146: 紫色，别断了
[2026-02-22 02:27:43] 保持冷静helhao: @解说伟伟:机器，你2024年7月26日直播看我出丑的时候，有没有想到自己会有这一天
[2026-02-22 02:27:43] 小呱批: a处处
[2026-02-22 02:27:44] 穿甲狗: P3烂完了
[2026-02-22 02:27:44] uzi家的喷水龙: 你们在怎么骂玩机器也没用，作为一个加拿大中国通他只会为加拿大而愤怒的。。。
[2026-02-22 02:27:45] 宫监手放监: 主播想笑就笑吧，别装难受
[2026-02-22 02:27:45] 小救星小杜DuD: 布罗利broli：处刑😆处刑🤣处刑😄处刑😅处刑😋处刑🤪处刑😝处刑🤗处刑🤭
[2026-02-22 02:27:45] SSD堵堵堵: 玩乐队的大姐姐们都去哪了😭😭😭
[2026-02-22 02:27:45] 要一起好好努力: P3
[2026-02-22 02:27:45] Ch1Sa-: p3
[2026-02-22 02:27:45] gaillot: 玩乐队的大姐姐们都去哪了😭😭😭
[2026-02-22 02:27:45] 玩弓箭、Arrow: 完蛋了，决赛没有流量了
[2026-02-22 02:27:45] Kli0s: 憨豆脸色不对了
[2026-02-22 02:27:46] vongwu: 蒙古对PV了
[2026-02-22 02:27:46] 羊羊羊懒: 奥斯汀major决赛有感觉吗奥斯汀major决赛有感觉吗奥斯汀major决赛有感觉吗奥斯汀major
[2026-02-22 02:27:46] 阿羞羞i: 解说中立
[2026-02-22 02:27:46] LvvsiN: 南孚一节更比六节强，也就是一节南孚比六节南孚强，六节南孚比三十六节强，三十六节比二百一十六节强
[2026-02-22 02:27:46] 保护头小头是个DD就好: 明星位僵尸
[2026-02-22 02:27:46] 可爱玩宝宝: 鼓掌👏👏👏👏👏👏👏👏👏👏👏👏👏
[2026-02-22 02:27:47] yieeeeeee: 哎呦 这a处玩不明白拱门这位置
[2026-02-22 02:27:47] 玩小孩、monesy: 我发现niko和原神一样，都是国内猛黑，老外猛夸🙄
[2026-02-22 02:27:47] 母猪晓: P3烂完了
[2026-02-22 02:27:47] 游荡的小病毒zZ: 豆豆这白头发
[2026-02-22 02:27:48] 届不到的冬馬和纱: @解说伟伟:机器，你2024年7月26日直播看我出丑的时候，有没有想到自己会有这一天
[2026-02-22 02:27:48] 玩父desuwa: 千早爱鹰来喽： 🤞😯👆F ☝️😃👉L 🤏😉C 😃👐🕊
[2026-02-22 02:27:48] cornkiner: 主播想笑就笑吧，别装难受
[2026-02-22 02:27:48] LvvsiN: 弹幕别吵了，银行业一样一样有有有也会有h'y'hui't'y'r's'c'dn
[2026-02-22 02:27:48] IsemiTina: p3
[2026-02-22 02:27:48] 技安师父: 玩乐队的姐姐们都到哪去了？现在的弹幕看得我好害怕😭
[2026-02-22 02:27:48] 擅长登山的亦博同学: 脸色不对了
[2026-02-22 02:27:48] 巨型大高玩: 原来数字梗只有玩到自己头上才管啊
[2026-02-22 02:27:48] G2的device本人: p3病了
[2026-02-22 02:27:49] 等给他爱6发售中: 又要熬夜了，像我这样的小萌妹熬夜很伤皮肤的，没办法，为了支持机器哥哥。。
[2026-02-22 02:27:50] 用户87594568: @解说伟伟:机器，你2024年7月26日直播看我出丑的时候，有没有想到自己会有这一天
[2026-02-22 02:27:50] 好的好的阖家: 布罗利broli：处刑😆处刑🤣处刑😄处刑😅处刑😋处刑🤪处刑😝处刑🤗处刑🤭
[2026-02-22 02:27:50] 企鹅物流安全屋: p3
[2026-02-22 02:27:50] LvvsiN: 其实碗橱就是猪灵，你不拿黄金丢他他就不跟你说话
[2026-02-22 02:27:50] 早安丿章鱼哥: 对味咯
[2026-02-22 02:27:50] STRAIKS: 玩乐队的大姐姐们都去哪了😭😭😭
[2026-02-22 02:27:51] 李小小与虾大大: @解说伟伟：我将发起一个投票 A.玩机器的错 B.布罗利的错
[2026-02-22 02:27:51] 四个酒仙: 你们在怎么骂玩机器也没用，作为一个加拿大中国通他只会为加拿大而愤怒的。。。
[2026-02-22 02:27:51] 刘亦博爱郑哲伟: P3玩不玩？P3玩不玩？P3玩不玩？P3玩不玩？P3玩不玩？P3玩不玩？
[2026-02-22 02:27:51] 猜猜他是who: 玩乐队的大姐姐们都去哪了😭😭😭
[2026-02-22 02:27:51] 丶丶桔梗丶: 原来数字梗只有玩到自己头上才管啊
[2026-02-22 02:27:51] 我刀贼好振i: 车主不当人
[2026-02-22 02:27:51] Maverickgg: 蒙古这推进确实牛逼
[2026-02-22 02:27:52] 林有为丶: 实在不行放图一吧小蜜蜂
[2026-02-22 02:27:52] IF的灰爱音本人: @解说伟伟:机器，你2024年7月26日直播看我出丑的时候，有没有想到自己会有这一天
[2026-02-22 02:27:52] 简单958306: p3上半场烂完了
[2026-02-22 02:27:52] LvvsiN: 就tm喜欢银行业🥰银行坏账我喜欢🥰银行挤兑我还喜欢😍利率调低我也喜欢🤤老子亲烂银行业的脸😘
[2026-02-22 02:27:52] Gemini业余: 这把太厉害了，我感觉我主队绿龙永远玩不出这种战术
[2026-02-22 02:27:52] Altolier: 主播想笑就笑吧，别装难受
[2026-02-22 02:27:52] 想有心的机器人: 玩机器你pw店还办不办了？点丰川祥子说没有，点千早爱音说没有，我说那我点你的M！客服还是说没有！
[2026-02-22 02:27:52] 小白白狗: 世一米
[2026-02-22 02:27:53] 无路塞那: 抓娃娃
[2026-02-22 02:27:53] 用户65052344: 布罗利broli：处刑😆处刑🤣处刑😄处刑😅处刑😋处刑🤪处刑😝处刑🤗处刑🤭
[2026-02-22 02:27:53] 芜湖小能手: 语气不对了
[2026-02-22 02:27:53] 云边有条小侏如: 你们在怎么骂玩机器也没用，作为一个加拿大中国通他只会为加拿大而愤怒的。。。
[2026-02-22 02:27:53] 好姐妹小草莓:  @这里是小天啊：弹幕别搞啊，我还没吃多久玩大哥的饭呢，我不想似😭
[2026-02-22 02:27:53] yuuuuua7: ropz不玩滚回faze
[2026-02-22 02:27:53] 草莓冰酪: 主播想笑就笑吧，别装难受
[2026-02-22 02:27:53] Oasis0917: 原来数字梗只有玩到自己头上才管啊
[2026-02-22 02:27:54] 吉吉的Niko本人: 数字布罗利和他的数字主人
数字布罗利和他的数字主人
[2026-02-22 02:27:54] csgo小茄子: @解说伟伟:机器，你2024年7月26日直播看我出丑的时候，有没有想到自己会有这一天
[2026-02-22 02:27:54] 有烦恼就早睡: 原来数字梗只有玩到自己头上才管啊
[2026-02-22 02:27:54] 太行山积雪: 原来数字梗只有玩到自己头上才管啊
[2026-02-22 02:27:54] GanadoLluviA: 我提一嘴，里约决赛有巅峰点圣的粉丝在决赛也只有7000贵宾
[2026-02-22 02:27:55] ElfSenIor: 原来数字梗只有玩到自己头上才管啊
[2026-02-22 02:27:55] 江枫于火对愁眠: 解说中立
[2026-02-22 02:27:55] 巨型鸡冠: @解说伟伟:机器，你2024年7月26日直播看我出丑的时候，有没有想到自己会有这一天
[2026-02-22 02:27:55] 解说就是胡说machine: 主播想笑就笑吧，别装难受
[2026-02-22 02:27:55] 迷你世界丁真学姐1: p3不玩滚去faze
[2026-02-22 02:27:58] 凝视深渊丶玩叽叽: 主播想笑就笑吧，别装难受
[2026-02-22 02:27:58] Adrian林讲: 主播想笑就笑吧，别装难受
[2026-02-22 02:27:58] 結城希亞: 主播想笑就笑吧，别装难受
[2026-02-22 02:27:58] 卡啊卡卡丶: @解说伟伟:机器，你2024年7月26日直播看我出丑的时候，有没有想到自己会有这一天
[2026-02-22 02:27:58] 大裂谷的登山家: 原来数字梗只有玩到自己头上才管啊
[2026-02-22 02:27:58] xuzVan: 主播想笑就笑吧，别装难受
[2026-02-22 02:27:58] 高松的灯ll: 原来数字梗只有玩到自己头上才管啊
[2026-02-22 02:27:58] 泠鸢不是冷鸢丶: 原来数字梗只有玩到自己头上才管啊
[2026-02-22 02:27:58] 用户3257051689: 玩乐队的大姐姐们都去哪了😭😭😭
[2026-02-22 02:27:58] 青山锁欲锁不住你: 原来数字梗只有玩到自己头上才管啊
[2026-02-22 02:27:58] AiLuoLi1413: 玩乐队的大姐姐们都去哪了😭😭😭
[2026-02-22 02:27:58] 杺毓: @解说伟伟:机器，你2024年7月26日直播看我出丑的时候，有没有想到自己会有这一天
[2026-02-22 02:27:58] csgo小茄子: @解说伟伟:机器，你2024年7月26日直播看我出丑的时候，有没有想到自己会有这一天
[2026-02-22 02:27:58] 好姐妹八幡海铃丶: 主播想笑就笑吧，别装难受
[2026-02-22 02:27:58] zbq93: @解说伟伟:机器，你2024年7月26日直播看我出丑的时候，有没有想到自己会有这一天
[2026-02-22 02:27:58] 秋Fc: 主播想笑就笑吧，别装难受
[2026-02-22 02:27:58] 北徐: 原来数字梗只有玩到自己头上才管啊
[2026-02-22 02:27:58] 王梓琦的Ozzz丶: 键盘roll不了了
[2026-02-22 02:27:58] 李神神神神: 布罗利broli：处刑😆处刑🤣处刑😄处刑😅处刑😋处刑🤪处刑😝处刑🤗处刑🤭
[2026-02-22 02:27:58] 吉吉的Niko本人: 数字布罗利和他的数字主人
数字布罗利和他的数字主人
[2026-02-22 02:27:58] 杜王町的吉良吉影本人: 原来数字梗只有玩到自己头上才管啊
[2026-02-22 02:27:58] 压缩vs蛮晚: @解说伟伟:机器，你2024年7月26日直播看我出丑的时候，有没有想到自己会有这一天
[2026-02-22 02:27:58] 玩龟的神头: 原来数字梗只有玩到自己头上才管啊
[2026-02-22 02:27:59] 侯国玉得意门生: @解说伟伟:机器，你2024年7月26日直播看我出丑的时候，有没有想到自己会有这一天
[2026-02-22 02:27:59] 足球上帝托马斯阿芒: @布罗利Broli：Broli〉zywoo
[2026-02-22 02:27:59] 玩机器的乃个会刘能: 最中立的主播
[2026-02-22 02:27:59] 草莓冰酪: @解说伟伟:机器，你2024年7月26日直播看我出丑的时候，有没有想到自己会有这一天
[2026-02-22 02:27:59] 摆63189: @解说伟伟:机器，你2024年7月26日直播看我出丑的时候，有没有想到自己会有这一天
[2026-02-22 02:27:59] 铲铲的奇妙冒险: @解说伟伟:机器，你2024年7月26日直播看我出丑的时候，有没有想到自己会有这一天
[2026-02-22 02:28:00] 夜里喝咖啡: 原来数字梗只有玩到自己头上才管啊
[2026-02-22 02:28:00] TL的EliGE本人: 原来数字梗只有玩到自己头上才管啊
[2026-02-22 02:28:00] LvvsiN: 为什么房管封的不能给鱼丸……还以为今天晚上得吃了……
[2026-02-22 02:28:00] Copyboro: 小蜜蜂这个图就是最菜的
[2026-02-22 02:28:00] 北徐: 主播想笑就笑吧，别装难受
[2026-02-22 02:28:01] 塔科夫市里的菜鸡: @解说伟伟:机器，你2024年7月26日直播看我出丑的时候，有没有想到自己会有这一天
[2026-02-22 02:28:01] cornkiner: 原来数字梗只有玩到自己头上才管啊
[2026-02-22 02:28:01] csgo小茄子: @解说伟伟:机器，你2024年7月26日直播看我出丑的时候，有没有想到自己会有这一天
[2026-02-22 02:28:01] 玩机器的大技法: senzu只是一个位置
[2026-02-22 02:28:01] 高松的灯ll: 主播想笑就笑吧，别装难受
[2026-02-22 02:28:01] 丰川祥子口三角初华: 原来数字梗只有玩到自己头上才管啊
[2026-02-22 02:28:01] kedadra: 原来数字梗只有玩到自己头上才管啊
[2026-02-22 02:28:01] 煎蛋饼和小喵喵的故事: @解说伟伟:机器，你2024年7月26日直播看我出丑的时候，有没有想到自己会有这一天
[2026-02-22 02:28:01] 南浅421: 主播想笑就笑吧，别装难受
[2026-02-22 02:28:02] 何先抑: 载大哥要晕了队友太搞了
[2026-02-22 02:28:02] Mortnotz: @解说伟伟:机器，你2024年7月26日直播看我出丑的时候，有没有想到自己会有这一天
[2026-02-22 02:28:02] 君眉目亦如画: @解说伟伟:机器，你2024年7月26日直播看我出丑的时候，有没有想到自己会有这一天
[2026-02-22 02:28:02] 山河jek: @张顺飞:张狗是什么意思
[2026-02-22 02:28:02] STARdustXM: @解说伟伟:机器，你2024年7月26日直播看我出丑的时候，有没有想到自己会有这一天
[2026-02-22 02:28:02] 叫我老岑就好了呀: @解说伟伟:机器，你2024年7月26日直播看我出丑的时候，有没有想到自己会有这一天
[2026-02-22 02:28:02] T0PK1NG: @解说伟伟:机器，你2024年7月26日直播看我出丑的时候，有没有想到自己会有这一天
[2026-02-22 02:28:02] 草莓冰酪: 原来数字梗只有玩到自己头上才管啊
[2026-02-22 02:28:02] 灵耀ii: 载大哥你可得给我们🧊争气啊我刷了一天一夜了😭😭😭
[2026-02-22 02:28:02] 所以我又晕了: 主播想笑就笑吧，别装难受
[2026-02-22 02:28:03] cyding16: 原来数字梗只有玩到自己头上才管啊
[2026-02-22 02:28:03] Cloud9的咬人猫本人: @解说伟伟:机器，你2024年7月26日直播看我出丑的时候，有没有想到自己会有这一天
[2026-02-22 02:28:03] 柠檬lei了: @解说伟伟:机器，你2024年7月26日直播看我出丑的时候，有没有想到自己会有这一天
[2026-02-22 02:28:03] SchUmiFan4eVeR: @解说伟伟:机器，你2024年7月26日直播看我出丑的时候，有没有想到自己会有这一天
[2026-02-22 02:28:03] 淡然夏末的温存11: 原来数字梗只有玩到自己头上才管啊
[2026-02-22 02:28:03] 宇莓: 原来数字梗只有玩到自己头上才管啊
[2026-02-22 02:28:04] handsomesuperme: 主播想笑就笑吧，别装难受
[2026-02-22 02:28:04] WE丶繁梦: 主播想笑就笑吧，别装难受
[2026-02-22 02:28:04] 雪智雨杏櫻花渚: @二阶堂希罗：处刑🪆处刑🗡️处刑⏳处刑🎯处刑🥃处刑🔫处刑🏹处刑🪑处刑🪢处刑🫕
[2026-02-22 02:28:04] MataXian: 冷知识：布罗利买黑蛋买错买成20rmr皮蛋了
[2026-02-22 02:28:04] 潇洒大概: 玩乐队的大姐姐们都去哪了😭😭😭
[2026-02-22 02:28:04] LvvsiN: 其实碗橱就是猪灵，你不拿黄金丢他他就不跟你说话
[2026-02-22 02:28:05] 坏天气啊坏: p3不玩滚去faze
[2026-02-22 02:28:05] 棋侠小飞: 世一米
[2026-02-22 02:28:05] 正经猪头肉: 玩大哥别演了，大大方方给蒙古加油吧
[2026-02-22 02:28:05] 八重森彌妮: 原来数字梗只有玩到自己头上才管啊
[2026-02-22 02:28:05] vp的Jame苯人: 围绕jame建队能拿Major还没用么？ 围绕niko建队就有用了？
[2026-02-22 02:28:05] racula: @解说伟伟:机器，你2024年7月26日直播看我出丑的时候，有没有想到自己会有这一天
[2026-02-22 02:28:05] a19991526: hhhhhhhhh
[2026-02-22 02:28:06] LvvsiN: 其实碗橱就是猪灵，你不拿黄金丢他他就不跟你说话
[2026-02-22 02:28:07] 安分小已的小青春: 原来数字梗只有玩到自己头上才管啊
[2026-02-22 02:28:07] 可可村民: 原来数字梗只有玩到自己头上才管啊
[2026-02-22 02:28:07] 五子棋oo: @解说伟伟:机器，你2024年7月26日直播看我出丑的时候，有没有想到自己会有这一天
[2026-02-22 02:28:07] csgo小茄子: @解说伟伟:机器，你2024年7月26日直播看我出丑的时候，有没有想到自己会有这一天
[2026-02-22 02:28:07] 林鹿之犬: 弹幕一钓就跳，好可爱🥰
[2026-02-22 02:28:07] 丰川祥子口三角初华: 主播想笑就笑吧，别装难受
[2026-02-22 02:28:08] 草莓冰酪: 原来数字梗只有玩到自己头上才管啊
[2026-02-22 02:28:08] MataXian: 冷知识：布罗利买黑蛋买错买成20rmr皮蛋了 
[2026-02-22 02:28:08] 小白菜爱萝卜: 哈哈哈哈哈
[2026-02-22 02:28:08] LvvsiN: 我提一嘴这剧情越来越像上海major了
[2026-02-22 02:28:08] 用戶6657: @布罗利 1年前：这辈子也就玩玩最便宜的饰品这点出息了🤣🤣🤣
[2026-02-22 02:28:09] suicho: niko play
[2026-02-22 02:28:09] 迷你世界丁真学姐1: 主播想笑就笑吧，别装难受
[2026-02-22 02:28:10] 大姜饼: @解说伟伟:机器，你2024年7月26日直播看我出丑的时候，有没有想到自己会有这一天
[2026-02-22 02:28:10] 草莓冰酪: 原来数字梗只有玩到自己头上才管啊
[2026-02-22 02:28:10] 心之怪盗团的Queen本人: niko play
[2026-02-22 02:28:10] 大稽基: 原来数字梗只有玩到自己头上才管啊
[2026-02-22 02:28:10] 山河jek: @张顺飞:张狗是什么意思
[2026-02-22 02:28:10] 漩涡章鱼: 世一米就是世界第一可爱睦子米
[2026-02-22 02:28:10] 訤溓: 数字布罗利和数字主人
[2026-02-22 02:28:10] 玩机器厦面鄙骰大: 美
[2026-02-22 02:28:10] MataXian: 冷知识：布罗利买黑蛋买错买成20rmr皮蛋了
[2026-02-22 02:28:10] 用户6282845371: 抓娃娃
[2026-02-22 02:28:11] 野pig亨利28: niko play
[2026-02-22 02:28:11] tssJane: @解说伟伟:机器，你2024年7月26日直播看我出丑的时候，有没有想到自己会有这一天
[2026-02-22 02:28:11] 橙黄双翼: 张 狗
[2026-02-22 02:28:11] 没事小子: niko play
[2026-02-22 02:28:11] 礁石222: 载歌载舞
[2026-02-22 02:28:12] Glew6: 烧
[2026-02-22 02:28:12] 草莓冰酪: 原来数字梗只有玩到自己头上才管啊
[2026-02-22 02:28:12] 結城希亞: @解说伟伟:机器，你2024年7月26日直播看我出丑的时候，有没有想到自己会有这一天
[2026-02-22 02:28:12] 吊人日子不过了: 致敬🫡Niko
[2026-02-22 02:28:12] 晓月_迷霜: 噩兆
[2026-02-22 02:28:12] 剩枪游侠任已嘘: @解说伟伟:机器，你2024年7月26日直播看我出丑的时候，有没有想到自己会有这一天
[2026-02-22 02:28:12] LvvsiN: 南孚一节更比六节强，也就是一节南孚比六节南孚强，六节南孚比三十六节强，三十六节比二百一十六节强
[2026-02-22 02:28:13] 落天华: 主播想笑就笑吧，别装难受
[2026-02-22 02:28:13] 用戶6657: @布罗利 1年前：这辈子也就玩玩最便宜的饰品这点出息了🤣🤣🤣
[2026-02-22 02:28:13] 玩机器厦面鄙骰大: 可爱捏！
[2026-02-22 02:28:13] 琦琦z: 布里茨开始吃药了，🐝能不能也吃点啊，急死我了
[2026-02-22 02:28:13] xxx2xxx: wdf
[2026-02-22 02:28:13] 冲上云霄的姨: 原来数字梗只有玩到自己头上才管啊
[2026-02-22 02:28:13] Wi1en: 蒙古制造
[2026-02-22 02:28:13] Leonisss丶: niko play
[2026-02-22 02:28:14] 林有为丶: 原来数字梗只有玩到自己头上才管啊
[2026-02-22 02:28:14] 草莓冰酪: 原来数字梗只有玩到自己头上才管啊
[2026-02-22 02:28:14] 小洞大人打玩啦: 蒙肥
[2026-02-22 02:28:14] 灵耀ii: 原来数字梗只有玩到自己头上才管啊
[2026-02-22 02:28:14] stavn小天使: 原来数字梗只有玩到自己头上才管啊
[2026-02-22 02:28:14] 柚子厨0721: 你老婆
[2026-02-22 02:28:14] chanceuxzz: 原来数字梗只有玩到自己头上才管啊
[2026-02-22 02:28:15] 石家庄电信基站: 我爱她
[2026-02-22 02:28:15] zzznnni: 烧
[2026-02-22 02:28:15] 玩机器厦面鄙骰大: 可爱捏！可爱捏！可爱捏！
[2026-02-22 02:28:15] Jess2: 原来数字梗只有玩到自己头上才管啊
[2026-02-22 02:28:15] y666t666y666: 原来数字梗只有玩到自己头上才管啊
[2026-02-22 02:28:15] Ch1Sa-: 点菜拱门
[2026-02-22 02:28:15] 太行山积雪: 致敬🫡Niko
[2026-02-22 02:28:16] 友人A145946: @解说伟伟:机器，你2024年7月26日直播看我出丑的时候，有没有想到自己会有这一天
[2026-02-22 02:28:16] Schnuffels: 车主发烧脑子烧坏了，真得休息了
[2026-02-22 02:28:16] 用戶6657: @布罗利 1年前：这辈子也就玩玩最便宜的饰品这点出息了🤣🤣🤣
[2026-02-22 02:28:16] 图帕雷松: @千早爱音（粉丝牌等级不足）:玩乐队的姐姐在这里🥴
[2026-02-22 02:28:16] arcticdawn: niko play
[2026-02-22 02:28:16] MuY1z: niko play
[2026-02-22 02:28:17] MataXian: 冷知识：布罗利买黑蛋买错买成20rmr皮蛋了
[2026-02-22 02:28:17] AiLuoLi1413: 原来数字梗只有玩到自己头上才管啊
[2026-02-22 02:28:17] 哥本哈根大巨蜥: 蒙美
[2026-02-22 02:28:17] 草莓冰酪: 原来数字梗只有玩到自己头上才管啊
[2026-02-22 02:28:17] 菜星冲冲冲: 你老婆
[2026-02-22 02:28:18] 高松灯扣死千早爱音: 你老婆
[2026-02-22 02:28:18] jamesfaith23: 可爱捏！
[2026-02-22 02:28:18] 极夜之辰: @解说伟伟:机器，你2024年7月26日直播看我出丑的时候，有没有想到自己会有这一天
[2026-02-22 02:28:18] 爱上直女的三角初音: 原来数字梗只有玩到自己头上才管啊
[2026-02-22 02:28:18] 迪奥雷: 有人被偷正面又被侧身偷
[2026-02-22 02:28:18] 橙黄双翼: 章 狗
[2026-02-22 02:28:18] 玩道歉丶44min: 你老婆
[2026-02-22 02:28:19] 玩家军的猪头肉本人: 原来数字梗只有玩到自己头上才管啊
[2026-02-22 02:28:19] 瞄准高高手: 原来数字梗只有玩到自己头上才管啊
[2026-02-22 02:28:19] 歼灭天使蕾恩: 你爱她们
[2026-02-22 02:28:19] 求老仙奶zzm上不了岸: 原来数字梗只有玩到自己头上才管啊
[2026-02-22 02:28:19] 山河jek: @张顺飞:张狗是什么意思
[2026-02-22 02:28:20] 智慧之主布耶尔: 原来数字梗只有玩到自己头上才管啊
[2026-02-22 02:28:20] ImCereal: 弹幕的文盲能把再和在分清楚吗。。
[2026-02-22 02:28:20] LaifuoO来福oO: @布罗利 1年前：这辈子也就玩玩最便宜的饰品这点出息了🤣🤣🤣
[2026-02-22 02:28:20] 星空丶梦华: niko play
[2026-02-22 02:28:20] 好姐妹清道夫: 蒙美
[2026-02-22 02:28:20] 小羊肖恩6I6: 美
[2026-02-22 02:28:20] Ecifircas: 加一过快你的M😡加一过快你的M😡加一过快你的M😡加一过快你的M😡加一过快你的M😡
[2026-02-22 02:28:21] LvvsiN: 弹幕也就网上说说，现实里谁不觉得樱姐是好女孩（删括号领一条远坂凛同款鸟笼）
[2026-02-22 02:28:21] 草莓冰酪: 原来数字梗只有玩到自己头上才管啊
[2026-02-22 02:28:21] betterToWait丶xzs: niko play
[2026-02-22 02:28:21] 石家庄的刘亦博本人: 闹麻了
[2026-02-22 02:28:21] 談膽Ribbon: 蒙古铁骑真来了
[2026-02-22 02:28:22] z泽村英梨梨i: 这里是小天啊：哦牛批还有这种养俩个月死士就让上战场的。。。
[2026-02-22 02:28:22] liny66: 原来数字梗只有玩到自己头上才管啊
[2026-02-22 02:28:22] tosaytosay: 原来数字梗只有玩到自己头上才管啊
[2026-02-22 02:28:22] 长崎素世的本人: 原来数字梗只有玩到自己头上才管啊
[2026-02-22 02:28:23] LvvsiN: 你为什么要把mαjor禁了，我收藏的一半弹幕全毁了
[2026-02-22 02:28:23] 雀群: 太中立了，6:6一直找蜜蜂缺点...
[2026-02-22 02:28:23] 梦想是独立自由: 烧
[2026-02-22 02:28:23] Laila丶丶: 蒙美
[2026-02-22 02:28:23] 玩机器厦面鄙骰大: 蒙美
[2026-02-22 02:28:23] 千早爱音desu: @布罗利 1年前：这辈子也就玩玩最便宜的饰品这点出息了🤣🤣🤣
[2026-02-22 02:28:23] QAQ49052: niko play
[2026-02-22 02:28:23] 最强反派Vitality: 原来数字梗只有玩到自己头上才管啊
[2026-02-22 02:28:24] MunChlax丶: 原来数字梗只有玩到自己头上才管啊
[2026-02-22 02:28:24] 玩血狼丶Bloodywolf: niko play
[2026-02-22 02:28:24] 忍野忍小忍: 怎么还有内鬼？
[2026-02-22 02:28:24] XCChieri: 原来数字梗只有玩到自己头上才管啊
[2026-02-22 02:28:24] 母猪晓: 你老婆
[2026-02-22 02:28:24] 王佰柒柒: @布罗利 1年前：这辈子也就玩玩最便宜的饰品这点出息了🤣🤣🤣
[2026-02-22 02:28:24] 黑衣小胖: 你老婆
[2026-02-22 02:28:24] 用戶6657: @布罗利 1年前：这辈子也就玩玩最便宜的饰品这点出息了🤣🤣🤣
[2026-02-22 02:28:24] 伽蓝之堂的两仪式本人: @解说伟伟:机器，你2024年7月26日直播看我出丑的时候，有没有想到自己会有这一天
[2026-02-22 02:28:24] MeIoN39: 原来数字梗只有玩到自己头上才管啊
[2026-02-22 02:28:24] wsxj131: 布罗利在直播间骂了半年载物怎么没人帮载物说话？
[2026-02-22 02:28:25] 草莓冰酪: 原来数字梗只有玩到自己头上才管啊
[2026-02-22 02:28:25] LvvsiN: 银行业😄银行业😀银行业😃银行业😁银行业😆银行业🤪银行业😝
[2026-02-22 02:28:25] -小佐内由纪-: 原来数字梗只有玩到自己头上才管啊
[2026-02-22 02:28:25] 曲奇三梦: @布罗利 1年前：这辈子也就玩玩最便宜的饰品这点出息了🤣🤣🤣
[2026-02-22 02:28:25] 本质软糯Sakiko: 肥美
[2026-02-22 02:28:25] TheMongolZ的上单本人: 冷知识：布罗利买黑蛋买错买成20rmr皮蛋了
[2026-02-22 02:28:26] vongwu: 小蜜蜂的拱门是apex，那小蜜蜂这个图永远是弱图
[2026-02-22 02:28:26] 白日梦之主: 原来数字梗只有玩到自己头上才管啊
[2026-02-22 02:28:26] yuuuuua7: 原来数字梗只有玩到自己头上才管啊
[2026-02-22 02:28:27] 胡椒胡椒胡椒胡椒胡椒: @布罗利 1年前：这辈子也就玩玩最便宜的饰品这点出息了🤣🤣🤣
[2026-02-22 02:28:27] 咩力羊: 加一过快你的M😡加一过快你的M😡加一过快你的M😡加一过快你的M😡加一过快你的M😡
[2026-02-22 02:28:27] AmamiyaIori: 原来数字梗只有玩到自己头上才管啊
[2026-02-22 02:28:27] 仙粉美滋滋: 原来数字梗只有玩到自己头上才管啊
[2026-02-22 02:28:27] 左颜And1: @布罗利 1年前：这辈子也就玩玩最便宜的饰品这点出息了🤣🤣🤣
[2026-02-22 02:28:28] csgo小茄子: @解说伟伟:机器，你2024年7月26日直播看我出丑的时候，有没有想到自己会有这一天
[2026-02-22 02:28:28] NYU唯一铲车人: 加一过快你的M😡加一过快你的M😡加一过快你的M😡加一过快你的M😡加一过快你的M😡
[2026-02-22 02:28:28] 神魂5385: 蒙古主场
[2026-02-22 02:28:28] 蛋蛋可以进去吗: 原来数字梗只有玩到自己头上才管啊
[2026-02-22 02:28:28] MataXian: 冷知识：布罗利买黑蛋买错买成20rmr皮蛋了
[2026-02-22 02:28:28] 森林与雁: 布罗利Broli   2021年5月5日 ..说的跟niko低simple一档一样
[2026-02-22 02:28:28] 千叶spilx: niko play
[2026-02-22 02:28:28] XCChieri: 加一过快你的M😡加一过快你的M😡加一过快你的M😡加一过快你的M😡加一过快你的M😡
[2026-02-22 02:28:28] ZLG彪winner: 今天的玩机器是看不到弹幕的？
[2026-02-22 02:28:28] 十岁阳光男孩玩机器: @解说伟伟:机器，你2024年7月26日直播看我出丑的时候，有没有想到自己会有这一天
[2026-02-22 02:28:29] xu瓜: 原来玩机器直播间是会管弹幕的啊？我还以为去年八九月份满屏数字也是友好互动呢
[2026-02-22 02:28:29] 用户0715022066: 大家千万不要给steamid407167909的账号发送交易报价再举报啊，我知道大家不知道就是提一句
[2026-02-22 02:28:30] 琦琦z: 布里茨开始吃药了，蜜蜂能不能也吃点啊，急死我了
[2026-02-22 02:28:30] 丶绵绵: 原来数字梗只有玩到自己头上才管啊
[2026-02-22 02:28:30] 窦妪惯例全思慕: 原来数字梗只有玩到自己头上才管啊
[2026-02-22 02:28:30] Bellaire123: 载大哥犯的最大的错就是去年几次决赛把猎鹰淘汰了，断人财路了
[2026-02-22 02:28:30] 一二级没处理好: 这些大饼脸苹果肌蒙古女人真丑
[2026-02-22 02:28:30] 改名中奖0212: 原来数字梗只有玩到自己头上才管啊
[2026-02-22 02:28:30] Hitagi蟹蟹: @布罗利 1年前：这辈子也就玩玩最便宜的饰品这点出息了🤣🤣🤣
[2026-02-22 02:28:31] 神奥联盟的竹兰本人: 原来数字梗只有玩到自己头上才管啊
[2026-02-22 02:28:31] 最自由的吊人apex: 原来数字梗只有玩到自己头上才管啊
[2026-02-22 02:28:31] 夜来幽梦片江山: 原来数字梗只有玩到自己头上才管啊
[2026-02-22 02:28:32] 想吃千早爱音大雷: 　　　 @千早爱音（粉丝牌等级不足）:玩乐队的姐姐在这里🥴
[2026-02-22 02:28:32] Abyss丶珈百璃: 原来数字梗只有玩到自己头上才管啊
[2026-02-22 02:28:32] xx道老二xx: 原来数字梗只有玩到自己头上才管啊
[2026-02-22 02:28:32] 吉吉的Niko本人: 数字布罗利和他的数字主人
数字布罗利和他的数字主人
[2026-02-22 02:28:32] 高松的灯ll: 原来数字梗只有玩到自己头上才管啊
[2026-02-22 02:28:32] 跟着康熙来了去台湾: 蒙古的粉丝真不少啊
[2026-02-22 02:28:32] 许血呐: 主播面对满屏的嘲讽和挖苦。他总是默默看着。从来不回应和解释因为他明白弹幕说的都是真的
[2026-02-22 02:28:36] G2的APEX本人: 原来数字梗只有玩到自己头上才管啊
[2026-02-22 02:28:36] xjdnshxjdka: @布罗利 1年前：这辈子也就玩玩最便宜的饰品这点出息了🤣🤣🤣
[2026-02-22 02:28:36] 迷你世界丁真学姐1: @布罗利 1年前：这辈子也就玩玩最便宜的饰品这点出息了🤣🤣🤣
[2026-02-22 02:28:36] 图帕雷松: @布罗利 1年前：这辈子也就玩玩最便宜的饰品这点出息了🤣🤣🤣
[2026-02-22 02:28:36] csgo小茄子: @解说伟伟:机器，你2024年7月26日直播看我出丑的时候，有没有想到自己会有这一天
[2026-02-22 02:28:36] 大家要幸福呀: 布罗利在直播间骂了半年载物怎么没人帮载物说话？
[2026-02-22 02:28:36] PJ64JC: @布罗利 1年前：这辈子也就玩玩最便宜的饰品这点出息了🤣🤣🤣
[2026-02-22 02:28:36] Lo0oser: vu
[2026-02-22 02:28:36] wuyanblabla: 蒙古铁骑真来了
[2026-02-22 02:28:36] XCChieri: @布罗利 1年前：这辈子也就玩玩最便宜的饰品这点出息了🤣🤣🤣
[2026-02-22 02:28:36] 小兄弟搞我: @布罗利 1年前：这辈子也就玩玩最便宜的饰品这点出息了🤣🤣🤣
[2026-02-22 02:28:36] GLxx17: 攻击
[2026-02-22 02:28:36] 谦子卿: 峰美背叛了
[2026-02-22 02:28:36] MataXian: 冷知识：布罗利买黑蛋买错买成20rmr皮蛋了
[2026-02-22 02:28:36] 卡啊卡卡丶: 布罗利Broli   2021年5月5日 ..说的跟niko低simple一档一样
[2026-02-22 02:28:36] 冬原春希: 扁鼓食了
[2026-02-22 02:28:36] 潇洒大概: 银行业一样一样有有有也会有h'y'hui't'y'r's'c'dn
[2026-02-22 02:28:36] 墨色丶残阳: 紫色 别特么在那断了，卧槽！
[2026-02-22 02:28:36] -小佐内由纪-: @布罗利 1年前：这辈子也就玩玩最便宜的饰品这点出息了🤣🤣🤣
[2026-02-22 02:28:36] 夏空喵: 羞死了
[2026-02-22 02:28:36] 用户0715022066: 大家千万不要给steamid407167909的账号发送交易报价再举报啊，我知道大家不知道就是提一句
[2026-02-22 02:28:36] 冲上云霄的姨: 数字载物，你们不要刷了，数字玩神，365
[2026-02-22 02:28:36] 想有心的机器人: 机器，你2024年7月26日直播看我出丑的时候，有没有想到自己会有这一天
[2026-02-22 02:28:36] Alone的kang: 银行业一样一样有有有也会有h'y'hui't'y'r's'c'dn
[2026-02-22 02:28:36] 小怪兽8692:  @千早爱音（粉丝牌等级不足）:玩乐队的姐姐在这里🥴
[2026-02-22 02:28:37] 丶丶桔梗丶: 可是niko又回家了啊🥺
[2026-02-22 02:28:37] 黑奈Car: 原来数字梗只有玩到自己头上才管啊
[2026-02-22 02:28:37] 云边有条小侏如: 　　　 原来数字梗只有玩到自己头上才管啊
[2026-02-22 02:28:37] 保持冷静helhao: @布罗利 1年前：这辈子也就玩玩最便宜的饰品这点出息了🤣🤣🤣
[2026-02-22 02:28:37] GanadoLluviA: 原来数字梗只有玩到自己头上才管啊
[2026-02-22 02:28:37] 多喝热水9点睡: @解说伟伟:机器，你2024年7月26日直播看我出丑的时候，有没有想到自己会有这一天
[2026-02-22 02:28:37] 小爱同学学熊二说话: 原来数字梗只有玩到自己头上才管啊
[2026-02-22 02:28:37] XCChieri: 数字布罗利和他的数字主人 数字布罗利和他的数字主人
[2026-02-22 02:28:38] 长崎素世的本人: @布罗利 1年前：这辈子也就玩玩最便宜的饰品这点出息了🤣🤣🤣
[2026-02-22 02:28:38] 結城希亞: 原来数字梗只有玩到自己头上才管啊
[2026-02-22 02:28:38] 亮宝心态别炸: ？
[2026-02-22 02:28:38] 乌鸦晒不黑: 玩神别假装认真解说了，以前哪次蜜蜂比赛不是和弹幕聊天的
[2026-02-22 02:28:38] 愁尔一朝还到地丶: 原来数字梗只有玩到自己头上才管啊
[2026-02-22 02:28:39] 兔逼南波丸805: 蒙鼓不行
[2026-02-22 02:28:39] 春花敲可爱的啦: 原来数字梗只有玩到自己头上才管啊
[2026-02-22 02:28:39] S1natra: 原来玩机器直播间是会管弹幕的啊？我还以为去年八九月份满屏数字也是友好互动呢
[2026-02-22 02:28:39] 石原里美法定男友: 原来数字梗只有玩到自己头上才管啊
[2026-02-22 02:28:39] 月薪三千给玩爹上供: vu
[2026-02-22 02:28:40] 山河jek: @张顺飞:张狗是什么意思
[2026-02-22 02:28:40] 木子山心: @布罗利 1年前：这辈子也就玩玩最便宜的饰品这点出息了🤣🤣🤣
[2026-02-22 02:28:40] 南通大学头号玩小将: 小u
[2026-02-22 02:28:40] 凯9029: @布罗利 1年前：这辈子也就玩玩最便宜的饰品这点出息了🤣🤣🤣
[2026-02-22 02:28:40] 一位穷哥们丶: @布罗利 1年前：这辈子也就玩玩最便宜的饰品这点出息了🤣🤣🤣
[2026-02-22 02:28:40] Hitagi蟹蟹: 原来数字梗只有玩到自己头上才管啊
[2026-02-22 02:28:41] 空有无垠: 妮扣又在煸鼓了。。。
[2026-02-22 02:28:41] sys002: 这么多蒙美怎么没哦啊
[2026-02-22 02:28:41] Heartzzz丶: 房间号就是上半场比分
[2026-02-22 02:28:41] 小洞大人打玩啦: 小U
[2026-02-22 02:28:41] KujoJolyne: 小幽可太舒服了
[2026-02-22 02:28:41] 墨本海人: 原来数字梗只有玩到自己头上才管啊
[2026-02-22 02:28:41] LvvsiN: 弹幕也就网上说说，现实里谁不觉得樱姐是好女孩（删括号领一条远坂凛同款鸟笼）
[2026-02-22 02:28:41] Aetheranus: 小u
[2026-02-22 02:28:41] MiKingX: 3 2 1布罗利
[2026-02-22 02:28:41] 科比劳大爱肘击: 冷知识：布罗利买黑蛋买错买成20rmr皮蛋了
[2026-02-22 02:28:41] Canlynn鹙: @布罗利 1年前：这辈子也就玩玩最便宜的饰品这点出息了🤣🤣🤣
[2026-02-22 02:28:41] jrcd66: 小幽
[2026-02-22 02:28:42] 光明貘良: 小忧
[2026-02-22 02:28:42] 漩涡章鱼: 紫色 别特么在那断了，卧槽！
[2026-02-22 02:28:42] 那就点: 小金呢
[2026-02-22 02:28:42] Yuuuzaki: 小优有多舒服？
[2026-02-22 02:28:42] 车路士的凯赛多本人: 原来数字梗只有玩到自己头上才管啊
[2026-02-22 02:28:42] TheMongolZ的上单本人: 数字布罗利和他的数字主人 数字布罗利和他的数字主人
[2026-02-22 02:28:43] 夏空喵: @doinb:机器你什么意思
[2026-02-22 02:28:43] 舞台剧编剧: 蒙古这个现场真帅啊
[2026-02-22 02:28:43] XCChieri: @千早爱音（粉丝牌等级不足）:玩乐队的姐姐在这里🥴
[2026-02-22 02:28:43] 子曰不可说700: 羞死了
[2026-02-22 02:28:43] LvvsiN: 你为什么要把mαjor禁了，我收藏的一半弹幕全毁了
[2026-02-22 02:28:43] 玩大人查到自贡了: 原来数字梗只有玩到自己头上才管啊
[2026-02-22 02:28:43] 鲜血与暗影铸造的家伙: 对蜜蜂来说是巨优
[2026-02-22 02:28:43] 暴力卓司: @布罗利 1年前：这辈子也就玩玩最便宜的饰品这点出息了🤣🤣🤣
[2026-02-22 02:28:43] cwcw6969: 　　　 原来数字梗只有玩到自己头上才管啊
[2026-02-22 02:28:44] 河马爬爬爬: 能不能把冰粉全部禁言了啊，晦气死了
[2026-02-22 02:28:44] Cardinal665: 原来数字梗只有玩到自己头上才管啊
[2026-02-22 02:28:44] 山竹手的柚子: 哪个小优
[2026-02-22 02:28:44] 用户91227835: 原来数字梗只有玩到自己头上才管啊
[2026-02-22 02:28:44] kon的mio本人: 小幽
[2026-02-22 02:28:45] 空白我去tv: 原来数字梗只有玩到自己头上才管啊
[2026-02-22 02:28:45] 另一个世界7: 数字载物，你们不要刷了，数字玩神，365
[2026-02-22 02:28:45] 还有时间日落之前: 大家千万不要给steamid407167909的账号发送交易报价再举报啊，我知道大家不知道就是提一句
[2026-02-22 02:28:45] 搞笑男西德尼: 原来数字梗只有玩到自己头上才管啊
[2026-02-22 02:28:45] 一寸灰Q: 原来玩机器直播间是会管弹幕的啊？我还以为去年八九月份满屏数字也是友好互动呢
[2026-02-22 02:28:46] 只打瘸子那条腿: 不对，我爹要输，赶紧奶一口
[2026-02-22 02:28:46] wsxj131: 这么多蒙美怎么没哦啊
[2026-02-22 02:28:46] KouKouJoe: 大裂鼓来了
[2026-02-22 02:28:46] 哈基鹅大王: @布罗利 1年前：这辈子也就玩玩最便宜的饰品这点出息了🤣🤣🤣
[2026-02-22 02:28:46] 大颗寿司玩机器: 原来数字梗只有玩到自己头上才管啊
[2026-02-22 02:28:46] P丶ersist丿: 原来数字梗只有玩到自己头上才管啊
[2026-02-22 02:28:46] Gverense: 成吉思汗：哈哈哈白皮给蒙古加油
[2026-02-22 02:28:47] MiunaShiodome: 小悠太舒服了？
[2026-02-22 02:28:47] 绝sky: 妮扣又在煸鼓了。。。
[2026-02-22 02:28:48] 玩蛇鼠丶stabbi: 原来数字梗只有玩到自己头上才管啊
[2026-02-22 02:28:48] Allieria: 小悠确实舒服
[2026-02-22 02:28:48] 吉吉的Niko本人: 数字布罗利和他的数字主人
数字布罗利和他的数字主人
[2026-02-22 02:28:48] 落叶悠哉落: 玩大哥，再躲在布罗利身后，布罗利可能会被弹幕弄似哦
[2026-02-22 02:28:48] Zyher0: 小优是谁
[2026-02-22 02:28:48] 爱被小泉吃的拉面同学: 原来数字梗只有玩到自己头上才管啊
[2026-02-22 02:28:48] 等给他爱6发售中: 大家小心了😓真的有丰川祥子把脚底板的照片发给我了😨😨
[2026-02-22 02:28:48] 猫很好的小乖: 原来玩机器直播间是会管弹幕的啊？我还以为去年八九月份满屏数字也是友好互动呢
[2026-02-22 02:28:48] 王梓琦的Ozzz丶: 可是niko又回家了啊🥺
[2026-02-22 02:28:49] 忒斯特李逵: 怎么没人刷布罗利了，是被禁言了吗
[2026-02-22 02:28:49] SakanaQQQ: 数字布罗利和他的数字主人 数字布罗利和他的数字主人
[2026-02-22 02:28:49] xOcOg: 【斤乃】斧乃木难绷布罗利被玩机器抛弃，直言抛就抛了呗，我当年也是这样被抛，都差不多
[2026-02-22 02:28:49] 錦笙: @布罗利 1年前：这辈子也就玩玩最便宜的饰品这点出息了🤣🤣🤣
[2026-02-22 02:28:49] 丶丶Ken丶丶: doinb：小幽太舒服是什么意思
[2026-02-22 02:28:51] 图帕雷松: Niko拿major冠军的时候入坑的，现在的弹幕真没眼看🙄​
[2026-02-22 02:28:51] crng丶灬龙星: 66778899
[2026-02-22 02:28:51] MataXian: 冷知识：布罗利买黑蛋买错买成20rmr皮蛋了
[2026-02-22 02:28:51] 北宇治拳王久石奏: 他们和昨天看的斯巴达谁更厉害
[2026-02-22 02:28:51] 海绵宝宝小白儿: @doinb：还真是
[2026-02-22 02:28:51] 奥拉夫的蛋炒饭: 原来数字梗只有玩到自己头上才管啊这—块
[2026-02-22 02:28:52] uzi家的喷水龙: 等着吧，我这就去大b哪里刷
[2026-02-22 02:28:52] 大颗寿司玩机器: @布罗利 1年前：这辈子也就玩玩最便宜的饰品这点出息了🤣🤣🤣
[2026-02-22 02:28:52] 草莓冰酪: 原来数字梗只有玩到自己头上才管啊
[2026-02-22 02:28:52] LvvsiN: 你为什么要把mαjor禁了，我收藏的一半弹幕全毁了
[2026-02-22 02:28:52] 有你便是世界1: 克鲁日观众：蒙古的战鼓，让我想起了不好的东西。。
[2026-02-22 02:28:52] 剑崎梨梨花: 数字载物，你们不要刷了，数字玩神，365
[2026-02-22 02:28:52] zzzira: 阿雨：小优是谁啊
[2026-02-22 02:28:54] cornkiner: 这么多蒙美怎么没哦啊
[2026-02-22 02:28:54] 墨本海人: 妮扣又在煸鼓了。。。
[2026-02-22 02:28:54] 安分小已的小青春: 原来数字梗只有玩到自己头上才管啊
[2026-02-22 02:28:55] 我不是闪烁啊: 银行业一样一样有有有也会有h'yughty't'y'r's'c'dn
[2026-02-22 02:28:55] n0Pac: 原来数字梗只有玩到自己头上才管啊
[2026-02-22 02:28:55] 马猴烧酒小地瓜: 我是小U，我太舒服了
[2026-02-22 02:28:55] LvvsiN: 额，拿亚军我都会，拿亚军，拿季军，拿四强，拿八强，拿十六强，呃拿冠军我不会，然后小组赛淘汰
[2026-02-22 02:28:55] AmamiyaIori:     原来数字梗只有玩到自己头上才管啊
[2026-02-22 02:28:55] 无伟契约: @doinb：还真是
[2026-02-22 02:28:55] 纸漓: 原来数字梗只有玩到自己头上才管啊
[2026-02-22 02:28:55] 幼稚的虫圭: 数字布罗利和他的数字主人 数字布罗利和他的数字主人
[2026-02-22 02:28:55] -小佐内由纪-: 能不能把冰粉全部禁言了啊，晦气死了
[2026-02-22 02:28:55] 专看玩机器的号: 载物这种小组赛虐菜，进场馆被人一脚踢死的，还真不配（我不是海参粉丝）
[2026-02-22 02:28:55] S1natra: 数字载物，你们不要刷了，数字玩神，365
[2026-02-22 02:28:55] Vitality的羽贺文乃本人: 等着吧，我这就去大b哪里刷
[2026-02-22 02:28:55] 晚风带来想念: 小幽是谁
[2026-02-22 02:28:56] 杺毓: 冷知识：布罗利买黑蛋买错买成20rmr皮蛋了
[2026-02-22 02:28:57] 城之内悠二丶: doinb:小幽太舒服了是什么意思
[2026-02-22 02:28:57] FSX找不到心仪女朋友: 小优又是哪个业界新人？小优又是哪个业界新人？
[2026-02-22 02:28:57] 最后之作146: 66778899
[2026-02-22 02:28:57] 要一起好好努力: 冷知识：布罗利5000个小时B+
[2026-02-22 02:28:57] Jaindow: 这么多蒙美怎么没哦啊
[2026-02-22 02:28:57] arcticdawn: doinb：小幽太舒服是什么意思
[2026-02-22 02:28:57] 木末暮鸦: 小悠是谁
[2026-02-22 02:28:57] LvvsiN: 其实碗橱就是猪灵，你不拿黄金丢他他就不跟你说话
[2026-02-22 02:28:57] 沐苏牛大无需多言: 机器想笑就笑吧，蜂美要是还给你爆 米那是真的啥X了
[2026-02-22 02:28:58] 刘亦博之孙: 👏🏻👏🏻 👏🏻👏🏻👏🏻 👏🏻👏🏻👏🏻👏🏻MongolZ
[2026-02-22 02:28:58] zzznnni: 有懂哥说一下数字梗是什么意思吗。。跟着刷了半天也不知道什么意思
[2026-02-22 02:28:58] 玩蛇鼠丶stabbi: 数字载物，你们不要刷了，数字玩神，365
[2026-02-22 02:28:59] LvvsiN: 就tm喜欢银行业🥰银行坏账我喜欢🥰银行挤兑我还喜欢😍利率调低我也喜欢🤤老子亲烂银行业的脸😘
[2026-02-22 02:28:59] 初霜prpr: 数字载物，你们不要刷了，数字玩神，365
[2026-02-22 02:29:00] 冲上云霄的姨: 数字载物，你们不要刷了，数字玩神，365
[2026-02-22 02:29:00] 有你便是世界1: 克鲁日观众：蒙古的战鼓，让我想起了不好的东西。。、
[2026-02-22 02:29:00] 大颗寿司玩机器: 【斤乃】斧乃木难绷布罗利被玩机器抛弃，直言抛就抛了呗，我当年也是这样被抛，都差不多
[2026-02-22 02:29:00] FSX找不到心仪女朋友: 小优又是哪个业界新人？
[2026-02-22 02:29:00] 素6666: 谁是小优
[2026-02-22 02:29:00] 专看玩机器的号: 这个直播间就像是印度，环境恶臭，还充满了等级制度，时不时还有猪在叫
[2026-02-22 02:29:01] 古堡12枪战神: 别说，这么支持战队挺好的
[2026-02-22 02:29:01] LvvsiN: @阿汤日记：一个人，5发子弹，保住格陵兰岛。我不会叫它不可能完成的任务，我现在只想先回家看亦博
[2026-02-22 02:29:02] 有你便是世界1: 克鲁日观众：蒙古的战鼓，让我想起了不好的东西。。。
[2026-02-22 02:29:03] 夏空喵: @doinb：机器你什么意思？
[2026-02-22 02:29:03] 米米世界之神: 有懂哥说一下数字梗是什么意思吗。。跟着刷了半天也不知道什么意思
[2026-02-22 02:29:03] 我不是闪烁啊: 银行业一样一样有有有也会有h'yughty't'y'r's'c'dn
[2026-02-22 02:29:03] 还有时间日落之前: @布罗利 1年前：这辈子也就玩玩最便宜的饰品这点出息了🤣🤣🤣
[2026-02-22 02:29:03] LvvsiN: 孩子们快跑，马修赫伯特来了😨卧槽你的怎么是马枪和BOT
[2026-02-22 02:29:03] 夜桜SaKurA7: 妮扣又在煸鼓了。。。
[2026-02-22 02:29:04] 我很想你火星人: doinb: 小悠太舒服了是什么意思
[2026-02-22 02:29:04] kon的mio本人: doinb：小幽太舒服是什么意思
[2026-02-22 02:29:05] wjnbsl: 数字载物，你们不要刷了，数字玩神，365
[2026-02-22 02:29:05] Ran然哥不太骚: 小优是谁
[2026-02-22 02:29:05] 好哥们华子: 玩机器原话：小幽太舒服了
[2026-02-22 02:29:05] LvvsiN: 孩子们快跑，马修赫伯特来了😨卧槽你的怎么是马枪和BOT
[2026-02-22 02:29:05] 小白菜爱萝卜: 数字载物，你们不要刷了，数字玩神，365
[2026-02-22 02:29:06] 金泰相的好室友:  @doinb：小幽太舒服是什么意思
[2026-02-22 02:29:06] 有你便是世界1: 克鲁日观众：蒙古的战鼓，让我想起了不好的东西。。。。
[2026-02-22 02:29:06] 唯有、责任: 冷知识：布罗利5000个小时B+
[2026-02-22 02:29:06] 阡陌ER: 布罗利Broli 02月12日 我参与了投票📊最喜欢选手 我投给了“Zywoo”
[2026-02-22 02:29:07] Faze的明日香本人: 弹幕耍疯咯
[2026-02-22 02:29:07] LvvsiN: 为什么房管封的不能给鱼丸……还以为今天晚上得吃了……
[2026-02-22 02:29:08] 凡呜呜呜呜: @布罗利Broli ：玩大哥地下室好冷🥶，旁边有个叫伟伟的已经不动了
[2026-02-22 02:29:08] Vitality的羽贺文乃本人: 这个直播间就像是印度，环境恶臭，还充满了等级制度，时不时还有猪在叫
[2026-02-22 02:29:08] 不是不想打只是爱解说: 蒙古也编了你怎么不评价一下
[2026-02-22 02:29:08] 有你便是世界1: 克鲁日观众：蒙古的战鼓，让我想起了不好的东西。。
[2026-02-22 02:29:08] 叛逆的源源李: 有人要急死了
[2026-02-22 02:29:09] LvvsiN: 其实碗橱就是猪灵，你不拿黄金丢他他就不跟你说话
[2026-02-22 02:29:09] 山竹手的柚子: 卧槽
[2026-02-22 02:29:10] 转身撞翻你: 怀念森孝大战裹尸布时代
[2026-02-22 02:29:11] eda778: 4k
[2026-02-22 02:29:11] 有你便是世界1: 克鲁日观众：蒙古的战鼓，让我想起了不好的东西。。。
[2026-02-22 02:29:11] zbq93: 克鲁日观众：蒙古的战鼓，让我想起了不好的东西。。、
[2026-02-22 02:29:11] 骑士Death: doinb：小幽太舒服是什么意思
[2026-02-22 02:29:11] 尛訫碎TwT: 进攻六分基本就是赢了，小蜜蜂的迷城进攻一坨
[2026-02-22 02:29:11] 玩机器厦面鄙骰大: 4K
[2026-02-22 02:29:11] 无敌都一定会的: 小优是谁
[2026-02-22 02:29:11] LvvsiN: 银行业😄银行业😀银行业😃银行业😁银行业😆银行业🤪银行业😝
[2026-02-22 02:29:12] csgo小茄子: @解说伟伟:机器，你2024年7月26日直播看我出丑的时候，有没有想到自己会有这一天
[2026-02-22 02:29:12] 小救星小杜DuD:  @doinb：小幽太舒服是什么意思
[2026-02-22 02:29:12] 时维鹰扬丶: ？
[2026-02-22 02:29:12] 用戶6657: 冷知识：布罗利5000个小时B+
[2026-02-22 02:29:12] z泽村英梨梨i: 这里是小天啊：哦牛批还有这种养俩个月死士就让上战场的。。。
[2026-02-22 02:29:12] 玩玩今天吃什么: 冷知识：布罗利5000个小时B+
[2026-02-22 02:29:12] gggaligeigei: 数字载物，你们不要刷了，数字玩神，365
[2026-02-22 02:29:12] 玩龟的神头: 蒙古也编了你怎么不评价一下
[2026-02-22 02:29:12] 用户0715022066: 大家千万不要给steamid407167909的账号发送交易报价再举报啊，我知道大家不知道就是提一句
[2026-02-22 02:29:12] 清风浮过丶: 😯
[2026-02-22 02:29:12] 薛定谔的萝莉喵: fw
[2026-02-22 02:29:13] 正经猪头肉: 4K
[2026-02-22 02:29:13] 另一个世界7: @布罗利 1年前：这辈子也就玩玩最便宜的饰品这点出息了🤣🤣🤣
[2026-02-22 02:29:13] 来挖掘: 4K！
[2026-02-22 02:29:13] 左颜And1: 布罗利Broli 02月12日 我参与了投票📊最喜欢选手 我投给了“Zywoo”
[2026-02-22 02:29:13] 有你便是世界1: 克鲁日观众：蒙古的战鼓，让我想起了不好的东西。。
[2026-02-22 02:29:13] 迪奥雷: 什么补枪
[2026-02-22 02:29:14] 玩蛇鼠丶stabbi: 冷知识：布罗利5000个小时B+
[2026-02-22 02:29:14] 橙黄双翼: FW
[2026-02-22 02:29:14] 冬瓜不在家偷偷玩机器: 马可波罗！
[2026-02-22 02:29:14] myself0725: 感觉图三了
[2026-02-22 02:29:15] 翅膀05: aced
[2026-02-22 02:29:15] 用户5608006019: 克鲁日观众：蒙古的战鼓，让我想起了不好的东西。。。
[2026-02-22 02:29:15] 秋茶小雪: 6666
[2026-02-22 02:29:15] 潇洒大概: 4k
[2026-02-22 02:29:15] LvvsiN: 弹幕别吵了，银行业一样一样有有有也会有h'y'hui't'y'r's'c'dn
[2026-02-22 02:29:16] 用户0715022066: 大家千万不要给steamid407167909的账号发送交易报价再举报啊，我知道大家不知道就是提一句
[2026-02-22 02:29:16] 不跟你多喵喵: B小一个马可波罗
[2026-02-22 02:29:16] wuyanblabla: 4K
[2026-02-22 02:29:16] 给你给我i: 点了点了
[2026-02-22 02:29:16] 正经猪头肉: 4K
[2026-02-22 02:29:16] 来自欧派星球: 杀！大汗杀！
[2026-02-22 02:29:17] 肆拾肆啊: 卧槽
[2026-02-22 02:29:17] 黑白玄鸟: 4K！
[2026-02-22 02:29:17] mujica的长崎素世本人: 怀念森孝大战裹尸布时代
[2026-02-22 02:29:17] 那就点: ewc4k
[2026-02-22 02:29:17] 古堡12枪战神: 4K
[2026-02-22 02:29:17] 泪水的冷冽: 互相白
[2026-02-22 02:29:17] 好姐妹八幡海铃丶: 冷知识：布罗利5000个小时B+
[2026-02-22 02:29:17] 有你便是世界1: 克鲁日观众：蒙古的战鼓，让我想起了不好的东西。。
[2026-02-22 02:29:18] 我不是闪烁啊: 银行业一样一样有有有也会有h'yughty't'y'r's'c'dn
[2026-02-22 02:29:18] 小悠的海梓: doinb：小幽太舒服是什么意思
[2026-02-22 02:29:18] FaZe的伊地知虹夏本人: 冷知识：布罗利5000个小时B+
[2026-02-22 02:29:18] sarbest: 感觉图三了
[2026-02-22 02:29:18] 鲜血与暗影铸造的家伙: 好闪
[2026-02-22 02:29:19] 小救星小杜DuD: 冷知识：布罗利5000个小时B+
[2026-02-22 02:29:19] 用户02938034: fw
[2026-02-22 02:29:19] 游荡的小病毒zZ: 卧槽 这反刷
[2026-02-22 02:29:19] 帕金斯加内特罗宾逊: 4K
[2026-02-22 02:29:19] Allieria: 马可波罗
[2026-02-22 02:29:19] 鸭硕的哈撒给: 冷知识：布罗利5000个小时B+
[2026-02-22 02:29:20] 西安枪男niko: 4k，4k了
[2026-02-22 02:29:20] 木林森969585: 4K
[2026-02-22 02:29:20] 好姐妹凑阿夸: 蒙美比鹰美有素质
[2026-02-22 02:29:20] 专看玩机器的号: doinb：小幽太舒服是什么意思
[2026-02-22 02:29:20] 康托尔74920:  @zbq93：克鲁日观众：蒙古的战鼓，让我想起了不好的东西。。、
[2026-02-22 02:29:20] 玩机器厦面鄙骰大: 圣枪游侠
[2026-02-22 02:29:21] 纯粹灵岩: 爽
[2026-02-22 02:29:21] Agan阿肝阿甘: 来劲
[2026-02-22 02:29:21] 玩血狼丶Bloodywolf: b马克
[2026-02-22 02:29:21] 无情大强哥: 啧啧啧
[2026-02-22 02:29:21] 迷你世界丁真学姐1: 冷知识：布罗利5000个小时B+
[2026-02-22 02:29:21] 李小小与虾大大: 伟伟，时机到了，你发起一个关于玩机器的投票吧
[2026-02-22 02:29:21] TheMongolZ的上单本人: 冷知识：布罗利5000个小时B+
[2026-02-22 02:29:22] 子牛旅馆: 感觉图三了
[2026-02-22 02:29:22] 麦当勞汉堡: gdxv
[2026-02-22 02:29:22] TyrantThaw: 666
[2026-02-22 02:29:22] Justin036: 其实碗橱就是猪灵，你不拿黄金丢他他就不跟你说话
[2026-02-22 02:29:22] 有你便是世界1: 克鲁日观众：蒙古的战鼓，让我想起了不好的东西。。。
[2026-02-22 02:29:22] 小朋友Lyc: 马可波罗
[2026-02-22 02:29:23] 云边有条小侏如: 冷知识：布罗利5000个小时B+
[2026-02-22 02:29:23] 鹌鹑必成战神: 冷知识：布罗利5000个小时B+
[2026-02-22 02:29:23] 人生无喜剧: 　　　 银行业一样一样有有有也会有h'yughty't'y'r's'c'dn
[2026-02-22 02:29:23] 墨本海人: 4k，4k了
[2026-02-22 02:29:23] 玩弓箭、Arrow: @布罗利 （买黑蛋前版)：这辈子也就玩玩最便宜的饰品这点出息了🤣🤣🤣
[2026-02-22 02:29:26] 白桦mole: @布罗利：骂一个封不了人的前房管骂锤子啊
[2026-02-22 02:29:26] 妖艳阿卡莎: 冷知识：布罗利5000个小时B+
[2026-02-22 02:29:26] 小蜜蜂载物本人: 冷知识：布罗利5000个小时B+
[2026-02-22 02:29:26] fanxing繁星: 4k4k
[2026-02-22 02:29:26] ZLG彪winner: 大家千万不要给steamid407167909的账号发送交易报价再举报啊，我知道大家不知道就是提一句
[2026-02-22 02:29:26] illionOnly: 杀！大汗杀！
[2026-02-22 02:29:26] TL的EliGE本人: 冷知识：布罗利5000个小时B+
[2026-02-22 02:29:26] KixKira: 冷知识：布罗利5000个小时B+
[2026-02-22 02:29:26] 一滴HitoShizuku: 冷知识：布罗利5000个小时B+
[2026-02-22 02:29:26] 12312312312dfsdfs: 女的
[2026-02-22 02:29:26] 李神神神神: 冷知识：布罗利5000个小时B+
[2026-02-22 02:29:26] 吉吉的Niko本人: 数字布罗利和他的数字主人
数字布罗利和他的数字主人
[2026-02-22 02:29:26] Vitality的羽贺文乃本人: 银行业一样一样有有有也会有h'yughty't'y'r's'c'dn
[2026-02-22 02:29:26] Z伊卡洛斯Z: 冷知识：布罗利5000个小时B+
[2026-02-22 02:29:27] 玩机器厦面鄙骰大: 圣枪游侠！！嘟嘟嘟嘟嘟嘟！
[2026-02-22 02:29:27] Yuusuke95: 冷知识：布罗利5000个小时B+
[2026-02-22 02:29:27] LvvsiN: 为什么房管封的不能给鱼丸……还以为今天晚上得吃了……
[2026-02-22 02:29:27] MasanQwQ: 孩子们快跑，马修赫伯特来了😨卧槽你的怎么是马枪和BOT
[2026-02-22 02:29:27] 波浪时光: 准
[2026-02-22 02:29:27] 用户6690458103: 冷知识：布罗利5000个小时B+
[2026-02-22 02:29:29] Abyss丶珈百璃: 冷知识：布罗利5000个小时B+
[2026-02-22 02:29:29] 玩机器今晚还播吗: 冷知识：布罗利5000个小时B+
[2026-02-22 02:29:29] 向日葵Samurai: 能不能加
[2026-02-22 02:29:29] IF的灰爱音本人: 伟伟，时机到了，你发起一个关于玩机器的投票吧
[2026-02-22 02:29:29] 曲奇三梦: 冷知识：布罗利5000个小时B+
[2026-02-22 02:29:29] Schnuffels: 感觉图二了
[2026-02-22 02:29:29] jamesfaith23: 4K
[2026-02-22 02:29:29] 废柴118: 　　　 doinb：小幽太舒服是什么意思
[2026-02-22 02:29:30] 好的好的阖家: 冷知识：布罗利5000个小时B+
[2026-02-22 02:29:30] 有你便是世界1: 克鲁日观众：蒙古的战鼓，让我想起了不好的东西。。。
[2026-02-22 02:29:30] 我也是加把劲骑士: 马可波罗
[2026-02-22 02:29:30] 千早爱音desu: 冷知识：布罗利5000个小时B+
[2026-02-22 02:29:30] 玩Mach1ne丶机器: 冷知识：布罗利5000个小时B+
[2026-02-22 02:29:30] 丶小恐龙丶: 冷知识：布罗利5000个小时B+
[2026-02-22 02:29:30] 芜湖小能手: 冷知识：布罗利5000个小时B+
[2026-02-22 02:29:30] 用户9921747043: 冷知识：布罗利5000个小时B+
[2026-02-22 02:29:30] Wi1en: 这和奥斯汀一模一样啊
[2026-02-22 02:29:30] 我不是闪烁啊: 银行业一样一样有有有也会有h'yughty't'y'r's'c'dn
[2026-02-22 02:29:30] 保持冷静helhao: 伟伟，时机到了，你发起一个关于玩机器的投票吧
[2026-02-22 02:29:30] 双髻鲨属的東雪蓮一头: EWC4k
[2026-02-22 02:29:30] 结束乐队的kitakitan本人: 冷知识：布罗利5000个小时B+
[2026-02-22 02:29:30] DOLLARS游马崎沃克本人: 银行业一样一样有有有也会有h'yughty't'y'r's'c'dn
[2026-02-22 02:29:30] RocketTheRaccoon: 冷知识：布罗利5000个小时B+
[2026-02-22 02:29:30] 城之内悠二丶: 冷知识：布罗利5000个小时B+
[2026-02-22 02:29:30] 薯条汉堡1: 冷知识：布罗利5000个小时B+
[2026-02-22 02:29:30] 古堡12枪战神: K王朝了，有感觉吗？
[2026-02-22 02:29:30] XCChieri: 冷知识：布罗利5000个小时B+
[2026-02-22 02:29:30] 空有无垠: Niko又在煸鼓了。。。。
[2026-02-22 02:29:30] AiLuoLi1413: 冷知识：布罗利5000个小时B+
[2026-02-22 02:29:31] 动物朋友哈基米: 冷知识：布罗利5000个小时B+
[2026-02-22 02:29:31] 全针教小贱人: 4k双枪不杀人
[2026-02-22 02:29:31] 黑衣小胖: 冷知识：布罗利5000个小时B+
[2026-02-22 02:29:31] cornkiner: 冷知识：布罗利5000个小时B+
[2026-02-22 02:29:31] 玩血狼丶Bloodywolf: b点一个马克
[2026-02-22 02:29:31] Peko-: 冷知识：布罗利5000个小时B+
[2026-02-22 02:29:31] GanadoLluviA: 石油杯mvp
[2026-02-22 02:29:31] 杺毓: 冷知识：布罗利5000个小时B+
[2026-02-22 02:29:31] 爱淡茶未凉:  @布罗利：骂一个封不了人的前房管骂锤子啊
[2026-02-22 02:29:31] UFO233: 冷知识：布罗利5000个小时B+
[2026-02-22 02:29:32] LvvsiN: 弹幕也就网上说说，现实里谁不觉得樱姐是好女孩（删括号领一条远坂凛同款鸟笼）
[2026-02-22 02:29:32] 吉吉唢呐: 2021／5／5 布罗利Broli:
..说的跟niko低simple一档一样 不管从荣誉还是数据 
[2026-02-22 02:29:32] -小佐内由纪-: 大家千万不要给steamid407167909的账号发送交易报价再举报
[2026-02-22 02:29:32] 拍拍小天使: 冷知识：布罗利5000个小时B+
[2026-02-22 02:29:32] chanceuxzz: 冷知识：布罗利5000个小时B+
[2026-02-22 02:29:33] 我只看人机局: b小一个马克
[2026-02-22 02:29:33] Machine拾玖: 冷知识：布罗利5000个小时B+
[2026-02-22 02:29:33] 胡椒胡椒胡椒胡椒胡椒: 冷知识：布罗利5000个小时B+
[2026-02-22 02:29:33] 专看玩机器的号: 　　　 孩子们快跑，马修赫伯特来了😨卧槽你的怎么是马枪和BOT
[2026-02-22 02:29:33] 梦想是独立自由: 4k又不菜了？
[2026-02-22 02:29:33] qboss799: 冷知识：布罗利5000个小时B+
[2026-02-22 02:29:34] 我木JJ怕个锤子: 冷知识：布罗利5000个小时B+
[2026-02-22 02:29:34] 小巷弯弯: 马修赫伯特来了
[2026-02-22 02:29:34] IsemiTina: 冷知识：布罗利5000个小时B+
[2026-02-22 02:29:34] 萝伯丝比尔: 如果你们认为羞辱一个高位接盘黑蛋家里裂墙鼻毛很长的尼孝房管很有成就感的话，请继续
[2026-02-22 02:29:35] 撒浪嘿呦0v0: 冷知识：布罗利5000个小时B+
[2026-02-22 02:29:35] 爱丽丝比蒂法可爱10倍: 冷知识：布罗利5000个小时B+
[2026-02-22 02:29:35] 好兄弟鲁迪乌斯: senzu脸色不对了
[2026-02-22 02:29:36] L0ost: 冷知识：布罗利5000个小时B+
[2026-02-22 02:29:36] 三角初华世界第一美: 　　　 银行业一样一样有有有也会有h'yughty't'y'r's'c'dn
[2026-02-22 02:29:36] 阡陌ER: 冷知识：布罗利5000个小时B+
[2026-02-22 02:29:36] 德莉莎超可矮: 冷知识：布罗利5000个小时B+
[2026-02-22 02:29:36] HisuiHearts: 伟伟，时机到了，你发起一个关于玩机器的投票吧
[2026-02-22 02:29:36] 77一定会是我的: 布罗利IP怎么在河北石家庄啊
[2026-02-22 02:29:37] 八重森彌妮: Niko又在煸鼓了。。。。
[2026-02-22 02:29:37] 鸭硕的哈撒给: 冷知识：布罗利5000个小时B+
[2026-02-22 02:29:37] LaifuoO来福oO: 冷知识：布罗利5000个小时B+
[2026-02-22 02:29:37] 麦当勞汉堡: 玩孝6658玩孝6658玩孝6658玩孝6658玩孝6658玩孝6658玩孝6658玩孝6658
[2026-02-22 02:29:37] 潇洒大概: 冷知识：布罗利5000个小时B+
[2026-02-22 02:29:37] him0315: 　　　 孩子们快跑，马修赫伯特来了😨卧槽你的怎么是马枪和BOT
[2026-02-22 02:29:37] 宫监手放监: 冷知识：布罗利5000个小时B+
[2026-02-22 02:29:38] 灯灭人未眠: 冷知识：布罗利5000个小时B+
[2026-02-22 02:29:38] HapCam: 冷知识：布罗利5000个小时B+
[2026-02-22 02:29:38] 三上四下: 我白啦🤬我白啦🤬我吃闪啦🤪我白啦🤬我白啦🤬我吃闪啦🤪我白啦🤬我白啦🤬我吃闪啦🤪我白
[2026-02-22 02:29:38] 你笑起来很撩: 冷知识：布罗利5000个小时B+
[2026-02-22 02:29:38] Agan阿肝阿甘: 杀！大汗杀！
[2026-02-22 02:29:39] 用户65052344: 冷知识：布罗利5000个小时B+
[2026-02-22 02:29:39] 吉吉的Niko本人: 数字布罗利和他的数字主人
数字布罗利和他的数字主人
[2026-02-22 02:29:39] shadow彡跨擦: 这双枪又快又准
[2026-02-22 02:29:39] gawinnn: 世一米
[2026-02-22 02:29:40] LvvsiN: 弹幕别吵了，银行业一样一样有有有也会有h'y'hui't'y'r's'c'dn
[2026-02-22 02:29:40] yuuuuua7: 冰冰器器和好吧😭😭
[2026-02-22 02:29:40] 纪川6657: 冷知识：布罗利5000个小时B+
[2026-02-22 02:29:40] 用户7965707956: 冷知识：布罗利5000个小时B+
[2026-02-22 02:29:40] 春花敲可爱的啦: 冷知识：布罗利5000个小时B+
[2026-02-22 02:29:41] 用户2377620545: 弹幕也就网上说说，现实里谁不觉得樱姐是好女孩（删括号领一条远坂凛同款鸟笼）
[2026-02-22 02:29:41] 我不是闪烁啊: 银行业一样一样有有有也会有h'yughty't'y'r's'c'dn
[2026-02-22 02:29:41] emmmm452: 冷知识：布罗利5000个小时B+
[2026-02-22 02:29:41] 来挖掘: 这是真4K，不是玩大哥的假2K
[2026-02-22 02:29:42] -小佐内由纪-: 冷知识：布罗利5000个小时B+
[2026-02-22 02:29:42] LvvsiN: 银行业😄银行业😀银行业😃银行业😁银行业😆银行业🤪银行业😝
[2026-02-22 02:29:42] 要一起好好努力: 冷知识：布罗利5000个小时B+
[2026-02-22 02:29:42] 我只看人机局: 冷知识：布罗利5000个小时B+
[2026-02-22 02:29:42] 6657Bullys1mple: 冷知识：布罗利5000个小时B+
[2026-02-22 02:29:42] 擅长登山的亦博同学: 冷知识：布罗利5000个小时B+
[2026-02-22 02:29:42] Taniri: 冷知识：布罗利5000个小时B+
[2026-02-22 02:29:42] 绝食十年攒爱top3飞机: 冷知识：布罗利5000个小时B+
[2026-02-22 02:29:43] JamesHarden10: 有种足球比赛的感觉 现场气氛真好
[2026-02-22 02:29:43] 伽蓝之堂的两仪式本人: 冷知识：布罗利5000个小时B+
[2026-02-22 02:29:43] F0restwOw-: 冷知识：布罗利5000个小时B+
[2026-02-22 02:29:43] 丶小恐龙丶: 冷知识：布罗利5000个小时B+
[2026-02-22 02:29:43] MiKingX: 弹幕刚才刷布罗利的牛劲儿呢？
[2026-02-22 02:29:43] 李神神神神: 冷知识：布罗利5000个小时B+
[2026-02-22 02:29:43] 三楼不如三箱: 冷知识：布罗利5000个小时B+
[2026-02-22 02:29:43] 大姜饼: 冷知识：布罗利5000个小时B+
[2026-02-22 02:29:44] Odike: @布罗利（完美B+）6个月前 :经典C+😂
[2026-02-22 02:29:44] 中奖我是大沙雕: 笑嘻了
[2026-02-22 02:29:44] 石家庄的刘亦博本人: 伟伟，时机到了，你发起一个关于玩机器的投票吧
[2026-02-22 02:29:44] 柠檬枪管: senzu：没意思，不看了
[2026-02-22 02:29:44] 爱淡茶未凉: 冷知识：布罗利5000个小时B+
[2026-02-22 02:29:44] NYU唯一铲车人: 冷知识：布罗利5000个小时B+
[2026-02-22 02:29:45] Hissgle: 冷知识：布罗利5000个小时B+
[2026-02-22 02:29:45] 给jee介绍女朋友: 冷知识：布罗利5000个小时B+
[2026-02-22 02:29:45] 玩玩的丸丸软又弹: 如果你们认为羞辱一个高位接盘黑蛋家里裂墙鼻毛很长的尼孝房管很有成就感的话，请继续
[2026-02-22 02:29:46] 波浪时光: 冰冰器器和好吧😭😭
[2026-02-22 02:29:46] 冬瓜不在家偷偷玩机器: 教练开心了
[2026-02-22 02:29:46] WE丶繁梦: techno*k
[2026-02-22 02:29:46] 冰冰冰冰冰氷冰: @布罗利：杀！大汗杀！
[2026-02-22 02:29:46] LvvsiN: 你为什么要把mαjor禁了，我收藏的一半弹幕全毁了
[2026-02-22 02:29:46] 夜来幽梦片江山: 冷知识：布罗利5000个小时B+
[2026-02-22 02:29:46] 机长家的华仔: 冷知识：布罗利5000个小时B+
[2026-02-22 02:29:46] 黑衣小胖: 冷知识：布罗利5000个小时B+
[2026-02-22 02:29:46] 潇洒大概: 是吗....为什么要和我说这些....
[2026-02-22 02:29:46] 河马爬爬爬: 银行业一样一样有有有也会有h'yughty't'y'r's'c'dn
[2026-02-22 02:29:46] 半城殇丶红尘: 冷知识：布罗利5000个小时B+
[2026-02-22 02:29:47] 野pig亨利28: 冷知识：布罗利5000个小时B+
[2026-02-22 02:29:47] 单推折纸11年: 冷知识：布罗利5000个小时B+
[2026-02-22 02:29:47] 山田凉来了: 弹幕也就网上说说，现实里谁不觉得樱姐是好女孩（删括号领一条远坂凛同款鸟笼）
[2026-02-22 02:29:47] 承認欲求: 这是真4K，不是玩大哥的假2K
[2026-02-22 02:29:48] viovvvvvvvon: 冷知识：布罗利5000个小时B+
[2026-02-22 02:29:48] 宫城县的仙台本人: 冷知识：布罗利5000个小时B+
[2026-02-22 02:29:48] 1504990711: 冷知识：布罗利5000个小时B+
[2026-02-22 02:29:48] 黑鳖王: 冷知识：布罗利5000个小时B+
[2026-02-22 02:29:48] Hissgle: 冷知识：布罗利5000个小时B+
[2026-02-22 02:29:48] 刊我秀你一脸: 　　　 这是真4K，不是玩大哥的假2K
[2026-02-22 02:29:49] 古堡12枪战神: 有种足球比赛的感觉 现场气氛真好
[2026-02-22 02:29:49] LaifuoO来福oO: 有种足球比赛的感觉 现场气氛真好
[2026-02-22 02:29:49] csgo小茄子: @解说伟伟:机器，你2024年7月26日直播看我出丑的时候，有没有想到自己会有这一天
[2026-02-22 02:29:49] 白鵉鳶OriGami: 我说一个比分6-13 进攻一分不拿
[2026-02-22 02:29:49] 热体温却无灵魂: 5000个小时太bt了
[2026-02-22 02:29:49] RnCcL: 冷知识：布罗利5000个小时B+
[2026-02-22 02:29:49] 碧蓝航线丶AzurLane: 伟伟，时机到了，你发起一个关于玩机器的投票吧
[2026-02-22 02:29:50] 安分小已的小青春: 冰冰器器和好吧😭😭
[2026-02-22 02:29:50] LvvsiN: 弹幕也就网上说说，现实里谁不觉得樱姐是好女孩（删括号领一条远坂凛同款鸟笼）
[2026-02-22 02:29:50] NoCenCo: 冷知识：布罗利5000个小时B+
[2026-02-22 02:29:50] 1泡泡壶茶1: 冷知识：布罗利5000个小时B+
[2026-02-22 02:29:50] racula: 伟伟，时机到了，你发起一个关于玩机器的投票吧
[2026-02-22 02:29:50] 姓黄小名肥仔: 冷知识：布罗利不是布欧，集结地球人力量的元气弹没用，在这刷弹幕闹麻了
[2026-02-22 02:29:51] 应感激忠心的伴侣: 冷知识：布罗利5000个小时B+
[2026-02-22 02:29:51] 玩嘉祺丶Ma: 教练开心了
[2026-02-22 02:29:51] 小橦橦橦橦: 冷知识：布罗利5000个小时B+
[2026-02-22 02:29:51] 小巷弯弯: @阿汤日记：一个人，5发子弹，保住格陵兰岛。我不会叫它不可能完成的任务，我现在只想先回家看亦博
[2026-02-22 02:29:51] 用户2262650671: 冷知识：布罗利5000个小时B+
[2026-02-22 02:29:51] 菜星冲冲冲: 冷知识：布罗利5000个小时B+
[2026-02-22 02:29:52] Haytham梓: 冷知识：布罗利5000个小时B+
[2026-02-22 02:29:52] 爱斯特音音: 如果你们认为羞辱一个高位接盘黑蛋家里裂墙鼻毛很长的尼孝房管很有成就感的话，请继续
[2026-02-22 02:29:52] LvvsiN: 弹幕别吵了，银行业一样一样有有有也会有h'y'hui't'y'r's'c'dn
[2026-02-22 02:29:52] 宫保鸡丁陈大仙: 这图蜜蜂搞毛啊，次次漏
[2026-02-22 02:29:53] 12312312312dfsdfs: 伟伟，时机到了，你发起一个关于玩机器的投票吧
[2026-02-22 02:29:53] SekaiKamiki: 冷知识：布罗利5000个小时B+
[2026-02-22 02:29:53] 诺零零零零零: 冷知识：布罗利5000个小时B+
[2026-02-22 02:29:53] 我不是闪烁啊: 银行业一样一样有有有也会有h'yughty't'y'r's'c'dn
[2026-02-22 02:29:54] 一寸灰Q: 冷知识：布罗利5000个小时B+
[2026-02-22 02:29:54] 玩大哥你的蚯蚓好小: 冷知识：布罗利5000个小时B+
[2026-02-22 02:29:54] LvvsiN: 我让你开双倍你二龙吗？老子荧光棒要过期了
[2026-02-22 02:29:54] 双髻鲨属的東雪蓮一头: 冷知识：布罗利5000个小时B+
[2026-02-22 02:29:54] 用户0715022066: 大家千万不要给steamid407167909的账号发送交易报价再举报啊，我知道大家不知道就是提一句
[2026-02-22 02:29:55] 端州余文樂: 蒙古这种指挥进攻爹味也太重了，有同感的姐妹吗
[2026-02-22 02:29:55] fmljz: 现在的B+不就是以前的C?
[2026-02-22 02:29:55] vbele987: @IM：那些蒙古人拿着那个🥁对我比划半天，然后放我走了，不知道干嘛
[2026-02-22 02:29:55] 江河湖海豹: 只有我觉得力排众议，舍身救主很浪漫吗？
[2026-02-22 02:29:55] 清风寄与明月: senzu（绝望的放羊）
[2026-02-22 02:29:56] 好的好的阖家: 5000小时b+还天天惦记那个b饰品还是早点去医院看看脑子吧
[2026-02-22 02:29:56] 纸漓: 冷知识：布罗利5000个小时B+
[2026-02-22 02:29:56] 萝伯丝比尔: 如果你们认为羞辱一个高位接盘黑蛋家里裂墙鼻毛很长5000小时b加的房管很有成就感的话，请继续
[2026-02-22 02:29:56] 那就点: senzu绝望的放羊
[2026-02-22 02:29:56] 为宫士郎: 有种足球比赛的感觉 现场气氛真好
[2026-02-22 02:29:56] LvvsiN: 南孚一节更比六节强，也就是一节南孚比六节南孚强，六节南孚比三十六节强，三十六节比二百一十六节强
[2026-02-22 02:29:56] G2的device本人: 核弹
[2026-02-22 02:29:56] 吉吉的Niko本人: 数字布罗利和他的数字主人
数字布罗利和他的数字主人
[2026-02-22 02:29:57] 7奥蕾莉亚7: 冷知识：布罗利5000个小时B+
[2026-02-22 02:29:57] 中奖我是大沙雕: 核弹
[2026-02-22 02:29:57] duoduofeizhuzi: 孩子们快跑，马修赫伯特来了😨卧槽你的怎么是马枪和BOT
[2026-02-22 02:29:57] kablmvyo: 天雷
[2026-02-22 02:29:58] 翅膀05: -10000
[2026-02-22 02:29:58] 用户0715022066: 冷知识：布罗利5000个小时B+
[2026-02-22 02:29:58] LvvsiN: 孩子们快跑，马修赫伯特来了😨卧槽你的怎么是马枪和BOT
[2026-02-22 02:29:58] 北巷aa: 冷知识：布罗利5000个小时B+
[2026-02-22 02:29:58] Z伊卡洛斯Z: 数字布罗利和他的数字主人
[2026-02-22 02:29:58] 我不是闪烁啊: 银行业一样一样有有有也会有h'yughty't'y'r's'c'dn
[2026-02-22 02:29:58] x星辰GGGGGG: 冰冰器器和好吧😭😭
[2026-02-22 02:29:59] Hissgle: 冷知识：布罗利5000个小时B+
[2026-02-22 02:29:59] Noria丶: 核弹
[2026-02-22 02:29:59] 长宁金城武: 吃饱了
[2026-02-22 02:29:59] 姓黄小名肥仔: 冷知识：布罗利不是布欧，集结地球人力量的元气弹没用，在这刷弹幕闹麻了
[2026-02-22 02:29:59] SchUmiFan4eVeR: 蒙古又是经典mirage图一乐
[2026-02-22 02:30:00] 小白菜爱萝卜: 弹幕别吵了，银行业一样一样有有有也会有h'y'hui't'y'r's'c'dn
[2026-02-22 02:30:00] LvvsiN: 弹幕也就网上说说，现实里谁不觉得樱姐是好女孩（删括号领一条远坂凛同款鸟笼）
[2026-02-22 02:30:01] 解说就是胡说machine: @解说伟伟:机器，你2024年7月26日直播看我出丑的时候，有没有想到自己会有这一天
[2026-02-22 02:30:01] 法尼丶瓦伦泰D4C: 冷知识：布罗利买黑蛋买错买成20rmr皮蛋了
[2026-02-22 02:30:02] StayNig: 布罗利就是不如卡卡罗特啊
[2026-02-22 02:30:02] 秋茶小雪: -150
[2026-02-22 02:30:02] 许血呐: 5000小时b+还天天惦记那个b饰品还是早点去医院看看脑子吧
[2026-02-22 02:30:02] LvvsiN: 为什么房管封的不能给鱼丸……还以为今天晚上得吃了……
[2026-02-22 02:30:02] 用户0083645032: 决赛蒙古vsPV也很精彩啊（🫣🎁🚀*0✈️*0）
[2026-02-22 02:30:03] 滑稽乂逗比: 只有我觉得力排众议，舍身救主很浪漫吗？
[2026-02-22 02:30:03] 臣雎: 冷知识：布罗利5000个小时B+
[2026-02-22 02:30:04] 不跟你多喵喵: 匪八分前敢飞？
[2026-02-22 02:30:04] LvvsiN: 南孚一节更比六节强，也就是一节南孚比六节南孚强，六节南孚比三十六节强，三十六节比二百一十六节强
[2026-02-22 02:30:04] KouKouJoe: 马可波罗🔫🔫
[2026-02-22 02:30:04] 另一个世界7: 冷知识：布罗利5000个小时B+
[2026-02-22 02:30:05] 我不是闪烁啊: 银行业一样一样有有有也会有h'yughty't'y'r's'c'dn
[2026-02-22 02:30:05] xOcOg: 5k小时b+有什么好笑的，布罗利官匹4千分呢。。。
[2026-02-22 02:30:06] LvvsiN: 你屏蔽词都快赶上新华词典了为什么不干脆开一百级发言？
[2026-02-22 02:30:07] MataXian: 冷知识：布罗利买黑蛋买错买成20rmr皮蛋了
[2026-02-22 02:30:07] 菜星冲冲冲: 滑溜
[2026-02-22 02:30:07] 稳稳稳: 决赛蒙古vsPV也很精彩啊（🫣🎁🚀*0✈️*0）
[2026-02-22 02:30:08] 云边有条小侏如: 5000小时b+还天天惦记那个b饰品还是早点去医院看看脑子吧
[2026-02-22 02:30:08] 想你的你的不: 冷知识：布罗利5000个小时B+
[2026-02-22 02:30:08] N1coZer4: @解说伟伟:机器，你2024年7月26日直播看我出丑的时候，有没有想到自己会有这一天
[2026-02-22 02:30:08] Vitality的羽贺文乃本人: 银行业一样一样有有有也会有h'yughty't'y'r's'c'dn
[2026-02-22 02:30:08] LvvsiN: 银行业😄银行业😀银行业😃银行业😁银行业😆银行业🤪银行业😝
[2026-02-22 02:30:08] 压缩vs蛮晚: 如果你们认为羞辱一个高位接盘黑蛋家里裂墙鼻毛很长的尼孝房管很有成就感的话，请继续
[2026-02-22 02:30:08] 刘亦博爱郑哲伟: @马超丶逆天：如果你们认为羞辱一个高位接盘黑蛋家里裂墙鼻毛很长的尼孝房管很有成就感的话，请继续
[2026-02-22 02:30:09] 用户0083645032: 决赛蒙古vsPV也很精彩啊（🫣🎁🚀*0✈️*0）
[2026-02-22 02:30:09] Mortnotz: 冷知识：布罗利5000个小时B+
[2026-02-22 02:30:09] 无刺有刺的安和昴本人: 布罗利Broli 2月8日投稿了视频 崩坏：星穹铁道创作者激励计划
[2026-02-22 02:30:10] XCChieri: 冷知识：布罗利买黑蛋买错买成20rmr皮蛋了
[2026-02-22 02:30:10] 拜仁每一分都是传奇: 冷知识：布罗利5000个小时B+
[2026-02-22 02:30:10] 驴驴伟伟major冠军: 卧槽布罗利把他爸帕拉伽斯杀了😭
[2026-02-22 02:30:10] LvvsiN: 为什么房管封的不能给鱼丸……还以为今天晚上得吃了……
[2026-02-22 02:30:10] 阿瓦伊莉雅: 额……鱼鱼症 额然后博同情 额……记得囤黑蛋 额……还有什么我忘了
[2026-02-22 02:30:10] 甘织玲奈子本人: 只有我觉得力排众议，舍身救主很浪漫吗？
[2026-02-22 02:30:10] 用户5608006019: 决赛蒙古vsPV也很精彩啊（🫣🎁🚀*0✈️*0）
[2026-02-22 02:30:10] 夜来幽梦片江山: 如果你们认为羞辱一个高位接盘黑蛋家里裂墙鼻毛很长5000小时b加的房管很有成就感的话，请继续
[2026-02-22 02:30:11] cornkiner: 数字布罗利和他的数字主人
[2026-02-22 02:30:11] 偷鸡蛋的玩机器本人o: 决赛蒙古vsPV也很精彩啊（🫣🎁🚀*0✈️*0）
[2026-02-22 02:30:11] 我不是闪烁啊: 银行业一样一样有有有也会有h'yughty't'y'r's'c'dn
[2026-02-22 02:30:11] 老人星的优秀素质本人: 只有我觉得力排众议，舍身救主很浪漫吗？
[2026-02-22 02:30:11] 鹌鹑必成战神: 只有我觉得力排众议，舍身救主很浪漫吗？
[2026-02-22 02:30:11] 小怪兽8692: Niko是人？
[2026-02-22 02:30:11] LaifuoO来福oO: 5k小时b+有什么好笑的，布罗利官匹4千分呢。。。
[2026-02-22 02:30:12] 哈基鹅大王: 5k小时b+有什么好笑的，布罗利官匹4千分呢。。。
[2026-02-22 02:30:12] 玩师傅精益求精: 5k小时b+有什么好笑的，布罗利官匹4千分呢。。。
[2026-02-22 02:30:12] 用戶6657: @布罗利 3年前：用你看不起？小蜜蜂怎么玩都是小组第一，你是个P
[2026-02-22 02:30:12] 太行山积雪: 决赛蒙古vsPV也很精彩啊（🫣🎁🚀*0✈️*0）
[2026-02-22 02:30:12] 猫羽雫喵147: 冰冰器器和好吧😭😭冰冰器器和好吧😭😭冰冰器器和好吧😭
[2026-02-22 02:30:12] ykls的爱情结晶: 只有我觉得力排众议，舍身救主很浪漫吗？
[2026-02-22 02:30:12] LvvsiN: 我让你开双倍你二龙吗？老子荧光棒要过期了
[2026-02-22 02:30:12] Crythic的羊宫妃那本人: 冷知识：布罗利买黑蛋买错买成20rmr皮蛋了
[2026-02-22 02:30:13] 狗蛋会不会说话啊噗: 冷知识：布罗利5000个小时B+
[2026-02-22 02:30:13] 空有无垠: Niko又在煸鼓了。。。
[2026-02-22 02:30:13] 乆01727:     ropz转会小蜜蜂叫恶意抱团，尼孩抱团叫父子情，这个要分清楚
[2026-02-22 02:30:13] 羊驼主播: 只有我觉得力排众议，舍身救主很浪漫吗？
[2026-02-22 02:30:14] 结束乐队的kitakitan本人: 冷知识：布罗利买黑蛋买错买成20rmr皮蛋了
[2026-02-22 02:30:14] 萝伯丝比尔: 如果你们认为羞辱一个高位接盘黑蛋家里裂墙鼻毛很长5000小时b加的房管很有成就感的话，请继续
[2026-02-22 02:30:14] 星海羽弦: 决赛蒙古vsPV也很精彩啊（🫣🎁🚀*0✈️*0）
[2026-02-22 02:30:14] 妖精骑士梅柳齐娜: 决赛蒙古vsPV也很精彩啊（🫣🎁🚀*0✈️*0）
[2026-02-22 02:30:14] 卡卡卡茨比杨: 决赛蒙古vsPV也很精彩啊（🫣🎁🚀*0✈️*0）
[2026-02-22 02:30:14] LvvsiN: 孩子们快跑，马修赫伯特来了😨卧槽你的怎么是马枪和BOT
[2026-02-22 02:30:15] 好兄弟平湖家猪王: 🐝美慌不慌
[2026-02-22 02:30:15] 丶丶Ken丶丶: 决赛蒙古vsPV也很精彩啊（🫣🎁🚀*0✈️*0）
[2026-02-22 02:30:15] 贝拉K1rA: 5k小时b+有什么好笑的，布罗利官匹4千分呢。。。
[2026-02-22 02:30:15] Scarlettwithtearstain: 5k小时b+有什么好笑的，布罗利官匹4千分呢。。。
[2026-02-22 02:30:15] AiLuoLi1413: 你屏蔽词都快赶上新华词典了为什么不干脆开一百级发言？
[2026-02-22 02:30:16] IsemiTina: 布罗利Broli 2月8日投稿了视频 崩坏：星穹铁道创作者激励计划
[2026-02-22 02:30:16] DOLLARS游马崎沃克本人: @马超丶逆天：如果你们认为羞辱一个高位接盘黑蛋家里裂墙鼻毛很长的尼孝房管很有成就感的话，请继续
[2026-02-22 02:30:16] VP的电子哥本人: 5000小时b+可以说要么先天要么后天了
[2026-02-22 02:30:16] arcticdawn: 决赛蒙古vsPV也很精彩啊（🫣🎁🚀*0✈️*0）
[2026-02-22 02:30:16] 法尼丶瓦伦泰D4C: 冷知识：布罗利买黑蛋买错买成20rmr皮蛋了
[2026-02-22 02:30:16] LvvsiN: 弹幕别吵了，银行业一样一样有有有也会有h'y'hui't'y'r's'c'dn
[2026-02-22 02:30:17] 用戶6657: @布罗利 3年前：用你看不起？小蜜蜂怎么玩都是小组第一，你是个P
[2026-02-22 02:30:17] MataXian: 冷知识：布罗利买黑蛋买错买成20rmr皮蛋了
[2026-02-22 02:30:17] 用户0083645032: 决赛蒙古vsPV也很精彩啊（🫣🎁🚀*0✈️*0）
[2026-02-22 02:30:17] 乆01727: 只有我觉得力排众议，舍身救主很浪漫吗？
[2026-02-22 02:30:17] 春风如齐: 大家喷玩机器吧别喷布罗利了，纵容犯罪者有时候比犯罪这更畜。
[2026-02-22 02:30:17] 鸭硕的哈撒给: 5k小时b+有什么好笑的，布罗利官匹4千分呢。。。
[2026-02-22 02:30:17] 阿羞羞i: 决赛蒙古vsPV也很精彩啊（🫣🎁🚀*0✈️*0）
[2026-02-22 02:30:18] 我不是闪烁啊: 银行业一样一样有有有也会有h'yughty't'y'r's'c'dn
[2026-02-22 02:30:18] 企鹅物流安全屋: 决赛蒙古vsPV也很精彩啊（🫣🎁🚀*0✈️*0）
[2026-02-22 02:30:18] 墨本海人: 决赛蒙古vsPV也很精彩啊（🫣🎁🚀*0✈️*0）
[2026-02-22 02:30:18] 机器的亲爹Dupreeh本人: 额……鱼鱼症 额然后博同情 额……记得囤黑蛋 额……还有什么我忘了
[2026-02-22 02:30:18] LvvsiN: 银行业😄银行业😀银行业😃银行业😁银行业😆银行业🤪银行业😝
[2026-02-22 02:30:19] 潇洒大概: 感觉这个没意思啊，玩哥有没有那种扮演魔法少女辩论，输的人被赢的人处刑，你在中间禄冠的游戏喵~
[2026-02-22 02:30:19] 忽孝山庄: 　　　 决赛蒙古vsPV也很精彩啊（🫣🎁🚀*0✈️*0）
[2026-02-22 02:30:19] 鹅地霸霸: @布罗利：可以，我替你说心里话你把我卖了，玩机器你做人真的可以
[2026-02-22 02:30:19] 小橙子橙99999: @解说伟伟:机器，你2024年7月26日直播看我出丑的时候，有没有想到自己会有这一天
[2026-02-22 02:30:19] 好骚的名字丶: 冷知识：布罗利5000个小时B+
[2026-02-22 02:30:19] 帕金斯加内特罗宾逊: 决赛蒙古vsPV也很精彩啊（🫣🎁🚀*0✈️*0）
[2026-02-22 02:30:19] Odike: @玩机器：布罗利，这波我只能卖到底了。。。
[2026-02-22 02:30:20] 夜里喝咖啡: 决赛蒙古vsPV也很精彩啊（🫣🎁🚀*0✈️*0）
[2026-02-22 02:30:20] 鹌鹑必成战神: 卧槽布罗利把他爸帕拉伽斯杀了😭
[2026-02-22 02:30:20] 小爱同学学熊二说话: 决赛蒙古vsPV也很精彩啊（🫣🎁🚀*0✈️*0）
[2026-02-22 02:30:20] 李小小与虾大大: 布罗利Broli 2月8日投稿了视频 崩坏：星穹铁道创作者激励计划
[2026-02-22 02:30:20] 清风浮过丶: 决赛蒙古vsPV也很精彩啊（🫣🎁🚀*0✈️*0）
[2026-02-22 02:30:20] yuuuuua7: 哦哦哦哦哦哦哦哦哦哦哦哦😯😯😯
[2026-02-22 02:30:20] LvvsiN: 玩宝宝，我发现在大学上学的时候肄业会很舒服，你可以试试
[2026-02-22 02:30:21] 春风如齐: 大家喷玩机器吧别喷布罗利了，纵容犯罪者有时候比犯罪这更畜
[2026-02-22 02:30:21] shanweii: 决赛蒙古vsPV也很精彩啊（🫣🎁🚀*0✈️*0）
[2026-02-22 02:30:21] 乌鸦晒不黑: 5000小时B+诗人啊？4500小时都在社区服看饰品吧？
[2026-02-22 02:30:21] 麻辣火锅兔子: 银行业一样一样有有有也会有h'yughty't'y'r's'c'dn
[2026-02-22 02:30:21] AmamiyaIori: 如果你们认为羞辱一个高位接盘黑蛋家里裂墙鼻毛很长的尼孝房管很有成就感的话，请继续
[2026-02-22 02:30:22] 明天就和蕾塞结婚: 5k小时b+有什么好笑的，布罗利官匹4千分呢。。。
[2026-02-22 02:30:22] 白桦mole: @布罗利：骂一个封不了人的前房管骂锤子啊
[2026-02-22 02:30:22] 叫我阿洪就好: 决赛蒙古vsPV也很精彩啊（🫣🎁🚀*0✈️*0）
[2026-02-22 02:30:22] 夜绫雪l:     决赛蒙古vsPV也很精彩啊（🫣🎁🚀*0✈️*0）
[2026-02-22 02:30:22] NI夜猫君: 哦
[2026-02-22 02:30:22] LvvsiN: 弹幕别吵了，银行业一样一样有有有也会有h'y'hui't'y'r's'c'dn
[2026-02-22 02:30:23] 薛定谔的萝莉喵: 决赛蒙古vsPV也很精彩啊（🫣🎁🚀*0✈️*0）
[2026-02-22 02:30:24] 鹅地霸霸: @布罗利：我替你说心里话你把我卖了，玩机器你做人真的可以
[2026-02-22 02:30:24] 明日香惣流: 冷知识，弹幕起码一半的人完美没段位
[2026-02-22 02:30:24] vgcyt: 只有我觉得力排众议，舍身救主很浪漫吗？
[2026-02-22 02:30:24] 保持冷静helhao:  5k小时b+有什么好笑的，布罗利官匹4千分呢。。。
[2026-02-22 02:30:24] 昼夜流亡: 冷知识：布罗利买黑蛋买错买成20rmr皮蛋了
[2026-02-22 02:30:24] Altolier: 　　　 决赛蒙古vsPV也很精彩啊（🫣🎁🚀*0✈️*0）
[2026-02-22 02:30:24] 麦当勞汉堡: 玩孝六六五8玩孝六六五8玩孝六六五8玩孝六六五8玩孝六六五8玩孝六六五8
[2026-02-22 02:30:24] 哒哒哒89917:  @玩机器：布罗利，这波我只能卖到底了。。。
[2026-02-22 02:30:24] 解说玩机包: 冷知识：布罗利买黑蛋买错买成20rmr皮蛋了
[2026-02-22 02:30:24] 北宇治拳王久石奏: 原来没有猎鹰比赛的观众气氛这么好。。。
[2026-02-22 02:30:24] 灵犀Quentin: -150的也太好笑了
[2026-02-22 02:30:25] ppqi七亚七: 决赛蒙古vsPV也很精彩啊（🫣🎁🚀*0✈️*0）
[2026-02-22 02:30:25] 春风如齐: 大家喷玩机器吧别喷布罗利了，纵容犯罪者有时候比犯罪这更畜。
[2026-02-22 02:30:25] 結城希亞: 冷处理喽😄，冷处理喽😊，冷处理喽😌，冷处理喽🥳
[2026-02-22 02:30:26] 微笑灬雨凝: 5000小时B+诗人啊？4500小时都在社区服看饰品吧？
[2026-02-22 02:30:26] 春花敲可爱的啦: 卧槽布罗利把他爸帕拉伽斯杀了😭
[2026-02-22 02:30:26] 无刺有刺的安和昴本人: 决赛蒙古vsPV也很精彩啊（🫣🎁🚀*0✈️*0）
[2026-02-22 02:30:26] HisuiHearts: 5k小时b+有什么好笑的，布罗利官匹4千分呢。。。
[2026-02-22 02:30:26] 用戶6657: @布罗利 3年前：用你看不起？小蜜蜂怎么玩都是小组第一，你是个P
[2026-02-22 02:30:26] 玩海贼、mOnesy: 如果你们认为羞辱一个高位接盘黑蛋家里裂墙鼻毛很长5000小时b加的房管很有成就感的话，请继续
[2026-02-22 02:30:26] 用户0083645032: 决赛蒙古vsPV也很精彩啊（🫣🎁🚀*0✈️*0）
[2026-02-22 02:30:27] 吉吉的Niko本人: 数字布罗利和他的数字主人
数字布罗利和他的数字主人
[2026-02-22 02:30:27] 秋茶小雪: 怎么没人刷150，是算不过来了吗
[2026-02-22 02:30:27] 杰斌候入长峪城:     决赛蒙古vsPV也很精彩啊（🫣🎁🚀*0✈️*0）
[2026-02-22 02:30:27] 小白菜爱萝卜: @玩机器：布罗利，这波我只能卖到底了。。。
[2026-02-22 02:30:27] 好姐妹太卜司符玄: @布罗利 3年前：用你看不起？小蜜蜂怎么玩都是小组第一，你是个P
[2026-02-22 02:30:27] 膜能稽甲: 决赛蒙古vsPV也很精彩啊（🫣🎁🚀*0✈️*0）
[2026-02-22 02:30:27] betterToWait丶xzs: 决赛蒙古vsPV也很精彩啊（🫣🎁🚀*0✈️*0）
[2026-02-22 02:30:28] MataXian: 冷知识：布罗利买黑蛋买错买成20rmr皮蛋了
[2026-02-22 02:30:28] 呆妹儿的姑父: @玩机器：布罗利，这波我只能卖到底了。。。
[2026-02-22 02:30:28] viovvvvvvvon: 5k小时b+有什么好笑的，布罗利官匹4千分呢。。。
[2026-02-22 02:30:29] 凛月尹: 决赛蒙古vsPV也很精彩啊（🫣🎁🚀*0✈️*0）
[2026-02-22 02:30:29] LvvsiN: 南孚一节更比六节强，也就是一节南孚比六节南孚强，六节南孚比三十六节强，三十六节比二百一十六节强
[2026-02-22 02:30:29] XCChieri: 5000小时B+诗人啊？4500小时都在社区服看饰品吧？
[2026-02-22 02:30:29] 绝食十年攒爱top3飞机: @布罗利：我替你说心里话你把我卖了，玩机器你做人真的可以
[2026-02-22 02:30:29] inflamer: 　　　 如果你们认为羞辱一个高位接盘黑蛋家里裂墙鼻毛很长的尼孝房管很有成就感的话，请继续
[2026-02-22 02:30:29] 狂野银幕长崎素世: 冷知识：布罗利买黑蛋买错买成20rmr皮蛋了
[2026-02-22 02:30:29] 我有个问题啊:     决赛蒙古vsPV也很精彩啊（🫣🎁🚀*0✈️*0）
[2026-02-22 02:30:30] 我也是加把劲骑士: 决赛蒙古vsPV也很精彩啊（🫣🎁🚀*0✈️*0）
[2026-02-22 02:30:30] 肾结石就得喝碳酸: 哦哦哦哦哦哦
[2026-02-22 02:30:30] 我不是闪烁啊: 银行业一样一样有有有也会有h'yughty't'y'r's'c'dn
[2026-02-22 02:30:30] 看死Herbaut就杀了你: 决赛蒙古vsPV也很精彩啊（🫣🎁🚀*0✈️*0）
[2026-02-22 02:30:30] 小白菜爱萝卜: @布罗利：我替你说心里话你把我卖了，玩机器你做人真的可以
[2026-02-22 02:30:31] LvvsiN: 你屏蔽词都快赶上新华词典了为什么不干脆开一百级发言？
[2026-02-22 02:30:31] 弱智骚年欢乐多: 布罗利Broli 2月8日投稿了视频 崩坏：星穹铁道创作者激励计划
[2026-02-22 02:30:31] ykls的爱情结晶: 卧槽布罗利把他爸帕拉伽斯杀了😭
[2026-02-22 02:30:31] JuL1us: @布罗利：骂一个封不了人的前房管骂锤子啊
[2026-02-22 02:30:31] 好姐妹妮可: -89-99-79，@-89：-79的是人吗？@-99：-89的是人吗？
[2026-02-22 02:30:31] 粤夜封封哥岑验川老岑: @布罗利：我替你说心里话你把我卖了，玩机器你做人真的可以
[2026-02-22 02:30:31] 用户65052344: @布罗利：可以，我替你说心里话你把我卖了，玩机器你做人真的可以
[2026-02-22 02:30:31] Abyss丶珈百璃: 卧槽布罗利把他爸帕拉伽斯杀了😭
[2026-02-22 02:30:31] Canlynn鹙: 如果你们认为羞辱一个高位接盘黑蛋家里裂墙鼻毛很长的尼孝房管很有成就感的话，请继续
[2026-02-22 02:30:31] 6657的鸣上悠本人: @布罗利：我替你说心里话你把我卖了，玩机器你做人真的可以
[2026-02-22 02:30:32] 麦当勞汉堡: 玩孝六六五8玩孝六六五8玩孝六六五8玩孝六六五8玩孝六六五8玩孝六六五
[2026-02-22 02:30:32] 马总糖尿病害我蛀牙: 云玩家最多的直播间也是嘲讽上5000小时的了
[2026-02-22 02:30:32] 修飞机的保安:     决赛蒙古vsPV也很精彩啊（🫣🎁🚀*0✈️*0）
[2026-02-22 02:30:32] 人活着就是为了玩乐队: 冷知识，弹幕起码一半的人完美没段位
[2026-02-22 02:30:32] yuuuuua7:     决赛蒙古vsPV也很精彩啊（🫣🎁🚀*0✈️*0）
[2026-02-22 02:30:33] 潇洒大概: 是吗....为什么要和我说这些....
[2026-02-22 02:30:33] LvvsiN: 弹幕别吵了，银行业一样一样有有有也会有h'y'hui't'y'r's'c'dn
[2026-02-22 02:30:33] 杨枝曾听雨: 如果你们认为羞辱一个高位接盘黑蛋家里裂墙鼻毛很长的尼孝房管很有成就感的话，请继续
[2026-02-22 02:30:33] Altolier: 　　　 决赛蒙古vsPV也很精彩啊（🫣🎁🚀*0✈️*0）
[2026-02-22 02:30:33] 瞄准高高手: 数字布罗利和他的数字主人 数字布罗利和他的数字主人
[2026-02-22 02:30:33] 玩机机丶Pen1s: 决赛蒙古vsPV也很精彩啊（🫣🎁🚀*0✈️*0）
[2026-02-22 02:30:34] 用戶6657: @布罗利 3年前：用你看不起？小蜜蜂怎么玩都是小组第一，你是个P
[2026-02-22 02:30:34] 77一定会是我的: 布罗利不过是把玩大哥心里话说出来罢了
[2026-02-22 02:30:34] 猫很好的小乖: 如果你们认为羞辱一个高位接盘黑蛋家里裂墙鼻毛很长的尼孝房管很有成就感的话，请继续
[2026-02-22 02:30:34] 撒浪嘿呦0v0: 5k小时b+有什么好笑的，布罗利官匹4千分呢。。。
[2026-02-22 02:30:34] 冲上云霄的姨: 决赛蒙古vsPV也很精彩啊（🫣🎁🚀*0✈️*0）
[2026-02-22 02:30:34] 专看玩机器的号: 决赛蒙古vsPV也很精彩啊（🫣🎁🚀*0✈️*0）
[2026-02-22 02:30:34] 最喜欢妮姆芙: @布罗利：我替你说心里话你把我卖了，玩机器你做人真的可以
[2026-02-22 02:30:35] LvvsiN: 孩子们快跑，马修赫伯特来了😨卧槽你的怎么是马枪和BOT
[2026-02-22 02:30:35] AmamiyaIori: 如果你们认为羞辱一个高位接盘黑蛋家里裂墙鼻毛很长5000小时b加的房管很有成就感的话，请继续
[2026-02-22 02:30:35] 樱落鬼: 5000小时B+诗人啊？4500小时都在社区服看饰品吧？
[2026-02-22 02:30:35] 神奥联盟的竹兰本人: @布罗利：我替你说心里话你把我卖了，玩机器你做人真的可以
[2026-02-22 02:30:35] 用户2100686284:  5k小时b+有什么好笑的，布罗利官匹4千分呢。。。
[2026-02-22 02:30:35] 好姐妹八幡海铃丶: 冷知识：布罗利买黑蛋买错买成20rmr皮蛋了
[2026-02-22 02:30:35] 皮里恩丶: 大家喷玩机器吧别喷布罗利了，纵容犯罪者有时候比犯罪这更畜。
[2026-02-22 02:30:36] 理想零星: 决赛蒙古vsPV也很精彩啊（🫣🎁🚀*0✈️*0）
[2026-02-22 02:30:36] 玩家军的猪头肉本人: 冷知识：布罗利买黑蛋买错买成20rmr皮蛋了
[2026-02-22 02:30:36] Peko-: 决赛蒙古vsPV也很精彩啊（🫣🎁🚀*0✈️*0）
[2026-02-22 02:30:36] 解说玩机包: 决赛蒙古vsPV也很精彩啊（🫣🎁🚀*0✈️*0）
[2026-02-22 02:30:36] 高松的灯ll: 冷知识：布罗利买黑蛋买错买成20rmr皮蛋了
[2026-02-22 02:30:36] 太行山积雪:  5k小时b+有什么好笑的，布罗利官匹4千分呢。。。
[2026-02-22 02:30:37] LvvsiN: 玩宝宝，我发现在大学上学的时候肄业会很舒服，你可以试试
[2026-02-22 02:30:37] 半城殇丶红尘: 冷知识：布罗利买黑蛋买错买成20rmr皮蛋了
[2026-02-22 02:30:37] 招牌老油条: 决赛蒙古vsPV也很精彩啊（🫣🎁🚀*0✈️*0）
[2026-02-22 02:30:37] 我不是闪烁啊: 银行业一样一样有有有也会有h'yughty't'y'r's'c'dn
[2026-02-22 02:30:37] 用户0083645032: 决赛蒙古vsPV也很精彩啊（🫣🎁🚀*0✈️*0）
[2026-02-22 02:30:37] 不buy立省百分百: 决赛蒙古vsPV也很精彩啊（🫣🎁🚀*0✈️*0）
[2026-02-22 02:30:37] viovvvvvvvon: 冷知识：布罗利买黑蛋买错买成20rmr皮蛋了
[2026-02-22 02:30:38] 忒斯特李逵: 冷知识，布罗利其实是传说中的超级塞亚人
[2026-02-22 02:30:38] DOLLARS游马崎沃克本人: 5k小时b+有什么好笑的，布罗利官匹4千分呢。。。
[2026-02-22 02:30:39] LvvsiN: 为什么房管封的不能给鱼丸……还以为今天晚上得吃了……
[2026-02-22 02:30:39] StayNig: 决赛蒙古vsPV也很精彩啊（🫣🎁🚀*0✈️*0）
[2026-02-22 02:30:39] 保持冷静helhao: 如果你们认为羞辱一个高位接盘黑蛋家里裂墙鼻毛很长的尼孝房管很有成就感的话，请继续
[2026-02-22 02:30:39] 千早爱音desu: 四千分也太bt了，转人工！
[2026-02-22 02:30:39] 春花敲可爱的啦: 数字布罗利和他的数字主人 数字布罗利和他的数字主人
[2026-02-22 02:30:40] 灵耀ii: 本来就没礼物，现在爱载荧光棒也没了😭😭
[2026-02-22 02:30:40] 麦当勞汉堡: 玩孝六六五8玩孝六六五8玩孝六六五8玩孝六六五8玩孝六六五8玩孝六
[2026-02-22 02:30:40] 冲上云霄的姨: 冷知识：布罗利买黑蛋买错买成20rmr皮蛋了
[2026-02-22 02:30:40] Hitagi蟹蟹: @布罗利：我替你说心里话你把我卖了，玩机器你做人真的可以
[2026-02-22 02:30:40] 玩石头Tomorin: 卧槽布罗利把他爸帕拉伽斯杀了😭
[2026-02-22 02:30:40] Ecifircas: 　　　 决赛蒙古vsPV也很精彩啊（🫣🎁🚀*0✈️*0）
[2026-02-22 02:30:41] 柚柚子Yuyuko: 决赛蒙古vsPV也很精彩啊（🫣🎁🚀*0✈️*0）
[2026-02-22 02:30:41] qboss799: 银行业一样一样有有有也会有h'yughty't'y'r's'c'dn
[2026-02-22 02:30:41] zbq93: 是吗....为什么要和我说这些....
[2026-02-22 02:30:41] 12312312312dfsdfs: 感觉这个没意思啊，玩哥有没有那种十三个魔法少女在岛上，死一个就召开魔女审判的游戏
[2026-02-22 02:30:41] MiKingX: 云玩家最多的直播间也是嘲讽上5000小时的了
[2026-02-22 02:30:41] 腋毛老狗子: 冷知识：布罗利买黑蛋买错买成20rmr皮蛋了
[2026-02-22 02:30:41] 喉宝Eilf: 是吗....为什么要和我说这些....
[2026-02-22 02:30:41] AiLuoLi1413:  5k小时b+有什么好笑的，布罗利官匹4千分呢。。。
[2026-02-22 02:30:41] bili的猫咬人: 5k小时b+有什么好笑的，布罗利官匹4千分呢。。。
[2026-02-22 02:30:41] 太行山积雪: 冷知识：布罗利买黑蛋买错买成20rmr皮蛋了
[2026-02-22 02:30:41] last玩神丶: @玩机器：布罗利，这波我只能卖到底了。。。
[2026-02-22 02:30:42] -小佐内由纪-: 　　　 如果你们认为羞辱一个高位接盘黑蛋家里裂墙鼻毛很长的尼孝房管很有成就感的话，请继续
[2026-02-22 02:30:42] i猪猪猪猪猪猪猪: 如果你们认为羞辱一个高位接盘黑蛋家里裂墙鼻毛很长的尼孝房管很有成就感的话，请继续
[2026-02-22 02:30:43] LvvsiN: 为什么房管封的不能给鱼丸……还以为今天晚上得吃了……
[2026-02-22 02:30:43] 呆妹儿的姑父: @Odike：@玩机器：布罗利，这波我只能卖到底了。。。
[2026-02-22 02:30:43] YLXE太阳: 这主播长得好丑......
[2026-02-22 02:30:43] 我不是闪烁啊: 银行业一样一样有有有也会有h'yughty't'y'r's'c'dn
[2026-02-22 02:30:44] 玩比赛丶bet: 5k小时b+有什么好笑的，布罗利官匹4千分呢。。。
[2026-02-22 02:30:44] Aetheranus: 决赛蒙古vsPV也很精彩啊（🫣🎁🚀*0✈️*0）
[2026-02-22 02:30:45] 乆01727:  5k小时b+有什么好笑的，布罗利官匹4千分呢。。。
[2026-02-22 02:30:45] LvvsiN: @阿汤日记：一个人，5发子弹，保住格陵兰岛。我不会叫它不可能完成的任务，我现在只想先回家看亦博
[2026-02-22 02:30:45] 罗湖古天樂: 5k小时b+有什么好笑的，布罗利官匹4千分呢。。。
[2026-02-22 02:30:45] 李神神神神: 如果你们认为羞辱一个高位接盘黑蛋家里裂墙鼻毛很长5000小时b加的房管很有成就感的话，请继续
[2026-02-22 02:30:45] Altolier: 5000小时B+诗人啊？4500小时都在社区服看饰品吧？
[2026-02-22 02:30:46] 马总糖尿病害我蛀牙: 云玩家最多的直播间也是嘲讽上5000小时的了
[2026-02-22 02:30:46] 呆妹儿的姑父: @玩机器：布罗利，这波我只能卖到底了。。。
[2026-02-22 02:30:46] 礁石222: 骗到子弹了
[2026-02-22 02:30:47] MataXian: 冷知识：布罗利买黑蛋买错买成20rmr皮蛋了
[2026-02-22 02:30:47] 好哥们韩信: 布罗利评论区还没过100，玩小将当初团建斧乃木评论区的牛劲呢？
[2026-02-22 02:30:47] LvvsiN: 为什么房管封的不能给鱼丸……还以为今天晚上得吃了……
[2026-02-22 02:30:47] 叫我阿洪就好: 如果你们认为羞辱一个高位接盘黑蛋家里裂墙鼻毛很长5000小时b加的房管很有
[2026-02-22 02:30:47] 结束乐队的kitakitan本人:  5k小时b+有什么好笑的，布罗利官匹4千分呢。。。
[2026-02-22 02:30:48] 用户0715022066: 大家千万不要给布罗利的steam账号发送交易报价再举报啊，我知道大家不知道就是提一句🤭
[2026-02-22 02:30:48] 玩机器厦面鄙骰大: 4K
[2026-02-22 02:30:48] 世一公主殿下雕音未来: 如果你们认为羞辱一个高位接盘黑蛋家里裂墙鼻毛很长的尼孝房管很有成就感的话，请继续
[2026-02-22 02:30:49] 渡边曜女士: 如果你们认为羞辱一个高位接盘黑蛋家里裂墙鼻毛很长的尼孝房管很有成就感的话，请继续
[2026-02-22 02:30:49] LvvsiN: 你为什么要把mαjor禁了，我收藏的一半弹幕全毁了
[2026-02-22 02:30:49] 呆妹儿的姑父: @玩机器：布罗利，这波我只能卖到底了。。。
[2026-02-22 02:30:49] 青山锁欲锁不住你: 　　　 决赛蒙古vsPV也很精彩啊（🫣🎁🚀*0✈️*0）
[2026-02-22 02:30:50] 我不是闪烁啊: 银行业一样一样有有有也会有h'yughty't'y'r's'c'dn
[2026-02-22 02:30:50] AmamiyaIori:     如果你们认为羞辱一个高位接盘黑蛋家里裂墙鼻毛很长的尼孝房管很有成就感的话，请继续
[2026-02-22 02:30:50] 秋Fc: 决赛蒙古vsPV也很精彩啊（🫣🎁🚀*0✈️*0）
[2026-02-22 02:30:51] 高松的灯ll: 5000小时B+诗人啊？4500小时都在社区服看饰品吧？
[2026-02-22 02:30:51] LvvsiN: 你为什么要把mαjor禁了，我收藏的一半弹幕全毁了
[2026-02-22 02:30:51] 萝伯丝比尔: 如果你们认为羞辱一个高位接盘黑蛋家里裂墙鼻毛很长5000小时b加的房管很有成就感的话，请继续
[2026-02-22 02:30:52] 呆妹儿的姑父: @玩机器：布罗利，这波我只能卖到底了。。。
[2026-02-22 02:30:52] 时维鹰扬丶: 真地道
[2026-02-22 02:30:52] 喉宝Eilf: 没什么 只是想让你知道
[2026-02-22 02:30:52] 墨本海人: 这主播长得好丑......
[2026-02-22 02:30:52] 伏拉夫在柏林: 　　　 决赛蒙古vsPV也很精彩啊（🫣🎁🚀*0✈️*0）
[2026-02-22 02:30:52] Reality89877: 5k小时b+有什么好笑的，布罗利官匹4千分呢。。。
[2026-02-22 02:30:53] 拨云放晴: 冷知识：布罗利5000个小时B+
[2026-02-22 02:30:53] 夜来幽梦片江山: 你屏蔽词都快赶上新华词典了为什么不干脆开一百级发言？你屏蔽词都快赶上新华词典了为什么不干脆开一
[2026-02-22 02:30:53] LvvsiN: 就tm喜欢银行业🥰银行坏账我喜欢🥰银行挤兑我还喜欢😍利率调低我也喜欢🤤老子亲烂银行业的脸😘
[2026-02-22 02:30:53] 木空空空空空:  5k小时b+有什么好笑的，布罗利官匹4千分呢。。。
[2026-02-22 02:30:54] 近战法师甘道夫zZ: 罗布利是谁？
[2026-02-22 02:30:54] 阿乐v515: 老北京
[2026-02-22 02:30:54] 梁清风: 5k小时b+有什么好笑的，布罗利官匹4千分呢。。。
[2026-02-22 02:30:54] 1泡泡壶茶1: [急了]
[2026-02-22 02:30:55] 呆妹儿的姑父: 5000小时B+诗人啊？4500小时都在社区服看饰品吧？
[2026-02-22 02:30:55] 玩机器的小头本头: 银行业一样一样有有有也会有h'yughty't'y'r's'c'dn
[2026-02-22 02:30:55] LvvsiN: 玩 出，我双倍呢？😡😡玩 出，我双倍呢？😡😡玩 出，我双倍呢？😡😡玩 出，我双倍呢？😡
[2026-02-22 02:30:55] FaZe的伊地知虹夏本人: 如果你们认为羞辱一个高位接盘黑蛋家里裂墙鼻毛很长5000小时b加的房管很有成就感的话，请继续
[2026-02-22 02:30:55] UFO233: 如果你们认为羞辱一个高位接盘黑蛋家里裂墙鼻毛很长5000小时b加的房管很有
[2026-02-22 02:30:55] 我不是闪烁啊: 银行业一样一样有有有也会有h'yughty't'y'r's'c'dn
[2026-02-22 02:30:55] 我只是个npc12138: 3杀拿mp9 伟大4k
[2026-02-22 02:30:55] 芜虎与雅虎: 冷知识：布罗利买黑蛋买错买成20rmr皮蛋了
[2026-02-22 02:30:56] Moe1e: @🗿：zywoo你昨天反向研发的牛劲呢
[2026-02-22 02:30:56] LaifuoO来福oO: 如果你们认为羞辱一个高位接盘黑蛋家里裂墙鼻毛很长的尼孝房管很有成就感的话，请继续
[2026-02-22 02:30:56] 渐变大力士: 真地道
[2026-02-22 02:30:56] 碧蓝航线丶AzurLane:     如果你们认为羞辱一个高位接盘黑蛋家里裂墙鼻毛很长的尼孝房管很有成就感的话，请继续
[2026-02-22 02:30:56] 你笑起来很撩: 如果你们认为羞辱一个高位接盘黑蛋家里裂墙鼻毛很长的尼孝房管很有成就感的话，请继续
[2026-02-22 02:30:56] 大家要幸福呀: 5k小时b+有什么好笑的，布罗利官匹4千分呢。。。
[2026-02-22 02:30:56] 木空空空空空: @玩机器：布罗利，这波我只能卖到底了。。。
[2026-02-22 02:30:57] LvvsiN: 为什么房管封的不能给鱼丸……还以为今天晚上得吃了……
[2026-02-22 02:30:57] 长崎翔子: 　　　 决赛蒙古vsPV也很精彩啊（🫣🎁🚀*0✈️*0）
[2026-02-22 02:30:58] 玩机器厦面鄙骰大: 圣枪游侠！！嘟嘟嘟嘟嘟嘟！
[2026-02-22 02:30:58] 看死Herbaut就杀了你: @玩机器：布罗利，这波我只能卖到底了。。。
[2026-02-22 02:30:58] 无刺有刺的安和昴本人:  5k小时b+有什么好笑的，布罗利官匹4千分呢。。。
[2026-02-22 02:30:58] 不知名贝斯手: @布罗利：我替你说心里话你把我卖了，玩机器你做人真的可以
[2026-02-22 02:30:59] 用戶6657: @布罗利 3年前：用你看不起？小蜜蜂怎么玩都是小组第一，你是个P🤣
[2026-02-22 02:30:59] LvvsiN: 我让你开双倍你二龙吗？老子荧光棒要过期了
[2026-02-22 02:30:59] emmmm452:  5k小时b+有什么好笑的，布罗利官匹4千分呢。。。
[2026-02-22 02:30:59] 萌萌哒的竹子: @玩机器：布罗利，这波我只能卖到底了。。。
[2026-02-22 02:30:59] 看我柒拾貳鞭: 银行业一样一样有有有也会有h'yughty't'y'r's'c'dn
[2026-02-22 02:30:59] NIKO酱G2:     决赛蒙古vsPV也很精彩啊（🫣🎁🚀*0✈️*0）
[2026-02-22 02:31:00] 解说玩机包: 如果你们认为羞辱一个高位接盘黑蛋家里裂墙鼻毛很长5000小时b加的房管很有成就感的话，请继续
[2026-02-22 02:31:00] Mortnotz: 如果你们认为羞辱一个高位接盘黑蛋家里裂墙鼻毛很长5000小时b加的房管很有成就感的话，请继续
[2026-02-22 02:31:00] 可爱玩宝宝: 大家千万不要给布罗利的steam账号发送交易报价再举报啊，我知道大家不知道就是提一句🤭
[2026-02-22 02:31:00] 兴豚: @玩机器：布罗利，这波我只能卖到底了。。。
[2026-02-22 02:31:00] 撒浪嘿呦0v0: 如果你们认为羞辱一个高位接盘黑蛋家里裂墙鼻毛很长的尼孝房管很有成就感的话，请继续
[2026-02-22 02:31:00] 我没P眼123: 　　　 冷知识：布罗利5000个小时B+
[2026-02-22 02:31:01] 千叶spilx: 溜边走真地道
[2026-02-22 02:31:01] 机器大笨蛋亲亲小脸蛋: 如果你们认为羞辱一个高位接盘黑蛋家里裂墙鼻毛很长5000小时b加的房管很有
[2026-02-22 02:31:01] KouKouJoe: 冷知识：布罗利力挺老九长管不补枪，而且布罗利是看化脓电竞入坑的
[2026-02-22 02:31:01] 迷你世界丁真学姐1: 5000小时B+诗人啊？4500小时都在社区服看饰品吧？
[2026-02-22 02:31:01] 微笑灬雨凝:  5k小时b+有什么好笑的，布罗利官匹4千分呢。。。
[2026-02-22 02:31:01] LvvsiN: 玩宝宝，我发现在大学上学的时候肄业会很舒服，你可以试试
[2026-02-22 02:31:01] 范玉欣丨: 友情提示：弹幕已经半小时没有喷玩机器了
[2026-02-22 02:31:02] vgcyt: 5000小时B+诗人啊？4500小时都在社区服看饰品吧？
[2026-02-22 02:31:02] 礁石222: @🗿：骗到子弹了
[2026-02-22 02:31:02] 我不是闪烁啊: 银行业一样一样有有有也会有h'yughty't'y'r's'c'dn
[2026-02-22 02:31:02] youiy201: 懂你意思
[2026-02-22 02:31:02] 大姜饼:     如果你们认为羞辱一个高位接盘黑蛋家里裂墙鼻毛很长的尼孝房管很有成就感的话，请继续
[2026-02-22 02:31:02] 13的恋人: 如果你们认为羞辱一个高位接盘黑蛋家里裂墙鼻毛很长5000小时b加的房管很有成就感的话，请继续
