# room_id=6979222 host=玩机器丶Machine title=小众宝藏结晶直播 live_time= fetch_time=2026-02-21 23:45:46
[2026-02-22 02:49:48] 硫磺祥: 藤田琴音来了！：🍟ki🍟ki带🍟ki 🍟ki🍟ki带🍟ki 🍟ki🍟ki带🍟ki
[2026-02-22 02:49:48] LvvsiN: 为什么房管封的不能给鱼丸……还以为今天晚上得吃了……
[2026-02-22 02:49:48] PYDGS: 车主玩不玩、
[2026-02-22 02:49:48] 尼罗河红雨: 可我感觉这很神圣啊
[2026-02-22 02:49:49] tosaytosay: 这么恨载蜂美还爆米啊。。。牛逼
[2026-02-22 02:49:49] 光明貘良: 獠牙在哪？
[2026-02-22 02:49:49] kyubit: 这么恨载蜂美还爆米啊。。。牛逼
[2026-02-22 02:49:50] arsQaQ: 弹幕早点这样玩机器就懂事好好解说了
[2026-02-22 02:49:50] 沉默喵: 亚洲剧情
[2026-02-22 02:49:50] LvvsiN: 就tm喜欢银行业🥰银行坏账我喜欢🥰银行挤兑我还喜欢😍利率调低我也喜欢🤤老子亲烂银行业的脸😘
[2026-02-22 02:49:51] 什么罐头我说男人: ++++-------
[2026-02-22 02:49:52] LvvsiN: 玩宝宝，我发现在大学上学的时候肄业会很舒服，你可以试试
[2026-02-22 02:49:52] 另一个世界7: 怎么房管五千小时b+还要被骂啊，难道有人十几年不拿major你也要骂？
[2026-02-22 02:49:53] 两仪两仪织: p3
[2026-02-22 02:49:53] 佛挡杀佛阿塞斯: 亚洲剧情
[2026-02-22 02:49:53] DWG的ShowMaker本人: @布罗利（B+)：2023／8／5 回复 @浮现在夜里 : 我5E优先2900 怎么了
[2026-02-22 02:49:53] yuuik27: 怎么房管五千小时b+还要被骂啊，难道有人十几年不拿major你也要骂？
[2026-02-22 02:49:53] 283的铃木羽那本人: 怎么房管五千小时b+还要被骂啊，难道有人十几年不拿major你也要骂？
[2026-02-22 02:49:54] LvvsiN: 额，拿亚军我都会，拿亚军，拿季军，拿四强，拿八强，拿十六强，呃拿冠军我不会，然后小组赛淘汰
[2026-02-22 02:49:54] 万丽娜的小牛角: ++++++++
[2026-02-22 02:49:55] MiunaShiodome: 坏了
[2026-02-22 02:49:55] 鸟儿在头顶把森林叫醒: 紫色玩不玩
[2026-02-22 02:49:55] 偷高达的天手让叶本人: ？
[2026-02-22 02:49:55] 玩血狼丶Bloodywolf: 漏出假牙
[2026-02-22 02:49:55] bznalier: +++++++++++++++++
[2026-02-22 02:49:56] chordclef: 怎么房管五千小时b+还要被骂啊，难道有人十几年不拿major你也要骂？
[2026-02-22 02:49:56] 什么罐头我说男人: 亚洲剧情
[2026-02-22 02:49:56] LvvsiN: 为什么房管封的不能给鱼丸……还以为今天晚上得吃了……
[2026-02-22 02:49:56] 梦幻恍惚: 第一次警告第二次下房管；如果是原则性问题，直接下房管+360。
[2026-02-22 02:49:57] 电子厂表演艺术家: 怎么房管五千小时b+还要被骂啊，难道有人十几年不拿major你也要骂？
[2026-02-22 02:49:57] A队不吃晃的小祥本人: 藤田琴音来了！：🍟ki🍟ki带🍟ki 🍟ki🍟ki带🍟ki 🍟ki🍟ki带🍟ki
[2026-02-22 02:49:57] 易池大大: 　　　 子❤白金燐子❤美竹兰❤青叶摩卡❤上原绯玛丽❤宇田川巴❤羽泽鸫❤丸山彩❤冰川日菜❤白鹭千圣
[2026-02-22 02:49:57] 观战位买房: 藤田琴音来了！：🍟ki🍟ki带🍟ki 🍟ki🍟ki带🍟ki 🍟ki🍟ki带🍟ki
[2026-02-22 02:49:58] 正在和清姬共度余生: 怎么房管五千小时b+还要被骂啊，难道有人十几年不拿major你也要骂？
[2026-02-22 02:49:58] 用户30639588: 怎么房管五千小时b+还要被骂啊，难道有人十几年不拿major你也要骂？
[2026-02-22 02:49:58] 想要和帅气老师舌吻: ++++++++
[2026-02-22 02:49:58] LvvsiN: 就tm喜欢银行业🥰银行坏账我喜欢🥰银行挤兑我还喜欢😍利率调低我也喜欢🤤老子亲烂银行业的脸😘
[2026-02-22 02:49:58] 小夜r: 马萨卡
[2026-02-22 02:49:58] 無茶苦茶0: @不喝酒亚威（4个月前评论）：你都挂着苍蝇标了给你了呗
[2026-02-22 02:49:58] 好姐妹八幡海铃丶: 怎么房管五千小时b+还要被骂啊，难道有人十几年不拿major你也要骂？
[2026-02-22 02:49:58] 用户19863404: +了
[2026-02-22 02:49:59] himluo: +
[2026-02-22 02:49:59] 哈基鹅大王: 玩大哥，下播了之后还是按照你说的在钻粉群清理载物粉丝吗？
[2026-02-22 02:49:59] 玩比赛丶bet: @布罗利（B+)：2023／8／5 回复 @浮现在夜里 : 我5E优先2900 怎么
[2026-02-22 02:49:59] 传统peek高手XANTARES: ?
[2026-02-22 02:50:00] 明日香惣流: 开赌
[2026-02-22 02:50:00] 玩机器厦面鄙骰大: 4k要V了
[2026-02-22 02:50:00] LvvsiN: 银行业😄银行业😀银行业😃银行业😁银行业😆银行业🤪银行业😝
[2026-02-22 02:50:00] 何以哀笙: 1
[2026-02-22 02:50:01] 荣誉马莱人丶贾碧: 怎么房管五千小时b+还要被骂啊，难道有人十几年不拿major你也要骂？
[2026-02-22 02:50:01] himluo: ++++
[2026-02-22 02:50:01] 纪川6657: 怎么房管五千小时b+还要被骂啊，难道有人十几年不拿major你也要骂？
[2026-02-22 02:50:01] 暴力卓司: 你吹什么载物呢？不知道cs解说一哥最恨的就是载物，不想当解说了？
[2026-02-22 02:50:01] 吉吉的Niko本人: 冷知识：布罗利亲手把他爹载了
[2026-02-22 02:50:01] 兴豚: @布罗利（B+)：2023／8／5 回复 @浮现在夜里 : 我5E优先2900 怎么了
[2026-02-22 02:50:02] NYU唯一铲车人: 怎么房管五千小时b+还要被骂啊，难道有人十几年不拿major你也要骂？
[2026-02-22 02:50:02] eyu星天涯: +
[2026-02-22 02:50:02] 正经猪头肉: ？
[2026-02-22 02:50:02] 夏恋: 怎么房管五千小时b+还要被骂啊，难道有人十几年不拿major你也要骂？
[2026-02-22 02:50:02] LvvsiN: 我让你开双倍你二龙吗？老子荧光棒要过期了
[2026-02-22 02:50:02] 77一定会是我的: @播酱DY：今日热搜：布罗利
[2026-02-22 02:50:02] c丿boy: 怎么房管五千小时b+还要被骂啊，难道有人十几年不拿major你也要骂？
[2026-02-22 02:50:02] NegeVK1n9fkdy: ++++++++
[2026-02-22 02:50:03] 寒暑易节y: 这是我们孩孩的梗
[2026-02-22 02:50:03] WEYyuki: 真不懂吗
[2026-02-22 02:50:03] 2steppppppp: +++++++++++++++++
[2026-02-22 02:50:03] Donulanaya: ++++++++
[2026-02-22 02:50:03] Seawzx: +++++++++++++
[2026-02-22 02:50:03] 玩机器厦面鄙骰大: 4k要V了。有感觉吗
[2026-02-22 02:50:04] 好姐妹清道夫: 机器哥！我真的是開個玩笑而已，真的不是國中女生啦，你不要給我發色照啦！還有吼你那個，真的小欸
[2026-02-22 02:50:04] 洛陽城里看落陽: @yuuik27：怎么房管五千小时b+还要被骂啊，难道有人十几年不拿major你也要骂？
[2026-02-22 02:50:04] zx0810: 怎么房管五千小时b+还要被骂啊，难道有人十几年不拿major你也要骂？
[2026-02-22 02:50:04] VP的电子哥本人: 怎么房管五千小时b+还要被骂啊，难道有人十几年不拿major你也要骂？
[2026-02-22 02:50:04] LvvsiN: 为什么房管封的不能给鱼丸……还以为今天晚上得吃了……
[2026-02-22 02:50:05] xOcOg: 【斤乃】斧乃木难绷布罗利被玩机器抛弃，直言抛就抛了呗，我当年也是这样被抛，都差不多
[2026-02-22 02:50:05] NI夜猫君: 哦哦哦
[2026-02-22 02:50:05] 我是千早爱爱音: +
[2026-02-22 02:50:05] 马楼King张三: 我测
[2026-02-22 02:50:06] 终末地干员陈千语: ++++++++
[2026-02-22 02:50:06] 晚风带来想念: ++++++++
[2026-02-22 02:50:06] 正经猪头肉: 啥博弈
[2026-02-22 02:50:06] Abyss丶珈百璃: 怎么房管五千小时b+还要被骂啊，难道有人十几年不拿major你也要骂？
[2026-02-22 02:50:06] LvvsiN: 就tm喜欢银行业🥰银行坏账我喜欢🥰银行挤兑我还喜欢😍利率调低我也喜欢🤤老子亲烂银行业的脸😘
[2026-02-22 02:50:06] 玩机器厦面鄙骰大: 4k要V了。有感觉吗？4k要V了。有感觉吗？
[2026-02-22 02:50:07] last玩神丶: 怎么房管五千小时b+还要被骂啊，难道有人十几年不拿major你也要骂？
[2026-02-22 02:50:07] CThun438: 哦？😮哦？😮哦？😮哦？😮哦？😮哦？😮哦？😮哦？😮哦？
[2026-02-22 02:50:07] SekaiKamiki: 怎么房管五千小时b+还要被骂啊，难道有人十几年不拿major你也要骂？
[2026-02-22 02:50:08] 乌贼王乌索普: 怎么房管五千小时b+还要被骂啊，难道有人十几年不拿major你也要骂？
[2026-02-22 02:50:08] 素素爱唱阿卡特辣: ooooo
[2026-02-22 02:50:08] G2的device本人: 智斗巅峰
[2026-02-22 02:50:08] LvvsiN: 银行业😄银行业😀银行业😃银行业😁银行业😆银行业🤪银行业😝
[2026-02-22 02:50:10] 東雪蓮復活賽必秒丁真: 怎么房管五千小时b+还要被骂啊，难道有人十几年不拿major你也要骂？
[2026-02-22 02:50:10] ShanoaM: ++++++++
[2026-02-22 02:50:10] LvvsiN: 额，拿亚军我都会，拿亚军，拿季军，拿四强，拿八强，拿十六强，呃拿冠军我不会，然后小组赛淘汰
[2026-02-22 02:50:11] RickOwens丶: +++++++++
[2026-02-22 02:50:11] bznalier: +++++++++++++++++
[2026-02-22 02:50:11] 匕匕叭叭: 怎么房管五千小时b+还要被骂啊，难道有人十几年不拿major你也要骂？
[2026-02-22 02:50:11] 无天狙神: 11
[2026-02-22 02:50:12] Monoceros-: 主播面对满屏的嘲讽和挖苦。他总是默默看着。从来不回应和解释因为他明白弹幕说的都是真的
[2026-02-22 02:50:12] 冬瓜强在日本的表姐: 怎么房管五千小时b+还要被骂啊，难道有人十几年不拿major你也要骂？
[2026-02-22 02:50:12] LvvsiN: 你屏蔽词都快赶上新华词典了为什么不干脆开一百级发言？
[2026-02-22 02:50:13] 拉森跟: ++++++++
[2026-02-22 02:50:13] 100T的Magisk本人: 哦？😮哦？😮哦？😮哦？😮哦？😮哦？😮哦？😮哦？😮哦？😮哦？😮哦？?
[2026-02-22 02:50:14] LvvsiN: 我提一嘴这剧情越来越像上海major了
[2026-02-22 02:50:15] 正在和清姬共度余生: 怎么房管五千小时b+还要被骂啊，难道有人十几年不拿major你也要骂？
[2026-02-22 02:50:15] 机器机器祝你幸福: 弹幕开始恶臭的时候想到我们二次元了？你们清理二次元的时候的牛劲呢？
[2026-02-22 02:50:15] TwistcC21: 怎么房管五千小时b+还要被骂啊，难道有人十几年不拿major你也要骂？
[2026-02-22 02:50:16] xOcOg: ++++++++++++++++、
[2026-02-22 02:50:16] LvvsiN: 为什么房管封的不能给鱼丸……还以为今天晚上得吃了……
[2026-02-22 02:50:18] LvvsiN: 就tm喜欢银行业🥰银行坏账我喜欢🥰银行挤兑我还喜欢😍利率调低我也喜欢🤤老子亲烂银行业的脸😘
[2026-02-22 02:50:19] 无伟契约: 闹麻了
[2026-02-22 02:50:20] 玩机器厦面鄙骰大: 4k要V了。有感觉吗？
[2026-02-22 02:50:20] 老王爱吃大咪饭: 哇
[2026-02-22 02:50:20] LvvsiN: 就tm喜欢银行业🥰银行坏账我喜欢🥰银行挤兑我还喜欢😍利率调低我也喜欢🤤老子亲烂银行业的脸😘
[2026-02-22 02:50:21] 素素爱唱阿卡特辣: fw
[2026-02-22 02:50:21] 时维鹰扬丶: fw
[2026-02-22 02:50:21] 矢吹真吾: ++++++++++++++++、
[2026-02-22 02:50:21] 正经猪头肉: fw
[2026-02-22 02:50:22] 顺风AME逆风AMS: 、我草
[2026-02-22 02:50:22] Noria丶: fw
[2026-02-22 02:50:22] PYDGS: +++++++++
[2026-02-22 02:50:22] 林三夕i: fw
[2026-02-22 02:50:22] 夏空喵: fw
[2026-02-22 02:50:22] Hakurei-Re1mu: FW
[2026-02-22 02:50:22] LvvsiN: 为什么房管封的不能给鱼丸……还以为今天晚上得吃了……
[2026-02-22 02:50:22] 忒斯特賊賊的披肩: +
[2026-02-22 02:50:23] 小川阿丶: ++++++++++++++++++++++++++++++++++++++++++++++++++
[2026-02-22 02:50:23] rem3dy: 加！加！加！加！加！加！加！加！加！加！加！加！加！加！加！加！加！加！加！加！加！加！加！加！加！
[2026-02-22 02:50:23] 僧间理亚official: +++++++++
[2026-02-22 02:50:23] ahhhhhhhhhhhhhhhhhhh: ＋＋＋
[2026-02-22 02:50:23] 马楼King张三: wow
[2026-02-22 02:50:23] 橙黄双翼: ++++++++
[2026-02-22 02:50:23] 用户0553661491: +++++++++++++++++
[2026-02-22 02:50:23] 河北雨姐: ＋
[2026-02-22 02:50:23] jamesfaith23: ++++++++
[2026-02-22 02:50:23] 秋茶小雪: 66666666
[2026-02-22 02:50:23] a19991526: +++++++++
[2026-02-22 02:50:23] Mortnotz: 怎么房管五千小时b+还要被骂啊，难道有人十几年不拿major你也要骂？
[2026-02-22 02:50:23] 清风浮过丶: 😯
[2026-02-22 02:50:23] Banggeul: 逆天
[2026-02-22 02:50:24] 韩世天的屎妈: ++++++++++++++++、
[2026-02-22 02:50:24] 爱道冠: ++++++++++++++++、
[2026-02-22 02:50:24] 学姐她是好女人: ++++++++++++++++、
[2026-02-22 02:50:24] 狂野皮几儿很哒: +++++++++++++++++
[2026-02-22 02:50:24] 纸糊壳子2: ++++++++++++
[2026-02-22 02:50:24] 那个最帅的男人666: 666666666
[2026-02-22 02:50:24] 小蜜蜂的长期素食本人: 神队
[2026-02-22 02:50:25] 丰川祥子口三角初华: ++++++++++++++++、
[2026-02-22 02:50:25] 最喜欢妮姆芙: ++++++++++++++++、
[2026-02-22 02:50:25] 驴酱贵阳粉丝: 怎么房管五千小时b+还要被骂啊，难道有人十几年不拿major你也要骂？
[2026-02-22 02:50:25] 身旁冷清拥挤丶: ++++++++++++++++、
[2026-02-22 02:50:25] 猛吸千早爱音汁儿: +++++++++
[2026-02-22 02:50:25] 玩机器厦面鄙骰大: +++++++++
[2026-02-22 02:50:25] 用户02938034: fw
[2026-02-22 02:50:25] al9527: FW
[2026-02-22 02:50:25] HazeDie1337: fw
[2026-02-22 02:50:25] 訤溓: 我提一嘴这剧情越来越像上海major了
[2026-02-22 02:50:26] 玩神的欢喜好有嚼劲: fw
[2026-02-22 02:50:26] GETLUCKY216: 458
[2026-02-22 02:50:26] gandalfr614: fw
[2026-02-22 02:50:26] 两头热力中间动力: 325325325
[2026-02-22 02:50:26] 双马尾的双马尾: 哇
[2026-02-22 02:50:26] 玩指挥丶NiKo: ++++++++++++++++、
[2026-02-22 02:50:26] 机器机器祝你天天开心: ++++++++++++++=
[2026-02-22 02:50:26] 不可一世丶小橘子: ++++++++
[2026-02-22 02:50:26] CaXAr: +++++++++++++
[2026-02-22 02:50:27] 关我汤姆什么事: fw
[2026-02-22 02:50:27] 碳酸的汽水: 加
[2026-02-22 02:50:27] 仇小新: 可惜
[2026-02-22 02:50:27] duoduofeizhuzi: fw
[2026-02-22 02:50:27] liwored: fw
[2026-02-22 02:50:27] 用户255420066: ++++++++++++++++、
[2026-02-22 02:50:27] Killajoy: ++++++++++
[2026-02-22 02:50:27] 用户0123466560: ++++++++++++++++、
[2026-02-22 02:50:27] 我上5年级了: +++++++++++
[2026-02-22 02:50:27] 菜星冲冲冲: 神队
[2026-02-22 02:50:27] chanceuxzz: 怎么房管五千小时b+还要被骂啊，难道有人十几年不拿major你也要骂？
[2026-02-22 02:50:27] 迪奥雷: 神人call
[2026-02-22 02:50:28] Flynnnnnnn: ++++++++++++++++++
[2026-02-22 02:50:28] 巅峰社丶西门吹雪: FW
[2026-02-22 02:50:28] 黄浦江大头鱼档: 哦这也加了
[2026-02-22 02:50:28] mpdel: ++++++++++++
[2026-02-22 02:50:28] 千叶spilx: ++++++++++++++++、
[2026-02-22 02:50:28] 丿哈哈大笑: 也没有用了！
[2026-02-22 02:50:28] 鸽子川: 这也加！
[2026-02-22 02:50:29] 三零一路公交司机: +++++++++++++++
[2026-02-22 02:50:29] dyzhh: 1
[2026-02-22 02:50:29] 墨本海人: 神队
[2026-02-22 02:50:29] 大笨蛋张德美: ++++++++++++++++、
[2026-02-22 02:50:29] 永远的zgg01: 好调度
[2026-02-22 02:50:29] 怎么橘里橘气的: +++++++++、
[2026-02-22 02:50:29] 十点差49分: +++++++++++++++++
[2026-02-22 02:50:29] 想要和帅气老师舌吻: +++++++++
[2026-02-22 02:50:29] bb051: 哦？😮哦？😮哦？😮哦？😮哦？😮哦？😮哦？😮哦？😮哦？😮哦？😮哦？?
[2026-02-22 02:50:30] drooo1: 英一手
[2026-02-22 02:50:30] GanadoLluviA: 开鹰眼了
[2026-02-22 02:50:30] 热带雨林丶为爱鼓掌: 牛逼啊蒙古
[2026-02-22 02:50:30] 訤溓: k3在指挥
[2026-02-22 02:50:30] Funny0531: 都怪apex
[2026-02-22 02:50:30] 机机子的鼻涕: 神队
[2026-02-22 02:50:30] 南执i: nice
[2026-02-22 02:50:30] 无须终有492: 不用看
[2026-02-22 02:50:30] loverboy888: 神队
[2026-02-22 02:50:31] 大哥心里慌: 怎么房管五千小时b+还要被骂啊，难道有人十几年不拿major你也要骂？
[2026-02-22 02:50:31] fazeclan的otto本人: FW
[2026-02-22 02:50:31] 折扇轻66: ++++++++++++++++、
[2026-02-22 02:50:31] Crazylu603: 精彩
[2026-02-22 02:50:31] CThun438: 哦？😮哦？😮哦？😮哦？😮哦？😮哦？😮哦？😮哦？😮哦？
[2026-02-22 02:50:31] 来自欧派星球: 好call
[2026-02-22 02:50:31] cnzzh32: 妹子千万别搜点
[2026-02-22 02:50:31] 正经猪头肉: 啥博弈
[2026-02-22 02:50:32] 擅长登山的亦博同学: 闹麻了
[2026-02-22 02:50:32] 千百度897: 顶级智斗
[2026-02-22 02:50:32] 糖嗜综合征: 卧槽
[2026-02-22 02:50:32] 时维鹰扬丶: 这波真不怪APEX
[2026-02-22 02:50:32] 猪头肉鉴赏家: +++++++++++++
[2026-02-22 02:50:33] 鱼丸包干: 完全解读
[2026-02-22 02:50:33] TensoRaws: 大汗
[2026-02-22 02:50:33] 旧城乀873: fwfwfwfw
[2026-02-22 02:50:33] magellan0v0: ++++++
[2026-02-22 02:50:33] ahhhhhhhhhhhhhhhhhhh: 这么好看的比赛就得＋啊
[2026-02-22 02:50:33] GODAyeon: +++++++++、
[2026-02-22 02:50:34] 叫我全蛋吧QwQ: 加！加！加！加！加！加！加！加！加！加！加！加！加！加！加！加！加！加！加！加！加！加！加！加！加！
[2026-02-22 02:50:34] 一滴HitoShizuku: 4k要V了。有感觉吗？
[2026-02-22 02:50:34] 玩机器的乃个会刘能: 加！
[2026-02-22 02:50:34] 1号群的语录哥: A➗指挥得好呀
[2026-02-22 02:50:34] 白金燐子本人: 怎么房管五千小时b+还要被骂啊，难道有人十几年不拿major你也要骂？
[2026-02-22 02:50:34] 玩黄布丶Niko: 458
[2026-02-22 02:50:34] Ephemerality137: 国际象棋大师
[2026-02-22 02:50:34] FineorSure: fw
[2026-02-22 02:50:35] 小木曾雪菜本人: 牛逼
[2026-02-22 02:50:35] 机器的稿完: niko只是刀尸体就被说成素质低，载物直接刀活人怎么说？
[2026-02-22 02:50:35] xOcOg: ++++++++++++++++++++
[2026-02-22 02:50:35] 单推折纸11年: 怎么房管五千小时b+还要被骂啊，难道有人十几年不拿major你也要骂？
[2026-02-22 02:50:35] 丶慢灵魂丶: 牛逼啊
[2026-02-22 02:50:35] 法式卡神: 神队
[2026-02-22 02:50:36] 心脏钥匙OA: 预知未来
[2026-02-22 02:50:36] 可怜的怕怕: 神
[2026-02-22 02:50:36] 杏爱企鹅: 印花丨tabseN（冠军）丨1939年卡托维兹锦标赛
[2026-02-22 02:50:36] 云边有条小侏如: 怎么房管五千小时b+还要被骂啊，难道有人十几年不拿major你也要骂？
[2026-02-22 02:50:37] Ultraera: 怎么房管五千小时b+还要被骂啊，难道有人十几年不拿major你也要骂？
[2026-02-22 02:50:37] 保持冷静helhao: +++++++++++++++++++++++++++++++++++++
[2026-02-22 02:50:37] Cloud9的咬人猫本人: 怎么房管五千小时b+还要被骂啊，难道有人十几年不拿major你也要骂？
[2026-02-22 02:50:37] 用户65052344: 怎么房管五千小时b+还要被骂啊，难道有人十几年不拿major你也要骂？
[2026-02-22 02:50:37] 阿强呀阿强: fw给的信息
[2026-02-22 02:50:37] 訤溓: 哦？😮哦？😮哦？😮
[2026-02-22 02:50:37] HankFann: 这分真的精彩
[2026-02-22 02:50:37] 蓝星的floppy本人: 这波真不怪APEX
[2026-02-22 02:50:37] 黑白玄鸟: +++++++++++++++
[2026-02-22 02:50:38] 傲娇后再羞辱: fw
[2026-02-22 02:50:38] 鹌鹑必成战神: +++++++++++、
[2026-02-22 02:50:38] xixiprime: NIKO指挥的
[2026-02-22 02:50:38] TheMongolZ的上单本人: 怎么房管五千小时b+还要被骂啊，难道有人十几年不拿major你也要骂？
[2026-02-22 02:50:38] 小救星小杜DuD: 怎么房管五千小时b+还要被骂啊，难道有人十几年不拿major你也要骂？
[2026-02-22 02:50:38] 祝直播间观众工作顺利: fw
[2026-02-22 02:50:38] 鲜血与暗影铸造的家伙: 中路等半天没信息
[2026-02-22 02:50:39] 阿波及: ++++++++++++++++、
[2026-02-22 02:50:39] 洛陽城里看落陽: 妹子千万别搜点
[2026-02-22 02:50:39] Schnuffels: 这波为什么转，明信息二楼下放走了
[2026-02-22 02:50:39] 强尼银手VVV: 牛逼
[2026-02-22 02:50:40] 渡亡神雅睿欧斯: 这波真不怪APEX
[2026-02-22 02:50:40] Agan阿肝阿甘: 大汗神了！！！！
[2026-02-22 02:50:40] pirpr: 这感觉就是争冠的比赛啊
[2026-02-22 02:50:40] 第三猪白猪玩斯曼: 数字5
[2026-02-22 02:50:40] 冲上云霄的姨: 这波真不怪APEX
[2026-02-22 02:50:41] LvvsiN: @阿汤日记：一个人，5发子弹，保住格陵兰岛。我不会叫它不可能完成的任务，我现在只想先回家看亦博
[2026-02-22 02:50:41] 李小小与虾大大: @唯爱海参：FW
[2026-02-22 02:50:41] ppqi七亚七: ++++++++++++++++、
[2026-02-22 02:50:41] 玩猴爪丶MonkeyPaw: 这波真不怪APEX
[2026-02-22 02:50:42] 杰斌候入长峪城: 想笑就笑吧
[2026-02-22 02:50:42] 叫我全蛋吧QwQ: +++++++++++++++
[2026-02-22 02:50:42] 瓶子先生丶丶: ++++++++++++++++、
[2026-02-22 02:50:43] 残夜ResidualNight: 加加加
[2026-02-22 02:50:43] 訤溓: ！！！！！
[2026-02-22 02:50:43] 喷香的臭臭泥: NIKO指挥的
[2026-02-22 02:50:43] 玩机器的乃个会刘能: ➕
[2026-02-22 02:50:43] 玩黄布丶Niko: fwfwfwfw
[2026-02-22 02:50:43] 玩弓箭、Arrow: 完蛋了，没有鼠标键盘了
[2026-02-22 02:50:43] 用户5435755755: ++++++++++++++++++++++++++++++++++++++++++++++++++
[2026-02-22 02:50:43] endedworld: ++++++++++++++++、
[2026-02-22 02:50:43] 玩蛇鼠丶stabbi: （偷笑）这是一个提前解读！
[2026-02-22 02:50:44] 秋茶小雪: 加！
[2026-02-22 02:50:44] 古堡12枪战神: 为什么转啊？还这么长时间才转
[2026-02-22 02:50:44] 哆啦卡密大王: 怎么房管五千小时b+还要被骂啊，难道有人十几年不拿major你也要骂？
[2026-02-22 02:50:44] Q1ed7f9c85b3bc7571: 智斗巅峰
[2026-02-22 02:50:44] Vitality的Zyw0o本人: 神队
[2026-02-22 02:50:45] 我自关门睡: ++++++++++++++++、
[2026-02-22 02:50:45] LvvsiN: 我提一嘴这剧情越来越像上海major了
[2026-02-22 02:50:45] Le6yon: niko指挥的真好啊这波
[2026-02-22 02:50:45] 日日曰日日日iir: ++++++++++++++++、
[2026-02-22 02:50:45] 炒鸡无敌终极翻皮水: NIKO指挥的
[2026-02-22 02:50:45] 姓黄小名肥仔: @布罗利：好！好！好！
[2026-02-22 02:50:46] 羊驼主播: 这波真不怪APEX
[2026-02-22 02:50:46] 忒斯特李逵: 怎么没人刷布罗利了，是被封了吗
[2026-02-22 02:50:46] 半只鼹鼠:  @GETLUCKY216：458
[2026-02-22 02:50:46] 不改名真的不中奖呀Cc: 怎么房管五千小时b+还要被骂啊，难道有人十几年不拿major你也要骂？
[2026-02-22 02:50:46] 时维鹰扬丶: 这波真不怪apex，还是fw杀少了
[2026-02-22 02:50:46] 用户7717188970: 开等级墙？21级以下的兄弟们还能说话吗？
[2026-02-22 02:50:46] 垣力释放: 怎么房管五千小时b+还要被骂啊，难道有人十几年不拿major你也要骂？
[2026-02-22 02:50:46] 阿羞羞i: 精彩
[2026-02-22 02:50:46] 名为射的男人: @布罗利：好好好！
[2026-02-22 02:50:46] 潇洒大概: 我要验牌
[2026-02-22 02:50:47] Crychiccc的若叶睦本人: @布罗利：可惜（🤭）
[2026-02-22 02:50:47] 闪光皮凡: NIKO指挥的
[2026-02-22 02:50:47] 玩黄布丶Niko: NIKO指挥的
[2026-02-22 02:50:47] 阿瓦伊莉雅: 玩大哥憋不住笑就不要憋了 看着载物这样发挥真的不开心吗
[2026-02-22 02:50:47] 男人至死皆少年: 这时候转b怎么可能看白车啊
[2026-02-22 02:50:47] shadow彡跨擦: 拱门夹A不是已经上了，谁的指挥
[2026-02-22 02:50:47] 人间太岁神c: 僵硬的指挥
[2026-02-22 02:50:47] 冲上云霄的姨: 这波真不怪APEX
[2026-02-22 02:50:47] Sereinily: 【斤乃】斧乃木难绷布罗利被玩机器抛弃，直言抛就抛了呗，我当年也是这样被抛，都差不多
[2026-02-22 02:50:48] Vitaliy的ZywOo本人: 这波真不怪APEX
[2026-02-22 02:50:48] 叫我全蛋吧QwQ: ++++++++++++++++++++++++++++++++++++++++++++++++++
[2026-02-22 02:50:48] valorant玩机器: 这波真不怪APEX
[2026-02-22 02:50:48] lucky發發發: 运气
[2026-02-22 02:50:48] 落泪改名含泪: ++++++++++++++++、
[2026-02-22 02:50:48] 無茶苦茶0: @不喝酒亚威（4个月前评论）：你都挂着苍蝇标了给你了呗
[2026-02-22 02:50:48] huochai67: 怎么没人刷布罗利了，是被封了吗
[2026-02-22 02:50:48] 天守阁信长: 感觉不如猎鹰被1v3啊
[2026-02-22 02:50:49] LvvsiN: @阿汤日记：一个人，5发子弹，保住格陵兰岛。我不会叫它不可能完成的任务，我现在只想先回家看亦博
[2026-02-22 02:50:49] 夏恋: /enzu：会不会玩啊😣
[2026-02-22 02:50:49] 谦子卿: 冰粉：别输蒙古啊🐝
[2026-02-22 02:50:50] 求老仙奶贾碧不死: 目前niko指挥12把
[2026-02-22 02:50:50] 森林与雁: 不哦吗
[2026-02-22 02:50:50] 祝直播间观众工作顺利: 这波真不怪APEX
[2026-02-22 02:50:50] 哈哈刘伯温: k3指挥的
[2026-02-22 02:50:51] 是是非非blue: 其实不是载粉圣人，毕竟不是谁都像尼孩粉一样逆风输出的
[2026-02-22 02:50:51] 石家庄的刘亦博本人: 又不搜点
[2026-02-22 02:50:51] xOcOg: 【斤乃】斧乃木难绷布罗利被玩机器抛弃，直言抛就抛了呗，我当年也是这样被抛，都差不多
[2026-02-22 02:50:51] 用户3661578: NIKO指挥的
[2026-02-22 02:50:51] 海绵宝宝农批儿: 想笑就笑吧
[2026-02-22 02:50:52] Monoceros-: 直播间和殡仪馆越来越像了，主角明明已经不在了，大家依然围在旁边聊些不相干的东西，然后热度还很高
[2026-02-22 02:50:52] 高松灯扣死千早爱音: @布罗利：好好好！
[2026-02-22 02:50:52] Lee西关少爷: @布罗利：好好好！
[2026-02-22 02:50:52] 剩枪游侠任已嘘: 怎么房管五千小时b+还要被骂啊，难道有人十几年不拿major你也要骂？
[2026-02-22 02:50:53] 有你便是世界1: 精彩
[2026-02-22 02:50:53] 应感激忠心的伴侣: 爽😆！爽😆！爽😆！爽😆！爽😆！爽😆！爽😆！爽😆！爽😆！
[2026-02-22 02:50:53] NegeVK1n9fkdy: 不赌也偷完了
[2026-02-22 02:50:53] 玩机器的乃个会刘能: 加
[2026-02-22 02:50:53] jrcd66: 这波真不怪APEX
[2026-02-22 02:50:53] 我是个逗比青年ac: NIKO指挥的
[2026-02-22 02:50:53] 菅原小吉: 感谢@这波真不怪apex的飞机
[2026-02-22 02:50:53] 忘情不忘你丶: （偷笑）这是一个提前解读！
[2026-02-22 02:50:54] 丶小恐龙丶: @布罗利：好！好！好！
[2026-02-22 02:50:54] Flynnnnnnn: NIKO指挥的
[2026-02-22 02:50:54] azo808: niko指挥的真好啊这波
[2026-02-22 02:50:54] 冬原春希: 舟车劳顿了
[2026-02-22 02:50:54] 忽孝山庄: 拱门夹A不是已经上了，谁的指挥
[2026-02-22 02:50:55] 玩猴爪丶MonkeyPaw: @这里是小天啊：玩大哥，dy方向进攻很猛，我饭碗是不是要没了🥺
[2026-02-22 02:50:55] 本来很爱笑: JAME式赌点
[2026-02-22 02:50:55] LvvsiN: 玩 出，我双倍呢？😡😡玩 出，我双倍呢？😡😡玩 出，我双倍呢？😡😡玩 出，我双倍呢？😡
[2026-02-22 02:50:55] 星海羽弦: @布罗利：好好好！
[2026-02-22 02:50:55] 椰壳karuyek: NB
[2026-02-22 02:50:56] CheZed: @布罗利：可惜（🤭）
[2026-02-22 02:50:56] 用户7916635224: 搏一搏单车变摩托
[2026-02-22 02:50:56] 瞄准高高手: 其实不是载粉圣人，毕竟不是谁都像尼孩粉一样逆风输出的
[2026-02-22 02:50:56] 忒斯特賊賊的披肩: niko指挥的
[2026-02-22 02:50:56] al9527: +++++++++++++++
[2026-02-22 02:50:56] future嘤: falcons play
[2026-02-22 02:50:57] NEVER豚: 　　　 NIKO指挥的
[2026-02-22 02:50:57] 荒野遊侠: 布里茨还是相信A出
[2026-02-22 02:50:57] duoduofeizhuzi: @布罗利：可惜（🤭）
[2026-02-22 02:50:57] 好姐妹太卜司符玄: 这波真不怪APEX
[2026-02-22 02:50:57] 妖精骑士梅柳齐娜: jame play
[2026-02-22 02:50:57] 养精蓄锐展望未来: ooooooooooooo
[2026-02-22 02:50:58] 好姐妹德克萨斯: 放手亦博
[2026-02-22 02:50:58] Ephemerality137: NIKO指挥的
[2026-02-22 02:50:58] Shintaro: 放手亦博
[2026-02-22 02:50:58] 玩蛇鼠丶stabbi: @布罗利：好好好！
[2026-02-22 02:50:58] Ch1Sa-: 解读
[2026-02-22 02:50:58] 另一个世界7: @布罗利：好好好！
[2026-02-22 02:50:58] 付费发言太爽了: 其实不是载粉圣人，毕竟不是谁都像尼孩粉一样逆风输出的
[2026-02-22 02:50:59] 丿蜗丶牛: 怎么房管五千小时b+还要被骂啊，难道有人十几年不拿major你也要骂？
[2026-02-22 02:50:59] 神马米洛: NIKO指挥的
[2026-02-22 02:50:59] Laila丶丶: 这波真不怪APEX
[2026-02-22 02:51:00] aphasia失语: NIKO指挥的
[2026-02-22 02:51:00] 虎皮奶酪: 　　　 其实不是载粉圣人，毕竟不是谁都像尼孩粉一样逆风输出的
[2026-02-22 02:51:00] ymyyo: 我让你开双倍你二龙吗？老子荧光棒要过期了
[2026-02-22 02:51:00] 传统peek高手XANTARES: @布罗利：好好好！
[2026-02-22 02:51:00] vgcyt: 目前niko指挥12把
[2026-02-22 02:51:00] 好哥们华子: 亦博
[2026-02-22 02:51:00] 纵横居士: @这波真不怪apex：✈️
[2026-02-22 02:51:01] 软柿子好急好好笑: 精彩
[2026-02-22 02:51:01] ws001001: 舟车劳顿了
[2026-02-22 02:51:01] 刘亦博爱郑哲伟: @布罗利：可惜（🤭）
[2026-02-22 02:51:01] LvvsiN: 为什么房管封的不能给鱼丸……还以为今天晚上得吃了……
[2026-02-22 02:51:01] 心脏钥匙OA: 感谢apex
[2026-02-22 02:51:01] fpx丶: @布罗利：好好好！
[2026-02-22 02:51:01] 我最喜欢玩机器: k
[2026-02-22 02:51:01] 三零一路公交司机: 放手亦博
[2026-02-22 02:51:01] 机器的稿完: 怎么没人刷布罗利了，是被封了吗
[2026-02-22 02:51:01] 椰壳karuyek: 感谢apex
[2026-02-22 02:51:02] 結城希亞: @布罗利：好好好！
[2026-02-22 02:51:02] SchUmiFan4eVeR: @blitz：梭哈是一种智慧
[2026-02-22 02:51:02] 小救星小杜DuD: @布罗利：好！好！好！
[2026-02-22 02:51:03] NicolaiReedtz666: NIKO指挥的
[2026-02-22 02:51:03] 钱赞企屁股翘: 太精彩了，比我这个颜色的队伍好看十倍我靠
[2026-02-22 02:51:03] LvvsiN: 额，拿亚军我都会，拿亚军，拿季军，拿四强，拿八强，拿十六强，呃拿冠军我不会，然后小组赛淘汰
[2026-02-22 02:51:04] 丶丶Ken丶丶: 目前niko指挥12把
[2026-02-22 02:51:04] 汤汤魔魔mmmmmmmmajor冠军: 其实不是载粉圣人，毕竟不是谁都像尼孩粉一样逆风输出的
[2026-02-22 02:51:04] 剑崎梨梨花: @布罗利：可惜（🤭）
[2026-02-22 02:51:05] LvvsiN: 为什么房管封的不能给鱼丸……还以为今天晚上得吃了……
[2026-02-22 02:51:05] 用户4743944990: falcons play
[2026-02-22 02:51:05] 冲上云霄的姨: 怎么房管五千小时b+还要被骂啊，难道有人十几年不拿major你也要骂？
[2026-02-22 02:51:06] 衰小孩303: @布罗利：可惜（🤭）
[2026-02-22 02:51:06] 来自欧派星球: @这波真不怪apex：这波真不怪apex
[2026-02-22 02:51:06] 顺风AME逆风AMS: niko在蒙古包里面指挥的
[2026-02-22 02:51:06] ZZzong: @布罗利：好！好！好！
[2026-02-22 02:51:06] siufff: 　　　 其实不是载粉圣人，毕竟不是谁都像尼孩粉一样逆风输出的
[2026-02-22 02:51:06] 詹跑跑还下跪: 怎么房管五千小时b+还要被骂啊，难道有人十几年不拿major你也要骂？
[2026-02-22 02:51:07] 无刺有刺的安和昴本人: 但是载物的残局呢？（还好输了，暗喜）
[2026-02-22 02:51:07] 玩菜鸟、noob: 感觉这才是总决啊
[2026-02-22 02:51:07] 汤汤魔魔mmmmmmmmajor冠军: 其实不是载粉圣人，毕竟不是谁都像尼孩粉一样逆风输出的
[2026-02-22 02:51:07] Yuusuke95: 放手 亦 博
[2026-02-22 02:51:07] Jess2: 其实不是载粉圣人，毕竟不是谁都像尼孩粉一样逆风输出的
[2026-02-22 02:51:07] LvvsiN: 就tm喜欢银行业🥰银行坏账我喜欢🥰银行挤兑我还喜欢😍利率调低我也喜欢🤤老子亲烂银行业的脸😘
[2026-02-22 02:51:07] 海绵宝宝打野儿: @布罗利：好！好！好！
[2026-02-22 02:51:07] 依然有力: @blitz：梭哈是一种智慧
[2026-02-22 02:51:07] Crythic的羊宫妃那本人: NIKO指挥的
[2026-02-22 02:51:08] 越勾越搜越王勾践: @布罗利：可惜（🤭）
[2026-02-22 02:51:08] 徐州N1K0: 放手！亦博！
[2026-02-22 02:51:08] 冰冰冰冰冰氷冰: 蒙古又不可能5a，为啥不补明牌的人？
[2026-02-22 02:51:08] ilakp1983: k3指挥的
[2026-02-22 02:51:09] 喜欢吃生菜: 九八五
[2026-02-22 02:51:09] 汤汤魔魔mmmmmmmmajor冠军: 其实不是载粉圣人，毕竟不是谁都像尼孩粉一样逆风输出的
[2026-02-22 02:51:09] astralis的jabbi本人: 怎么没人刷布罗利了，是被封了吗
[2026-02-22 02:51:09] 替天行道牧苏苏: 布罗利指挥的
[2026-02-22 02:51:09] LvvsiN: 弹幕也就网上说说，现实里谁不觉得樱姐是好女孩（删括号领一条远坂凛同款鸟笼）
[2026-02-22 02:51:09] 三楼不如三箱: 这波真不怪apex我叫你送飞机你🐉吗
[2026-02-22 02:51:10] 印花的T恤: 为什么不买全甲
[2026-02-22 02:51:10] 胡子哥156: 放手亦博
[2026-02-22 02:51:10] 無茶苦茶0: @不喝酒亚威（4个月前评论）：你都挂着苍蝇标了给你了呗
[2026-02-22 02:51:10] emmmm452: NIKO指挥的
[2026-02-22 02:51:11] 汤汤魔魔mmmmmmmmajor冠军: 其实不是载粉圣人，毕竟不是谁都像尼孩粉一样逆风输出的
[2026-02-22 02:51:11] 替换狗蛇的Magisk本人: 怎么没人刷布罗利了，是被封了吗
[2026-02-22 02:51:11] LvvsiN: @阿汤日记：一个人，5发子弹，保住格陵兰岛。我不会叫它不可能完成的任务，我现在只想先回家看亦博
[2026-02-22 02:51:12] 努力修炼的A1: @布罗利：可惜（🤭）
[2026-02-22 02:51:12] YEKINDAR: 怎么房管五千小时b+还要被骂啊，难道有人十几年不拿major你也要骂？
[2026-02-22 02:51:12] 即将拥有PDD的人鱼线丿: 高僧预测：蜜蜂22-20蒙古
[2026-02-22 02:51:12] Vitality的羽贺文乃本人: @这波真不怪apex：这波真不怪apex
[2026-02-22 02:51:13] 飞天玉虎zzZ: 蜂美还在上供，载物不高兴了
[2026-02-22 02:51:13] 好姐妹弓塚五月: 奕博
[2026-02-22 02:51:13] LvvsiN: 弹幕也就网上说说，现实里谁不觉得樱姐是好女孩（删括号领一条远坂凛同款鸟笼）
[2026-02-22 02:51:13] 纪川6657: 感觉这两个队伍比赛观赏性不如猎鹰啊😅，猎鹰都是出去找人杀的😁😁😁
[2026-02-22 02:51:14] 求奶我霉运缠身一生: 目前k3指挥12把，niko指挥12吧
[2026-02-22 02:51:14] 匕匕叭叭: 太精彩了，比我这个颜色的队伍好看十倍我靠
[2026-02-22 02:51:14] 养精蓄锐展望未来: 蒙古干碎
[2026-02-22 02:51:14] XCChieri: 怎么房管五千小时b+还要被骂啊，难道有人十几年不拿major你也要骂？
[2026-02-22 02:51:15] 想添donk的小驴蹄: @布罗利：可惜（🤭）
[2026-02-22 02:51:15] 驴驴伟伟major冠军: @布罗利：可惜（🤭）
[2026-02-22 02:51:15] LvvsiN: 玩宝宝，我发现在大学上学的时候肄业会很舒服，你可以试试
[2026-02-22 02:51:15] 茂名水鬼: 怎么房管五千小时b+还要被骂啊，难道有人十几年不拿major你也要骂？
[2026-02-22 02:51:17] LvvsiN: 就tm喜欢银行业🥰银行坏账我喜欢🥰银行挤兑我还喜欢😍利率调低我也喜欢🤤老子亲烂银行业的脸😘
[2026-02-22 02:51:17] Rew1nnd: 怎么没人刷布罗利了，是被封了吗终末地
[2026-02-22 02:51:18] 肘一郎: @布罗利：放手亦博吧😎
[2026-02-22 02:51:18] 潑墨為画: 1a1b明了为什么不补枪进a还要转
[2026-02-22 02:51:18] ahhhhhhhhhhhhhhhhhhh: 吊人要摸了
[2026-02-22 02:51:21] LvvsiN: 你屏蔽词都快赶上新华词典了为什么不干脆开一百级发言？
[2026-02-22 02:51:21] G2的device本人: 处刑
[2026-02-22 02:51:21] 送了3年钻粉没进群: @布罗利：niko就不会这样指挥
[2026-02-22 02:51:22] AfKCola: 处刑
[2026-02-22 02:51:23] 肘一郎: @布罗利：放手亦博吧😎
[2026-02-22 02:51:23] 銀傷: @布罗利：可惜（🤭）
[2026-02-22 02:51:23] 正经猪头肉: 处刑
[2026-02-22 02:51:23] Mortnotz: 比赛要看，布出要骂
[2026-02-22 02:51:23] Wardel: 弹幕发数字也不封，玩大哥也太恨了吧
[2026-02-22 02:51:23] LvvsiN: 弹幕也就网上说说，现实里谁不觉得樱姐是好女孩（删括号领一条远坂凛同款鸟笼）
[2026-02-22 02:51:23] 琴弦之意: fw
[2026-02-22 02:51:23] Noria丶: 处刑
[2026-02-22 02:51:23] 杏爱企鹅: 处刑😆处刑🤣处刑😄处刑😅处刑😋处刑🤪处刑😝处刑🤗处刑🤭
[2026-02-22 02:51:23] 求老仙奶贾碧不死: 处刑
[2026-02-22 02:51:23] Z伊卡洛斯Z: fw
[2026-02-22 02:51:23] 石家庄的宠物男孩: fw
[2026-02-22 02:51:23] 無話可說848: 处刑
[2026-02-22 02:51:23] 传统peek高手XANTARES: fw
[2026-02-22 02:51:23] 肘一郎: @布罗利：放手亦博吧😎
[2026-02-22 02:51:23] 玩机器厦面鄙骰大: 处刑
[2026-02-22 02:51:23] LvvsiN: @阿汤日记：一个人，5发子弹，保住格陵兰岛。我不会叫它不可能完成的任务，我现在只想先回家看亦博
[2026-02-22 02:51:23] 薛定谔的萝莉喵: 处刑
[2026-02-22 02:51:23] 专看玩机器的号: 处刑😆处刑🤣处刑😄处刑😅处刑😋处刑🤪处刑😝处刑🤗处刑🤭
[2026-02-22 02:51:24] 活泼可爱菊小花: fw
[2026-02-22 02:51:24] 千古恨轮回尝061: 处刑😆处刑🤣处刑😄处刑😅处刑😋处刑🤪处刑😝处刑🤗处刑🤭
[2026-02-22 02:51:24] 热带雨林丶为爱鼓掌: 处刑
[2026-02-22 02:51:24] CheZed: 处刑
[2026-02-22 02:51:24] 机器机器祝你天天开心: 处刑
[2026-02-22 02:51:24] 多喝热水9点睡: 处刑😆处刑🤣处刑😄处刑😅处刑😋处刑🤪处刑😝处刑🤗处刑🤭
[2026-02-22 02:51:24] 玩猴爪丶MonkeyPaw: @布罗利：还是好队伍多啊！还是好队伍多啊！还是好队伍多啊！还是好队伍多啊！
[2026-02-22 02:51:24] 迪奥雷: fw
[2026-02-22 02:51:25] 用户02938034: fw
[2026-02-22 02:51:25] 马利克er: fw
[2026-02-22 02:51:25] 逃离灰色地带: 处刑😆处刑🤣处刑😄处刑😅处刑😋处刑🤪处刑😝处刑🤗处刑🤭
[2026-02-22 02:51:25] 终初若叶睦: 处刑
[2026-02-22 02:51:25] Ephemerality137: 处刑
[2026-02-22 02:51:25] 唯有、责任: 处刑😆处刑🤣处刑😄处刑😅处刑😋处刑🤪处刑😝处刑🤗处刑🤭
[2026-02-22 02:51:26] 迷你世界丁真学姐1: fw
[2026-02-22 02:51:26] 女武神布伦希尔德: 处刑🤒处刑🫨处刑😆处刑🤣处刑😄处刑😅处刑😋处刑🤪处刑😝处刑🤗处刑🤭
[2026-02-22 02:51:27] 千古恨轮回尝061: 处刑😆处刑🤣处刑😄处刑😅处刑😋处刑🤪处刑😝处刑🤗处刑🤭
[2026-02-22 02:51:27] WEYyuki: 处刑😆处刑🤣处刑😄处刑😅处刑😋处刑🤪处刑😝处刑🤗处刑🤭
[2026-02-22 02:51:27] 玩机器厦面鄙骰大: 处刑！！处刑！！
[2026-02-22 02:51:27] 茂名水鬼: 你登山吧，像2025-02-07 23:35一样一样的suwa~
[2026-02-22 02:51:27] LvvsiN: 我提一嘴这剧情越来越像上海major了
[2026-02-22 02:51:27] 猫鼬斩Zz: 处刑
[2026-02-22 02:51:28] 黄太公丶: @布罗利：放手亦博吧😎
[2026-02-22 02:51:28] 无7441158: 处刑😆处刑🤣处刑😄处刑😅处刑😋处刑🤪处刑😝处刑🤗处刑🤭
[2026-02-22 02:51:28] Yuusuke95: 转起来了
[2026-02-22 02:51:28] 椰子79K: chopper:豆哥指令没问题,donk来v了
[2026-02-22 02:51:29] LvvsiN: 我让你开双倍你二龙吗？老子荧光棒要过期了
[2026-02-22 02:51:30] everch0sen: 处刑😆处刑🤣处刑😄处刑😅处刑😋处刑🤪处刑😝处刑🤗处刑🤭
[2026-02-22 02:51:30] 千古恨轮回尝061: 处刑😆处刑🤣处刑😄处刑😅处刑😋处刑🤪处刑😝处刑🤗处刑🤭
[2026-02-22 02:51:30] uzi家的喷水龙: 唉一个最恨的人还要一直解说。。。
[2026-02-22 02:51:31] 夏陌蔷薇落: 凡是给了赢的机会没抓住，都输了
[2026-02-22 02:51:31] 我吃柠檬片: 处刑😆处刑🤣处刑😄处刑😅处刑😋处刑🤪处刑😝处刑🤗处刑🤭
[2026-02-22 02:51:31] LvvsiN: 你屏蔽词都快赶上新华词典了为什么不干脆开一百级发言？
[2026-02-22 02:51:33] 瑭珏: 　　　 @布罗利：放手亦博吧😎
[2026-02-22 02:51:33] Yuusuke95: 闹麻了
[2026-02-22 02:51:33] LvvsiN: 玩宝宝，我发现在大学上学的时候肄业会很舒服，你可以试试
[2026-02-22 02:51:34] 玩机器厦面鄙骰大: 处刑！！处刑！！
[2026-02-22 02:51:34] 你笑起来很撩: 处刑😆处刑🤣处刑😄处刑😅处刑😋处刑🤪处刑😝处刑🤗处刑🤭
[2026-02-22 02:51:35] 喜欢吃生菜: fw
[2026-02-22 02:51:36] LvvsiN: 你为什么要把mαjor禁了，我收藏的一半弹幕全毁了
[2026-02-22 02:51:36] 灵耀ii: 这也处刑啊？😅这也处刑啊？😅这也处刑啊？😅这也处刑啊？😅
[2026-02-22 02:51:36] glad1uS: 🗿
[2026-02-22 02:51:36] 玩机器厦面鄙骰大: 处刑！！处刑！！
[2026-02-22 02:51:37] 鲜血与暗影铸造的家伙: 纪律呢
[2026-02-22 02:51:37] LvvsiN: 弹幕别吵了，银行业一样一样有有有也会有h'y'hui't'y'r's'c'dn
[2026-02-22 02:51:39] 渡亡神雅睿欧斯: 阳光
[2026-02-22 02:51:39] LvvsiN: 弹幕也就网上说说，现实里谁不觉得樱姐是好女孩（删括号领一条远坂凛同款鸟笼）
[2026-02-22 02:51:40] 夏空喵: 处刑😆处刑🤣处刑😄处刑😅处刑😋处刑🤪处刑😝处刑🤗处刑🤭
[2026-02-22 02:51:40] P丶ersist丿: 处刑😆处刑🤣处刑😄处刑😅处刑😋处刑🤪处刑😝处刑🤗处刑🤭
[2026-02-22 02:51:40] yuuik27: 处刑😆处刑🤣处刑😄处刑😅处刑😋处刑🤪处刑😝处刑🤗处刑🤭
[2026-02-22 02:51:40] 小蜜蜂的长期素食本人: 阳光
[2026-02-22 02:51:41] 潇洒大概: 神秘
[2026-02-22 02:51:41] hxyvraf: 冷知识：布罗利全息黑蛋买成了rmr黑蛋
[2026-02-22 02:51:41] 空有无垠: niko到底是哪边的，怎么两边都他指挥了12把。。。
[2026-02-22 02:51:41] 专看玩机器的号: 阳光
[2026-02-22 02:51:41] LvvsiN: 南孚一节更比六节强，也就是一节南孚比六节南孚强，六节南孚比三十六节强，三十六节比二百一十六节强
[2026-02-22 02:51:42] 好姐妹德克萨斯: 阴暗
[2026-02-22 02:51:42] KujoJolyne: 你看这老六
[2026-02-22 02:51:43] 擅长登山的亦博同学: 哦？😮哦？😮哦？😮哦？😮哦？😮哦？😮哦？😮哦？😮哦？😮哦？😮哦？😮哦
[2026-02-22 02:51:43] 灵耀ii: 处刑😆处刑🤣处刑😄处刑😅处刑😋处刑🤪处刑😝处刑🤗处刑🤭
[2026-02-22 02:51:43] 和煦m: 阳光
[2026-02-22 02:51:43] 强尼银手VVV: 阳光
[2026-02-22 02:51:43] 刘亦博爱郑哲伟:  @布罗利：放手亦博吧😎
[2026-02-22 02:51:43] z泽村英梨梨i: 🗿
[2026-02-22 02:51:43] Li喵喵喵a: 处刑😆处刑🤣处刑😄处刑😅处刑😋处刑🤪处刑😝处刑🤗处刑🤭
[2026-02-22 02:51:44] LvvsiN: 玩宝宝，我发现在大学上学的时候肄业会很舒服，你可以试试
[2026-02-22 02:51:44] 我最喜欢玩机器: 阳光
[2026-02-22 02:51:44] 玩指挥丶NiKo: 老六
[2026-02-22 02:51:44] Aetheranus: 阳光
[2026-02-22 02:51:44] 爱道冠: 处刑😆处刑🤣处刑😄处刑😅处刑😋处刑🤪处刑😝处刑🤗处刑🤭
[2026-02-22 02:51:44] 火焰兰丐帮: 死老六还不帮
[2026-02-22 02:51:45] dev1ce不拿top1不改名: 阳光
[2026-02-22 02:51:45] 最喜欢妮姆芙: 阳光
[2026-02-22 02:51:45] 玩机器厦面鄙骰大: 阳光
[2026-02-22 02:51:45] 尼娅丶还有大家: 阳光
[2026-02-22 02:51:46] LvvsiN: 为什么房管封的不能给鱼丸……还以为今天晚上得吃了……
[2026-02-22 02:51:46] 用户19863404: 阴暗
[2026-02-22 02:51:46] 放飞梦想12353: 阳光
[2026-02-22 02:51:46] 今晚吃星洲炒米: 有个老六
[2026-02-22 02:51:46] 机器机器祝你幸福: 弹幕也就网上说说，现实里谁不觉得樱姐是好女孩（删括号领一条远坂凛同款鸟笼）
[2026-02-22 02:51:46] Laila丶丶: 阳光
[2026-02-22 02:51:47] DWG的ShowMaker本人: 冷知识：布罗利全息黑蛋买成了rmr黑蛋
[2026-02-22 02:51:47] 柚柚子Yuyuko: 阳光
[2026-02-22 02:51:47] QC很牛很强大: 紫色别在那断了
[2026-02-22 02:51:47] 古堡12枪战神: 冷知识：布罗利全息黑蛋买成了rmr黑蛋
[2026-02-22 02:51:47] himluo: 摸穿了
[2026-02-22 02:51:47] 硫磺祥: 炎帝别成为炎症好吗
[2026-02-22 02:51:47] 什么罐头我说男人: 处刑😆处刑🤣处刑😄处刑😅处刑😋处刑🤪处刑😝处刑🤗处刑🤭
[2026-02-22 02:51:48] LvvsiN: 孩子们快跑，马修赫伯特来了😨卧槽你的怎么是马枪和BOT
[2026-02-22 02:51:48] RocketTheRaccoon: 处刑😆处刑🤣处刑😄处刑😅处刑😋处刑🤪处刑😝处刑🤗处刑🤭
[2026-02-22 02:51:48] 驴驴伟伟major冠军: 紫色别断了
[2026-02-22 02:51:48] hhhproX: 阳光
[2026-02-22 02:51:48] wiknzylix: 冷知识：布罗利全息黑蛋买成了rmr黑蛋
[2026-02-22 02:51:50] LvvsiN: 玩宝宝，我发现在大学上学的时候肄业会很舒服，你可以试试
[2026-02-22 02:51:50] 云边有条小侏如: 冷知识：布罗利全息黑蛋买成了rmr黑蛋
[2026-02-22 02:51:50] 玩比赛丶bet: 冷知识：布罗利全息黑蛋买成了rmr黑蛋
[2026-02-22 02:51:50] 小救星小杜DuD: 南孚一节更比六节强，也就是一节南孚比六节南孚强，六节南孚比三十六节强，三十六节比二百一十六节强
[2026-02-22 02:51:51] 还是上半场分拿少了: 紫色别在那断了
[2026-02-22 02:51:51] Yuusuke95: 紫色别踏马断了 卧槽！
[2026-02-22 02:51:52] LvvsiN: 额，拿亚军我都会，拿亚军，拿季军，拿四强，拿八强，拿十六强，呃拿冠军我不会，然后小组赛淘汰
[2026-02-22 02:51:52] chordclef: major
[2026-02-22 02:51:52] NoNoXxxx: 阳光
[2026-02-22 02:51:52] 好姐妹弓塚五月: 大汉
[2026-02-22 02:51:53] PqsAz: 布罗利，老六呢
[2026-02-22 02:51:54] 哦可喜欢我: @姜承錄：玩哥，姜 🐕是什么意思？
[2026-02-22 02:51:54] LvvsiN: 南孚一节更比六节强，也就是一节南孚比六节南孚强，六节南孚比三十六节强，三十六节比二百一十六节强
[2026-02-22 02:51:54] 传统peek高手XANTARES: 业余
[2026-02-22 02:51:55] 空中小楼、: 看到ropz就想笑
[2026-02-22 02:51:55] 茂名水鬼: 冷知识：布罗利全息黑蛋买成了rmr黑蛋
[2026-02-22 02:51:55] 爆爆爆开爆: 冷知识：布罗利全息黑蛋买成了rmr黑蛋
[2026-02-22 02:51:55] 笑看诚哥: 处刑😆处刑🤣处刑😄处刑😅处刑😋处刑🤪处刑😝处刑🤗处刑🤭
[2026-02-22 02:51:56] LvvsiN: @阿汤日记：一个人，5发子弹，保住格陵兰岛。我不会叫它不可能完成的任务，我现在只想先回家看亦博
[2026-02-22 02:51:56] 承認欲求: 紫色 别断了
[2026-02-22 02:51:57] 玩机器厦面鄙骰大: 紫色，别在那断了
[2026-02-22 02:51:58] LvvsiN: @阿汤日记：一个人，5发子弹，保住格陵兰岛。我不会叫它不可能完成的任务，我现在只想先回家看亦博
[2026-02-22 02:51:58] Vitality的羽贺文乃本人: @姜承錄：玩哥，姜 🐕是什么意思？
[2026-02-22 02:51:58] Czw楽: 紫色别踏马断了 卧槽！
[2026-02-22 02:51:59] 好姐妹清道夫: 冷知识：布罗利全息黑蛋买成了rmr黑蛋
[2026-02-22 02:51:59] G2的device本人: 换家
[2026-02-22 02:52:00] 超超哈哈major冠军: 换家
[2026-02-22 02:52:00] 哈基鹅大王: 冷知识：布罗利全息黑蛋买成了rmr黑蛋
[2026-02-22 02:52:00] LvvsiN: 弹幕别吵了，银行业一样一样有有有也会有h'y'hui't'y'r's'c'dn
[2026-02-22 02:52:01] 玩机器厦面鄙骰大: 紫色，别在那断了！！！紫色，别在那断了！！！紫色，别在那断了！！！紫色，别在那断了！！！紫色，别在那
[2026-02-22 02:52:02] 玩指挥丶NiKo: 冷知识：布罗利全息黑蛋买成了rmr黑蛋
[2026-02-22 02:52:02] LvvsiN: 为什么房管封的不能给鱼丸……还以为今天晚上得吃了……
[2026-02-22 02:52:02] 玩猴爪丶MonkeyPaw: 紫色别踏马断了 卧槽！
[2026-02-22 02:52:02] 岭上雾冷: 一年十冠对社区环境的破坏太大了，还是十年不拿Maj0r的好，总能产出悲情剪辑让人共情
[2026-02-22 02:52:03] jrcd66: 博弈
[2026-02-22 02:52:03] 丶小恐龙丶: 冷知识：布罗利全息黑蛋买成了rmr黑蛋
[2026-02-22 02:52:03] 刘亦博爱郑哲伟: 玩哥，姜 🐕是什么意思？玩哥，姜 🐕是什么意思？
[2026-02-22 02:52:03] 丶丶Ken丶丶: @姜承錄：玩哥，姜 🐕是什么意思？
[2026-02-22 02:52:03] 问天丶Aiden: 你再看看蒙古在哪呢
[2026-02-22 02:52:03] duoduofeizhuzi: 智斗巅峰
[2026-02-22 02:52:04] LvvsiN: 其实碗橱就是猪灵，你不拿黄金丢他他就不跟你说话
[2026-02-22 02:52:04] 用户2100686284: 冷知识：布罗利全息黑蛋买成了rmr黑蛋
[2026-02-22 02:52:04] 风雨晚烟: 冷知识：布罗利全息黑蛋买成了rmr黑蛋
[2026-02-22 02:52:04] xmwqf: 智斗巅峰
[2026-02-22 02:52:05] vgcyt: 冷知识：布罗利全息黑蛋买成了rmr黑蛋
[2026-02-22 02:52:06] 飛鳥蘭: 抓娃娃
[2026-02-22 02:52:06] 汤汤魔魔mmmmmmmmajor冠军: 冷知识：布罗利全息黑蛋买成了rmr黑蛋
[2026-02-22 02:52:06] 改名卡爆改中: 哦
[2026-02-22 02:52:06] LvvsiN: 南孚一节更比六节强，也就是一节南孚比六节南孚强，六节南孚比三十六节强，三十六节比二百一十六节强
[2026-02-22 02:52:07] 无须终有492: 紫色，别在那断了！！！紫色，别在那断了！！！紫色，别在那断了！！！紫色，别在那断了！！！紫色，别在那
[2026-02-22 02:52:07] NegeVK1n9fkdy: 妹子别tm断了
[2026-02-22 02:52:08] LvvsiN: 玩 出，我双倍呢？😡😡玩 出，我双倍呢？😡😡玩 出，我双倍呢？😡😡玩 出，我双倍呢？😡
[2026-02-22 02:52:08] 偶像情酱: 冷知识：布罗利全息黑蛋买成了rmr黑蛋
[2026-02-22 02:52:08] 岭上雾冷: 一年十冠对社区环境的破坏太大了，还是十年不拿Maj0r的好，总能产出悲情剪辑让人共情
[2026-02-22 02:52:08] 鲜血与暗影铸造的家伙: 包掉了怎么办呢
[2026-02-22 02:52:09] 汤汤魔魔mmmmmmmmajor冠军: 冷知识：布罗利全息黑蛋买成了rmr黑蛋
[2026-02-22 02:52:09] 图帕雷松: 冷知识：布罗利全息黑蛋买成了rmr黑蛋
[2026-02-22 02:52:09] ahhhhhhhhhhhhhhhhhhh: 现场要哦了
[2026-02-22 02:52:10] 玩弓箭、Arrow: 一年十冠对社区环境的破坏太大了，还是十年不拿Maj0r的好，总能产出悲情剪辑让人共情
[2026-02-22 02:52:10] LvvsiN: 南孚一节更比六节强，也就是一节南孚比六节南孚强，六节南孚比三十六节强，三十六节比二百一十六节强
[2026-02-22 02:52:10] 皓宇是个帅比: @姜承錄：玩哥，姜 🐕是什么意思？
[2026-02-22 02:52:10] 刘亦博爱郑哲伟: @qwert1234567890:冷知识：布罗利全息黑蛋买成了rmr黑蛋
[2026-02-22 02:52:11] 汤汤魔魔mmmmmmmmajor冠军: 一年十冠对社区环境的破坏太大了，还是十年不拿Maj0r的好，总能产出悲情剪辑让人共情
[2026-02-22 02:52:11] jrcd66: 智斗巅峰
[2026-02-22 02:52:12] LvvsiN: 玩宝宝，我发现在大学上学的时候肄业会很舒服，你可以试试
[2026-02-22 02:52:12] 岭上雾冷: 一年十冠对社区环境的破坏太大了，还是十年不拿Maj0r的好，总能产出悲情剪辑让人共情
[2026-02-22 02:52:13] 咸鱼蕾米: 冷知识：布罗利全息黑蛋买成了rmr黑蛋
[2026-02-22 02:52:13] 旅人c20: 博弈
[2026-02-22 02:52:13] 三零一路公交司机: @姜承錄：玩哥，姜 🐕是什么意思？
[2026-02-22 02:52:13] 我也是加把劲骑士: 冷知识：布罗利全息黑蛋买成了rmr黑蛋
[2026-02-22 02:52:14] 汤汤魔魔mmmmmmmmajor冠军: 一年十冠对社区环境的破坏太大了，还是十年不拿Maj0r的好，总能产出悲情剪辑让人共情
[2026-02-22 02:52:14] 皓宇是个帅比: 冷知识：布罗利全息黑蛋买成了rmr黑蛋
[2026-02-22 02:52:14] LvvsiN: 就tm喜欢银行业🥰银行坏账我喜欢🥰银行挤兑我还喜欢😍利率调低我也喜欢🤤老子亲烂银行业的脸😘
[2026-02-22 02:52:14] PqsAz: 冷知识：布罗利全息黑蛋买成了rmr黑蛋
[2026-02-22 02:52:15] 好姐妹德克萨斯: 哦哦哦哦哦哦哦
[2026-02-22 02:52:15] Sereinily: 南孚一节更比六节强，也就是一节南孚比六节南孚强，六节南孚比三十六节强，三十六节比二百一十六节强
[2026-02-22 02:52:15] 不是不想打只是爱解说: 在碗橱脑子里载大哥应该比当年南小鸟还惨吧…毕竟是两个人在折磨
[2026-02-22 02:52:16] 汤汤魔魔mmmmmmmmajor冠军: 一年十冠对社区环境的破坏太大了，还是十年不拿Maj0r的好，总能产出悲情剪辑让人共情
[2026-02-22 02:52:16] LvvsiN: 玩宝宝，我发现在大学上学的时候肄业会很舒服，你可以试试
[2026-02-22 02:52:17] 77一定会是我的: @布罗利：弹幕都被清空了 气不气气不气
[2026-02-22 02:52:18] 沙优丶: 一年十冠对社区环境的破坏太大了，还是十年不拿Maj0r的好，总能产出悲情剪辑让人共情
[2026-02-22 02:52:18] LvvsiN: 玩宝宝，我发现在大学上学的时候肄业会很舒服，你可以试试
[2026-02-22 02:52:19] 好狱友陈超: 一年十冠对社区环境的破坏太大了，还是十年不拿Maj0r的好，总能产出悲情剪辑让人共情
[2026-02-22 02:52:20] LvvsiN: 为什么房管封的不能给鱼丸……还以为今天晚上得吃了……
[2026-02-22 02:52:21] 传统peek高手XANTARES: 一年十冠对社区环境的破坏太大了，还是十年不拿Maj0r的好，总能产出悲情剪辑让人共情
[2026-02-22 02:52:21] 岭上雾冷: 一年十冠对社区环境的破坏太大了，还是十年不拿Maj0r的好，总能产出悲情剪辑让人共情
[2026-02-22 02:52:22] LvvsiN: 玩宝宝，我发现在大学上学的时候肄业会很舒服，你可以试试
[2026-02-22 02:52:23] 应感激忠心的伴侣: 哦？😮哦？😮哦？😮哦？😮哦？😮哦？😮哦？😮哦？😮哦？😮
[2026-02-22 02:52:24] 驴酱贵阳粉丝: 型月四公主来了！爱尔奎特🧛‍阿尔托莉雅🗡两仪式👘苍崎青子🧙‍♀️
[2026-02-22 02:52:24] LvvsiN: 其实碗橱就是猪灵，你不拿黄金丢他他就不跟你说话
[2026-02-22 02:52:25] 阡陌ER: 冷知识：布罗利全息黑蛋买成了rmr黑蛋
[2026-02-22 02:52:25] 即将拥有PDD的人鱼线丿: 知道在哪
[2026-02-22 02:52:25] G2的device本人: 知道吗
[2026-02-22 02:52:25] 正经猪头肉: 闹麻了
[2026-02-22 02:52:26] AfKCola: 闹麻了
[2026-02-22 02:52:26] KuanGggg丶: 知道
[2026-02-22 02:52:26] LvvsiN: 我提一嘴这剧情越来越像上海major了
[2026-02-22 02:52:26] 茂名水鬼: 一年十冠对社区环境的破坏太大了，还是十年不拿Maj0r的好，总能产出悲情剪辑让人共情
[2026-02-22 02:52:27] 67373的黄色闪光: 真的知道吗
[2026-02-22 02:52:27] 顺风AME逆风AMS: 知道吗
[2026-02-22 02:52:27] glad1uS: 。。
[2026-02-22 02:52:27] -breeze143: ？
[2026-02-22 02:52:27] 今晚吃星洲炒米: ？
[2026-02-22 02:52:27] 玩血狼丶Bloodywolf: ?
[2026-02-22 02:52:27] Paraviva: 犬都知道
[2026-02-22 02:52:27] 汤汤魔魔mmmmmmmmajor冠军: 一年十冠对社区环境的破坏太大了，还是十年不拿Maj0r的好，总能产出悲情剪辑让人共情
[2026-02-22 02:52:28] 岭上雾冷: 一年十冠对社区环境的破坏太大了，还是十年不拿Maj0r的好，总能产出悲情剪辑让人共情
[2026-02-22 02:52:28] al9527: 知道
[2026-02-22 02:52:28] himluo: 真懂吗
[2026-02-22 02:52:28] FFREE3: @姜承錄：玩哥，姜 🐕是什么意思？
[2026-02-22 02:52:28] LvvsiN: 其实碗橱就是猪灵，你不拿黄金丢他他就不跟你说话
[2026-02-22 02:52:28] OTTO本人: ？？
[2026-02-22 02:52:28] 何以哀笙: 闹麻了
[2026-02-22 02:52:29] 芬达大杯不加冰: 看哪呢
[2026-02-22 02:52:29] 爱道冠: 哦？😮哦？😮哦？😮哦？😮哦？😮哦？😮哦？😮哦？😮哦？😮哦？😮哦？😮哦？
[2026-02-22 02:52:29] 喜欢吃生菜: 知道
[2026-02-22 02:52:29] 机器机器祝你天天开心: 批
[2026-02-22 02:52:29] 正经猪头肉: 知道在哪
[2026-02-22 02:52:29] 偷高达的天手让叶本人: 闹麻了
[2026-02-22 02:52:29] 硫磺祥: 知道在哪
[2026-02-22 02:52:29] 琴弦之意: 知道在哪儿
[2026-02-22 02:52:29] Halohh1y: 什么B操作
[2026-02-22 02:52:30] 三零一路公交司机: 其实碗橱就是猪灵，你不拿黄金丢他他就不跟你说话
[2026-02-22 02:52:30] 鱼丸包干: 知道在哪
[2026-02-22 02:52:30] 阿羞羞i: 知道吗
[2026-02-22 02:52:30] LvvsiN: 为什么房管封的不能给鱼丸……还以为今天晚上得吃了……
[2026-02-22 02:52:30] ahhhhhhhhhhhhhhhhhhh: 这什么角度
[2026-02-22 02:52:30] 王梓琦的Ozzz丶: 懂吗
[2026-02-22 02:52:30] Aetheranus: 知道在哪
[2026-02-22 02:52:30] loverboy888: 真的知道吗
[2026-02-22 02:52:31] 气盛一时二三件事: 真的知道吗
[2026-02-22 02:52:31] 求你关了我: 知道吗
[2026-02-22 02:52:31] 秋茶小雪: 知道在哪
[2026-02-22 02:52:31] 永远的点子哥: 真知道吗
[2026-02-22 02:52:31] 你失踪的亲爹: 真的懂吗
[2026-02-22 02:52:31] 幼儿源呀呀: 知道吗
[2026-02-22 02:52:31] 万丽娜的小牛角: 知道吗
[2026-02-22 02:52:31] FaZe的伊地知虹夏本人: 责任
[2026-02-22 02:52:32] 强尼银手VVV: 他根本
[2026-02-22 02:52:32] 早安丿章鱼哥: 闹麻了
[2026-02-22 02:52:32] CThun438: 哦？😮哦？😮哦？😮哦？😮哦？😮哦？😮哦？😮哦？😮哦？
[2026-02-22 02:52:32] 迪奥雷: 喜欢动
[2026-02-22 02:52:32] 海绵宝宝守鹤儿: 知道在哪
[2026-02-22 02:52:32] 纪川6657: 哈哈哈哈哈哈哈哈哈哈哈哈
[2026-02-22 02:52:32] crossover很哟西: 知道在哪
[2026-02-22 02:52:33] 鲜血与暗影铸造的家伙: 这什么预瞄
[2026-02-22 02:52:33] Akiba的牧濑红莉栖本人: 一年十冠对社区环境的破坏太大了，还是十年不拿Maj0r的好，总能产出悲情剪辑让人共情
[2026-02-22 02:52:33] 玩圣我想进群: 知道在哪
[2026-02-22 02:52:33] JoeyEason: 一年十冠对社区环境的破坏太大了，还是十年不拿Maj0r的好，总能产出悲情剪辑让人共情
[2026-02-22 02:52:33] 岭上雾冷: 一年十冠对社区环境的破坏太大了，还是十年不拿Maj0r的好，总能产出悲情剪辑让人共情
[2026-02-22 02:52:33] 女武神布伦希尔德: 闹麻了
[2026-02-22 02:52:33] 即将拥有PDD的人鱼线丿: 责任
[2026-02-22 02:52:34] 传统peek高手XANTARES: 责任
[2026-02-22 02:52:34] G2的device本人: 责任！
[2026-02-22 02:52:34] 我吃柠檬片: 全资全能
[2026-02-22 02:52:34] 渡亡神雅睿欧斯: 责任
[2026-02-22 02:52:34] 千百度897: 知道在哪
[2026-02-22 02:52:35] Kli0s: 责任
[2026-02-22 02:52:35] 小蜜蜂的长期素食本人: 责任
[2026-02-22 02:52:35] 银樽海韵: 懂牛魔
[2026-02-22 02:52:36] BleksiA: 车神
[2026-02-22 02:52:36] User5092: 责任
[2026-02-22 02:52:36] Lee西关少爷: 责任
[2026-02-22 02:52:36] 机器机器祝你天天开心: 责任
[2026-02-22 02:52:36] 莫情123: 我资道！
[2026-02-22 02:52:36] 古堡12枪战神: 责任
[2026-02-22 02:52:36] 箱监大寒焦: 责任
[2026-02-22 02:52:36] 静寂风: ？
[2026-02-22 02:52:36] jianxideminggzi: 责任
[2026-02-22 02:52:37] 马楼King张三: 我测
[2026-02-22 02:52:37] 星海羽弦: 责任
[2026-02-22 02:52:37] 海绵宝宝打野儿: 责任
[2026-02-22 02:52:37] 黑白玄鸟: 责任
[2026-02-22 02:52:37] 潇洒大概: 责任
[2026-02-22 02:52:37] bzhanshenshi: 责任
[2026-02-22 02:52:37] 偷高达的天手让叶本人: 责任
[2026-02-22 02:52:37] 結城希亞: 责任
[2026-02-22 02:52:37] kyubit: 阳光
[2026-02-22 02:52:38] Oasis0917: 责任!
[2026-02-22 02:52:38] MinaTiara: 责任
[2026-02-22 02:52:38] 要有光o: 责任
[2026-02-22 02:52:38] 桃酱今天白给了吗: 责任
[2026-02-22 02:52:38] AlLTZZZ: 一年十冠对社区环境的破坏太大了，还是十年不拿Maj0r的好，总能产出悲情剪辑让人共情
[2026-02-22 02:52:38] MeIoN39: 责任
[2026-02-22 02:52:38] 小小小蕉: 责任
[2026-02-22 02:52:39] TYLOO-somebody: 知道在哪
[2026-02-22 02:52:39] 极夜之辰: 知道在哪
[2026-02-22 02:52:39] 颜舒叔叔的鼹鼠: 急啥啊
[2026-02-22 02:52:39] 洛陽城里看落陽: 责任
[2026-02-22 02:52:39] 洞庭湖底二五仔: 知道在哪
[2026-02-22 02:52:39] SherryAiovo: 责任
[2026-02-22 02:52:39] 积阳德: 闹麻了
[2026-02-22 02:52:40] 蹲芳魂: 责任
[2026-02-22 02:52:40] Killajoy: 责任
[2026-02-22 02:52:40] 什么罐头我说男人: 责任
[2026-02-22 02:52:40] 冰冰冰冰冰氷冰: 鬼鬼
[2026-02-22 02:52:40] jrcd66: 紫色！
[2026-02-22 02:52:41] kedadra: 一年十冠对社区环境的破坏太大了，还是十年不拿Maj0r的好，总能产出悲情剪辑让人共情
[2026-02-22 02:52:41] 杨幂夸我帅: 早干嘛去了
[2026-02-22 02:52:41] Mortnotz: 一年十冠对社区环境的破坏太大了，还是十年不拿Maj0r的好，总能产出悲情剪辑让人共情
[2026-02-22 02:52:41] 李知恩lynt: 责任
[2026-02-22 02:52:41] 行云C1oud: 哈哈哈哈哈
[2026-02-22 02:52:41] CS解说丰川祥子: 责任
[2026-02-22 02:52:41] 用户3661578: 专业
[2026-02-22 02:52:42] 千百度897: 责任
[2026-02-22 02:52:42] 千叶spilx: 责任
[2026-02-22 02:52:42] Ephemerality137: 责任
[2026-02-22 02:52:42] 叛逆的源源李: 一年十冠对社区环境的破坏太大了，还是十年不拿Maj0r的好，总能产出悲情剪辑让人共情
[2026-02-22 02:52:42] 文西67: 责任
[2026-02-22 02:52:42] 我在浙江改稻为桑: 责任
[2026-02-22 02:52:42] 多谢载大哥的荧光棒: 准！
[2026-02-22 02:52:43] KRU的Less本人: 车
[2026-02-22 02:52:43] YLXE太阳: 一年十冠对社区环境的破坏太大了，还是十年不拿Maj0r的好，总能产出悲情剪辑让人共情
[2026-02-22 02:52:43] 逃离灰色地带: 责任
[2026-02-22 02:52:43] 墨西哥之狼: 懂个卵
[2026-02-22 02:52:43] 椰椰来了: 摆设
[2026-02-22 02:52:43] 秋茶小雪: 哈哈哈哈
[2026-02-22 02:52:44] 空有无垠: niko到底是哪边的，怎么两边都他指挥了12把。。
[2026-02-22 02:52:44] 大裂谷的登山家: 一年十冠对社区环境的破坏太大了，还是十年不拿Maj0r的好，总能产出悲情剪辑让人共情
[2026-02-22 02:52:44] simple的前男友: 一年十冠对社区环境的破坏太大了，还是十年不拿Maj0r的好，总能产出悲情剪辑让人共情
[2026-02-22 02:52:44] 用户65052344: 一年十冠对社区环境的破坏太大了，还是十年不拿Maj0r的好，总能产出悲情剪辑让人共情
[2026-02-22 02:52:44] 神奥联盟的竹兰本人: 一年十冠对社区环境的破坏太大了，还是十年不拿Maj0r的好，总能产出悲情剪辑让人共情
[2026-02-22 02:52:44] likedabsy: 一年十冠对社区环境的破坏太大了，还是十年不拿Maj0r的好，总能产出悲情剪辑让人共情
[2026-02-22 02:52:45] 串串金枪鱼: 车圣！！！
[2026-02-22 02:52:45] 完美而潇洒的女仆长17: 责任
[2026-02-22 02:52:45] 纸漓: 一年十冠对社区环境的破坏太大了，还是十年不拿Maj0r的好，总能产出悲情剪辑让人共情
[2026-02-22 02:52:45] 小救星小杜DuD: 一年十冠对社区环境的破坏太大了，还是十年不拿Maj0r的好，总能产出悲情剪辑让人共情
[2026-02-22 02:52:45] 康托尔74920: 责任神
[2026-02-22 02:52:46] wsxj131: 一年十冠对社区环境的破坏太大了，还是十年不拿Maj0r的好，总能产出悲情剪辑让人共情
[2026-02-22 02:52:46] 像小枣一样: 一年十冠对社区环境的破坏太大了，还是十年不拿Maj0r的好，总能产出悲情剪辑让人共情
[2026-02-22 02:52:46] 网友盆栽: 一年十冠对社区环境的破坏太大了，还是十年不拿Maj0r的好，总能产出悲情剪辑让人共情
[2026-02-22 02:52:46] 高松灯扣死千早爱音: 一年十冠对社区环境的破坏太大了，还是十年不拿Maj0r的好，总能产出悲情剪辑让人共情
[2026-02-22 02:52:46] 淡然夏末的温存11: 一年十冠对社区环境的破坏太大了，还是十年不拿Maj0r的好，总能产出悲情剪辑让人共情
[2026-02-22 02:52:46] 杜王町的吉良吉影本人: 一年十冠对社区环境的破坏太大了，还是十年不拿Maj0r的好，总能产出悲情剪辑让人共情
[2026-02-22 02:52:46] 用户42110893: 一年十冠对社区环境的破坏太大了，还是十年不拿Maj0r的好，总能产出悲情剪辑让人共情
[2026-02-22 02:52:46] 禹钰禹: 一年十冠对社区环境的破坏太大了，还是十年不拿Maj0r的好，总能产出悲情剪辑让人共情
[2026-02-22 02:52:47] Ch1Sa-: 责任
[2026-02-22 02:52:47] 我木JJ怕个锤子: 一年十冠对社区环境的破坏太大了，还是十年不拿Maj0r的好，总能产出悲情剪辑让人共情
[2026-02-22 02:52:47] 没有真名233: 一年十冠对社区环境的破坏太大了，还是十年不拿Maj0r的好，总能产出悲情剪辑让人共情
[2026-02-22 02:52:47] 莫情123: meizi：我资道！
[2026-02-22 02:52:47] 铃铃啷: 一年十冠对社区环境的破坏太大了，还是十年不拿Maj0r的好，总能产出悲情剪辑让人共情
[2026-02-22 02:52:47] 高松的灯ll: 一年十冠对社区环境的破坏太大了，还是十年不拿Maj0r的好，总能产出悲情剪辑让人共情
[2026-02-22 02:52:48] 暗月舞魂殇: 一年十冠对社区环境的破坏太大了，还是十年不拿Maj0r的好，总能产出悲情剪辑让人共情
[2026-02-22 02:52:48] chordclef: 责任
[2026-02-22 02:52:48] 好哥们士兵76: 玩畜
[2026-02-22 02:52:48] 爱马修更爱玩宝宝: 一年十冠对社区环境的破坏太大了，还是十年不拿Maj0r的好，总能产出悲情剪辑让人共情
[2026-02-22 02:52:48] FaZe的伊地知虹夏本人: 一年十冠对社区环境的破坏太大了，还是十年不拿Maj0r的好，总能产出悲情剪辑让人共情
[2026-02-22 02:52:48] 亚历克斯Ming: 一年十冠对社区环境的破坏太大了，还是十年不拿Maj0r的好，总能产出悲情剪辑让人共情
[2026-02-22 02:52:48] 这个蓝胖: 责任
[2026-02-22 02:52:48] a1024: 责任
[2026-02-22 02:52:49] 蹲芳魂: 赎罪
[2026-02-22 02:52:49] Peko-: 一年十冠对社区环境的破坏太大了，还是十年不拿Maj0r的好，总能产出悲情剪辑让人共情
[2026-02-22 02:52:49] 砍死法老24: 早干嘛去了
[2026-02-22 02:52:49] NoNoXxxx: 责任
[2026-02-22 02:52:49] 没事小子: 早干嘛去了
[2026-02-22 02:52:49] 无伟契约: 喷了半天p3原来杀第一啊。。。
[2026-02-22 02:52:49] Jess2: 一年十冠对社区环境的破坏太大了，还是十年不拿Maj0r的好，总能产出悲情剪辑让人共情
[2026-02-22 02:52:50] 和玩大哥登山: 责任
[2026-02-22 02:52:50] 可否叙上一曲: 一年十冠对社区环境的破坏太大了，还是十年不拿Maj0r的好，总能产出悲情剪辑让人共情
[2026-02-22 02:52:50] 老人星的优秀素质本人: niko到底是哪边的，怎么两边都他指挥了12把。。
[2026-02-22 02:52:50] 能不能去洗头太恶心了: 一年十冠对社区环境的破坏太大了，还是十年不拿Maj0r的好，总能产出悲情剪辑让人共情
[2026-02-22 02:52:50] Cloud9的咬人猫本人: 一年十冠对社区环境的破坏太大了，还是十年不拿Maj0r的好，总能产出悲情剪辑让人共情
[2026-02-22 02:52:50] 柚子厨0721: 一年十冠对社区环境的破坏太大了，还是十年不拿Maj0r的好，总能产出悲情剪辑让人共情
[2026-02-22 02:52:50] 安好酱萌萌哒: 紫色还在那断呢
[2026-02-22 02:52:50] 这个就是本人: 责任
[2026-02-22 02:52:50] TL的EliGE本人: 一年十冠对社区环境的破坏太大了，还是十年不拿Maj0r的好，总能产出悲情剪辑让人共情
[2026-02-22 02:52:50] HaibaraAi1109: 一年十冠对社区环境的破坏太大了，还是十年不拿Maj0r的好，总能产出悲情剪辑让人共情
[2026-02-22 02:52:51] 纪川6657: 一年十冠对社区环境的破坏太大了，还是十年不拿Maj0r的好，总能产出悲情剪辑让人共情
[2026-02-22 02:52:51] 吊主播最爱owo: 责任
[2026-02-22 02:52:51] 解说玩机包: 一年十冠对社区环境的破坏太大了，还是十年不拿Maj0r的好，总能产出悲情剪辑让人共情
[2026-02-22 02:52:51] 我真的不是硝子: 什么表情
[2026-02-22 02:52:51] 杰斌候入长峪城: 一年十冠对社区环境的破坏太大了，还是十年不拿Maj0r的好，总能产出悲情剪辑让人共情
[2026-02-22 02:52:51] 瞄准高高手: 一年十冠对社区环境的破坏太大了，还是十年不拿Maj0r的好，总能产出悲情剪辑让人共情
[2026-02-22 02:52:51] 失眠小鱼饼干: 早干嘛去了
[2026-02-22 02:52:51] 窦妪惯例全思慕: 一年十冠对社区环境的破坏太大了，还是十年不拿Maj0r的好，总能产出悲情剪辑让人共情
[2026-02-22 02:52:52] 好姐妹弓塚五月: 我去
[2026-02-22 02:52:52] 古堡12枪战神: 责任神
[2026-02-22 02:52:52] 99组的露崎真昼本人: 一年十冠对社区环境的破坏太大了，还是十年不拿Maj0r的好，总能产出悲情剪辑让人共情
[2026-02-22 02:52:52] 驴酱贵阳粉丝: 型月四公主来了！爱尔奎特🧛‍阿尔托莉雅🗡两仪式👘苍崎青子🧙‍♀️
[2026-02-22 02:52:52] 用户80930680: 一年十冠对社区环境的破坏太大了，还是十年不拿Maj0r的好，总能产出悲情剪辑让人共情
[2026-02-22 02:52:52] RocketTheRaccoon: 6657的氛围已经不乐观了，全靠niko没有major吊着一口气，niko真夺冠那玩机器的天塌了
[2026-02-22 02:52:52] cyding16: 一年十冠对社区环境的破坏太大了，还是十年不拿Maj0r的好，总能产出悲情剪辑让人共情
[2026-02-22 02:52:52] 昌岗陈坤: 　　　 一年十冠对社区环境的破坏太大了，还是十年不拿Maj0r的好，总能产出悲情剪辑让人共情
[2026-02-22 02:52:52] LvvsiN: @阿汤日记：一个人，5发子弹，保住格陵兰岛。我不会叫它不可能完成的任务，我现在只想先回家看亦博
[2026-02-22 02:52:53] 八重森彌妮: 一年十冠对社区环境的破坏太大了，还是十年不拿Maj0r的好，总能产出悲情剪辑让人共情
[2026-02-22 02:52:53] 倒跑的蜗牛: 一年十冠对社区环境的破坏太大了，还是十年不拿Maj0r的好，总能产出悲情剪辑让人共情
[2026-02-22 02:52:53] AriselAlagadda: 一年十冠对社区环境的破坏太大了，还是十年不拿Maj0r的好，总能产出悲情剪辑让人共情
[2026-02-22 02:52:53] 真的没排面: 责任
[2026-02-22 02:52:53] EEEEEEElmer: 一年十冠对社区环境的破坏太大了，还是十年不拿Maj0r的好，总能产出悲情剪辑让人共情
[2026-02-22 02:52:53] 绘绘绘绘绘梨衣: 一年十冠对社区环境的破坏太大了，还是十年不拿Maj0r的好，总能产出悲情剪辑让人共情
[2026-02-22 02:52:53] 毛驴肖汉: 广西步
[2026-02-22 02:52:53] 跳跃的司令官: 一年十冠对社区环境的破坏太大了，还是十年不拿Maj0r的好，总能产出悲情剪辑让人共情
[2026-02-22 02:52:54] 行云C1oud: 蜂帅
[2026-02-22 02:52:54] 艾琉诺拉E: 责任
[2026-02-22 02:52:54] fazeclan的千早爱音: 一年十冠对社区环境的破坏太大了，还是十年不拿Maj0r的好，总能产出悲情剪辑让人共情
[2026-02-22 02:52:54] 玩大人查到自贡了: 一年十冠对社区环境的破坏太大了，还是十年不拿Maj0r的好，总能产出悲情剪辑让人共情
[2026-02-22 02:52:54] A队不吃晃的小祥本人: 一年十冠对社区环境的破坏太大了，还是十年不拿Maj0r的好，总能产出悲情剪辑让人共情
[2026-02-22 02:52:54] 好哥们比诺托: 康康
[2026-02-22 02:52:54] 碳酸的汽水: 一年十冠对社区环境的破坏太大了，还是十年不拿Maj0r的好，总能产出悲情剪辑让人共情
[2026-02-22 02:52:55] 李小小与虾大大: @莱昂凯：好好好😁
[2026-02-22 02:52:55] 徐弃安: 蒙古人也不爱丢道具
[2026-02-22 02:52:55] 不改名真的不中奖呀Cc: 一年十冠对社区环境的破坏太大了，还是十年不拿Maj0r的好，总能产出悲情剪辑让人共情
[2026-02-22 02:52:55] Aetheranus: 一年十冠对社区环境的破坏太大了，还是十年不拿Maj0r的好，总能产出悲情剪辑让人共情
[2026-02-22 02:52:55] 粤夜封封哥岑验川老岑: 一年十冠对社区环境的破坏太大了，还是十年不拿Maj0r的好，总能产出悲情剪辑让人共情
[2026-02-22 02:52:56] MunChlax丶: 一年十冠对社区环境的破坏太大了，还是十年不拿Maj0r的好，总能产出悲情剪辑让人共情
[2026-02-22 02:52:56] 李神神神神: 一年十冠对社区环境的破坏太大了，还是十年不拿Maj0r的好，总能产出悲情剪辑让人共情
[2026-02-22 02:52:56] 蜗牛蜗牛你快快走: 一年十冠对社区环境的破坏太大了，还是十年不拿Maj0r的好，总能产出悲情剪辑让人共情
[2026-02-22 02:52:56] 用户9921747043: 一年十冠对社区环境的破坏太大了，还是十年不拿Maj0r的好，总能产出悲情剪辑让人共情
[2026-02-22 02:52:57] VP的电子哥本人: 一年十冠对社区环境的破坏太大了，还是十年不拿Maj0r的好，总能产出悲情剪辑让人共情
[2026-02-22 02:52:57] 泠鸢不是冷鸢丶: 一年十冠对社区环境的破坏太大了，还是十年不拿Maj0r的好，总能产出悲情剪辑让人共情
[2026-02-22 02:52:57] smfiys: 一年十冠对社区环境的破坏太大了，还是十年不拿Maj0r的好，总能产出悲情剪辑让人共情
[2026-02-22 02:52:57] 丶江楼月QAQ: 一年十冠对社区环境的破坏太大了，还是十年不拿Maj0r的好，总能产出悲情剪辑让人共情
[2026-02-22 02:52:57] 特利普贝当: 一年十冠对社区环境的破坏太大了，还是十年不拿Maj0r的好，总能产出悲情剪辑让人共情
[2026-02-22 02:52:57] cwcw6969: 一年十冠对社区环境的破坏太大了，还是十年不拿Maj0r的好，总能产出悲情剪辑让人共情
[2026-02-22 02:52:57] LYP2077: 蹲狗被曝头了
[2026-02-22 02:52:57] 专看玩机器的号: 一年十冠对社区环境的破坏太大了，还是十年不拿Maj0r的好，总能产出悲情剪辑让人共情
[2026-02-22 02:52:58] 鱼辛烷: 一年十冠对社区环境的破坏太大了，还是十年不拿Maj0r的好，总能产出悲情剪辑让人共情
[2026-02-22 02:52:58] Side6的天手让叶本人: 一年十冠对社区环境的破坏太大了，还是十年不拿Maj0r的好，总能产出悲情剪辑让人共情
[2026-02-22 02:52:58] LA的勒布朗本人: 有时候我觉得尼孩粉也挺可怜的，他们只不过是被营销号洗脑的普通人罢了
[2026-02-22 02:52:58] LaifuoO来福oO: 一年十冠对社区环境的破坏太大了，还是十年不拿Maj0r的好，总能产出悲情剪辑让人共情
[2026-02-22 02:52:58] 岭上雾冷: 一年十冠对社区环境的破坏太大了，还是十年不拿Maj0r的好，总能产出悲情剪辑让人共情
[2026-02-22 02:52:58] 用户2262650671: 一年十冠对社区环境的破坏太大了，还是十年不拿Maj0r的好，总能产出悲情剪辑让人共情
[2026-02-22 02:52:58] 摸鱼的悠尤: 一年十冠对社区环境的破坏太大了，还是十年不拿Maj0r的好，总能产出悲情剪辑让人共情
[2026-02-22 02:52:58] 蜗牛蜗牛你快快走: 一年十冠对社区环境的破坏太大了，还是十年不拿Maj0r的好，总能产出悲情剪辑让人共情
[2026-02-22 02:52:59] 森林与雁: 一年十冠对社区环境的破坏太大了，还是十年不拿Maj0r的好，总能产出悲情剪辑让人共情
[2026-02-22 02:52:59] hxyvraf: 一年十冠对社区环境的破坏太大了，还是十年不拿Maj0r的好，总能产出悲情剪辑让人共情
[2026-02-22 02:52:59] 空有无垠: 一年十冠对社区环境的破坏太大了，还是十年不拿Maj0r的好，总能产出悲情剪辑让人共情
[2026-02-22 02:52:59] 用户7717188970: 一年十冠对社区环境的破坏太大了，还是十年不拿Maj0r的好，总能产出悲情剪辑让人共情
[2026-02-22 02:52:59] 汤汤魔魔mmmmmmmmajor冠军: 一年十冠对社区环境的破坏太大了，还是十年不拿Maj0r的好，总能产出悲情剪辑让人共情
[2026-02-22 02:52:59] 用户3853464680: 一年十冠对社区环境的破坏太大了，还是十年不拿Maj0r的好，总能产出悲情剪辑让人共情
[2026-02-22 02:52:59] 罗湖古天樂: 一年十冠对社区环境的破坏太大了，还是十年不拿Maj0r的好，总能产出悲情剪辑让人共情
[2026-02-22 02:52:59] 马楼King张三: 一年十冠对社区环境的破坏太大了，还是十年不拿Maj0r的好，总能产出悲情剪辑让人共情
[2026-02-22 02:53:00] Machine拾玖: 一年十冠对社区环境的破坏太大了，还是十年不拿Maj0r的好，总能产出悲情剪辑让人共情
[2026-02-22 02:53:00] 玩登山丶嘟嘟嘟嘟嘟嘟: 一年十冠对社区环境的破坏太大了，还是十年不拿Maj0r的好，总能产出悲情剪辑让人共情
[2026-02-22 02:53:00] 千百度897: 一年十冠对社区环境的破坏太大了，还是十年不拿Maj0r的好，总能产出悲情剪辑让人共情
[2026-02-22 02:53:00] Einar15281: 一年十冠对社区环境的破坏太大了，还是十年不拿Maj0r的好，总能产出悲情剪辑让人共情
[2026-02-22 02:53:00] 要成为原神高手: 一年十冠对社区环境的破坏太大了，还是十年不拿Maj0r的好，总能产出悲情剪辑让人共情
[2026-02-22 02:53:00] 硫磺祥: 这里还有电子哥粉丝
[2026-02-22 02:53:00] Jellery无终: 本质fpl高手
[2026-02-22 02:53:01] 纪川6657: 一年十冠对社区环境的破坏太大了，还是十年不拿Maj0r的好，总能产出悲情剪辑让人共情
[2026-02-22 02:53:01] 林有为丶: 一年十冠对社区环境的破坏太大了，还是十年不拿Maj0r的好，总能产出悲情剪辑让人共情
[2026-02-22 02:53:01] LA的勒布朗本人: 有时候我觉得尼孩粉也挺可怜的，他们只不过是被营销号洗脑的普通人罢了
[2026-02-22 02:53:01] 萩原雪歩P: 一年十冠对社区环境的破坏太大了，还是十年不拿Maj0r的好，总能产出悲情剪辑让人共情
[2026-02-22 02:53:01] 鸟儿在头顶把森林叫醒: 一年十冠对社区环境的破坏太大了，还是十年不拿Maj0r的好，总能产出悲情剪辑让人共情
[2026-02-22 02:53:01] astralis的jabbi本人: @莱昂凯：好好好😁
[2026-02-22 02:53:01] 云边有条小侏如: 一年十冠对社区环境的破坏太大了，还是十年不拿Maj0r的好，总能产出悲情剪辑让人共鸣
[2026-02-22 02:53:01] 月moonfall落: 一年十冠对社区环境的破坏太大了，还是十年不拿Maj0r的好，总能产出悲情剪辑让人共情
[2026-02-22 02:53:02] 用户7717188970: 一年十冠对社区环境的破坏太大了，还是十年不拿Maj0r的好，总能产出悲情剪辑让人共情
[2026-02-22 02:53:02] zjd考试不挂科: 　　　 一年十冠对社区环境的破坏太大了，还是十年不拿Maj0r的好，总能产出悲情剪辑让人共情
[2026-02-22 02:53:02] 月之森的长崎素世本人: 一年十冠对社区环境的破坏太大了，还是十年不拿Maj0r的好，总能产出悲情剪辑让人共情
[2026-02-22 02:53:02] ahhhhhhhhhhhhhhhhhhh: 妹子躲死都得了差点没了
[2026-02-22 02:53:02] 丶小恐龙丶: 一年十冠对社区环境的破坏太大了，还是十年不拿Maj0r的好，总能产出悲情剪辑让人共情
[2026-02-22 02:53:02] 好哥们宇智波鼬: 6657的氛围已经不乐观了，全靠niko没有major吊着一口气，niko真夺冠那玩机器的天塌了
[2026-02-22 02:53:03] 虹豆砸: 一年十冠对社区环境的破坏太大了，还是十年不拿Maj0r的好，总能产出悲情剪辑让人共情
[2026-02-22 02:53:03] Ecifircas: 一年十冠对社区环境的破坏太大了，还是十年不拿Maj0r的好，总能产出悲情剪辑让人共情
[2026-02-22 02:53:03] 二阶堂shiro: 一年十冠对社区环境的破坏太大了，还是十年不拿Maj0r的好，总能产出悲情剪辑让人共情
[2026-02-22 02:53:03] 鹿公爷: 一年十冠对社区环境的破坏太大了，还是十年不拿Maj0r的好，总能产出悲情剪辑让人共情
[2026-02-22 02:53:03] 一只红捏捏: 一年十冠对社区环境的破坏太大了，还是十年不拿Maj0r的好，总能产出悲情剪辑让人共情
[2026-02-22 02:53:03] -半生瓜Z: 弹幕道歉
[2026-02-22 02:53:04] Arcue1: 一年十冠对社区环境的破坏太大了，还是十年不拿Maj0r的好，总能产出悲情剪辑让人共情
[2026-02-22 02:53:04] 猫鼬斩Zz: 一年十冠对社区环境的破坏太大了，还是十年不拿Maj0r的好，总能产出悲情剪辑让人共情
[2026-02-22 02:53:04] 箱监大寒焦: 一年十冠对社区环境的破坏太大了，还是十年不拿Maj0r的好，总能产出悲情剪辑让人共情
[2026-02-22 02:53:04] 好姐妹芙卡洛斯: 喜欢在哪
[2026-02-22 02:53:04] LWJTMAC01: 一年十冠对社区环境的破坏太大了，还是十年不拿Maj0r的好，总能产出悲情剪辑让人共情
[2026-02-22 02:53:04] LA的勒布朗本人: 有时候我觉得尼孩粉也挺可怜的，他们只不过是被营销号洗脑的普通人罢了
[2026-02-22 02:53:05] 菜包家族一号继承人: 一年十冠对社区环境的破坏太大了，还是十年不拿Maj0r的好，总能产出悲情剪辑让人共情
[2026-02-22 02:53:05] 归夜丷: 一年十冠对社区环境的破坏太大了，还是十年不拿Maj0r的好，总能产出悲情剪辑让人共情
[2026-02-22 02:53:05] 撒浪嘿呦0v0: 一年十冠对社区环境的破坏太大了，还是十年不拿Maj0r的好，总能产出悲情剪辑让人共情
[2026-02-22 02:53:05] 哈蒙德的吱吱吱: 一年十冠对社区环境的破坏太大了，还是十年不拿Maj0r的好，总能产出悲情剪辑让人共鸣
[2026-02-22 02:53:05] pirpr: 车车薯薯major冠军
[2026-02-22 02:53:05] 纪川6657: 一年十冠对社区环境的破坏太大了，还是十年不拿Maj0r的好，总能产出悲情剪辑让人共情
[2026-02-22 02:53:05] 沉默灬Sheath: 一年十冠对社区环境的破坏太大了，还是十年不拿Maj0r的好，总能产出悲情剪辑让人共情
[2026-02-22 02:53:06] 汤汤魔魔mmmmmmmmajor冠军: 一年十冠对社区环境的破坏太大了，还是十年不拿Maj0r的好，总能产出悲情剪辑让人共情
[2026-02-22 02:53:06] 夜桜SaKurA7:     一年十冠对社区环境的破坏太大了，还是十年不拿Maj0r的好，总能产出悲情剪辑让人共情
[2026-02-22 02:53:06] 用蜡烛蹭玩机器的魔丸: 一年十冠对社区环境的破坏太大了，还是十年不拿Maj0r的好，总能产出悲情剪辑让人共情
[2026-02-22 02:53:06] 做米米列: 一年十冠对社区环境的破坏太大了，还是十年不拿Maj0r的好，总能产出悲情剪辑让人共情
[2026-02-22 02:53:06] Monoceros-: 一年十冠对社区环境的破坏太大了，还是十年不拿Maj0r的好，总能产出悲情剪辑让人共情
[2026-02-22 02:53:06] 用户0650953437: 一年十冠对社区环境的破坏太大了，还是十年不拿Maj0r的好，总能产出悲情剪辑让人共情
[2026-02-22 02:53:06] 丶丶Ken丶丶: 一年十冠对社区环境的破坏太大了，还是十年不拿Maj0r的好，总能产出悲情剪辑让人共鸣
[2026-02-22 02:53:06] 好姐妹三角初华1: 一年十冠对社区环境的破坏太大了，还是十年不拿Maj0r的好，总能产出悲情剪辑让人共情
[2026-02-22 02:53:07] FaZe的伊地知虹夏本人: @莱昂凯：好好好😁
[2026-02-22 02:53:07] 红烧哈基米: 一年十冠对社区环境的破坏太大了，还是十年不拿Maj0r的好，总能产出悲情剪辑让人共情
[2026-02-22 02:53:07] -小佐内由纪-: 一年十冠对社区环境的破坏太大了，还是十年不拿Maj0r的好，总能产出悲情剪辑让人共情
[2026-02-22 02:53:08] 汤汤魔魔mmmmmmmmajor冠军: 一年十冠对社区环境的破坏太大了，还是十年不拿Maj0r的好，总能产出悲情剪辑让人共情
[2026-02-22 02:53:08] 中官人: 一年十冠对社区环境的破坏太大了，还是十年不拿Maj0r的好，总能产出悲情剪辑让人共情
[2026-02-22 02:53:08] 仰望半月: 一年十冠对社区环境的破坏太大了，还是十年不拿Maj0r的好，总能产出悲情剪辑让人共鸣
[2026-02-22 02:53:09] RocketTheRaccoon: 一年十冠对社区环境的破坏太大了，还是十年不拿Maj0r的好，总能产出悲情剪辑让人共情
[2026-02-22 02:53:09] Tsitszyan: 一年十冠对社区环境的破坏太大了，还是十年不拿Maj0r的好，总能产出悲情剪辑让人共情
[2026-02-22 02:53:09] 正直的鸡哥: 超雄
[2026-02-22 02:53:09] Leventselve903: 一年十冠对社区环境的破坏太大了，还是十年不拿Maj0r的好，总能产出悲情剪辑让人共情
[2026-02-22 02:53:10] ykls的爱情结晶: 一年十冠对社区环境的破坏太大了，还是十年不拿Maj0r的好，总能产出悲情剪辑让人共鸣
[2026-02-22 02:53:10] cornkiner: 一年十冠对社区环境的破坏太大了，还是十年不拿Maj0r的好，总能产出悲情剪辑让人共情
[2026-02-22 02:53:10] wedd1ddeJodd: 一年十冠对社区环境的破坏太大了，还是十年不拿Maj0r的好，总能产出悲情剪辑让人共情
[2026-02-22 02:53:10] 青闽: 一年十冠对社区环境的破坏太大了，还是十年不拿Maj0r的好，总能产出悲情剪辑让人共情
[2026-02-22 02:53:10] 身本憂: 一年十冠对社区环境的破坏太大了，还是十年不拿Maj0r的好，总能产出悲情剪辑让人共情
[2026-02-22 02:53:10] 倘若我问心有愧嘞: 一年十冠对社区环境的破坏太大了，还是十年不拿Maj0r的好，总能产出悲情剪辑让人共情
[2026-02-22 02:53:10] 归夜丷: 一年十冠对社区环境的破坏太大了，还是十年不拿Maj0r的好，总能产出悲情剪辑让人共情
[2026-02-22 02:53:11] 云边有条小侏如: 一年十冠对社区环境的破坏太大了，还是十年不拿Maj0r的好，总能产出悲情剪辑让人共情
[2026-02-22 02:53:11] erickobe: 6657的氛围已经不乐观了，全靠niko没有major吊着一口气，niko真夺冠那玩机器的天塌了
[2026-02-22 02:53:11] 想要和帅气老师舌吻: 一年十冠对社区环境的破坏太大了，还是十年不拿Maj0r的好，总能产出悲情剪辑让人共情
[2026-02-22 02:53:11] 滑稽乂逗比: 一年十冠对社区环境的破坏太大了，还是十年不拿Maj0r的好，总能产出悲情剪辑让人共情
[2026-02-22 02:53:11] 锤子带明星: 一年十冠对社区环境的破坏太大了，还是十年不拿Maj0r的好，总能产出悲情剪辑让人共情
[2026-02-22 02:53:11] 用户91227835: 一年十冠对社区环境的破坏太大了，还是十年不拿Maj0r的好，总能产出悲情剪辑让人共情
[2026-02-22 02:53:12] 爱吃披萨的魔女CC: 一年十冠对社区环境的破坏太大了，还是十年不拿Maj0r的好，总能产出悲情剪辑让人共情
[2026-02-22 02:53:12] fo系老老萨满: 一年十冠对社区环境的破坏太大了，还是十年不拿Maj0r的好，总能产出悲情剪辑让人共情
[2026-02-22 02:53:12] jamesfaith23: 一年十冠对社区环境的破坏太大了，还是十年不拿Maj0r的好，总能产出悲情剪辑让人共情
[2026-02-22 02:53:12] 废柴118: 一年十冠对社区环境的破坏太大了，还是十年不拿Maj0r的好，总能产出悲情剪辑让人共情
[2026-02-22 02:53:12] 海绵宝宝打野儿: 一年十冠对社区环境的破坏太大了，还是十年不拿Maj0r的好，总能产出悲情剪辑让人共鸣
[2026-02-22 02:53:12] 往彳亍: 一年十冠对社区环境的破坏太大了，还是十年不拿Maj0r的好，总能产出悲情剪辑让人共情
[2026-02-22 02:53:12] 忽孝山庄: 一年十冠对社区环境的破坏太大了，还是十年不拿Maj0r的好，总能产出悲情剪辑让人共情
[2026-02-22 02:53:12] 五島絵梨奈: 喜欢在哪
[2026-02-22 02:53:13] 用户3661578: 一年十冠对社区环境的破坏太大了，还是十年不拿Maj0r的好，总能产出悲情剪辑让人共情
[2026-02-22 02:53:13] 古堡12枪战神: 一年十冠对社区环境的破坏太大了，还是十年不拿Maj0r的好，总能产出悲情剪辑让人共鸣
[2026-02-22 02:53:13] LvvsiN: 我提一嘴这剧情越来越像上海major了
[2026-02-22 02:53:13] 玩指挥丶NiKo: 6657的氛围已经不乐观了，全靠niko没有major吊着一口气，niko真夺冠那玩机器的天塌了
[2026-02-22 02:53:13] 我永远喜欢菲洛: 一年十冠对社区环境的破坏太大了，还是十年不拿Maj0r的好，总能产出悲情剪辑让人共情
[2026-02-22 02:53:13] desutwawa: 一年十冠对社区环境的破坏太大了，还是十年不拿Maj0r的好，总能产出悲情剪辑让人共鸣
[2026-02-22 02:53:13] Leonisss丶: 一年十冠对社区环境的破坏太大了，还是十年不拿Maj0r的好，总能产出悲情剪辑让人共情
[2026-02-22 02:53:13] Abc丶Ss: 一年十冠对社区环境的破坏太大了，还是十年不拿Maj0r的好，总能产出悲情剪辑让人共情
[2026-02-22 02:53:13] LA的勒布朗本人: 有时候我觉得尼孩粉也挺可怜的，他们只不过是被营销号洗脑的普通人罢了
[2026-02-22 02:53:13] 好哥们宇智波鼬: 一年十冠对社区环境的破坏太大了，还是十年不拿Maj0r的好，总能产出悲情剪辑让人共情
[2026-02-22 02:53:13] 乌鸦晒不黑: 车主有多强呢？这么说吧，弹幕十秒没有骂玩÷了
[2026-02-22 02:53:14] 载物的七天老粉: 一年十冠对社区环境的破坏太大了，还是十年不拿Maj0r的好，总能产出悲情剪辑让人共情
[2026-02-22 02:53:14] 八重森彌妮: 玩大哥心里恨得不行还要帮金主吹载大哥
[2026-02-22 02:53:14] 我爱始祖鸟: 一年十冠对社区环境的破坏太大了，还是十年不拿Maj0r的好，总能产出悲情剪辑让人共情
[2026-02-22 02:53:14] G2的APEX本人: 一年十冠对社区环境的破坏太大了，还是十年不拿Maj0r的好，总能产出悲情剪辑让人共情
[2026-02-22 02:53:14] RGsdfbf:     一年十冠对社区环境的破坏太大了，还是十年不拿Maj0r的好，总能产出悲情剪辑让人共情
[2026-02-22 02:53:14] 十五勇士之一apex: 一年十冠对社区环境的破坏太大了，还是十年不拿Maj0r的好，总能产出悲情剪辑让人共鸣
[2026-02-22 02:53:14] 还是上半场分拿少了: 紫色是对的
[2026-02-22 02:53:14] 归夜丷: 一年十冠对社区环境的破坏太大了，还是十年不拿Maj0r的好，总能产出悲情剪辑让人共情
[2026-02-22 02:53:15] AiLuoLi1413: 一年十冠对社区环境的破坏太大了，还是十年不拿Maj0r的好，总能产出悲情剪辑让人共情
[2026-02-22 02:53:15] 最近感觉自己: 一年十冠对社区环境的破坏太大了，还是十年不拿Maj0r的好，总能产出悲情剪辑让人共鸣
[2026-02-22 02:53:15] drooo1: 一年十冠对社区环境的破坏太大了，还是十年不拿Maj0r的好，总能产出悲情剪辑让人共情
[2026-02-22 02:53:15] MeIoN39: 一年十冠对社区环境的破坏太大了，还是十年不拿Maj0r的好，总能产出悲情剪辑让人共情
[2026-02-22 02:53:15] xiao坦克鲁尼: 一年十冠对社区环境的破坏太大了，还是十年不拿Maj0r的好，总能产出悲情剪辑让人共情
[2026-02-22 02:53:15] emmmm452: 一年十冠对社区环境的破坏太大了，还是十年不拿Maj0r的好，总能产出悲情剪辑让人共情
[2026-02-22 02:53:15] Turned傲雪: 一年十冠对社区环境的破坏太大了，还是十年不拿Maj0r的好，总能产出悲情剪辑让人共情
[2026-02-22 02:53:15] 顺便输了七个字: 一年十冠对社区环境的破坏太大了，还是十年不拿Maj0r的好，总能产出悲情剪辑让人共鸣
[2026-02-22 02:53:16] 喷香的臭臭泥: 一年十冠对社区环境的破坏太大了，还是十年不拿Maj0r的好，总能产出悲情剪辑让人共情
[2026-02-22 02:53:16] 神奥联盟的竹兰本人: 布罗利：气😠气😠气😠气😠气😠气
[2026-02-22 02:53:16] 玩手机丶phone: 一年十冠对社区环境的破坏太大了，还是十年不拿Maj0r的好，总能产出悲情剪辑让人共情
[2026-02-22 02:53:16] 黔首Authur: 一年十冠对社区环境的破坏太大了，还是十年不拿Maj0r的好，总能产出悲情剪辑让人共情
[2026-02-22 02:53:16] 东海翱翔: 一年十冠对社区环境的破坏太大了，还是十年不拿Maj0r的好，总能产出悲情剪辑让人共情
[2026-02-22 02:53:16] 拖二: 一年十冠对社区环境的破坏太大了，还是十年不拿Maj0r的好，总能产出悲情剪辑让人共鸣
[2026-02-22 02:53:16] 搞笑男西德尼: 一年十冠对社区环境的破坏太大了，还是十年不拿Maj0r的好，总能产出悲情剪辑让人共情
[2026-02-22 02:53:16] 黑鳖王: 一年十冠对社区环境的破坏太大了，还是十年不拿Maj0r的好，总能产出悲情剪辑让人共情
[2026-02-22 02:53:16] siufff: 一年十冠对社区环境的破坏太大了，还是十年不拿Maj0r的好，总能产出悲情剪辑让人共情
[2026-02-22 02:53:16] 终初若叶睦: 一年十冠对社区环境的破坏太大了，还是十年不拿Maj0r的好，总能产出悲
[2026-02-22 02:53:16] Sereinily: 一年十冠对社区环境的破坏太大了，还是十年不拿Maj0r的好，总能产出悲情剪辑让人共鸣
[2026-02-22 02:53:16] 与其感慨前路难行: 一年十冠对社区环境的破坏太大了，还是十年不拿Maj0r的好，总能产出悲情剪辑让人共情
[2026-02-22 02:53:17] 葬人__: 一年十冠对社区环境的破坏太大了，还是十年不拿Maj0r的好，总能产出悲情剪辑让人共情
[2026-02-22 02:53:17] Shatter666: 一年十冠对社区环境的破坏太大了，还是十年不拿Maj0r的好，总能产出悲情剪辑让人共鸣
[2026-02-22 02:53:17] 莱茵河畔本人: 一年十冠对社区环境的破坏太大了，还是十年不拿Maj0r的好，总能产出悲情剪辑让人共情
[2026-02-22 02:53:17] AlLTZZZ: 一年十冠对社区环境的破坏太大了，还是十年不拿Maj0r的好，总能产出悲情剪辑让人共鸣
[2026-02-22 02:53:17] 摇滚是摩擦后的抽搐: 一年十冠对社区环境的破坏太大了，还是十年不拿Maj0r的好，总能产出悲情剪辑让人共情
[2026-02-22 02:53:17] 沉默的猪嘴嘴: 　　　 6657的氛围已经不乐观了，全靠niko没有major吊着一口气，niko真夺冠那玩机器的天
[2026-02-22 02:53:18] 烤冷面枪男jks: 一年十冠对社区环境的破坏太大了，还是十年不拿Maj0r的好，总能产出悲情剪辑让人共情
[2026-02-22 02:53:18] 玩爱音丶Soyorin: 一年十冠对社区环境的破坏太大了，还是十年不拿Maj0r的好，总能产出悲情剪辑让人共鸣
[2026-02-22 02:53:18] 鸟儿在头顶把森林叫醒: 一年十冠对社区环境的破坏太大了，还是十年不拿Maj0r的好，总能产出悲情剪辑让人共情
[2026-02-22 02:53:18] HapCam: 一年十冠对社区环境的破坏太大了，还是十年不拿Maj0r的好，总能产出悲情剪辑让人共情
[2026-02-22 02:53:18] 爆爆爆开爆: 一年十冠对社区环境的破坏太大了，还是十年不拿Maj0r的好，总能产出悲情剪辑让人共情
[2026-02-22 02:53:18] 用户1354046: 一年十冠对社区环境的破坏太大了，还是十年不拿Maj0r的好，总能产出悲情剪辑让人共情
[2026-02-22 02:53:18] 载物的艾7: 一年十冠对社区环境的破坏太大了，还是十年不拿Maj0r的好，总能产出悲情剪辑让人共情
[2026-02-22 02:53:18] 明月照星河: 一年十冠对社区环境的破坏太大了，还是十年不拿Maj0r的好，总能产出悲情剪辑让人共鸣
[2026-02-22 02:53:18] jcobbb疯狂肘击: 一年十冠对社区环境的破坏太大了，还是十年不拿Maj0r的好，总能产出悲情剪辑让人共情
[2026-02-22 02:53:18] 啊大番薯这是人类啊: 一年十冠对社区环境的破坏太大了，还是十年不拿Maj0r的好，总能产出悲情剪辑让人共情
[2026-02-22 02:53:19] 爱昔恩但想击剑: 一年十冠对社区环境的破坏太大了，还是十年不拿Maj0r的好，总能产出悲情剪辑让人共情
[2026-02-22 02:53:19] 情系纯子丶: 一年十冠对社区环境的破坏太大了，还是十年不拿Maj0r的好，总能产出悲情剪辑让人共情
[2026-02-22 02:53:19] qw12340867: 一年十冠对社区环境的破坏太大了，还是十年不拿Maj0r的好，总能产出悲情剪辑让人共情
[2026-02-22 02:53:19] Rivenqing: 一年十冠对社区环境的破坏太大了，还是十年不拿Maj0r的好，总能产出悲情剪辑让人共情
[2026-02-22 02:53:19] 用户80930680: 一年十冠对社区环境的破坏太大了，还是十年不拿Maj0r的好，总能产出悲情剪辑让人共情
[2026-02-22 02:53:19] 用户8044227198: 　　　 一年十冠对社区环境的破坏太大了，还是十年不拿Maj0r的好，总能产出悲情剪辑让人共情
[2026-02-22 02:53:19] mikeycu: 一年十冠对社区环境的破坏太大了，还是十年不拿Maj0r的好，总能产出悲情剪辑让人共情
[2026-02-22 02:53:19] Flynnnnnnn: 一年十冠对社区环境的破坏太大了，还是十年不拿Maj0r的好，总能产出悲情剪辑让人共鸣
[2026-02-22 02:53:19] 图帕雷松: 一年十冠对社区环境的破坏太大了，还是十年不拿Maj0r的好，总能产出悲情剪辑让人共情
[2026-02-22 02:53:20] 喃芷哒哒哒: 一年十冠对社区环境的破坏太大了，还是十年不拿Maj0r的好，总能产出悲情剪辑让人共情
[2026-02-22 02:53:20] 站桩土豆刺客: 　　　 一年十冠对社区环境的破坏太大了，还是十年不拿Maj0r的好，总能产出悲情剪辑让人共情
[2026-02-22 02:53:20] 风晓云海: 一年十冠对社区环境的破坏太大了，还是十年不拿Maj0r的好，总能产出悲情剪辑让人共鸣
[2026-02-22 02:53:20] 马猴烧酒小地瓜: 一年十冠对社区环境的破坏太大了，还是十年不拿Maj0r的好，总能产出悲情剪辑让人共情
[2026-02-22 02:53:20] 龍仔ww: 一年十冠对社区环境的破坏太大了，还是十年不拿Maj0r的好，总能产出悲情剪辑让人共情
[2026-02-22 02:53:20] Ephemerality137: 一年十冠对社区环境的破坏太大了，还是十年不拿Maj0r的好，总能产出悲情剪辑让人共鸣
[2026-02-22 02:53:20] Th0tiana: 一年十冠对社区环境的破坏太大了，还是十年不拿Maj0r的好，总能产出悲情剪辑让人共情
[2026-02-22 02:53:21] AmamiyaIori: 一年十冠对社区环境的破坏太大了，还是十年不拿Maj0r的好，总能产出悲情剪辑让人共鸣
[2026-02-22 02:53:21] 玩高松tomorin: 一年十冠对社区环境的破坏太大了，还是十年不拿Maj0r的好，总能产出悲情剪辑让人共情
[2026-02-22 02:53:21] 没有糖的棒棒糖1: 一年十冠对社区环境的破坏太大了，还是十年不拿Maj0r的好，总能产出悲情剪辑让人共鸣
[2026-02-22 02:53:21] 石家庄的刘亦博本人: 一年十冠对社区环境的破坏太大了，还是十年不拿Maj0r的好，总能产出悲情剪辑让人共情
[2026-02-22 02:53:21] 桃乃木的香香奈奈: 一年十冠对社区环境的破坏太大了，还是十年不拿Maj0r的好，总能产出悲情剪辑让人共鸣
[2026-02-22 02:53:21] 牛顿哪位: 一年十冠对社区环境的破坏太大了，还是十年不拿Maj0r的好，总能产出悲情剪辑让人共鸣
[2026-02-22 02:53:21] 丸子八大碗: 一年十冠对社区环境的破坏太大了，还是十年不拿Maj0r的好，总能产出悲情剪辑让人共情
[2026-02-22 02:53:21] 诺零零零零零: 　　　 6657的氛围已经不乐观了，全靠niko没有major吊着一口气，niko真夺冠那玩机器的天
[2026-02-22 02:53:21] 这牙缝可以: 一年十冠对社区环境的破坏太大了，还是十年不拿Maj0r的好，总能产出悲情剪辑让人共情
[2026-02-22 02:53:21] 玩圣我想进群: 冰粉都不刷礼物的吗
[2026-02-22 02:53:22] 行云C1oud: 一年十冠对社区环境的破坏太大了，还是十年不拿Maj0r的好，总能产出悲情剪辑让人共鸣
[2026-02-22 02:53:22] L0Ne1yZeNny2: 一年十冠对社区环境的破坏太大了，还是十年不拿Maj0r的好，总能产出悲情剪辑让人共鸣
[2026-02-22 02:53:22] 灰常帅气的小舟舟: 一年十冠对社区环境的破坏太大了，还是十年不拿Maj0r的好，总能产出悲情剪辑让人共情
[2026-02-22 02:53:22] HisuiHearts: 一年十冠对社区环境的破坏太大了，还是十年不拿Maj0r的好，总能产出悲情剪辑让人共情
[2026-02-22 02:53:22] 低能贵物旅店: 一年十冠对社区环境的破坏太大了，还是十年不拿Maj0r的好，总能产出悲情剪辑让人共情
[2026-02-22 02:53:22] STARdustXM: 一年十冠对社区环境的破坏太大了，还是十年不拿Maj0r的好，总能产出悲情剪辑让人共情
[2026-02-22 02:53:22] 苏雨凌a: 一年十冠对社区环境的破坏太大了，还是十年不拿Maj0r的好，总能产出悲情剪辑让人共鸣
[2026-02-22 02:53:22] 一不小心丶就丶: 玩大哥心里恨得不行还要帮金主吹载大哥
[2026-02-22 02:53:23] 圣德巫女: 一年十冠对社区环境的破坏太大了，还是十年不拿Maj0r的好，总能产出悲情剪辑让人共情
[2026-02-22 02:53:23] 殇陶醉于吾: 一年十冠对社区环境的破坏太大了，还是十年不拿Maj0r的好，总能产出悲情剪辑让人共情
[2026-02-22 02:53:23] vp的Jame苯人: 一年十冠对社区环境的破坏太大了，还是十年不拿Maj0r的好，总能产出悲情剪辑让人共情
[2026-02-22 02:53:23] 宫监手放监: 一年十冠对社区环境的破坏太大了，还是十年不拿Maj0r的好，总能产出悲情剪辑让人共情
[2026-02-22 02:53:23] 不上钩的小鱼干: 一年十冠对社区环境的破坏太大了，还是十年不拿Maj0r的好，总能产出悲情剪辑让人共情
[2026-02-22 02:53:23] 网友小滴:     6657的氛围已经不乐观了，全靠niko没有major吊着一口气，niko真夺冠那玩机器的天
[2026-02-22 02:53:23] 紫裳酱: 一年十冠对社区环境的破坏太大了，还是十年不拿Maj0r的好，总能产出悲情剪辑让人共情
[2026-02-22 02:53:24] 玩小将biss我是玩中将: 一年十冠对社区环境的破坏太大了，还是十年不拿Maj0r的好，总能产出悲情剪辑让人共情
[2026-02-22 02:53:24] 丰川祥子口三角初华: 一年十冠对社区环境的破坏太大了，还是十年不拿Maj0r的好，总能产出悲情剪辑让人共情
[2026-02-22 02:53:24] RyougiAqua: 一年十冠对社区环境的破坏太大了，还是十年不拿Maj0r的好，总能产出悲情剪辑让人共情
[2026-02-22 02:53:24] 龍EVOLOVE龍: 一年十冠对社区环境的破坏太大了，还是十年不拿Maj0r的好，总能产出悲情剪辑让人共情
[2026-02-22 02:53:24] zouyun757: 一年十冠对社区环境的破坏太大了，还是十年不拿Maj0r的好，总能产出悲情剪辑让人共情
[2026-02-22 02:53:24] 11001011100: 一年十冠对社区环境的破坏太大了，还是十年不拿Maj0r的好，总能产出悲情剪辑让人共情
[2026-02-22 02:53:24] DaturaNoir辰砂:     一年十冠对社区环境的破坏太大了，还是十年不拿Maj0r的好，总能产出悲情剪辑让人共情
[2026-02-22 02:53:24] HisuiHearts: 一年十冠对社区环境的破坏太大了，还是十年不拿Maj0r的好，总能产出悲情剪辑让人共情
[2026-02-22 02:53:24] Tunaking: 一年十冠对社区环境的破坏太大了，还是十年不拿Maj0r的好，总能产出悲情剪辑让人共情
[2026-02-22 02:53:25] 迪奥雷: 一年十冠对社区环境的破坏太大了，还是十年不拿Maj0r的好，总能产出悲情剪辑让人共情
[2026-02-22 02:53:25] 好姐妹八幡海铃丶: 一年十冠对社区环境的破坏太大了，还是十年不拿Maj0r的好，总能产出悲情剪辑让人共情
[2026-02-22 02:53:25] 晟世丶丶: 一年十冠对社区环境的破坏太大了，还是十年不拿Maj0r的好，总能产出悲情剪辑让人共鸣
[2026-02-22 02:53:25] 樱高的秋山澪本人: 一年十冠对社区环境的破坏太大了，还是十年不拿Maj0r的好，总能产出悲情剪辑让人共情
[2026-02-22 02:53:25] 伏拉夫在柏林: 一年十冠对社区环境的破坏太大了，还是十年不拿Maj0r的好，总能产出悲情剪辑让人共情
[2026-02-22 02:53:26] TensoRaws: 一年十冠对社区环境的破坏太大了，还是十年不拿Maj0r的好，总能产出悲情剪辑让人共鸣
[2026-02-22 02:53:26] 循州第一脆腰花: 一年十冠对社区环境的破坏太大了，还是十年不拿Maj0r的好，总能产出悲情剪辑让人共情
[2026-02-22 02:53:26] wedd1ddeJodd: 有时候我觉得尼孩粉也挺可怜的，他们只不过是被营销号洗脑的普通人罢了
[2026-02-22 02:53:26] 祝直播间观众工作顺利: 一年十冠对社区环境的破坏太大了，还是十年不拿Maj0r的好，总能产出悲情剪辑让人共鸣
[2026-02-22 02:53:26] 一滴HitoShizuku: 一年十冠对社区环境的破坏太大了，还是十年不拿Maj0r的好，总能产出悲情剪辑让人共鸣
[2026-02-22 02:53:26] 爱喝花绿青: 一年十冠对社区环境的破坏太大了，还是十年不拿Maj0r的好，总能产出悲情剪辑让人共情
[2026-02-22 02:53:26] sghlp: 一年十冠对社区环境的破坏太大了，还是十年不拿Maj0r的好，总能产出悲情剪辑让人共鸣
[2026-02-22 02:53:27] Crych1c的若叶睦本人: 一年十冠对社区环境的破坏太大了，还是十年不拿Maj0r的好，总能产出悲情剪辑让人共情
[2026-02-22 02:53:27] 丿哈哈大笑: 一年十冠对社区环境的破坏太大了，还是十年不拿Maj0r的好，总能产出悲情剪辑让人共情
[2026-02-22 02:53:27] cutewqx: 一年十冠对社区环境的破坏太大了，还是十年不拿Maj0r的好，总能产出悲情剪辑让人共情
[2026-02-22 02:53:27] 大裂谷的登山家: 一年十冠对社区环境的破坏太大了，还是十年不拿Maj0r的好，总能产出悲情剪辑让人共鸣
[2026-02-22 02:53:27] 费半天起个名1: 一年十冠对社区环境的破坏太大了，还是十年不拿Maj0r的好，总能产出悲情剪辑让人共情
[2026-02-22 02:53:27] 公哒哒哒: 一年十冠对社区环境的破坏太大了，还是十年不拿Maj0r的好，总能产出悲情剪辑让人共情
[2026-02-22 02:53:27] 逃离灰色地带: 一年十冠对社区环境的破坏太大了，还是十年不拿Maj0r的好，总能产出悲情剪辑让人共情
[2026-02-22 02:53:27] 芙兰达丶塞维伦: 一年十冠对社区环境的破坏太大了，还是十年不拿Maj0r的好，总能产出悲情剪辑让人共情
[2026-02-22 02:53:27] 蜗牛蜗牛你快快走: 一年十冠对社区环境的破坏太大了，还是十年不拿Maj0r的好，总能产出悲情剪辑让人共情
[2026-02-22 02:53:27] zzzhr698: 一年十冠对社区环境的破坏太大了，还是十年不拿Maj0r的好，总能产出悲情剪辑让人共情
[2026-02-22 02:53:28] 莫情123: 马拉脸色对了
[2026-02-22 02:53:28] 天守阁信长: 一年十冠对社区环境的破坏太大了，还是十年不拿Maj0r的好，总能产出悲情剪辑让人共情
[2026-02-22 02:53:28] 小人范子: 一年十冠对社区环境的破坏太大了，还是十年不拿Maj0r的好，总能产出悲情剪辑让人共情
[2026-02-22 02:53:28] 爱道冠: 一年十冠对社区环境的破坏太大了，还是十年不拿Maj0r的好，总能产出悲情剪辑让人共情
[2026-02-22 02:53:28] 宫城的仙台叶月本人: 一年十冠对社区环境的破坏太大了，还是十年不拿Maj0r的好，总能产出悲情剪辑让人共鸣
[2026-02-22 02:53:29] 萌筱酱: 一年十冠对社区环境的破坏太大了，还是十年不拿Maj0r的好，总能产出悲情剪辑让人共情
[2026-02-22 02:53:29] miku-: 一年十冠对社区环境的破坏太大了，还是十年不拿Maj0r的好，总能产出悲情剪辑让人共情
[2026-02-22 02:53:29] 循州第一脆腰花: 一年十冠对社区环境的破坏太大了，还是十年不拿Maj0r的好，总能产出悲情剪辑让人共情
[2026-02-22 02:53:29] 鲜血与暗影铸造的家伙: 蒙古还是牛啊
[2026-02-22 02:53:29] HaibaraAi1109: 一年十冠对社区环境的破坏太大了，还是十年不拿Maj0r的好，总能产出悲情剪辑让人共情
[2026-02-22 02:53:29] 即将拥有PDD的人鱼线丿: fku apex
[2026-02-22 02:53:29] 唐小云er: 一年十冠对社区环境的破坏太大了，还是十年不拿Maj0r的好，总能产出悲情剪辑让人共鸣
[2026-02-22 02:53:29] XCChieri: 一年十冠对社区环境的破坏太大了，还是十年不拿Maj0r的好，总能产出悲情剪辑让人共鸣
[2026-02-22 02:53:30] 空虚白Alter: 　　　 一年十冠对社区环境的破坏太大了，还是十年不拿Maj0r的好，总能产出悲情剪辑让人共情
[2026-02-22 02:53:30] 玩圣我想进群: 一年十冠对社区环境的破坏太大了，还是十年不拿Maj0r的好，总能产出悲情剪辑让人共情
[2026-02-22 02:53:30] 载VIT: 一年十冠对社区环境的破坏太大了，还是十年不拿Maj0r的好，总能产出悲情剪辑让人共情
[2026-02-22 02:53:30] 对对对i太对啦: 一年十冠对社区环境的破坏太大了，还是十年不拿Maj0r的好，总能产出悲情剪辑让人共情
[2026-02-22 02:53:30] TheMongolZ的上单本人: 一年十冠对社区环境的破坏太大了，还是十年不拿Maj0r的好，总能产出悲情剪辑让人共情
[2026-02-22 02:53:30] Saeresquaree丶Sakura渣: 一年十冠对社区环境的破坏太大了，还是十年不拿Maj0r的好，总能产出悲情剪辑让人共情
[2026-02-22 02:53:31] 用户8382617600: 一年十冠对社区环境的破坏太大了，还是十年不拿Maj0r的好，总能产出悲情剪辑让人共鸣
[2026-02-22 02:53:31] 无敌小肉肉丶: 抓娃娃
[2026-02-22 02:53:31] 月月鸟不爱笑: 一年十冠对社区环境的破坏太大了，还是十年不拿Maj0r的好，总能产出悲情剪辑让人共情
[2026-02-22 02:53:31] 保护头小头是个DD就好: ？
[2026-02-22 02:53:31] 阿瓦伊莉雅:     6657的氛围已经不乐观了，全靠niko没有major吊着一口气，niko真夺冠那玩机器的天
[2026-02-22 02:53:31] 我的我的sorry: 一年十冠对社区环境的破坏太大了，还是十年不拿Maj0r的好，总能产出悲情剪辑让人共情
[2026-02-22 02:53:32] Vitality的羽贺文乃本人: 一年十冠对社区环境的破坏太大了，还是十年不拿Maj0r的好，总能产出悲情剪辑让人共鸣
[2026-02-22 02:53:32] 鸟儿在头顶把森林叫醒: 一年十冠对社区环境的破坏太大了，还是十年不拿Maj0r的好，总能产出悲情剪辑让人共情
[2026-02-22 02:53:32] 小川阿丶: 一年十冠对社区环境的破坏太大了，还是十年不拿Maj0r的好，总能产出悲情剪辑让人共情
[2026-02-22 02:53:32] LuIuSweety: 一年十冠对社区环境的破坏太大了，还是十年不拿Maj0r的好，总能产出悲情剪辑让人共鸣
[2026-02-22 02:53:32] Shamiko56562: 一年十冠对社区环境的破坏太大了，还是十年不拿Maj0r的好，总能产出悲情剪辑让人共情
[2026-02-22 02:53:32] 腋毛老狗子: 一年十冠对社区环境的破坏太大了，还是十年不拿Maj0r的好，总能产出悲情剪辑让人共情
[2026-02-22 02:53:33] 抓住肉肉啃: 一年十冠对社区环境的破坏太大了，还是十年不拿Maj0r的好，总能产出悲情剪辑让人共鸣
[2026-02-22 02:53:33] 在多兰古雷格燃烧绝望: 一年十冠对社区环境的破坏太大了，还是十年不拿Maj0r的好，总能产出悲情剪辑让人共情
[2026-02-22 02:53:33] Inforno的chicken本人: 一年十冠对社区环境的破坏太大了，还是十年不拿Maj0r的好，总能产出悲情剪辑让人共鸣
[2026-02-22 02:53:33] 空白QAQ351: 一年十冠对社区环境的破坏太大了，还是十年不拿Maj0r的好，总能产出悲情剪辑让人共情
[2026-02-22 02:53:33] 勤奋努力的Obito: 一年十冠对社区环境的破坏太大了，还是十年不拿Maj0r的好，总能产出悲情剪辑让人共情
[2026-02-22 02:53:33] 粮食和蔬菜ll: 礼物呢
[2026-02-22 02:53:33] 时光不改旧人心: 一年十冠对社区环境的破坏太大了，还是十年不拿Maj0r的好，总能产出悲情剪辑让人共鸣
[2026-02-22 02:53:34] 图帕雷松: Niko拿major冠军的时候入坑的，现在的弹幕真没眼看🙄​
[2026-02-22 02:53:34] l1nmou: 一年十冠对社区环境的破坏太大了，还是十年不拿Maj0r的好，总能产出悲情剪辑让人共情
[2026-02-22 02:53:34] dark1337: 一年十冠对社区环境的破坏太大了，还是十年不拿Maj0r的好，总能产出悲情剪辑让人共鸣
[2026-02-22 02:53:34] A队不吃晃的小祥本人: 一年十冠对社区环境的破坏太大了，还是十年不拿Maj0r的好，总能产出悲情剪辑让人共情
[2026-02-22 02:53:34] 飞天玉虎zzZ: 一年十冠对社区环境的破坏太大了，还是十年不拿Maj0r的好，总能产出悲情剪辑让人共情
[2026-02-22 02:53:34] kyubit: fku apex
[2026-02-22 02:53:34] PqsAz: 一年十冠对社区环境的破坏太大了，还是十年不拿Maj0r的好，总能产出悲情剪辑让人共情
[2026-02-22 02:53:35] LaifuoO来福oO: 一年十冠对社区环境的破坏太大了，还是十年不拿Maj0r的好，总能产出悲情剪辑让人共情
[2026-02-22 02:53:35] 冲上云霄的姨: 一年十冠对社区环境的破坏太大了，还是十年不拿Maj0r的好，总能产出悲情剪辑让人共情
[2026-02-22 02:53:35] 2442861055: 一年十冠对社区环境的破坏太大了，还是十年不拿Maj0r的好，总能产出悲情剪辑让人共情
[2026-02-22 02:53:35] 文西67: 一年十冠对社区环境的破坏太大了，还是十年不拿Maj0r的好，总能产出悲情剪辑让人共情
[2026-02-22 02:53:35] 墨华羽雨: 一年十冠对社区环境的破坏太大了，还是十年不拿Maj0r的好，总能产出悲情剪辑让人共情
[2026-02-22 02:53:36] 别摸我的小黄枪: 一年十冠对社区环境的破坏太大了，还是十年不拿Maj0r的好，总能产出悲情剪辑让人共情
[2026-02-22 02:53:36] 春风如齐: 你不能因为数字梗玩到你身上的时候你才管
[2026-02-22 02:53:36] 天才工具人桐生战兔: 一年十冠对社区环境的破坏太大了，还是十年不拿Maj0r的好，总能产出悲情剪辑让人共情
[2026-02-22 02:53:36] 玩指挥丶NiKo: FKU WJQ
[2026-02-22 02:53:36] 玩机器厦面鄙骰大: 年十冠对社区环境的破坏太大了，还是十年不拿Maj0r的好，总能产出悲情剪辑让人共情
[2026-02-22 02:53:36] 他们都叫我用脚: 一年十冠对社区环境的破坏太大了，还是十年不拿Maj0r的好，总能产出悲情剪辑让人共情
[2026-02-22 02:53:36] 艾坤123: 原来蒙古这么强吗
[2026-02-22 02:53:37] 黄浦niko: 一年十冠对社区环境的破坏太大了，还是十年不拿Maj0r的好，总能产出悲情剪辑让人共情
[2026-02-22 02:53:37] 好姐們愛爾奎特: 一年十冠对社区环境的破坏太大了，还是十年不拿Maj0r的好，总能产出悲情剪辑让人共情
[2026-02-22 02:53:37] HostageKIA: fk u apex
[2026-02-22 02:53:37] 剑崎梨梨花: 一年十冠对社区环境的破坏太大了，还是十年不拿Maj0r的好，总能产出悲情剪辑让人共情
[2026-02-22 02:53:37] Thatsgood961: 一年十冠对社区环境的破坏太大了，还是十年不拿Maj0r的好，总能产出悲情剪辑让人共情
[2026-02-22 02:53:37] LvvsiN: 弹幕别吵了，银行业一样一样有有有也会有h'y'hui't'y'r's'c'dn
[2026-02-22 02:53:37] liny66: 一年十冠对社区环境的破坏太大了，还是十年不拿Maj0r的好，总能产出悲情剪辑让人共情
[2026-02-22 02:53:37] 马楼King张三: 是apex的战歌
[2026-02-22 02:53:38] azo808: 一年十冠对社区环境的破坏太大了，还是十年不拿Maj0r的好，总能产出悲情剪辑让人共鸣
[2026-02-22 02:53:38] 撒浪嘿呦0v0: 一年十冠对社区环境的破坏太大了，还是十年不拿Maj0r的好，总能产出悲情剪辑让人共情
[2026-02-22 02:53:38] 用户3661578: 小将焖了
[2026-02-22 02:53:38] yuuuuua7: 别串🦐🦐😭😭
[2026-02-22 02:53:38] 洞洞载载车车major冠军: fk u apex👏🏻fk u apex👏fk u apex👏🏼fk u apex👏
[2026-02-22 02:53:38] 結城希亞: 一年十冠对社区环境的破坏太大了，还是十年不拿Maj0r的好，总能产出悲情剪辑让人共情
[2026-02-22 02:53:38] 未酲儿: fku apex
[2026-02-22 02:53:39] 即将拥有PDD的人鱼线丿: ？
[2026-02-22 02:53:39] 是Faze的jks本人: 一年十冠对社区环境的破坏太大了，还是十年不拿Maj0r的好，总能产出悲情剪辑让人共情
[2026-02-22 02:53:39] 鲜血与暗影铸造的家伙: 该fk
[2026-02-22 02:53:40] Demon916: 一年十冠对社区环境的破坏太大了，还是十年不拿Maj0r的好，总能产出悲情剪辑让人共情
[2026-02-22 02:53:40] likeboom: 一年十冠对社区环境的破坏太大了，还是十年不拿Maj0r的好，总能产出悲情剪辑让人共情
[2026-02-22 02:53:40] Aetheranus: fku apex
[2026-02-22 02:53:40] 好姐妹妮可: 我真怀疑这是不是AI小夫了，两个小时没跟弹幕互动了
[2026-02-22 02:53:41] ShanoaM: lets go 蒙古！
[2026-02-22 02:53:41] 什么罐头我说男人: woc
[2026-02-22 02:53:41] KujoJolyne: ？
[2026-02-22 02:53:41] 这波真不怪ropz: 一年十冠对社区环境的破坏太大了，还是十年不拿Maj0r的好，总能产出悲情剪辑让人共情
[2026-02-22 02:53:41] 长期素食从不熬夜: 一年十冠对社区环境的破坏太大了，还是十年不拿Maj0r的好，总能产出悲情剪辑让人共情
[2026-02-22 02:53:41] 兰诺Lno: 一年十冠对社区环境的破坏太大了，还是十年不拿Maj0r的好，总能产出悲情剪辑让人共鸣
[2026-02-22 02:53:41] 春风如齐: 你不能因为数字梗玩到你身上的时候你才管。
[2026-02-22 02:53:41] Mortnotz: 你不能因为数字梗玩到你身上的时候你才管
[2026-02-22 02:53:42] 墨本海人: 一年十冠对社区环境的破坏太大了，还是十年不拿Maj0r的好，总能产出悲情剪辑让人共情
[2026-02-22 02:53:42] 费半天起个名1: 一年十冠对社区环境的破坏太大了，还是十年不拿Maj0r的好，总能产出悲情剪辑让人共情
[2026-02-22 02:53:42] AriselAlagadda: 一年十冠对社区环境的破坏太大了，还是十年不拿Maj0r的好，总能产出悲情剪辑
[2026-02-22 02:53:42] G2的device本人: 处刑
[2026-02-22 02:53:42] 遇见你时风好甜m: 　　　 FKU WJQ
[2026-02-22 02:53:42] 玩老鼠丶Roxy: 你不能因为数字梗玩到你身上的时候你才管
[2026-02-22 02:53:42] 线魚: 布罗利：这也能扯到老尼啊。。。nb
[2026-02-22 02:53:42] 网友小滴: 一年十冠对社区环境的破坏太大了，还是十年不拿Maj0r的好，总能产出悲情剪辑让人共情
[2026-02-22 02:53:42] 空中小楼、: 　　　 FKU WJQ
[2026-02-22 02:53:42] SchUmiFan4eVeR: FKU apex👏FKU apex👏FKU apex👏
[2026-02-22 02:53:42] 擅长登山的亦博同学: 🅵🆄🅲🅺 🆈🅞🆄 🆆🅹🆀
[2026-02-22 02:53:42] 玩蛇鼠丶stabbi: fk u wjq
[2026-02-22 02:53:43] Jkhhkj: ？
[2026-02-22 02:53:43] RyougiAqua: FKU WJQ
[2026-02-22 02:53:43] 特泯病的驴donk: 全网最大尼黑直播间
[2026-02-22 02:53:43] 洛陽城里看落陽: 你不能因为数字梗玩到你身上的时候你才管
[2026-02-22 02:53:43] 怪人阿明: 一年十冠对社区环境的破坏太大了，还是十年不拿Maj0r的好，总能产出悲情剪辑让人共情
[2026-02-22 02:53:43] 丶小恐龙丶: fkuwjq
[2026-02-22 02:53:44] jrcd66: ？
[2026-02-22 02:53:44] 用户3661578: 不讲理
[2026-02-22 02:53:44] 好姐妹芙卡洛斯: ？
[2026-02-22 02:53:44] 用户8044227198: f u alex
[2026-02-22 02:53:45] uzi家的喷水龙: 没办法悲情英雄，父子游戏，背身沙鹰的故事太感人了。。。
[2026-02-22 02:53:45] 丰川祥子口三角初华: FKU WJQ
[2026-02-22 02:53:45] 小蜜蜂的长期素食本人: 车主悄悄杀到第一了
[2026-02-22 02:53:45] 洞洞载载车车major冠军: fk u apex👏🏻fk u apex👏fk u apex👏🏼fk u apex👏
[2026-02-22 02:53:45] 岭上雾冷: 一年十冠对社区环境的破坏太大了，还是十年不拿Maj0r的好，总能产出悲情剪辑让人共情
[2026-02-22 02:53:45] 鸟儿在头顶把森林叫醒: 一年十冠对社区环境的破坏太大了，还是十年不拿Maj0r的好，总能产出悲情剪辑让人共情
[2026-02-22 02:53:45] 玩圣我想进群: 一年十冠对社区环境的破坏太大了，还是十年不拿Maj0r的好，总能产出悲情剪辑让人共情
[2026-02-22 02:53:45] 暴力卓司: fku apex
[2026-02-22 02:53:46] 好姐妹弓塚五月: fku apex
[2026-02-22 02:53:46] Oasis0917: ?
[2026-02-22 02:53:46] y666t666y666: 你不能因为数字梗玩到你身上的时候你才管
[2026-02-22 02:53:47] 玩弓箭、Arrow: FKU WJQ
[2026-02-22 02:53:47] 反向一奶日神仙: ？
[2026-02-22 02:53:47] IGetUp: 不演了
[2026-02-22 02:53:47] 落花丶忧伤丶: ？
[2026-02-22 02:53:48] 你只是我丢弃的一条狗: 带框弹幕真好看啊 可惜我脑子没问题 不然我也充钱整一个
[2026-02-22 02:53:48] Mortnotz:     FKU WJQ
[2026-02-22 02:53:48] XCChieri: FKU WJQ
[2026-02-22 02:53:48] 用户80930680: 一年十冠对社区环境的破坏太大了，还是十年不拿Maj0r的好，总能产出悲情剪辑让人共情
[2026-02-22 02:53:49] Haytham梓: 一年十冠对社区环境的破坏太大了，还是十年不拿Maj0r的好，总能产出悲情剪辑让人共情
[2026-02-22 02:53:49] 企鹅物流安全屋: 现在是2月22日，是邦多利It’s MyGO!!!!!吉他手要乐奈的生日，转发这条信息到5个群你就会
[2026-02-22 02:53:49] 乐EE: 一年十冠对社区环境的破坏太大了，还是十年不拿Maj0r的好，总能产出悲情剪辑让人共鸣
[2026-02-22 02:53:49] 不知名贝斯手: 一年十冠对社区环境的破坏太大了，还是十年不拿Maj0r的好，总能产出悲情剪辑让人共情
[2026-02-22 02:53:49] 我真的不是硝子: 车主怎么杀第一了
[2026-02-22 02:53:50] Vitality的羽贺文乃本人: 真叼啊Zywoo（ 余光看向礼物界面
[2026-02-22 02:53:50] 爆爆爆开爆: 你不能因为数字梗玩到你身上的时候你才管。
[2026-02-22 02:53:50] Crythic的羊宫妃那本人: FKU WJQ
[2026-02-22 02:53:50] 十点差49分: 不演了
[2026-02-22 02:53:50] last玩神丶: FKU WJQ
[2026-02-22 02:53:51] uzi家的喷水龙: 没办法悲情英雄，父子游戏，背身沙鹰的故事太感人了。。。
[2026-02-22 02:53:51] 新津粥劫伦: FKU WJQ
[2026-02-22 02:53:51] -小佐内由纪-: 一年十冠对社区环境的破坏太大了，还是十年不拿Maj0r的好，总能产出悲情剪辑让人共鸣
[2026-02-22 02:53:51] 法号纯洁丶: FKU WJQ
[2026-02-22 02:53:51] LvvsiN: 我让你开双倍你二龙吗？老子荧光棒要过期了
[2026-02-22 02:53:51] 黄太公丶: 一年十冠对社区环境的破坏太大了，还是十年不拿Maj0r的好，总能产出悲情剪辑让人共情
[2026-02-22 02:53:51] Hitagi蟹蟹: 你不能因为数字梗玩到你身上的时候你才管
[2026-02-22 02:53:51] 春风如齐: 你不能因为数字梗玩到你身上的时候你才管
[2026-02-22 02:53:51] jrcd66: 真的看到了吗
[2026-02-22 02:53:52] AmamiyaIori: 你不能因为数字梗玩到你身上的时候你才管。
[2026-02-22 02:53:52] 玩圣我想进群: 整天desuwa娘们一样的，真男人就该说 根、吊、鲁、tmd、闹麻了
[2026-02-22 02:53:52] eyu星天涯: 看到了嘛
[2026-02-22 02:53:52] 老公骂我好口马: 载大哥不演了
[2026-02-22 02:53:52] 阿聚TaHa: 一年十冠对社区环境的破坏太大了，还是十年不拿Maj0r的好，总能产出悲情剪辑
[2026-02-22 02:53:52] 撒浪嘿呦0v0: 优秀 出 生 点
[2026-02-22 02:53:53] 瑭珏:     FKU WJQ
[2026-02-22 02:53:53] 我知道的一点也不多: 感觉有点奥斯汀的感觉了
[2026-02-22 02:53:53] 大梦464:     FKU WJQ
[2026-02-22 02:53:53] 鸟儿在头顶把森林叫醒: 一年十冠对社区环境的破坏太大了，还是十年不拿Maj0r的好，总能产出悲情剪辑让人共情
[2026-02-22 02:53:53] 瞄准高高手: FKU WJQ
[2026-02-22 02:53:53] 火猫一哥亦博易勃: FKU WJQ
[2026-02-22 02:53:53] 幼稚的虫圭:     FKU WJQ
[2026-02-22 02:53:53] 歪西歪杂货铺: 尬黑了，一年只有酒罐
[2026-02-22 02:53:53] crychic的tomori本人: FKU WJQ
[2026-02-22 02:53:53] 绘绘绘绘绘梨衣:     FKU WJQ
[2026-02-22 02:53:54] 剑崎梨梨花: FKU WJQ
[2026-02-22 02:53:54] 玩蛇鼠丶stabbi: FKU WJQ
[2026-02-22 02:53:54] 全世坠可爱的ZywOo宝宝: 洗
[2026-02-22 02:53:54] 濹0790338: 一年十冠对社区环境的破坏太大了，还是十年不拿Maj0r的好，总能产出悲情剪辑让人共情
[2026-02-22 02:53:54] tosaytosay:  @Haytham梓：一年十冠对社区环境的破坏太大了，还是十年不拿Maj0r的好，总能产出悲情剪辑让
[2026-02-22 02:53:54] Erozza: FKU WJQ
[2026-02-22 02:53:55] 高松的灯ll: FKU WJQ
[2026-02-22 02:53:55] 喔唷Cz: 1
[2026-02-22 02:53:55] 巴黎城下塞纳河l: FKU WJQ
[2026-02-22 02:53:55] 洛陽城里看落陽: FKU WJQ
[2026-02-22 02:53:55] 放我去藏经阁一日游: 难说
[2026-02-22 02:53:55] 八重森彌妮: 玩大哥心里恨得不行还要帮金主吹载大哥
[2026-02-22 02:53:56] 蛋蛋可以进去吗: 恨
[2026-02-22 02:53:56] 魔男的夜宴: 全网最大尼黑直播间
[2026-02-22 02:53:56] 什么罐头我说男人: FKU WJQ
[2026-02-22 02:53:56] MeIoN39: FKU WJQ
[2026-02-22 02:53:56] 最爱的马卡龙: 厕所不拆，苍蝇是灭不完的，机器你现在就下播，我看这些串子去哪刷，哦对了，现在有合同不能登山了
[2026-02-22 02:53:56] 潇洒大概: 恨点TV
[2026-02-22 02:53:57] csdesperado: 洗
[2026-02-22 02:53:57] jamesfaith23: FKU WJQ
[2026-02-22 02:53:57] CThun438: fking noooooooobs😋😋😋😋
[2026-02-22 02:53:57] 我是大人咯只带电子表: 你不能因为数字梗玩到你身上的时候你才管。
[2026-02-22 02:53:58] 大哥心里慌:     FKU WJQ
[2026-02-22 02:53:58] HostageKIA: FKU WJQ
[2026-02-22 02:53:58] 彼岸无妖: FKU WJQ
[2026-02-22 02:53:58] 芜湖小能手: FKU WJQ
[2026-02-22 02:53:58] 小蜜蜂载物本人: FKU WJQ
[2026-02-22 02:53:58] Monoceros-: 还有天理吗，这个直播间本来是我们的聊天室，结果这头猪突然宣布占领直播间，还招房管封我们
[2026-02-22 02:53:58] 一道大狙的尼古莱本人: FKU WJQ
[2026-02-22 02:53:59] 撒浪嘿呦0v0: FKU WJQ
[2026-02-22 02:53:59] 白鵉鳶OriGami: 🅵🆄🅲🅺 🆈🅞🆄 🆆🅹🆀
[2026-02-22 02:53:59] 玩楚楚、pareo:     FKU WJQ
[2026-02-22 02:53:59] 玩爱音丶Anno: FKU WJQ
[2026-02-22 02:54:00] 千早爱音desu: fku machine
[2026-02-22 02:54:00] 乐EE: 一年十冠对社区环境的破坏太大了，还是十年不拿Maj0r的好，总能产出悲情剪辑让人共鸣
[2026-02-22 02:54:00] Cedar4: FKU WJQ
[2026-02-22 02:54:00] 韩世天的屎妈: FKU WJQ
[2026-02-22 02:54:00] 黄太公丶: FKU WJQ
[2026-02-22 02:54:00] Herryhhh: FKU WJQ
[2026-02-22 02:54:00] 好哥们华子: ZywOo（载大哥）simple（🐷）karrigan（🐷）JW（🐷）玩机器（🐷）
[2026-02-22 02:54:01] 石家庄的刘亦博本人: 礼物没有古辉盒啊，让我送什么
[2026-02-22 02:54:01] ykls的爱情结晶: 整天desuwa娘们一样的，真男人就该说 根、吊、鲁、tmd、闹麻了
[2026-02-22 02:54:01] AmamiyaIori: 你不能因为数字梗玩到你身上的时候你才管。
[2026-02-22 02:54:01] 李小小与虾大大: 理性讨论，难道a÷不该被fk吗
[2026-02-22 02:54:01] 玩楚楚、pareo: 真叼啊Zywoo（ 余光看向礼物界面
[2026-02-22 02:54:01] 八重森彌妮: FKU WJQ
[2026-02-22 02:54:01] 杰神啊: FKU WJQ
[2026-02-22 02:54:02] 解说就是胡说machine: FKU WJQ
[2026-02-22 02:54:02] Hitagi蟹蟹: 🅵🆄🅲🅺 🆈🅞🆄 🆆🅹🆀
[2026-02-22 02:54:02] 用户7965707956: FKU WJQ
[2026-02-22 02:54:02] 爆爆爆开爆:     FKU WJQ
[2026-02-22 02:54:02] TL的EliGE本人: FKU WJQ
[2026-02-22 02:54:02] HanKsonn: FKU WJQ
[2026-02-22 02:54:02] 鱼丸大人赛高: FKU WJQ
[2026-02-22 02:54:02] 玩Mach1ne丶机器: FKU WJQ
[2026-02-22 02:54:02] M1LONG: FKU WJQ
[2026-02-22 02:54:02] cyk96: 你不能因为数字梗玩到你身上的时候你才管。
[2026-02-22 02:54:03] 黑衣小胖: FKU WJQ
[2026-02-22 02:54:03] 言羽zzz: 老外fkapex的原因主要是不认识玩机器
[2026-02-22 02:54:03] 用户7717188970: 🅵🆄🅲🅺 🆈🅞🆄 🆆🅹🆀
[2026-02-22 02:54:03] hxyvraf: FKU WJQ
[2026-02-22 02:54:03] 全清只搞一波了: 🅵🆄🅲🅺 🆈🅞🆄 🆆🅹🆀
[2026-02-22 02:54:03] 用户700913595: FKU WJQ
[2026-02-22 02:54:03] 我想玩小蜜蜂: FKU WJQ
[2026-02-22 02:54:03] LvvsiN: 为什么房管封的不能给鱼丸……还以为今天晚上得吃了……
[2026-02-22 02:54:03] 春风如齐: 你不能因为数字梗玩到你身上的时候你才管
[2026-02-22 02:54:04] 赵秋秋丶: FKU WJQ
[2026-02-22 02:54:04] Jess2: FKU WJQ
[2026-02-22 02:54:04] 千早爱音desua: FKU WJQ
[2026-02-22 02:54:04] 玩Mach1ne丶机器: FKU WJQ
[2026-02-22 02:54:05] 用户255420066: 一年十冠对社区环境的破坏太大了，还是十年不拿Maj0r的好，总能产出搞笑烂梗让人共鸣
[2026-02-22 02:54:05] 心之所向便是光z: FKU WJQ
[2026-02-22 02:54:05] 海绵宝宝小白儿: FKU WJQ
[2026-02-22 02:54:05] 吉吉的Niko本人: 冷知识：布罗利一部亲手载了亲爹，一部看着弗利萨载亲
[2026-02-22 02:54:05] 暴力卓司: 你吹什么载物呢？不知道cs解说一哥最恨的就是载物，不想当解说？
[2026-02-22 02:54:05] Leo七九: 😈爆爆爆！超级大爆！😈爆爆爆！超级大爆！😈爆爆爆！超级大爆！
[2026-02-22 02:54:05] duoduofeizhuzi: 优秀出 生 点
[2026-02-22 02:54:05] LvvsiN: 为什么房管封的不能给鱼丸……还以为今天晚上得吃了……
[2026-02-22 02:54:06] WE丶繁梦: FKU WJQ
[2026-02-22 02:54:06] 不知名贝斯手: FKU WJQ
[2026-02-22 02:54:06] 拨云放晴: 一年十冠对社区环境的破坏太大了，还是十年不拿Maj0r的好，总能产出悲情剪辑让人共情
[2026-02-22 02:54:07] river66799: FKU WJQ
[2026-02-22 02:54:07] 用户0553661491: FKU WJQ
[2026-02-22 02:54:07] SchUmiFan4eVeR: 🅵🆄🅲🅺 🆈🅞🆄 🆆🅹🆀
[2026-02-22 02:54:07] 虎皮奶酪: 一年十冠对社区环境的破坏太大了，还是十年不拿Maj0r的好，总能产出悲情剪辑让人共鸣
[2026-02-22 02:54:07] 茂名水鬼: FKU WJQ
[2026-02-22 02:54:07] 逐鹿之秋038: 一年十冠对社区环境的破坏太大了，还是十年不拿Maj0r的好，总能产出悲情剪辑让人共情
[2026-02-22 02:54:10] 是印花啊: FKU WJQ
[2026-02-22 02:54:10] 神奥联盟的竹兰本人: FKU WJQ
[2026-02-22 02:54:10] 春风如齐: 你不能因为数字梗玩到你身上的时候你才管。
[2026-02-22 02:54:10] 亚历克斯Ming: FKU WJQ
[2026-02-22 02:54:10] ChensyBruce: FKU WJQ
[2026-02-22 02:54:10] 南燕swallow: FKU WJQ
[2026-02-22 02:54:10] 肥宅终结者: 😈爆爆爆！超级大爆！😈爆爆爆！超级大爆！😈爆爆爆！超级大爆！
[2026-02-22 02:54:10] 强尼手银9527号: FKU WJQ
[2026-02-22 02:54:10] SSE丶: FKU WJQ
[2026-02-22 02:54:10] 鸟儿在头顶把森林叫醒: 一年十冠对社区环境的破坏太大了，还是十年不拿Maj0r的好，总能产出悲情剪辑让人共情
[2026-02-22 02:54:10] 卡啊卡卡丶: FKU WJQ
[2026-02-22 02:54:10] 小蜜蜂的长期素食本人: 曼波
[2026-02-22 02:54:10] Ecifircas: FKU WJQ
[2026-02-22 02:54:10] 摇滚是摩擦后的抽搐: 🅵🆄🅲🅺 🆈🅞🆄 🆆🅹🆀
[2026-02-22 02:54:10] 刘亦博爱郑哲伟: ZywOo（载大哥）simple（🐷）karrigan（🐷）JW（🐷）玩机器（🐷）
[2026-02-22 02:54:10] 春花敲可爱的啦: FKU WJQ
[2026-02-22 02:54:10] 虹豆砸: FKU WJQ
[2026-02-22 02:54:10] 风雨晚烟: FKU WJQ
[2026-02-22 02:54:10] 澤渡雫: FKU WJQ
[2026-02-22 02:54:10] MeIoN39: 🅵🆄🅲🅺 🆈🅞🆄 🆆🅹🆀
[2026-02-22 02:54:11] 冬瓜强在日本的表姐: fk u WJQ👏🏻fk u WJQ👏fk u WJQ👏🏻fk u WJQ👏
[2026-02-22 02:54:11] Nobodyluvme: FKU WJQ
[2026-02-22 02:54:11] 用户3661578: 车主偷偷杀到第一了
[2026-02-22 02:54:11] LvvsiN: 我提一嘴这剧情越来越像上海major了
[2026-02-22 02:54:12] kyubit: 老外fkapex的原因主要是不认识玩机器
[2026-02-22 02:54:12] 没有真名233: 你不能因为数字梗玩到你身上的时候你才管。
[2026-02-22 02:54:12] 挥泪斩楚狗: 玩机器不喜欢王朝队是有传统的，农喜欢狼队，撸喜欢blg，cs喜欢猎鹰
[2026-02-22 02:54:12] 阿盖不能再熬夜: FKU WJQ
[2026-02-22 02:54:12] Kunwz: FKU WJQ
[2026-02-22 02:54:12] 匕匕叭叭: 真叼啊Zywoo（ 余光看向礼物界面
[2026-02-22 02:54:12] 魔男的夜宴: 一年十冠对社区环境的破坏太大了，还是十年不拿Maj0r的好，总能产出悲情剪辑让人共情
[2026-02-22 02:54:13] 阵雨天o: 你不能因为数字梗玩到你身上的时候你才管。
[2026-02-22 02:54:13] 芙兰达丶塞维伦: FKU WJQ
[2026-02-22 02:54:13] XCChieri: 🅵🆄🅲🅺 🆈🅞🆄 🆆🅹🆀
[2026-02-22 02:54:13] 机长家的华仔: FKU WJQ
[2026-02-22 02:54:13] 可达鸭不会游泳: 🅵🆄🅲🅺 🆈🅞🆄 🆆🅹🆀
[2026-02-22 02:54:14] 竹林猫舍: 🅵🆄🅲🅺 🆈🅞🆄 🆆🅹🆀
[2026-02-22 02:54:14] 八重森彌妮: 原来数字梗只有玩到自己头上才管啊
[2026-02-22 02:54:14] 他们都叫我用脚: FKU WJQ
[2026-02-22 02:54:14] MeIoN39: FKU WJQ
[2026-02-22 02:54:14] 冬瓜强在日本的表姐: fk u WJQ👏🏻fk u WJQ👏fk u WJQ👏🏻fk u WJQ👏
[2026-02-22 02:54:15] 春风如齐: 你不能因为数字梗玩到你身上的时候你才管
[2026-02-22 02:54:15] SekaiKamiki: FKU WJQ
[2026-02-22 02:54:15] yuuik27: FK U WJQ
[2026-02-22 02:54:15] 疗养院的Terapevt本人: FKU WJQ
[2026-02-22 02:54:16] LvvsiN: 弹幕也就网上说说，现实里谁不觉得樱姐是好女孩（删括号领一条远坂凛同款鸟笼）
[2026-02-22 02:54:16] 好姐妹德克萨斯: 🅵🆄🅲🅺 🆈🅞🆄 🆆🅹🆀
[2026-02-22 02:54:16] S1natra: FKU WJQ
[2026-02-22 02:54:16] 友利奈绪我老婆d: 冷知识：布罗利一部亲手载了亲爹，一部看着弗利萨载亲
[2026-02-22 02:54:16] 微笑灬雨凝: 🅵🆄🅲🅺 🆈🅞🆄 🆆🅹🆀
[2026-02-22 02:54:17] 波浪时光: FKU WJQ
[2026-02-22 02:54:17] 玩指挥丶NiKo: 🅵🆄🅲🅺 🆈🅞🆄 🆆🅹🆀
[2026-02-22 02:54:17] Gverense: zywoo的MVP数量都比Niko年龄大了
[2026-02-22 02:54:17] 猫很好的小乖: 一年十冠对社区环境的破坏太大了，还是十年不拿Maj0r的好，总能产出悲情剪辑让人共鸣
[2026-02-22 02:54:17] 好姐妹三角初华1: 🅵🆄🅲🅺 🆈🅞🆄 🆆🅹🆀
[2026-02-22 02:54:17] 魔男的夜宴: 老外fkapex的原因主要是不认识玩机器
[2026-02-22 02:54:17] 单推折纸11年: 老外fkapex的原因主要是不认识玩机器
[2026-02-22 02:54:17] n0Pac: 你不能因为数字梗玩到你身上的时候你才管。
[2026-02-22 02:54:18] 黑鳖王: 🅵🆄🅲🅺 🆈🅞🆄 🆆🅹🆀
[2026-02-22 02:54:18] Abyss丶珈百璃: 原来数字梗只有玩到自己头上才管啊
[2026-02-22 02:54:18] 烟然已去: FKU WJQ
[2026-02-22 02:54:18] 嘿嘿嘿1408: FKU WJQ
[2026-02-22 02:54:18] 七色的人偶使者: 6657的氛围已经不乐观了，全靠niko没有major吊着一口气，niko真夺冠那玩机器的天塌了
[2026-02-22 02:54:19] 玩机器之霸: FKU WJQ
[2026-02-22 02:54:19] 老婆是可可萝: 🅵🆄🅲🅺 🆈🅞🆄 🆆🅹🆀
[2026-02-22 02:54:19] 揉搓玩机器大魔丸: 1
[2026-02-22 02:54:19] 小小小蕉: 你不能因为数字梗玩到你身上的时候你才管。
[2026-02-22 02:54:19] 用户3489665055: 🅵🆄🅲🅺 🆈🅞🆄 🆆🅹🆀
[2026-02-22 02:54:19] 昌岗陈坤: 你不能因为数字梗玩到你身上的时候你才管。
[2026-02-22 02:54:19] 玩蛇鼠丶stabbi: 你不能因为数字梗玩到你身上的时候你才管
[2026-02-22 02:54:19] 云边有条小侏如: FKU WJQ
[2026-02-22 02:54:20] LvvsiN: 就tm喜欢银行业🥰银行坏账我喜欢🥰银行挤兑我还喜欢😍利率调低我也喜欢🤤老子亲烂银行业的脸😘
[2026-02-22 02:54:20] 小川阿丶: FKU WJQ
[2026-02-22 02:54:20] 118765: FK U WJQ
[2026-02-22 02:54:20] Vitaliy的ZywOo本人: 一年十冠对社区环境的破坏太大了，还是十年不拿Maj0r的好，总能产出悲情剪辑让人共情
[2026-02-22 02:54:20] 柠檬lei了: 🅵🆄🅲🅺 🆈🅞🆄 🆆🅹🆀
[2026-02-22 02:54:20] siufff: 老外fkapex的原因主要是不认识玩机器
[2026-02-22 02:54:20] 刘亦博爱郑哲伟: FK U WJQ👏🏻fk u WJQ👏fk u WJQ👏🏻fk u WJQ👏
[2026-02-22 02:54:21] 神马米洛: 老外fkapex的原因主要是不认识玩机器
[2026-02-22 02:54:21] 我是你没有感情的爹: 🅵🆄🅲🅺 🆈🅞🆄 🆆🅹🆀
[2026-02-22 02:54:22] 冬瓜强在日本的表姐: fk u WJQ👏🏻fk u WJQ👏fk u WJQ👏🏻fk u WJQ👏
[2026-02-22 02:54:22] LvvsiN: 我让你开双倍你二龙吗？老子荧光棒要过期了
[2026-02-22 02:54:22] -半生瓜Z: 🅵🆄🅲🅺 🆈🅞🆄 🆆🅹🆀
[2026-02-22 02:54:22] 唱给软妹听: 玩机器你还是想想要吹多少句才能还8月的几百万个8吧
[2026-02-22 02:54:22] 看波奇看波奇了: FKU WJQ
[2026-02-22 02:54:22] A队的佐佐木李子本人: 你不能因为数字梗玩到你身上的时候你才管。
[2026-02-22 02:54:22] 用户6690458103: 一年十冠对社区环境的破坏太大了，还是十年不拿Maj0r的好，总能产出悲情剪辑让人共情
[2026-02-22 02:54:22] 神奥联盟的竹兰本人: fk u WJQ👏🏻fk u WJQ👏fk u WJQ👏🏻fk u WJQ👏
[2026-02-22 02:54:22] 归夜丷: FKU WJQ
[2026-02-22 02:54:23] 开朗若叶睦: 你不能因为数字梗玩到你身上的时候你才管。
[2026-02-22 02:54:23] 专看玩机器的号: 6657的氛围已经不乐观了，全靠niko没有major吊着一口气，niko真夺冠那玩机器的天塌了
[2026-02-22 02:54:23] dy不倒我不倒: 🅵🆄🅲🅺 🆈🅞🆄 🆆🅹🆀
[2026-02-22 02:54:23] 零北鸢: FKU WJQ
[2026-02-22 02:54:23] Sereinily: FKU WJQ
[2026-02-22 02:54:23] yuuuuua7: 🅵🆄🅲🅺 🆈🅞🆄 🆆🅹🆀
[2026-02-22 02:54:24] 玩蛋草、Ciallo-【L-owk】: FKU WJQ
[2026-02-22 02:54:24] 挥泪斩楚狗: 玩机器不喜欢王朝队是有传统的，农喜欢狼队，撸喜欢blg，cs喜欢猎鹰
[2026-02-22 02:54:24] 吉吉的Niko本人: 冷知识：布罗利一部亲手载了亲爹，一部看着弗利萨载亲
[2026-02-22 02:54:24] 鲶鱼大口吃屎: 🅵🆄🅲🅺 🆈🅞🆄 🆆🅹🆀
[2026-02-22 02:54:24] 载诗行剑: 🅵🆄🅲🅺 🆈🅞🆄 🆆🅹🆀
[2026-02-22 02:54:24] 清风浮过丶: 🅵🆄🅲🅺 🆈🅞🆄 🆆🅹🆀
[2026-02-22 02:54:24] 丶丶Ken丶丶: 🅵🆄🅲🅺 🆈🅞🆄 🆆🅹🆀
[2026-02-22 02:54:25] YLXE太阳: 🅵🆄🅲🅺 🆈🅞🆄 🆆🅹🆀
[2026-02-22 02:54:25] AmamiyaIori: 你不能因为数字梗玩到你身上的时候你才管
[2026-02-22 02:54:25] 丶小恐龙丶: FKU WJQ
[2026-02-22 02:54:25] 玩血狼丶Bloodywolf: 老外fkapex的原因主要是不认识玩机器
[2026-02-22 02:54:26] jsir6688: 🅵🆄🅲🅺 🆈🅞🆄 🆆🅹🆀
[2026-02-22 02:54:26] LvvsiN: 你屏蔽词都快赶上新华词典了为什么不干脆开一百级发言？
[2026-02-22 02:54:26] tosaytosay: 一年十冠对社区环境的破坏太大了，还是十年不拿Maj0r的好，总能产出悲情剪辑让人共情
[2026-02-22 02:54:26] 環遊的行星: FKU WJQ
[2026-02-22 02:54:26] miku-: 🅵🆄🅲🅺 🆈🅞🆄 🆆🅹🆀
[2026-02-22 02:54:26] 鸟儿在头顶把森林叫醒: FKU WJQ
[2026-02-22 02:54:26] 玩爱音丶Anno: FK U WJQ
[2026-02-22 02:54:27] 冬瓜强在日本的表姐: fk u WJQ👏🏻fk u WJQ👏fk u WJQ👏🏻fk u WJQ👏
[2026-02-22 02:54:27] z泽村英梨梨i: 一年十冠对社区环境的破坏太大了，还是十年不拿Maj0r的好，总能产出悲情剪辑让人共情
[2026-02-22 02:54:27] 蹲芳魂: 🅵🆄🅲🅺 🆈🅞🆄 🆆🅹🆀
[2026-02-22 02:54:27] 白日梦之主: 老外fkapex的原因主要是不认识玩机器
[2026-02-22 02:54:27] 泠鸢不是冷鸢丶: FK U WJQ👏🏻fk u WJQ👏fk u WJQ👏🏻fk u WJQ👏
[2026-02-22 02:54:27] 什么罐头我说男人: 原来数字梗只有玩到自己头上才管啊
[2026-02-22 02:54:28] LvvsiN: 玩宝宝，我发现在大学上学的时候肄业会很舒服，你可以试试
[2026-02-22 02:54:28] 白嫖中大奖: 老外fkapex的原因主要是不认识玩机器
[2026-02-22 02:54:28] dev1ce不拿top1不改名: FK U WJQ
[2026-02-22 02:54:28] 玩机器之霸: FKU WJQ
[2026-02-22 02:54:28] 二阶堂sh1ro没坑donk: 老外fkapex的原因主要是不认识玩机器
[2026-02-22 02:54:29] 车路士的凯赛多本人: 🅵🆄🅲🅺 🆈🅞🆄 🆆🅹🆀
[2026-02-22 02:54:29] 挥泪斩楚狗: 玩机器不喜欢王朝队是有传统的，农喜欢狼队，撸喜欢blg，cs喜欢猎鹰
[2026-02-22 02:54:29] triangle233: 🅵🆄🅲🅺 🆈🅞🆄 🆆🅹🆀
[2026-02-22 02:54:29] 那个最帅的男人666: 太过一帆风顺确实不符合人生常态！！！
[2026-02-22 02:54:29] 拨云放晴: fk u WJQ👏🏻fk u WJQ👏fk u WJQ👏🏻fk u WJQ👏
[2026-02-22 02:54:29] AiLuoLi1413: 🅵🆄🅲🅺 🆈🅞🆄 🆆🅹🆀
[2026-02-22 02:54:29] Yuusuke95: 解说不是胡说
[2026-02-22 02:54:29] 十点差49分: FKU WJQ
[2026-02-22 02:54:30] LvvsiN: 弹幕也就网上说说，现实里谁不觉得樱姐是好女孩（删括号领一条远坂凛同款鸟笼）
[2026-02-22 02:54:30] 大姜饼: fk u WJQ👏🏻fk u WJQ👏fk u WJQ👏🏻fk u WJQ👏
[2026-02-22 02:54:30] Sereinily: 🅵🆄🅲🅺 🆈🅞🆄 🆆🅹🆀
[2026-02-22 02:54:30] 玩蛇鼠丶stabbi: 🅵🆄🅲🅺 🆈🅞🆄 🆆🅹🆀
[2026-02-22 02:54:31] 刘亦博爱郑哲伟: 老外fkapex的原因主要是不认识玩机器
[2026-02-22 02:54:31] 安酱没有jj: 🅵🆄🅲🅺 🆈🅞🆄 🆆🅹🆀
[2026-02-22 02:54:31] loverboy888: 6657的氛围已经不乐观了，全靠niko没有major吊着一口气，niko真夺冠那玩机器的天塌了
[2026-02-22 02:54:31] 怪人阿明: fk u WJQ👏🏻fk u WJQ👏fk u WJQ👏🏻fk u WJQ👏
[2026-02-22 02:54:31] 灵耀ii: 如果niko不要脸点也找人抱团也可以一年十冠啊😥。。。
[2026-02-22 02:54:31] 下北沢涼桑: 🅵🆄🅲🅺 🆈🅞🆄 🆆🅹🆀
[2026-02-22 02:54:32] 求老仙奶贾碧不死: 乐奈的生日再发下，没加一到
[2026-02-22 02:54:32] 畀相逢何必: 不是不能拿一年十冠，而是要科学的拿，老 a 队可以拿，小蜜蜂就不可以拿
[2026-02-22 02:54:32] LvvsiN: 弹幕也就网上说说，现实里谁不觉得樱姐是好女孩（删括号领一条远坂凛同款鸟笼）
[2026-02-22 02:54:32] eyu星天涯: 载物即将在今年彻底超越老爸
[2026-02-22 02:54:32] 以实玛利船长: 🅵🆄🅲🅺 🆈🅞🆄 🆆🅹🆀
[2026-02-22 02:54:32] 冬瓜强在日本的表姐: fk u WJQ👏🏻fk u WJQ👏fk u WJQ👏🏻fk u WJQ👏
[2026-02-22 02:54:33] 疗养院的Terapevt本人: 一年十冠对社区环境的破坏太大了，还是十年不拿Maj0r的好，总能产出悲情剪辑让人共情
[2026-02-22 02:54:33] PYDGS: 炎帝
[2026-02-22 02:54:33] 拨云放晴: FKU WJQ
[2026-02-22 02:54:34] LvvsiN: 就tm喜欢银行业🥰银行坏账我喜欢🥰银行挤兑我还喜欢😍利率调低我也喜欢🤤老子亲烂银行业的脸😘
[2026-02-22 02:54:35] 小蜜蜂的长期素食本人: 炎帝
[2026-02-22 02:54:35] 祝zsc今年找不到女朋友: 🅵🆄🅲🅺 🆈🅞🆄 🆆🅹🆀
[2026-02-22 02:54:36] 小小小蕉: 炎帝
[2026-02-22 02:54:36] LvvsiN: 南孚一节更比六节强，也就是一节南孚比六节南孚强，六节南孚比三十六节强，三十六节比二百一十六节强
[2026-02-22 02:54:36] Jkhhkj: 炎帝
[2026-02-22 02:54:36] Kli0s: 炎帝
[2026-02-22 02:54:36] 天守阁信长: 炎帝
[2026-02-22 02:54:37] 爱斯忑音音: ☝️🗿☝️🗿☝️🗿☝️🗿☝️🗿☝️🗿☝️🗿☝️🗿☝️🗿☝️🗿☝️🗿☝️🗿
[2026-02-22 02:54:37] 好姐妹芙卡洛斯: 一脚踢死
[2026-02-22 02:54:37] 佛挡杀佛阿塞斯: 炎帝
[2026-02-22 02:54:37] User5092: ☝️🗿☝️🗿☝️🗿☝️🗿☝️🗿☝️🗿☝️🗿☝️🗿☝️🗿☝️🗿☝️🗿☝️🗿
[2026-02-22 02:54:37] 千早爱音desu: @CzZo：冷知识：布罗利一部亲手载了亲爹，一部看着弗利萨载亲
[2026-02-22 02:54:37] Bob小熊君: 炎帝
[2026-02-22 02:54:37] AfKCola: 阴暗
[2026-02-22 02:54:37] 依零Shiki: 嘘🤫，好像要登山了…嘘🤫好像要登山了…
[2026-02-22 02:54:37] 渡亡神雅睿欧斯: @🗿：🗿
[2026-02-22 02:54:37] 潇洒大概: 炎帝
[2026-02-22 02:54:37] 我知道的一点也不多: 炎帝
[2026-02-22 02:54:37] SherryAiovo: 炎帝
[2026-02-22 02:54:38] 未酲儿: 炎帝
[2026-02-22 02:54:38] 强尼手银9527号: fk u WJQ👏🏻fk u WJQ👏fk u WJQ👏🏻fk u WJQ👏
[2026-02-22 02:54:38] 千百度897: 炎帝
[2026-02-22 02:54:38] Killajoy: 🗿圣
[2026-02-22 02:54:38] 結城希亞: fk u WJQ👏🏻fk u WJQ👏fk u WJQ👏🏻fk u WJQ👏
[2026-02-22 02:54:39] 小蜜蜂的长期素食本人: 阳光
[2026-02-22 02:54:39] 韩世天的屎妈: 玩宝宝，我发现在大学上学的时候肄业会很舒服，你可以试试
[2026-02-22 02:54:39] 古堡12枪战神: 🗿
[2026-02-22 02:54:39] 好哥们汉阳造: ☝️🗿☝️🗿☝️🗿☝️🗿☝️🗿☝️🗿☝️🗿☝️🗿☝️🗿☝️🗿☝️🗿☝️🗿
[2026-02-22 02:54:39] PYDGS: 阴暗
[2026-02-22 02:54:39] 阿羞羞i: 炎帝
[2026-02-22 02:54:40] 法号纯洁丶: 研帝！
[2026-02-22 02:54:40] LvvsiN: 银行业😄银行业😀银行业😃银行业😁银行业😆银行业🤪银行业😝
[2026-02-22 02:54:40] 宫监手放监: ☝️🗿☝️🗿☝️🗿☝️🗿☝️🗿☝️🗿☝️🗿☝️🗿☝️🗿☝️🗿☝️🗿☝️🗿
[2026-02-22 02:54:40] 静寂风: ？
[2026-02-22 02:54:40] KujoJolyne: 这老六
[2026-02-22 02:54:40] 行云C1oud: 阳光
[2026-02-22 02:54:40] 影魔影魔i: 你屏蔽词都快赶上新华词典了为什么不干脆开一百级发言？
[2026-02-22 02:54:41] ykls的爱情结晶: 乐奈的生日再发下，没加一到
[2026-02-22 02:54:41] 迪奥雷: 阴暗
[2026-02-22 02:54:41] 即将拥有PDD的人鱼线丿: 阳光
[2026-02-22 02:54:41] 文西67: 阴暗
[2026-02-22 02:54:41] 灵耀ii: 如果niko不要脸点也找人抱团也可以一年十冠啊😥。。。
[2026-02-22 02:54:41] 斩斩斩斩斩吧: 阳光
[2026-02-22 02:54:41] 椰子79K: Fku machine
[2026-02-22 02:54:41] 爱丽丝的伙伴: 研帝
[2026-02-22 02:54:41] endedworld: 炎帝
[2026-02-22 02:54:41] 传统peek高手XANTARES: 炎帝
[2026-02-22 02:54:42] toadstools: 🗿圣
[2026-02-22 02:54:42] inflamer: ☝️🗿☝️🗿☝️🗿☝️🗿☝️🗿☝️🗿☝️🗿☝️🗿☝️🗿☝️🗿☝️🗿☝️🗿
[2026-02-22 02:54:42] suicho: 🗿
[2026-02-22 02:54:42] wsxj131: 高敏状态好
[2026-02-22 02:54:42] 静寂风: 阴暗
[2026-02-22 02:54:42] 玩机器厦面鄙骰大: 这是什么躲闪啊？
[2026-02-22 02:54:43] 归离凉: 嘘🤫，好像要登山了…嘘🤫好像要登山了…
[2026-02-22 02:54:43] 好姐妹八幡海铃丶: 　　　 ☝️🗿☝️🗿☝️🗿☝️🗿☝️🗿☝️🗿☝️🗿☝️🗿☝️🗿☝️🗿☝️🗿☝️
[2026-02-22 02:54:43] 爱健身的然然然然然: 阴暗
[2026-02-22 02:54:43] 保护头小头是个DD就好: 高敏选手
[2026-02-22 02:54:44] vongwu: 研帝
[2026-02-22 02:54:44] 火猫一哥亦博易勃: 🗿👆🗿👆🗿👆🗿👆🗿👆🗿👆🗿👆🗿👆🗿👆🗿👆🗿👆🗿👆🗿
[2026-02-22 02:54:44] 落泪改名含泪: 阴暗
[2026-02-22 02:54:45] 可怜的怕怕: 阳光
[2026-02-22 02:54:45] 17金色的雨: 到底是共情还是共鸣
[2026-02-22 02:54:45] 天水碧i: 炎帝
[2026-02-22 02:54:46] LvvsiN: 玩 出，我双倍呢？😡😡玩 出，我双倍呢？😡😡玩 出，我双倍呢？😡😡玩 出，我双倍呢？😡
[2026-02-22 02:54:46] 9Lana: 🗿：🗿
[2026-02-22 02:54:47] 关我汤姆什么事: ☝️🗿☝️🗿☝️🗿☝️🗿☝️🗿☝️🗿☝️🗿☝️🗿☝️🗿☝️🗿☝️🗿☝️🗿
[2026-02-22 02:54:47] 超级爱大户爱: 阴暗
[2026-02-22 02:54:48] LvvsiN: 额，拿亚军我都会，拿亚军，拿季军，拿四强，拿八强，拿十六强，呃拿冠军我不会，然后小组赛淘汰
[2026-02-22 02:54:48] 完美而潇洒的女仆长17: 阳光
[2026-02-22 02:54:48] MaiSakurajima1337: 乐奈的生日再发下，没加一到
[2026-02-22 02:54:48] 肥宅终结者: 15级试试能不能说话
[2026-02-22 02:54:49] 以实玛利船长: 宝宝挂直播间睡觉了，你搞耍可以，但是不要突然大吼大叫，惊了宝宝睡觉就亲你，听到没有
[2026-02-22 02:54:49] 专看玩机器的号: 吃力
[2026-02-22 02:54:49] 锤子带明星: 🗿：🗿
[2026-02-22 02:54:49] 小坦克QvQ: 臭老六
[2026-02-22 02:54:49] 古堡12枪战神: 🗿
[2026-02-22 02:54:50] 未酲儿: ☝️🗿☝️🗿☝️🗿☝️🗿☝️🗿☝️🗿☝️🗿☝️🗿☝️🗿☝️🗿☝️🗿☝️🗿
[2026-02-22 02:54:50] c水表: 阴暗
[2026-02-22 02:54:50] 夕ro: 阴暗
[2026-02-22 02:54:50] LvvsiN: 孩子们快跑，马修赫伯特来了😨卧槽你的怎么是马枪和BOT
[2026-02-22 02:54:50] 天若有情66六: 　　　 🗿👆🗿👆🗿👆🗿👆🗿👆🗿👆🗿👆🗿👆🗿👆🗿👆🗿👆🗿
[2026-02-22 02:54:50] 绝食十年攒爱top3飞机: 🗿👆🗿👆🗿👆🗿👆🗿👆🗿👆🗿👆🗿👆🗿👆🗿👆🗿👆🗿👆🗿
[2026-02-22 02:54:50] 汤汤魔魔mmmmmmmmajor冠军: ☝️🗿☝️🗿☝️🗿☝️🗿☝️🗿☝️🗿☝️🗿☝️🗿☝️🗿☝️🗿☝️🗿☝️🗿
[2026-02-22 02:54:50] 刘亦博爱郑哲伟: @阿汤日记：一个人，5发子弹，保住格陵兰岛。我不会叫它不可能完成的任务，我现在只想先回家看亦博
[2026-02-22 02:54:50] 夏恋: 研帝
[2026-02-22 02:54:51] LuIuSweety: ☝️🗿☝️🗿☝️🗿☝️🗿☝️🗿☝️🗿☝️🗿☝️🗿☝️🗿☝️🗿☝️🗿☝️🗿
[2026-02-22 02:54:51] 挥泪斩楚狗: 玩机器不喜欢王朝队是有传统的，农喜欢狼队，撸喜欢blg，cs喜欢猎鹰
[2026-02-22 02:54:51] NEINHEX: 🗿：🗿
[2026-02-22 02:54:51] 传统peek高手XANTARES: 阳光
[2026-02-22 02:54:51] 他们都叫我用脚: 　　　 🗿👆🗿👆🗿👆🗿👆🗿👆🗿👆🗿👆🗿👆🗿👆🗿👆🗿👆🗿
[2026-02-22 02:54:51] 匕匕叭叭: 乐奈的生日再发下，没加一到
[2026-02-22 02:54:51] arcticdawn: 🗿：🗿
[2026-02-22 02:54:51] 寻之阡陌: ☝️🗿☝️🗿☝️🗿☝️🗿☝️🗿☝️🗿☝️🗿☝️🗿☝️🗿☝️🗿☝️🗿☝️🗿
[2026-02-22 02:54:51] Ephemerality137: ☝️🗿☝️🗿☝️🗿☝️🗿☝️🗿☝️🗿☝️🗿☝️🗿☝️🗿☝️🗿☝️🗿☝️🗿
[2026-02-22 02:54:52] breeze丶凛: ☝️🗿☝️🗿☝️🗿☝️🗿☝️🗿☝️🗿☝️🗿☝️🗿☝️🗿☝️🗿☝️🗿☝️🗿
[2026-02-22 02:54:52] 潇洒大概: ☝️🗿☝️🗿☝️🗿☝️🗿☝️🗿☝️🗿☝️🗿☝️🗿☝️🗿☝️🗿☝️🗿☝️🗿
[2026-02-22 02:54:52] cornkiner: ☝️🗿☝️🗿☝️🗿☝️🗿☝️🗿☝️🗿☝️🗿☝️🗿☝️🗿☝️🗿☝️🗿☝️🗿
[2026-02-22 02:54:52] -小佐内由纪-: ☝️🗿☝️🗿☝️🗿☝️🗿☝️🗿☝️🗿☝️🗿☝️🗿☝️🗿☝️🗿☝️🗿☝️🗿
[2026-02-22 02:54:52] 帅什么都别说了: 炎帝
[2026-02-22 02:54:52] 汤汤魔魔mmmmmmmmajor冠军: ☝️🗿☝️🗿☝️🗿☝️🗿☝️🗿☝️🗿☝️🗿☝️🗿☝️🗿☝️🗿☝️🗿☝️🗿
[2026-02-22 02:54:52] 当年的天灾小兵642: 　　　 🗿👆🗿👆🗿👆🗿👆🗿👆🗿👆🗿👆🗿👆🗿👆🗿👆🗿👆🗿
[2026-02-22 02:54:53] 衰小孩303: 阳光
[2026-02-22 02:54:53] XCChieri: ☝️🗿☝️🗿☝️🗿☝️🗿☝️🗿☝️🗿☝️🗿☝️🗿☝️🗿☝️🗿☝️🗿☝️🗿
[2026-02-22 02:54:53] AlLTZZZ: ☝️🗿☝️🗿☝️🗿☝️🗿☝️🗿☝️🗿☝️🗿☝️🗿☝️🗿☝️🗿☝️🗿☝️🗿
[2026-02-22 02:54:53] 用户3661578: 随便打
[2026-02-22 02:54:53] MR-POTATO: 　　　 　　　 🗿👆🗿👆🗿👆🗿👆🗿👆🗿👆🗿👆🗿👆🗿👆🗿👆🗿
[2026-02-22 02:54:54] 永永远远449: 🗿👆🗿👆🗿👆🗿👆🗿👆🗿👆🗿👆🗿👆🗿👆🗿👆🗿👆🗿👆🗿
[2026-02-22 02:54:54] 爱淡茶未凉: 炎帝
[2026-02-22 02:54:54] 我知道的一点也不多: 🗿：🗿
[2026-02-22 02:54:54] 喜欢吃生菜: c
[2026-02-22 02:54:54] 有些话总来不及: ☝️🗿☝️🗿☝️🗿☝️🗿☝️🗿☝️🗿☝️🗿☝️🗿☝️🗿☝️🗿☝️🗿☝️🗿
[2026-02-22 02:54:54] LvvsiN: 南孚一节更比六节强，也就是一节南孚比六节南孚强，六节南孚比三十六节强，三十六节比二百一十六节强
[2026-02-22 02:54:54] 自闭738: 　　　 🗿👆🗿👆🗿👆🗿👆🗿👆🗿👆🗿👆🗿👆🗿👆🗿👆🗿👆🗿
[2026-02-22 02:54:54] 那就点: 🗿：🗿
[2026-02-22 02:54:54] MeIoN39: 到底是共情还是共鸣
[2026-02-22 02:54:54] 忽孝山庄: ☝️🗿☝️🗿☝️🗿☝️🗿☝️🗿☝️🗿☝️🗿☝️🗿☝️🗿☝️🗿☝️🗿☝️🗿
[2026-02-22 02:54:55] 三角初华世界第一美: 乐奈的生日再发下，没加一到
[2026-02-22 02:54:55] 宫原雪岳: 研帝
[2026-02-22 02:54:55] 治好了也会流口水: ☝️🗿☝️🗿☝️🗿☝️🗿☝️🗿☝️🗿☝️🗿☝️🗿☝️🗿☝️🗿☝️🗿☝️🗿
[2026-02-22 02:54:55] 逃离灰色地带: ☝️🗿☝️🗿☝️🗿☝️🗿☝️🗿☝️🗿☝️🗿☝️🗿☝️🗿☝️🗿☝️🗿☝️🗿
[2026-02-22 02:54:55] 承認欲求: 加时4：0了有感觉吗
[2026-02-22 02:54:55] 天才工具人桐生战兔: ☝️🗿☝️🗿☝️🗿☝️🗿☝️🗿☝️🗿☝️🗿☝️🗿☝️🗿☝️🗿☝️🗿☝️🗿
[2026-02-22 02:54:56] 温眸ind: 宝宝挂直播间睡觉了，你搞耍可以，但是不要突然大吼大叫，惊了宝宝睡觉就亲你，听到没有
[2026-02-22 02:54:56] 久慈川、理世: ☝️🗿☝️🗿☝️🗿☝️🗿☝️🗿☝️🗿☝️🗿☝️🗿☝️🗿☝️🗿☝️🗿☝️🗿
[2026-02-22 02:54:56] 特利普贝当: 　　　 🗿👆🗿👆🗿👆🗿👆🗿👆🗿👆🗿👆🗿👆🗿👆🗿👆🗿👆🗿
[2026-02-22 02:54:56] EsusJ: 🗿👆🗿👆🗿👆🗿👆🗿👆🗿👆🗿👆🗿👆🗿👆🗿👆🗿👆🗿👆🗿
[2026-02-22 02:54:56] Azunyaaaa: ☝️🗿☝️🗿☝️🗿☝️🗿☝️🗿☝️🗿☝️🗿☝️🗿☝️🗿☝️🗿☝️🗿☝️🗿
[2026-02-22 02:54:56] 卡啊卡卡丶: 🗿：🗿
[2026-02-22 02:54:56] 用户25456139: 🗿：🗿
[2026-02-22 02:54:56] Shintaro: 🗿👆🗿👆🗿👆🗿👆🗿👆🗿👆🗿👆🗿👆🗿👆🗿👆🗿👆🗿👆🗿
[2026-02-22 02:54:56] 皇家流沙包: 🗿：🗿
[2026-02-22 02:54:56] AG的青叶摩卡本人: 乐奈的生日再发下，没加一到
[2026-02-22 02:54:56] 锤子带明星: ☝️🗿☝️🗿☝️🗿☝️🗿☝️🗿☝️🗿☝️🗿☝️🗿☝️🗿☝️🗿☝️🗿☝️🗿
[2026-02-22 02:54:57] 精神病狼: ☝️🗿☝️🗿☝️🗿☝️🗿☝️🗿☝️🗿☝️🗿☝️🗿☝️🗿☝️🗿☝️🗿☝️🗿
[2026-02-22 02:54:57] 古堡12枪战神: ☝️🗿☝️🗿☝️🗿☝️🗿☝️🗿☝️🗿☝️🗿☝️🗿☝️🗿☝️🗿☝️🗿☝️🗿
[2026-02-22 02:54:57] 大梦464: ☝️🗿☝️🗿☝️🗿☝️🗿☝️🗿☝️🗿☝️🗿☝️🗿☝️🗿☝️🗿☝️🗿☝️🗿
[2026-02-22 02:54:57] Donulanaya: 早干嘛去了
[2026-02-22 02:54:57] A队的佐佐木李子本人: 乐奈的生日再发下，没加一到
[2026-02-22 02:54:57] loverboy888: 🗿：🗿
[2026-02-22 02:54:57] Trxye丿幽怨: 炎帝
[2026-02-22 02:54:58] 微笑灬雨凝: ☝️🗿☝️🗿☝️🗿☝️🗿☝️🗿☝️🗿☝️🗿☝️🗿☝️🗿☝️🗿☝️🗿☝️🗿
[2026-02-22 02:54:58] 时光划过泪痕桥: 　　　 🗿👆🗿👆🗿👆🗿👆🗿👆🗿👆🗿👆🗿👆🗿👆🗿👆🗿👆🗿
[2026-02-22 02:54:58] 静寂风: ☝️🗿☝️🗿☝️🗿☝️🗿☝️🗿☝️🗿☝️🗿☝️🗿☝️🗿☝️🗿☝️🗿☝️🗿
[2026-02-22 02:54:58] 最强反派Vitality: 🗿圣
[2026-02-22 02:54:58] 海绵宝宝打野儿: 阳光
[2026-02-22 02:54:58] 玩机器厦面鄙骰大: 这是什么躲闪啊？闪都丢地上再弹一下都躲不了？
[2026-02-22 02:54:58] 我就是NAVI的b1t本人: 乐奈的生日再发下，没加一到
[2026-02-22 02:54:58] 君尧丶丶: ☝️🗿☝️🗿☝️🗿☝️🗿☝️🗿☝️🗿☝️🗿☝️🗿☝️🗿☝️🗿☝️🗿☝️🗿
[2026-02-22 02:54:59] 文西67: 🗿：🗿
[2026-02-22 02:54:59] 幽谷响子: 研帝
[2026-02-22 02:54:59] Vitality的羽贺文乃本人: ☝️🗿☝️🗿☝️🗿☝️🗿☝️🗿☝️🗿☝️🗿☝️🗿☝️🗿☝️🗿☝️🗿☝️🗿
[2026-02-22 02:54:59] 身旁冷清拥挤丶: ☝️🗿☝️🗿☝️🗿☝️🗿☝️🗿☝️🗿☝️🗿☝️🗿☝️🗿☝️🗿☝️🗿☝️🗿
[2026-02-22 02:54:59] 梓川咲太368: ☝️🗿☝️🗿☝️🗿☝️🗿☝️🗿☝️🗿☝️🗿☝️🗿☝️🗿☝️🗿☝️🗿☝️🗿
[2026-02-22 02:54:59] sghlp: ☝️🗿☝️🗿☝️🗿☝️🗿☝️🗿☝️🗿☝️🗿☝️🗿☝️🗿☝️🗿☝️🗿☝️🗿
[2026-02-22 02:55:00] 玩家军的猪头肉本人: 乐奈的生日再发下，没加一到
[2026-02-22 02:55:00] 咸鱼红茶: ☝️🗿☝️🗿☝️🗿☝️🗿☝️🗿☝️🗿☝️🗿☝️🗿☝️🗿☝️🗿☝️🗿☝️🗿
[2026-02-22 02:55:00] 好运小小哲: ☝️🗿☝️🗿☝️🗿☝️🗿☝️🗿☝️🗿☝️🗿☝️🗿☝️🗿☝️🗿☝️🗿☝️🗿
[2026-02-22 02:55:00] XCChieri: 🗿👆🗿👆🗿👆🗿👆🗿👆🗿👆🗿👆🗿👆🗿👆🗿👆🗿👆🗿👆🗿
[2026-02-22 02:55:00] 机长家的华仔: 🗿👆🗿👆🗿👆🗿👆🗿👆🗿👆🗿👆🗿👆🗿👆🗿👆🗿👆🗿👆🗿
[2026-02-22 02:55:00] 卧看星河尽意明丶: 　　　 🗿：🗿
[2026-02-22 02:55:00] 用户25456139: ☝️🗿☝️🗿☝️🗿☝️🗿☝️🗿☝️🗿☝️🗿☝️🗿☝️🗿☝️🗿☝️🗿☝️🗿
[2026-02-22 02:55:00] shadow彡跨擦: 这个闪光也能两个人吃无敌了
[2026-02-22 02:55:00] 老人星的优秀素质本人: ☝️🗿☝️🗿☝️🗿☝️🗿☝️🗿☝️🗿☝️🗿☝️🗿☝️🗿☝️🗿☝️🗿☝️🗿
[2026-02-22 02:55:01] 有坂真白好可爱: 乐奈的生日再发下，没加一到
[2026-02-22 02:55:01] friberg的接班人: ☝️🗿☝️🗿☝️🗿☝️🗿☝️🗿☝️🗿☝️🗿☝️🗿☝️🗿☝️🗿☝️🗿☝️🗿
[2026-02-22 02:55:01] pirpr: 脸色不对了
[2026-02-22 02:55:01] LA的勒布朗本人: ☝️🗿☝️🗿☝️🗿☝️🗿☝️🗿☝️🗿☝️🗿☝️🗿☝️🗿☝️🗿☝️🗿☝️🗿
[2026-02-22 02:55:01] 墨色丶残阳: 乐奈的生日再发下，没加一到
[2026-02-22 02:55:02] 玩蛇鼠丶stabbi: @锤子带明星：☝️🗿☝️🗿☝️🗿☝️🗿☝️🗿☝️🗿☝️🗿☝️🗿☝️🗿☝️🗿☝️🗿☝️🗿
[2026-02-22 02:55:02] WPwpS: 还有经济吗
[2026-02-22 02:55:02] Wazix: ☝🗿☝🗿☝🗿☝🗿☝🗿☝🗿☝🗿
[2026-02-22 02:55:02] 用户7965707956: 🗿👆🗿👆🗿👆🗿👆🗿👆🗿👆🗿👆🗿👆🗿👆🗿👆🗿👆🗿👆🗿
[2026-02-22 02:55:03] 杰斌候入长峪城:  @锤子带明星：☝️🗿☝️🗿☝️🗿☝️🗿☝️🗿☝️🗿☝️🗿☝️🗿☝️🗿☝️🗿☝️
[2026-02-22 02:55:03] 插班生张狗剩: ☝️🗿☝️🗿☝️🗿☝️🗿☝️🗿☝️🗿☝️🗿☝️🗿☝️🗿☝️🗿☝️🗿☝️🗿
[2026-02-22 02:55:03] miku-: ☝️🗿☝️🗿☝️🗿☝️🗿☝️🗿☝️🗿☝️🗿☝️🗿☝️🗿☝️🗿☝️🗿☝️🗿
[2026-02-22 02:55:03] 不知名贝斯手: @阿汤日记：一个人，5发子弹，保住格陵兰岛。我不会叫它不可能完成的任务，我现在只想先回家看亦博
[2026-02-22 02:55:03] 八重森彌妮: 　　　 🗿👆🗿👆🗿👆🗿👆🗿👆🗿👆🗿👆🗿👆🗿👆🗿👆🗿👆🗿
[2026-02-22 02:55:03] IM瓦蛋: ☝️🗿☝️🗿☝️🗿☝️🗿☝️🗿☝️🗿☝️🗿☝️🗿☝️🗿☝️🗿☝️🗿☝️🗿
[2026-02-22 02:55:03] 滑冰元素: ＠牛込里美：沙绫帮我带个巧克力螺🥐，收到➕1️⃣
[2026-02-22 02:55:03] 璃月七星的刻晴本人: ☝️🗿☝️🗿☝️🗿☝️🗿☝️🗿☝️🗿☝️🗿☝️🗿☝️🗿☝️🗿☝️🗿☝️🗿
[2026-02-22 02:55:03] 玩小艾丶约修亚: 🗿：🗿
[2026-02-22 02:55:04] 爱健身的然然然然然: 没放羊goat蒙古还是差口气
[2026-02-22 02:55:04] 迷途当归zzz: ☝️🗿☝️🗿☝️🗿☝️🗿☝️🗿☝️🗿☝️🗿☝️🗿☝️🗿☝️🗿☝️🗿☝️🗿
[2026-02-22 02:55:04] kelwell: 小蜜蜂这数值还是太高了
[2026-02-22 02:55:04] L0Ne1yZeNny2: ⎝🗿⎠╰🗿╯⎝🗿⎠╰🗿╯⎝🗿⎠╰🗿╯⎝🗿⎠╰🗿╯⎝🗿⎠╰🗿╯⎝🗿⎠╰🗿╯
[2026-02-22 02:55:05] 神马米洛: 玩机器不喜欢王朝队是有传统的，农喜欢狼队，撸喜欢blg，cs喜欢猎鹰
[2026-02-22 02:55:05] 我最喜欢玩机器: 小蜜蜂实力太强了
[2026-02-22 02:55:05] 太阳神之翼神龙球体形: 乐奈的生日再发下，没加一到
[2026-02-22 02:55:05] 什井蛋: 🗿👆🗿👆🗿👆🗿👆🗿👆🗿👆🗿👆🗿👆🗿👆🗿👆🗿👆🗿👆🗿
[2026-02-22 02:55:06] 人中黄阿西乐: ☝️🗿☝️🗿☝️🗿☝️🗿☝️🗿☝️🗿☝️🗿☝️🗿☝️🗿☝️🗿☝️🗿☝️🗿
[2026-02-22 02:55:06] 不知名贝斯手: ☝️🗿☝️🗿☝️🗿☝️🗿☝️🗿☝️🗿☝️🗿☝️🗿☝️🗿☝️🗿☝️🗿☝️🗿
[2026-02-22 02:55:06] 玩楚楚、pareo: 乐奈的生日再发下，没加一到
[2026-02-22 02:55:06] 雨下一整晚ln: 乐奈的生日再发下，没加一到
[2026-02-22 02:55:06] 冲上云霄的姨: ☝️🗿☝️🗿☝️🗿☝️🗿☝️🗿☝️🗿☝️🗿☝️🗿☝️🗿☝️🗿☝️🗿☝️🗿
[2026-02-22 02:55:07] 好姐妹砂狼白子: 乐奈的生日再发下，没加一到
[2026-02-22 02:55:07] 应感激忠心的伴侣: ☝️🗿☝️🗿☝️🗿☝️🗿☝️🗿☝️🗿☝️🗿☝️🗿☝️🗿☝️🗿☝️🗿☝️🗿
[2026-02-22 02:55:08] shinyruo又又又开始了: 乐奈的生日再发下，没加一到
[2026-02-22 02:55:08] 6657Bullys1mple: @锤子带明星：☝️🗿☝️🗿☝️🗿☝️🗿☝️🗿☝️🗿☝️🗿☝️🗿☝️🗿☝️🗿☝️���
[2026-02-22 02:55:08] z泽村英梨梨i: ☝️🗿☝️🗿☝️🗿☝️🗿☝️🗿☝️🗿☝️🗿☝️🗿☝️🗿☝️🗿☝️🗿☝️🗿
[2026-02-22 02:55:08] 看波奇看波奇了: ☝️🗿☝️🗿☝️🗿☝️🗿☝️🗿☝️🗿☝️🗿☝️🗿☝️🗿☝️🗿☝️🗿☝️🗿
[2026-02-22 02:55:08] 废柴118: ☝️🗿☝️🗿☝️🗿☝️🗿☝️🗿☝️🗿☝️🗿☝️🗿☝️🗿☝️🗿☝️🗿☝️🗿
[2026-02-22 02:55:08] LvvsiN: 为什么房管封的不能给鱼丸……还以为今天晚上得吃了……
[2026-02-22 02:55:08] 岡田梦以的男仆: 现在是2月22日，是邦多利It’s MyGO!!!!!吉他手要乐奈的生日，转发这条信息到5个群你就会
[2026-02-22 02:55:08] Wi1en: 真看到了吗
[2026-02-22 02:55:08] Schnuffels: 突然有人爆发就一分
[2026-02-22 02:55:08] 喜欢吃生菜: 。
[2026-02-22 02:55:08] crychic的tomori本人: 乐奈的生日再发下，没加一到
[2026-02-22 02:55:09] IF的灰爱音本人:  @锤子带明星：☝️🗿☝️🗿☝️🗿☝️🗿☝️🗿☝️🗿☝️🗿☝️🗿☝️🗿☝️🗿☝️
[2026-02-22 02:55:09] 玩机器舔我的懒交: ＠牛込里美：沙绫帮我带个巧克力螺🥐，收到➕1️⃣
[2026-02-22 02:55:09] 玩机器厦面鄙骰大: 这是什么躲闪啊？闪都丢地上再弹一下都躲不了？随便换个C+来都躲了
[2026-02-22 02:55:09] 若叶睦丶Muzimi: 乐奈的生日再发下，没加一到
[2026-02-22 02:55:09] 陌襲: 🗿👆🗿👆🗿👆🗿👆🗿👆🗿👆🗿👆🗿👆🗿👆🗿👆🗿👆🗿👆🗿
[2026-02-22 02:55:09] ahhhhhhhhhhhhhhhhhhh: 蒙古好几次该躲的不躲了
[2026-02-22 02:55:09] 百事可乐oIo: ☝️🗿☝️🗿☝️🗿☝️🗿☝️🗿☝️🗿☝️🗿☝️🗿☝️🗿☝️🗿☝️🗿☝️🗿
[2026-02-22 02:55:09] 玩小将山田凉YamadaRyo: ☝️🗿☝️🗿☝️🗿☝️🗿☝️🗿☝️🗿☝️🗿☝️🗿☝️🗿☝️🗿☝️🗿☝️🗿
[2026-02-22 02:55:10] 面包边角料: @锤子带明星：☝️🗿☝️🗿☝️🗿☝️🗿☝️🗿☝️🗿☝️🗿☝️🗿☝️🗿☝️🗿☝️🗿☝️🗿
[2026-02-22 02:55:10] 图帕雷松: 玩神你在核心群里说以后不看蜜蜂比赛是真的吗
[2026-02-22 02:55:10] 遇见你时风好甜m: 乐奈的生日再发下，没加一到
[2026-02-22 02:55:10] 无伟契约: 乐奈的生日再发下，没加一到
[2026-02-22 02:55:11] XCChieri: 乐奈的生日再发下，没加一到
[2026-02-22 02:55:11] 车路士的凯赛多本人: 🗿☝️🗿☝️🗿☝️🗿☝️🗿☝️🗿☝️🗿☝️🗿☝️🗿☝️🗿☝️
[2026-02-22 02:55:11] 好姐妹三角初华1: 🗿👆🗿👆🗿👆🗿👆🗿👆🗿👆🗿👆🗿👆🗿👆🗿👆🗿👆🗿👆🗿
[2026-02-22 02:55:12] 即将拥有PDD的人鱼线丿: 砸
[2026-02-22 02:55:12] 千古恨轮回尝061: ☝️🗿☝️🗿☝️🗿☝️🗿☝️🗿☝️🗿☝️🗿☝️🗿☝️🗿☝️🗿☝️🗿☝️🗿
[2026-02-22 02:55:12] 用户25456139: 乐奈的生日再发下，没加一到
[2026-02-22 02:55:12] 大裂谷的登山家: ⎝🗿⎠╰🗿╯⎝🗿⎠╰🗿╯⎝🗿⎠╰🗿╯⎝🗿⎠╰🗿╯⎝🗿⎠╰🗿╯⎝🗿⎠╰🗿╯
[2026-02-22 02:55:12] LvvsiN: 玩宝宝，我发现在大学上学的时候肄业会很舒服，你可以试试
[2026-02-22 02:55:13] 偷高达的天手让叶本人: 乐奈的生日再发下，没加一到
[2026-02-22 02:55:13] 夏恋: 乐奈的生日再发下，没加一到
[2026-02-22 02:55:13] 玩楚楚、pareo: ＠牛込里美：沙绫帮我带个巧克力螺🥐，收到➕1️⃣
[2026-02-22 02:55:13] ykls的爱情结晶: 现在是2月22日，是邦多利It’s MyGO!!!!!吉他手要乐奈的生日，转发这条信息到5个群你就会
[2026-02-22 02:55:13] PYDGS: 砸
[2026-02-22 02:55:14] Q1ed7f9c85b3bc7571: 乐奈的生日再发下，没加一到
[2026-02-22 02:55:14] 麦田1不说话: 为什么zywoo看上去这么瘦了？
[2026-02-22 02:55:14] 三零一路公交司机: ☝️🗿☝️🗿☝️🗿☝️🗿☝️🗿☝️🗿☝️🗿☝️🗿☝️🗿☝️🗿☝️🗿☝️🗿
[2026-02-22 02:55:14] 依零Shiki: 乐奈的生日再发下，没加一到
[2026-02-22 02:55:14] 正经猪头肉: 急了
[2026-02-22 02:55:14] ropz的911本人: 乐奈的生日再发下，没加一到
[2026-02-22 02:55:14] vongwu: 快
[2026-02-22 02:55:14] 应感激忠心的伴侣: ⎝🗿⎠╰🗿╯⎝🗿⎠╰🗿╯⎝🗿⎠╰🗿╯⎝🗿⎠╰🗿╯⎝🗿⎠╰🗿╯⎝🗿⎠╰🗿╯
[2026-02-22 02:55:14] Jkhhkj: ？
[2026-02-22 02:55:15] 鹿公爷: 快
[2026-02-22 02:55:15] IM丶知白守黑: ☝️🗿☝️🗿☝️🗿☝️🗿☝️🗿☝️🗿☝️🗿☝️🗿☝️🗿☝️🗿☝️🗿☝️🗿
[2026-02-22 02:55:15] 小蜜蜂的长期素食本人: 乐奈的生日再发下，没加一到
[2026-02-22 02:55:15] HaibaraAi1109: 玩神你在核心群里说以后不看蜜蜂比赛是真的吗
[2026-02-22 02:55:15] 光源kakkoii: 乐奈的生日再发下，没加一到
[2026-02-22 02:55:15] 玩机器厦面鄙骰大: 砸
[2026-02-22 02:55:15] 文西67: 锤、
[2026-02-22 02:55:15] ThinKk1ng: 🗿👆🗿👆🗿👆🗿👆🗿👆🗿👆🗿👆🗿👆🗿👆🗿👆🗿👆🗿👆🗿
[2026-02-22 02:55:15] 静寂风: 暴怒
[2026-02-22 02:55:16] Flynnnnnnn: 砸
[2026-02-22 02:55:16] xixiprime: 🔨
[2026-02-22 02:55:16] 君尧丶丶: 急了
[2026-02-22 02:55:16] 风悦丶麦泷: ☝️🗿☝️🗿☝️🗿☝️🗿☝️🗿☝️🗿☝️🗿☝️🗿☝️🗿☝️🗿☝️🗿☝️🗿
[2026-02-22 02:55:16] 专看玩机器的号: 乐奈的生日再发下，没加一到
[2026-02-22 02:55:16] 马楼King张三: 砸
[2026-02-22 02:55:16] 李小小与虾大大: 急死了
[2026-02-22 02:55:17] 豆豆载载MAJOR冠军: ⎝🗿⎠╰🗿╯⎝🗿⎠╰🗿╯⎝🗿⎠╰🗿╯⎝🗿⎠╰🗿╯⎝🗿⎠╰🗿╯⎝🗿⎠╰🗿╯
[2026-02-22 02:55:17] 谜之设备D: 乐奈的生日再发下，没加一到
[2026-02-22 02:55:17] 行云C1oud: 学niko
[2026-02-22 02:55:17] 空有无垠: 玩神你在核心群里说以后不看蜜蜂比赛是真的吗
[2026-02-22 02:55:17] 风萧萧兮夜雨寒: 能不能别拿蜜蜂和猎鹰比呀，好像猎鹰能靠碰瓷碰个世界第二一样。乐邦詹play.....
[2026-02-22 02:55:18] WalkinglDead: 这游戏真的难看死了，有没有那种动漫小人互殴，放完技能猛冲一个包点的游戏啊
[2026-02-22 02:55:18] 海绵宝宝打野儿: niko附体了
[2026-02-22 02:55:18] 小夜r: Niko play
[2026-02-22 02:55:18] 老公骂我好口马: 气
[2026-02-22 02:55:18] zcyhymine: 好急
[2026-02-22 02:55:18] 叛逆的源源李: 没吃饭？
[2026-02-22 02:55:18] 玩血狼丶Bloodywolf: niko play
[2026-02-22 02:55:18] 玩指挥丶NiKo: 乐奈的生日再发下，没加一到
[2026-02-22 02:55:18] 他们都叫我用脚: 急
[2026-02-22 02:55:18] 驴酱贵阳粉丝: 乐奈的生日再发下，没加一到
[2026-02-22 02:55:18] 千百度897: 砸
[2026-02-22 02:55:18] 机器机器祝你天天开心: 锤
[2026-02-22 02:55:18] 是小鱼干不是小豆包吖: 现在是2月22日，是邦多利It’s MyGO!!!!!吉他手要乐奈的生日，转发这条信息到5个群你就会
[2026-02-22 02:55:18] 我知道的一点也不多: 砸
[2026-02-22 02:55:18] Ggmftye: niko play
[2026-02-22 02:55:18] Crych1c的若叶睦本人: 乐奈的生日再发下，没加一到
[2026-02-22 02:55:19] 巅峰社丶西门吹雪: ☝️🗿☝️🗿☝️🗿☝️🗿☝️🗿☝️🗿☝️🗿☝️🗿☝️🗿☝️🗿☝️🗿☝️🗿
[2026-02-22 02:55:19] 晚风带来想念: 急了
[2026-02-22 02:55:19] 看波奇看波奇了: ☝️🗿☝️🗿☝️🗿☝️🗿☝️🗿☝️🗿☝️🗿☝️🗿☝️🗿☝️🗿☝️🗿☝️🗿
[2026-02-22 02:55:19] 玩小将山田凉YamadaRyo: 撼地神牛
[2026-02-22 02:55:20] 在多兰古雷格燃烧绝望: 🗿☝️🗿☝️🗿☝️🗿☝️🗿☝️🗿☝️🗿☝️🗿☝️🗿☝️🗿☝️
[2026-02-22 02:55:20] 迪奥雷: ⎝🗿⎠╰🗿╯⎝🗿⎠╰🗿╯⎝🗿⎠╰🗿╯⎝🗿⎠╰🗿╯⎝🗿⎠╰🗿╯⎝🗿⎠╰🗿╯
[2026-02-22 02:55:20] Bob小熊君: 怎么不笑了
[2026-02-22 02:55:20] IGetUp: 急
[2026-02-22 02:55:20] 撒浪嘿呦0v0: Niko play
[2026-02-22 02:55:20] LvvsiN: 为什么房管封的不能给鱼丸……还以为今天晚上得吃了……
[2026-02-22 02:55:20] crychic的tomori本人: 乐奈的生日再发下，没加一到
[2026-02-22 02:55:21] 阿羞羞i: 砸
[2026-02-22 02:55:21] 玩机器厦面鄙骰大: 这是什么躲闪啊？闪都丢地上再弹一下都躲不了？随便换个C+来都躲了
[2026-02-22 02:55:21] Vitaliy的ZywOo本人: 急了
[2026-02-22 02:55:21] 时光划过泪痕桥: 锤
[2026-02-22 02:55:21] 网友昊龙许: niko play
[2026-02-22 02:55:21] 摆烂小we: niko play
[2026-02-22 02:55:21] stavn小天使: niko play
[2026-02-22 02:55:22] 欧气来我家: niko play
[2026-02-22 02:55:22] 潇洒大概: 气
[2026-02-22 02:55:22] 某天别梦: nikoplay
[2026-02-22 02:55:22] AL1yaaa: 砸
[2026-02-22 02:55:22] 文西67: niko play
[2026-02-22 02:55:22] 椎名立希本人: 乐奈的生日再发下，没加一到
[2026-02-22 02:55:22] 2442861055: 疾苦
[2026-02-22 02:55:23] wsxj131: 玩机器不喜欢王朝队是有传统的，农喜欢狼队，撸喜欢blg，cs喜欢猎鹰，apex喜欢df
[2026-02-22 02:55:23] 爱斯特音音: 乐奈的生日再发下，没加一到
[2026-02-22 02:55:23] ericzxc: niko play
[2026-02-22 02:55:23] 承認欲求: 加时4：0了有感觉吗
[2026-02-22 02:55:23] 不知名贝斯手: niko play
[2026-02-22 02:55:23] 嘉熙今天吃什么: 捶桌子了
[2026-02-22 02:55:24] 本来很爱笑: 小胖可爱
[2026-02-22 02:55:24] 云边有条小侏如: nikoplay
[2026-02-22 02:55:24] 还是上半场分拿少了: 赵子星
[2026-02-22 02:55:24] yieeeeeee: 有没有洞
[2026-02-22 02:55:24] 猫鼬斩Zz: Niko play
[2026-02-22 02:55:24] 椎名立希本人: 现在是2月22日，是邦多利It’s MyGO!!!!!吉他手要乐奈的生日，转发这条信息到5个群你就会
[2026-02-22 02:55:24] tosaytosay: 现在是2月22日，是邦多利It’s MyGO!!!!!吉他手要乐奈的生日，转发这条信息到5个群你就会
[2026-02-22 02:55:25] Aetheranus: Niko play
[2026-02-22 02:55:25] 小小小蕉: 撼地神牛
[2026-02-22 02:55:25] 若叶睦丶Muzimi: 现在是2月22日，是邦多利It’s MyGO!!!!!吉他手要乐奈的生日，转发这条信息到5个群你就会
[2026-02-22 02:55:25] vic海宝: 现在是2月22日，是邦多利It’s MyGO!!!!!吉他手要乐奈的生日，转发这条信息到5个群你就会
[2026-02-22 02:55:25] 夏之大三角: 现在是2月22日，是邦多利It’s MyGO!!!!!吉他手要乐奈的生日，转发这条信息到5个群你就会
[2026-02-22 02:55:25] 专看玩机器的号: 现在是2月22日，是邦多利It’s MyGO!!!!!吉他手要乐奈的生日，转发这条信息到5个群你就会
[2026-02-22 02:55:25] 小蜜蜂的长期素食本人: 现在是2月22日，是邦多利It’s MyGO!!!!!吉他手要乐奈的生日，转发这条信息到5个群你就会
[2026-02-22 02:55:26] everch0sen: niko play
[2026-02-22 02:55:26] LvvsiN: 其实碗橱就是猪灵，你不拿黄金丢他他就不跟你说话
[2026-02-22 02:55:27] 琦琦z: device play
[2026-02-22 02:55:27] 最爱的马卡龙: niko play
[2026-02-22 02:55:27] 神奥联盟的竹兰本人: niko play
[2026-02-22 02:55:28] 什井蛋: niko play
[2026-02-22 02:55:28] 静寂风: ？
[2026-02-22 02:55:28] 糖嗜综合征: 现在是2月22日，是邦多利It’s MyGO!!!!!吉他手要乐奈的生日，转发这条信息到5个群你就会
[2026-02-22 02:55:28] 霞之丘诗羽的小迷弟: Niko play
[2026-02-22 02:55:28] crychic的tomori本人: 现在是2月22日，是邦多利It’s MyGO!!!!!吉他手要乐奈的生日，转发这条信息到5个群你就会
[2026-02-22 02:55:28] LvvsiN: 孩子们快跑，马修赫伯特来了😨卧槽你的怎么是马枪和BOT
[2026-02-22 02:55:29] 与其感慨前路难行: niko play
[2026-02-22 02:55:29] 萝伯丝比尔: 现在是2月22日，是邦多利It’s MyGO!!!!!吉他手要乐奈的生日，转发这条信息到5个群你就会
[2026-02-22 02:55:29] PYDGS: 牛逼
[2026-02-22 02:55:29] ddj930928: 现在是2月22日，是邦多利It’s MyGO!!!!!吉他手要乐奈的生日，转发这条信息到5个群你就会
[2026-02-22 02:55:30] 比哈里快鸭: 🗿:我的i18芯片算力依然顶尖
[2026-02-22 02:55:30] zzssp66: 现在是2月22日，是邦多利It’s MyGO!!!!!吉他手要乐奈的生日，转发这条信息到5个群你就会
[2026-02-22 02:55:30] 迷你世界丁真学姐1: 慢
[2026-02-22 02:55:30] 机器机器祝你天天开心: ？
[2026-02-22 02:55:30] LvvsiN: 为什么房管封的不能给鱼丸……还以为今天晚上得吃了……
[2026-02-22 02:55:31] 小小小蕉: ？？
[2026-02-22 02:55:31] wuyanblabla: ？
[2026-02-22 02:55:31] 专看玩机器的号: 快
[2026-02-22 02:55:31] 詹跑跑还下跪: niko play
[2026-02-22 02:55:31] 桃酱今天白给了吗: Niko play
[2026-02-22 02:55:32] 许血呐: 现在是2月22日，是邦多利It’s MyGO!!!!!吉他手要乐奈的生日，转发这条信息到5个群你就会
[2026-02-22 02:55:32] 黄太公丶: 🔨
[2026-02-22 02:55:32] 用户9921747043: Niko play
[2026-02-22 02:55:32] Hitagi蟹蟹: 好多弹幕消失了😭不要啊😭
[2026-02-22 02:55:32] AG的青叶摩卡本人: 现在是2月22日，是邦多利It’s MyGO!!!!!吉他手要乐奈的生日，转发这条信息到5个群你就会
[2026-02-22 02:55:32] 高松灯扣死千早爱音: 乐奈的生日再发下，没加一到
[2026-02-22 02:55:32] LvvsiN: 我让你开双倍你二龙吗？老子荧光棒要过期了
[2026-02-22 02:55:33] 硫磺祥: 现在是2月22日，是邦多利It’s MyGO!!!!!吉他手要乐奈的生日，转发这条信息到5个群你就会
[2026-02-22 02:55:33] UNIZA33: 现在是2月22日，是邦多利It’s MyGO!!!!!吉他手要乐奈的生日，转发这条信息到5个群你就会
[2026-02-22 02:55:33] 用户5608006019: 现在是2月22日，是邦多利It’s MyGO!!!!!吉他手要乐奈的生日，转发这条信息到5个群你就会
[2026-02-22 02:55:33] 夕ro: niko play
[2026-02-22 02:55:33] KujoJolyne: 先站稳再开枪
[2026-02-22 02:55:33] 看死Herbaut就杀了你: niko play
[2026-02-22 02:55:33] duoduofeizhuzi: ？？？
[2026-02-22 02:55:34] 逆世而为: 冷静
[2026-02-22 02:55:34] 神马米洛: 现在是2月22日，是邦多利It’s MyGO!!!!!吉他手要乐奈的生日，转发这条信息到5个群你就会
[2026-02-22 02:55:34] 用户80930680: 乐奈的生日再发下，没加一到
[2026-02-22 02:55:34] 原斯特神神: 现在是2月22日，是邦多利It’s MyGO!!!!!吉他手要乐奈的生日，转发这条信息到5个群你就会
[2026-02-22 02:55:35] vongwu: 加时不演了
[2026-02-22 02:55:35] LvvsiN: 为什么房管封的不能给鱼丸……还以为今天晚上得吃了……
[2026-02-22 02:55:35] 车路士的凯赛多本人: 现在是2月22日，是邦多利It’s MyGO!!!!!吉他手要乐奈的生日，转发这条信息到5个群你就会
[2026-02-22 02:55:35] 风色青春: 🗿:我的i18芯片算力依然顶尖
[2026-02-22 02:55:35] 亞州圖片: 这个闪常规到离谱了，正好没背掉
[2026-02-22 02:55:35] 纪川6657: Niko play
[2026-02-22 02:55:35] Kurisu048596: 现在是2月22日，是邦多利It’s MyGO!!!!!吉他手要乐奈的生日，转发这条信息到5个群你就会
[2026-02-22 02:55:35] 拨云放晴: 现在是2月22日，是邦多利It’s MyGO!!!!!吉他手要乐奈的生日，转发这条信息到5个群你就会
[2026-02-22 02:55:36] 宫监手放监: 牛逼
[2026-02-22 02:55:36] 阿阿阿阿倪蛋糕店丶: 挂
[2026-02-22 02:55:36] 吸血用苏菲: 对位了
[2026-02-22 02:55:36] 微笑灬雨凝: niko play
[2026-02-22 02:55:37] LvvsiN: 弹幕别吵了，银行业一样一样有有有也会有h'y'hui't'y'r's'c'dn
[2026-02-22 02:55:37] 岡田梦以的男仆: 现在是2月22日，是邦多利It’s MyGO!!!!!吉他手要乐奈的生日，转发这条信息到5个群你就会
[2026-02-22 02:55:37] 你敢看死蜜蜂就杀了你: nikoplay
[2026-02-22 02:55:37] 艾利索Alesso丶: 再捶一次
[2026-02-22 02:55:37] hxyvraf: 【HLTV】ZywOo: 忍受游玩机械真的很困难，他是我被网报的罪魁祸首
[2026-02-22 02:55:37] 春日長崎素世影: 现在是2月22日，是邦多利It’s MyGO!!!!!吉他手要乐奈的生日，转发这条信息到5个群你就会
[2026-02-22 02:55:38] 汤志豪的小娇妻: 现在是2月22日，是邦多利It’s MyGO!!!!!吉他手要乐奈的生日，转发这条信息到5个群你就会
[2026-02-22 02:55:38] 袁雨桢的小酥肉本肉: 布罗特play
[2026-02-22 02:55:38] 行云C1oud: 太稳了 太冷静了
[2026-02-22 02:55:38] 二着先生尼古拉: 现在是2月22日，是邦多利It’s MyGO!!!!!吉他手要乐奈的生日，转发这条信息到5个群你就会
[2026-02-22 02:55:38] 归夜丷: 乐奈的生日再发下，没加一到
[2026-02-22 02:55:38] 梅林老公: ？
[2026-02-22 02:55:38] jsir6688: niko play
[2026-02-22 02:55:39] 森林与雁: 现在是2月22日，是邦多利It’s MyGO!!!!!吉他手要乐奈的生日，转发这条信息到5个群你就会
[2026-02-22 02:55:39] MyGo的tomorin本人: 现在是2月22日，是邦多利It’s MyGO!!!!!吉他手要乐奈的生日，转发这条信息到5个群你就会
[2026-02-22 02:55:39] an0v0y: 现在是2月22日，是邦多利It’s MyGO!!!!!吉他手要乐奈的生日，转发这条信息到5个群你就会
[2026-02-22 02:55:39] HHW的kkr本人: 现在是2月22日，是邦多利It’s MyGO!!!!!吉他手要乐奈的生日，转发这条信息到5个群你就会
[2026-02-22 02:55:39] XCChieri: 乐奈的生日再发下，没加一到
[2026-02-22 02:55:39] 琦琦z: 哪个文盲发的nico play
[2026-02-22 02:55:39] xOcOg: 你吹什么载物呢？不知道cs解说一哥最恨的就是载物吗
[2026-02-22 02:55:40] 洞洞载载车车major冠军: @🗿：弹幕闹麻了 一直在说净化弹幕环境 结果还是要我亲自来净化🗿☝️
[2026-02-22 02:55:40] 天水碧i: 挂
[2026-02-22 02:55:40] csgo小茄子: 　　　 现在是2月22日，是邦多利It’s MyGO!!!!!吉他手要乐奈的生日，转发这条信息到5个
[2026-02-22 02:55:40] 玩机器舔我的懒交: 八奈见杏菜来咯🍕🍔🍟🌭🍿🥞🍞🧈🥐🥯🥖🍖🍗🥩🍠🥟🥠🌮🥪🍘🍙
[2026-02-22 02:55:41] LvvsiN: 其实碗橱就是猪灵，你不拿黄金丢他他就不跟你说话
[2026-02-22 02:55:41] 韩世天的屎妈: Niko play
[2026-02-22 02:55:41] 2steppppppp: 加时没钱了？
[2026-02-22 02:55:41] Marrrrrrs: 4k为什么杀这么多一直都是小枪
[2026-02-22 02:55:41] 空有无垠: 先站稳再开枪
[2026-02-22 02:55:42] 归夜丷: 现在是2月22日，是邦多利It’s MyGO!!!!!吉他手要乐奈的生日，转发这条信息到5个群你就会
[2026-02-22 02:55:42] drooo1: 乐奈的生日再发下，没加一到
[2026-02-22 02:55:42] 佛挡杀佛阿塞斯: niko play
[2026-02-22 02:55:42] 爆爆爆开爆: niko play
[2026-02-22 02:55:43] 魔女监牢的希罗本人: 现在是2月22日，是邦多利It’s MyGO!!!!!吉他手要乐奈的生日，转发这条信息到5个群你就会
[2026-02-22 02:55:43] LvvsiN: @阿汤日记：一个人，5发子弹，保住格陵兰岛。我不会叫它不可能完成的任务，我现在只想先回家看亦博
[2026-02-22 02:55:43] 马蹄街的艾妮希雅本人: 现在是2月22日，是邦多利It’s MyGO!!!!!吉他手要乐奈的生日，转发这条信息到5个群你就会
[2026-02-22 02:55:43] 离婚就看玩机器: 阳光boy
[2026-02-22 02:55:43] yuuik27: niko play
[2026-02-22 02:55:43] 别看了你是认真的吗: 现在是2月22日，是邦多利It’s MyGO!!!!!吉他手要乐奈的生日，转发这条信息到5个群你就会
[2026-02-22 02:55:43] 千百度897: 想捏软柿子
[2026-02-22 02:55:43] 戈尔多-V: 现在是2月22日，是邦多利It’s MyGO!!!!!吉他手要乐奈的生日，转发这条信息到5个群你就会
[2026-02-22 02:55:43] 绝食十年攒爱top3飞机: @是小鱼干不是小豆包吖：现在是2月22日，是邦多利It’s MyGO!!!!!吉他手要乐奈的生日，转
[2026-02-22 02:55:44] ykls的爱情结晶: 哪个文盲发的nico play
[2026-02-22 02:55:44] sfhahjfn: 乐奈的生日再发下，没加一到
[2026-02-22 02:55:44] 可达鸭不会游泳: 🗿👆🗿👆🗿👆🗿👆🗿👆🗿
[2026-02-22 02:55:44] Svetlana5: 　　　 乐奈的生日再发下，没加一到
[2026-02-22 02:55:45] LvvsiN: 弹幕也就网上说说，现实里谁不觉得樱姐是好女孩（删括号领一条远坂凛同款鸟笼）
[2026-02-22 02:55:45] 67373的黄色闪光: 就会怎么样
[2026-02-22 02:55:45] 玩弓箭、Arrow: 【HLTV】ZywOo: 忍受游玩机械真的很困难，他是我被网报的罪魁祸首
[2026-02-22 02:55:45] 机器哥哥我好爱你: 乐奈的生日再发下，没加一到
[2026-02-22 02:55:45] 玩蛇鼠丶stabbi: 但是载物的脚也很滑啊...
[2026-02-22 02:55:45] 什井蛋: 谁的烟
[2026-02-22 02:55:46] 高松灯扣死千早爱音: 乐奈的生日再发下，没加一到
[2026-02-22 02:55:46] 玩指挥丶NiKo: @琦琦z：哪个文盲发的nico play
[2026-02-22 02:55:46] 吸血用苏菲: 对胃了
[2026-02-22 02:55:46] 落叶悠哉落: 小胖也是NIKO粉丝吗，那要小心了
[2026-02-22 02:55:46] uzi家的喷水龙: 冠军这么多还不给主播爆米有什么用呢？只能给话龙电竞这种ylg流量罢了
[2026-02-22 02:55:46] 想要成为人类: @🗿：弹幕闹麻了 一直在说净化弹幕环境 结果还是要我亲自来净化🗿☝️
[2026-02-22 02:55:46] 棄王遺思: 好多弹幕消失了😭不要啊😭
[2026-02-22 02:55:47] LvvsiN: 玩宝宝，我发现在大学上学的时候肄业会很舒服，你可以试试
[2026-02-22 02:55:47] 李小小与虾大大: 会怎么样，你弹幕不全急死我了😭
[2026-02-22 02:55:47] 丰川祥子的贴身男仆: 现在是2月22日，是邦多利It’s MyGO!!!!!吉他手要乐奈的生日，转发这条信息到5个群你就会
[2026-02-22 02:55:48] 白金燐子本人: 弹幕别吵了，银行业一样一样有有有也会有h'y'hui't'y'r's'c'dn
[2026-02-22 02:55:48] a队的丰川祥子: 八奈见杏菜来咯🍕🍔🍟🌭🍿🥞🍞🧈🥐🥯🥖🍖🍗🥩🍠🥟🥠🌮🥪🍘🍙
[2026-02-22 02:55:48] User5092: ⎝🗿⎠╰🗿╯⎝🗿⎠╰🗿╯⎝🗿⎠╰🗿╯⎝🗿⎠╰🗿╯⎝🗿⎠╰🗿╯⎝🗿⎠╰🗿╯
[2026-02-22 02:55:48] 我的意志丶我的明天丶: 哈哈哈
[2026-02-22 02:55:48] 高尚且感恩: 　　　 现在是2月22日，是邦多利It’s MyGO!!!!!吉他手要乐奈的生日，转发这条信息到5个
[2026-02-22 02:55:48] 用户1243618869: 我感觉你今天状态不是很好啊，你今天状态非常不好啊，我感觉你应该，唉，你要不，你去调整一下心情吧
[2026-02-22 02:55:48] 归夜丷: 现在是2月22日，是邦多利It’s MyGO!!!!!吉他手要乐奈的生日，转发这条信息到5个群你就会
[2026-02-22 02:55:49] LvvsiN: 我让你开双倍你二龙吗？老子荧光棒要过期了
[2026-02-22 02:55:49] r1493233: 现在是2月22日，是邦多利It’s MyGO!!!!!吉他手要乐奈的生日，转发这条信息到5个群你就会
[2026-02-22 02:55:49] 变成allin守护素食小姐: 二次元看到自己知道的日漫角色就好像乐奈吃到抹茶巴菲一样要给所有人炫耀
[2026-02-22 02:55:49] 钟初若叶睦: 　　　 现在是2月22日，是邦多利It’s MyGO!!!!!吉他手要乐奈的生日，转发这条信息到5个
[2026-02-22 02:55:50] 我永远喜欢拉克丝: 现在是2月22日，是邦多利It’s MyGO!!!!!吉他手要乐奈的生日，转发这条信息到5个群你就会
[2026-02-22 02:55:50] 玩小孩、monesy: 现在是2月22日，是邦多利It’s MyGO!!!!!吉他手要乐奈的生日，转发这条信息到5个群你就会
[2026-02-22 02:55:50] 是小鱼干不是小豆包吖: 哪个文盲发的nico play
[2026-02-22 02:55:50] Aetheranus: 乐奈的生日再发下，没加一到
[2026-02-22 02:55:51] LvvsiN: 弹幕别吵了，银行业一样一样有有有也会有h'y'hui't'y'r's'c'dn
[2026-02-22 02:55:51] chordclef: 现在是2月22日，是邦多利It’s MyGO!!!!!吉他手要乐奈的生日，转发这条信息到5个群你就会
[2026-02-22 02:55:51] TTak11: 现在是2月22日，是邦多利It’s MyGO!!!!!吉他手要乐奈的生日，转发这条信息到5个群你就会
[2026-02-22 02:55:51] Marrhk: 现在是2月22日，是邦多利It’s MyGO!!!!!吉他手要乐奈的生日，转发这条信息到5个群你就会
[2026-02-22 02:55:52] A队的佐佐木李子本人: 就会什么
[2026-02-22 02:55:52] 猜猜他是who: 乐奈的生日再发下，没加一到
[2026-02-22 02:55:52] 丰川祥子本人: 乐奈的生日再发下，没加一到
[2026-02-22 02:55:53] 嗦嗦小睦的兔耳朵: 　　　 现在是2月22日，是邦多利It’s MyGO!!!!!吉他手要乐奈的生日，转发这条信息到5个
[2026-02-22 02:55:53] 长夜571: 现在是2月22日，是邦多利It’s MyGO!!!!!吉他手要乐奈的生日，转发
[2026-02-22 02:55:53] uzi家的喷水龙: 冠军这么多还不给主播爆米有什么用呢？只能给话龙电竞这种ylg流量罢了
[2026-02-22 02:55:53] 忘情不忘你丶: 现在是2月22日，是邦多利It’s MyGO!!!!!吉他手要乐奈的生日，转发这条信息到5个群你就会
[2026-02-22 02:55:54] 旋转的椅只: 　　　 现在是2月22日，是邦多利It’s MyGO!!!!!吉他手要乐奈的生日，转发这条信息到5个
[2026-02-22 02:55:54] 爱斯特音音: mygo的吉他手不是千早爱音吗，要乐奈是谁
[2026-02-22 02:55:54] -小佐内由纪-: 现在是2月22日，是邦多利It’s MyGO!!!!!吉他手要乐奈的生日，转发这条信息到5个群你就会
[2026-02-22 02:55:54] Trxye丿幽怨: 　　　 现在是2月22日，是邦多利It’s MyGO!!!!!吉他手要乐奈的生日，转发这条信息到5个
[2026-02-22 02:55:54] 用户2377620545: 现在是2月22日，是邦多利It’s MyGO!!!!!吉他手要乐奈的生日，转发这条信息到5个群你就会
[2026-02-22 02:55:54] 影魔影魔i: Niko play
[2026-02-22 02:55:55] 你为什么看用户名: 乐奈的生日再发下，没加一到
[2026-02-22 02:55:55] LvvsiN: 弹幕别吵了，银行业一样一样有有有也会有h'y'hui't'y'r's'c'dn
[2026-02-22 02:55:55] 用蜡烛蹭玩机器的魔丸: 现在是2月22日，是邦多利It’s MyGO!!!!!吉他手要乐奈的生日，转发这条信息到5个群你就会
[2026-02-22 02:55:55] 爱道冠: 弹幕别吵了，银行业一样一样有有有也会有h'y'hui't'y'r's'c'dn
[2026-02-22 02:55:55] RzRzRzRz弱智: 好多弹幕消失了😭不要啊😭
[2026-02-22 02:55:56] 玩蛇鼠丶stabbi: 但是载物的脚也很滑啊......🥺
[2026-02-22 02:55:56] 救赎颂歌: vip下烟
[2026-02-22 02:55:56] Azunyaaaa: 八奈见杏菜来咯🍕🍔🍟🌭🍿🥞🍞🧈🥐🥯🥖🍖🍗🥩🍠🥟🥠🌮🥪🍘🍙
[2026-02-22 02:55:56] 可怜的怕怕: +++++++
[2026-02-22 02:55:56] 依零Shiki: 现在是2月22日，是邦多利It’s MyGO!!!!!吉他手要乐奈的生日，转发这条信息到5个群你就会
[2026-02-22 02:55:56] chanceuxzz: 　　　 现在是2月22日，是邦多利It’s MyGO!!!!!吉他手要乐奈的生日，转发这条信息到5个
[2026-02-22 02:55:56] 归夜丷: 　　　 现在是2月22日，是邦多利It’s MyGO!!!!!吉他手要乐奈的生日，转发这条信息到5个
[2026-02-22 02:55:56] 澪伊吹: 　　　 现在是2月22日，是邦多利It’s MyGO!!!!!吉他手要乐奈的生日，转发这条信息到5个
[2026-02-22 02:55:57] LvvsiN: 其实碗橱就是猪灵，你不拿黄金丢他他就不跟你说话
[2026-02-22 02:55:58] CuteNekokk: 现在是2月22日，是邦多利It’s MyGO!!!!!吉他手要乐奈的生日，转发这条信息到5个群你就会
