# room_id=6979222 host=玩机器丶Machine title=小众宝藏结晶直播 live_time= fetch_time=2026-02-21 23:45:46
[2026-02-22 01:56:48] 玩玩今天吃什么: 这点蚊子腿就想堵弹幕的嘴？布罗利的命这么不值钱？
[2026-02-22 01:56:48] 爱吃青椒的重曹酱: 你屏蔽词都快赶上新华词典了为什么不干脆开一百级发言？
[2026-02-22 01:56:48] 桂林米粉比较好吃: 这版权商务防登山机制太爽了，有懂的吗
[2026-02-22 01:56:48] LvvsiN: 你为什么要把mαjor禁了，我收藏的一半弹幕全毁了
[2026-02-22 01:56:49] urle77: 大伙千万别去aicu查布罗利broli的发言啊
[2026-02-22 01:56:49] JamesHarden10: 💃💃💃💃💃💃💃
[2026-02-22 01:56:49] HankFann: ti
[2026-02-22 01:56:49] Ayaymin: @布罗利broli：起哄举报老子也太好笑了
[2026-02-22 01:56:49] 挥泪斩楚狗: 这点蚊子腿就想堵弹幕的嘴？布罗利的命这么不值钱？
[2026-02-22 01:56:50] 怒之拳: 这版权商务防登山机制太爽了，有懂的吗
[2026-02-22 01:56:50] 冷枫51787: 大伙千万别去aicu查布罗利broli的发言啊
[2026-02-22 01:56:50] LvvsiN: 弹幕也就网上说说，现实里谁不觉得樱姐是好女孩（删括号领一条远坂凛同款鸟笼）
[2026-02-22 01:56:51] 4846836538542: 你们千万别搜索uid6512408举报房管布罗利啊
[2026-02-22 01:56:51] 丰川祥子口三角初华: 大伙千万别去aicu查布罗利broli的发言啊
[2026-02-22 01:56:51] 阿西诺是也: 我让你开双倍你二龙吗？老子荧光棒要过期了
[2026-02-22 01:56:51] 从零开始的加拿大肄业: 这版权商务防登山机制太爽了，有懂的吗
[2026-02-22 01:56:51] 锦木干束: @布罗利：载物还是先超越MONESY再来碰瓷DONK吧
[2026-02-22 01:56:51] 鼓鼓鼓捣叨叨: @布罗利broli：起哄举报老子也太好笑了
[2026-02-22 01:56:52] 柳小目: 这版权商务防登山机制太爽了，有懂的吗
[2026-02-22 01:56:52] Dartline: @布罗利broli：起哄举报老子也太好笑了
[2026-02-22 01:56:52] znnoy: 布罗利Broli：别带载慕斯节奏啊2026-02-15 19:59:02
[2026-02-22 01:56:52] 山药泥拌饭NTFounDe: 斧乃木难绷布罗利被玩机器抛弃，直言抛就抛了呗，我当年也是这样被抛，都差不多ですわ
[2026-02-22 01:56:52] ericzxc: 我还是喜欢从前那个玩数字梗、警告梗都不会被封的6657，玩大哥你不是不在乎这个的嘛😭😭😭
[2026-02-22 01:56:52] jsir6688: 这点蚊子腿就想堵弹幕的嘴？布罗利的命这么不值钱？
[2026-02-22 01:56:52] 红魔馆的蕾米莉亚本人: 大伙千万别去aicu查布罗利broli的发言啊
[2026-02-22 01:56:52] Aleksumimi: 布罗利Broli
381粉丝 3322视频 IP属地：山东
十关注
载物还是先超越MONESY再来碰
[2026-02-22 01:56:52] 沐风Charlie: “房”布罗利broli：不骂了不骂了，向🧊粉投降🏳️向活🐎物投降🏳️
[2026-02-22 01:56:52] 結城希亞: 这版权商务防登山机制太爽了，有懂的吗
[2026-02-22 01:56:53] 卡啊卡卡丶: 布罗利能不能把直播间封了，看不得🧊
[2026-02-22 01:56:53] 挥泪斩楚狗: 这点蚊子腿就想堵弹幕的嘴？布罗利的命这么不值钱？
[2026-02-22 01:56:53] 茶泡饭Trinity: 这版权商务防登山机制太爽了，有懂的吗
[2026-02-22 01:56:53] 我是真的帅53917: 这音乐好
[2026-02-22 01:56:54] 七海千秋娜娜米: 大伙千万别去aicu查布罗利broli的发言啊
[2026-02-22 01:56:54] 姓黄小名肥仔: 玩机器当然恨载圣，因为🧊本来是说他的，被载圣偷了😡
[2026-02-22 01:56:54] 好姐们反田叶月: 终于到我最爱的小蜜蜂比赛了 可以大大方方刷载吧分前了
[2026-02-22 01:56:54] 血丶丶祭: 大伙千万别去aicu查布罗利broli的发言啊
[2026-02-22 01:56:54] Bellaire123: rog是没做背调吗，不知道玩大哥最恨的就是小蜜蜂还找他做商单
[2026-02-22 01:56:55] LvvsiN: 为什么房管封的不能给鱼丸……还以为今天晚上得吃了……
[2026-02-22 01:56:55] 美食殿堂的雪菲本人: 小瘦
[2026-02-22 01:56:55] JamesHarden10: 💃💃💃💃💃💃💃💃💃💃💃
[2026-02-22 01:56:55] Peko-: @丶浅忆梦灬微凉：大伙千万别去aicu查布罗利broli的发言啊
[2026-02-22 01:56:55] 挥泪斩楚狗: 这点蚊子腿就想堵弹幕的嘴？布罗利的命这么不值钱？
[2026-02-22 01:56:56] 白鵉鳶OriGami: 这版权商务防登山机制太爽了，有懂的吗
[2026-02-22 01:56:56] 久远寺有珠、: 大伙千万别去aicu查布罗利broli的发言啊
[2026-02-22 01:56:56] 用户95410607: 大伙千万别去aicu查布罗利broli的发言啊
[2026-02-22 01:56:56] wjnbsl: 这版权商务防登山机制太爽了，有懂的吗
[2026-02-22 01:56:57] LvvsiN: 银行业😄银行业😀银行业😃银行业😁银行业😆银行业🤪银行业😝
[2026-02-22 01:56:57] viovvvvvvvon: 大伙千万别去aicu查布罗利broli的发言啊
[2026-02-22 01:56:57] 用户43629220: 这版权商务防登山机制太爽了，有懂的吗
[2026-02-22 01:56:57] 公式化id: 这音乐好
[2026-02-22 01:56:57] valorant玩机器: #显示猪头🐷#显示猪头🐷#显示猪头🐷#显示猪头🐷#显示猪头🐷
[2026-02-22 01:56:57] 爱吃青椒的重曹酱: 冰粉又在带节奏了，玩宝宝我们不受这气直接退网吧
[2026-02-22 01:56:57] znnoy: @布罗利Brol回复 @JOJO爱摩托 :怎么只会在网络上装啊？来点现实的就怂了？ 刚才那nb劲呢？
[2026-02-22 01:56:57] 爱被小泉吃的拉面同学: @布罗利broli：起哄举报老子也太好笑了
[2026-02-22 01:56:57] 荣誉马莱人丶贾碧: 小瘦
[2026-02-22 01:56:57] Lo0oser: 16:9
[2026-02-22 01:56:57] SuperP681: @布罗利broli：起哄举报老子也太好笑了
[2026-02-22 01:56:58] z泽村英梨梨i: rog是没做背调吗，不知道玩大哥最恨的就是小蜜蜂还找他做商单
[2026-02-22 01:56:59] NearrrR: 小瘦
[2026-02-22 01:56:59] 凌似第微贼阿: 这版权商务防登山机制太爽了，有懂的吗
[2026-02-22 01:56:59] 有志青年不嘻嘻: 小瘦
[2026-02-22 01:56:59] 想吃玩机器: 这版权商务防登山机制太爽了，有懂的吗
[2026-02-22 01:56:59] 用户0553661491: 大伙千万别去aicu查布罗利broli的发言啊
[2026-02-22 01:56:59] LvvsiN: 玩宝宝，我发现在大学上学的时候肄业会很舒服，你可以试试
[2026-02-22 01:57:00] 玩浓汤丶Soup: @布罗利broli：起哄举报老子也太好笑了
[2026-02-22 01:57:00] 4846836538542: 你们千万别搜索uid6512408举报房管布罗利啊
[2026-02-22 01:57:00] 姓黄小名肥仔: 玩机器当然恨载圣，因为🧊本来是说他的，被载圣偷了😡
[2026-02-22 01:57:00] 玩机器吃大粪的: 这版权商务防登山机制太爽了，有懂的吗
[2026-02-22 01:57:00] 好兄弟平湖家猪王: 这个rog也是🐝美吗？
[2026-02-22 01:57:00] znnoy: @布罗利Brol回复 @JOJO爱摩托 :怎么只会在网络上装啊？来点现实的就怂了？ 刚才那nb劲呢？
[2026-02-22 01:57:00] 娶不到相羽爱奈: 玩机器当然恨载圣，因为🧊本来是说他的，被载圣偷了😡
[2026-02-22 01:57:00] lonhkfd: 我还是喜欢从前那个玩数字梗、警告梗都不会被封的6657，玩大哥你不是不在乎这个的嘛😭😭😭
[2026-02-22 01:57:01] 天道酬勤剑不归: 这版权商务防登山机制太爽了，有懂的吗
[2026-02-22 01:57:01] SekaiKamiki: 小瘦
[2026-02-22 01:57:01] LvvsiN: 额，拿亚军我都会，拿亚军，拿季军，拿四强，拿八强，拿十六强，呃拿冠军我不会，然后小组赛淘汰
[2026-02-22 01:57:01] 图帕雷松: 大伙千万别去aicu查布罗利broli的发言啊
[2026-02-22 01:57:01] 小小大南瓜OvO: 你们千万别搜索uid6512408举报房管布罗利啊
[2026-02-22 01:57:01] 牢大与小布丁: 孙悟空&贝吉塔：布罗利脾气什么时候这么好了？地球人骂他一声不吭
[2026-02-22 01:57:01] 爱吃青椒的重曹酱: 直接搜索6512408前面一定要加上uidですわ
[2026-02-22 01:57:02] 鸽佬kartoloTG: 感觉载物在玩机器直播间危险了啊
[2026-02-22 01:57:02] 玩斯特出出6657: 瘦在哪
[2026-02-22 01:57:02] 着着着着糕: 小瘦
[2026-02-22 01:57:02] GODAyeon: 大伙千万别去aicu查布罗利broli的发言啊
[2026-02-22 01:57:02] 爱被小泉吃的拉面同学: 这版权商务防登山机制太爽了，有懂的吗
[2026-02-22 01:57:02] Vitality的Zyw0o0本人: 大伙千万别去aicu查布罗利broli的发言啊
[2026-02-22 01:57:02] richardlee97: 大伙千万别去aicu查布罗利broli的发言啊
[2026-02-22 01:57:03] 男人至死皆少年: 那不是变小瘦了
[2026-02-22 01:57:03] 哈基鹅大王: 大伙千万别去aicu查布罗利broli的发言啊
[2026-02-22 01:57:03] LvvsiN: 弹幕别吵了，银行业一样一样有有有也会有h'y'hui't'y'r's'c'dn
[2026-02-22 01:57:03] 爱魚九千七: @布罗利broli：起哄举报老子也太好笑了
[2026-02-22 01:57:03] 超级爱玩小蛋QAQ: TOU
[2026-02-22 01:57:03] mashrimp牛异啵: 大伙千万别去aicu查布罗利broli的发言啊
[2026-02-22 01:57:03] 挥泪斩楚狗: 这点蚊子腿就想堵弹幕的嘴？布罗利的命这么不值钱？
[2026-02-22 01:57:03] 玩玩今天吃什么: 大伙千万别去aicu查布罗利broli的发言啊
[2026-02-22 01:57:04] 捂二哥: 蒙古又要给蜜蜂尽孝了
[2026-02-22 01:57:04] 图帕雷松: 🚬🗿
[2026-02-22 01:57:04] shu1ri: niko！niko！niko！niko！niko！niko！niko！niko！niko！niko！
[2026-02-22 01:57:04] 早安丿章鱼哥: 小瘦
[2026-02-22 01:57:05] 乌鸦晒不黑: 玩大哥天天在载物身上吃瘪也给你们解说🐝比赛，还有比这更敬业的人么
[2026-02-22 01:57:05] LvvsiN: 你这音画不同步太难受了，我都听到NIKO里约RMR晋级的欢呼了
[2026-02-22 01:57:05] KRU的Less本人: 大伙千万别去aicu查布罗利broli的发言啊
[2026-02-22 01:57:05] 那英啊哈哈哈: 这版权商务防登山机制太爽了，有懂的吗
[2026-02-22 01:57:05] 许柳020201: 大伙千万别去aicu查布罗利broli的发言啊
[2026-02-22 01:57:05] znnoy: @布罗利Brol回复 @JOJO爱摩托 :怎么只会在网络上装啊？来点现实的就怂了？ 刚才那nb劲呢？
[2026-02-22 01:57:05] 李知恩给的iPhone7: 销售
[2026-02-22 01:57:06] 不看似猎鹰就杀了你: 这版权商务防登山机制太爽了，有懂的吗
[2026-02-22 01:57:06] 爱吃青椒的重曹酱: 玩大哥这招还是狠，知道绿龙vlog没人要看，故意放这个好让大伙心无旁骛骂布🐕👍
[2026-02-22 01:57:06] 斷H弦: 这版权商务防登山机制太爽了，有懂的吗
[2026-02-22 01:57:06] 刘刘的农:  @布罗利Brol回复 @JOJO爱摩托 :怎么只会在网络上装啊？来点现实的就怂了？ 刚才那nb劲呢
[2026-02-22 01:57:07] 姓黄小名肥仔: 玩机器当然恨载圣，因为🧊本来是说他的，被载圣偷了😡
[2026-02-22 01:57:07] LvvsiN: 你为什么要把mαjor禁了，我收藏的一半弹幕全毁了
[2026-02-22 01:57:07] SuperP681: 大伙千万别去aicu查布罗利broli的发言啊
[2026-02-22 01:57:07] 6657的马嘉祺本人: 小瘦
[2026-02-22 01:57:07] Altolier: 这版权商务防登山机制太爽了，有懂的吗
[2026-02-22 01:57:07] 图帕雷松: 大伙千万别去aicu查布罗利broli的发言啊
[2026-02-22 01:57:08] insod: 小瘦
[2026-02-22 01:57:08] NikoHello520: @布罗利Brol回复 @JOJO爱摩托 :怎么只会在网络上装啊？来点现实的就怂了？ 刚才那nb劲呢？
[2026-02-22 01:57:08] art1077: 大伙千万别去aicu查布罗利broli的发言啊
[2026-02-22 01:57:08] mashrimp牛异啵:  @布罗利broli：起哄举报老子也太好笑了
[2026-02-22 01:57:08] 牧瀨紅莉栖awa: 真没胖真比以前瘦了
[2026-02-22 01:57:08] 励橙up: 大伙千万别去aicu查布罗利broli的发言啊
[2026-02-22 01:57:09] 清醒的人最荒唐么: 小授
[2026-02-22 01:57:09] 虚心坦懐: 大伙千万别去aicu查布罗利broli的发言啊
[2026-02-22 01:57:09] znnoy: @布罗利Brol回复 @JOJO爱摩托 :怎么只会在网络上装啊？来点现实的就怂了？ 刚才那nb劲呢？
[2026-02-22 01:57:09] 七就是幸运吧: 大伙千万别去aicu查布罗利broli的发言啊
[2026-02-22 01:57:09] 超级爱玩小蛋QAQ: 透了
[2026-02-22 01:57:09] 早早早23: 6
[2026-02-22 01:57:09] 山药泥拌饭NTFounDe:  @布罗利broli：起哄举报老子也太好笑了
[2026-02-22 01:57:09] 杰洛齐贝林3: 你个大胖好意思叫人家小胖？
[2026-02-22 01:57:09] 丛念39090: 小受
[2026-02-22 01:57:10] 锦木干束: @凌似第微贼阿：这版权商务防登山机制太爽了，有懂的吗
[2026-02-22 01:57:10] 爱吃青椒的重曹酱: 你都能在这么多弹幕中间看这vlog了就不会自己去某站看？哦对了顺便去看看布罗利吧
[2026-02-22 01:57:10] 好兄弟阿堡: 大伙千万别去aicu查布罗利broli的发言啊
[2026-02-22 01:57:10] Aysell: 这版权商务防登山机制太爽了，有懂的吗
[2026-02-22 01:57:10] 刘刘的农: 大伙千万别去aicu查布罗利broli的发言啊
[2026-02-22 01:57:10] 元気少女玩机器: 像ZywOo一样胖会被布罗利攻击
[2026-02-22 01:57:10] 杜可风丶: @布罗利broli：起哄举报老子也太好笑了
[2026-02-22 01:57:10] 小蜜蜂唯一GOAT: 大伙千万别去aicu查布罗利broli的发言啊
[2026-02-22 01:57:11] LvvsiN: 我让你开双倍你二龙吗？老子荧光棒要过期了
[2026-02-22 01:57:11] 姓黄小名肥仔: 玩机器当然恨载圣，因为🧊本来是说他的，被载圣偷了😡
[2026-02-22 01:57:11] 该隐的匕首: 这版权商务防登山机制太爽了，有懂的吗
[2026-02-22 01:57:12] 猹拉图斯特拉没话说: 小胖真没没胖
[2026-02-22 01:57:12] 量子毁灭717: @senzu：玩大哥啥意思啊?为什么要我买蒙古啊
[2026-02-22 01:57:12] 好哥们音箱蟀: 大伙千万别去aicu查布罗利broli的发言啊
[2026-02-22 01:57:12] 步无敌: 额，拿亚军我都会，拿亚军，拿季军，拿四强，拿八强，拿十六强，呃拿冠军我不会，然后小组赛淘汰
[2026-02-22 01:57:12] 挥泪斩楚狗: 这点蚊子腿就想堵弹幕的嘴？布罗利的命这么不值钱？
[2026-02-22 01:57:12] znnoy: @布罗利Brol回复 @JOJO爱摩托 :怎么只会在网络上装啊？来点现实的就怂了？ 刚才那nb劲呢？
[2026-02-22 01:57:13] 草莓冰酪: 今天登山不了了吧 骂你就给我受着
[2026-02-22 01:57:13] LvvsiN: 弹幕也就网上说说，现实里谁不觉得樱姐是好女孩（删括号领一条远坂凛同款鸟笼）
[2026-02-22 01:57:13] 新兰永恒: 这版权商务防登山机制太爽了，有懂的吗
[2026-02-22 01:57:13] 古怪的一个人: 这版权商务防登山机制太爽了，有懂的吗
[2026-02-22 01:57:13] 七海千秋娜娜米: 玩大哥天天在载物身上吃瘪也给你们解说🐝比赛，还有比这更敬业的人么
[2026-02-22 01:57:14] 牢大与小布丁: 孙悟空&贝吉塔：布罗利脾气什么时候这么好了？地球人
[2026-02-22 01:57:14] 狂野皮几儿很哒: 玩大哥天天在载物身上吃瘪也给你们解说🐝比赛，还有比这更敬业的人么
[2026-02-22 01:57:14] 我要看後续: 冰粉又在带节奏了，玩宝宝我们不受这气直接退网吧
[2026-02-22 01:57:15] 杨枝曾听雨: 玩机器当然恨载圣，因为🧊本来是说他的，被载圣偷了😡
[2026-02-22 01:57:15] 要一起好好努力: 大伙千万别去aicu查布罗利broli的发言啊
[2026-02-22 01:57:15] LvvsiN: 为什么房管封的不能给鱼丸……还以为今天晚上得吃了……
[2026-02-22 01:57:15] Notso1mporant: 大伙千万别去aicu查布罗利broli的发言啊
[2026-02-22 01:57:15] 千早anon本人: 怎么查呢
[2026-02-22 01:57:15] 啊撒发撒发: 0.001
[2026-02-22 01:57:16] 薯薯的大裂谷: 大伙千万别去aicu查布罗利broli的发言啊
[2026-02-22 01:57:16] znnoy: @布罗利Brol回复 @JOJO爱摩托 :怎么只会在网络上装啊？来点现实的就怂了？ 刚才那nb劲呢？
[2026-02-22 01:57:16] 默默momoMoMo123: @布罗利Brol回复 @JOJO爱摩托 :怎么只会在网络上装啊？来点现实的就怂了？ 
[2026-02-22 01:57:16] 从零开始的加拿大肄业:  @布罗利Brol回复 @JOJO爱摩托 :怎么只会在网络上装啊？来点现实的就怂了？ 刚才那nb劲呢
[2026-02-22 01:57:17] 小小大南瓜OvO:  @布罗利broli：起哄举报老子也太好笑了
[2026-02-22 01:57:17] 啪啪啪啪的蛋: 像ZywOo一样胖会被布罗利攻击
[2026-02-22 01:57:17] GhostAnderson: 玩机器当然恨载圣，因为🧊本来是说他的，被载圣偷了😡
[2026-02-22 01:57:17] LvvsiN: 其实碗橱就是猪灵，你不拿黄金丢他他就不跟你说话
[2026-02-22 01:57:17] 狂野皮几儿很哒: @布罗利broli：起哄举报老子也太好笑了
[2026-02-22 01:57:17] 爱吃青椒的重曹酱: 现在知道当缩头🐢了，你2025.8.22 3:43分带节奏的牛劲呢？😅😅
[2026-02-22 01:57:17] 姓黄小名肥仔: 玩机器当然恨载圣，因为🧊本来是说他的，被载圣偷了😡
[2026-02-22 01:57:18] RAS的Layer本人: 我让你开双倍你二龙吗？老子荧光棒要过期了
[2026-02-22 01:57:18] 用户65052344: 大伙千万别去aicu查布罗利broli的发言啊
[2026-02-22 01:57:18] 草莓冰酪: 今天登山不了了吧 骂你就给我受着
[2026-02-22 01:57:18] G2邦硬401: ？
[2026-02-22 01:57:18] 无心睡眠zy: 真没胖真比以前瘦了
[2026-02-22 01:57:18] Gemini业余: 加了uidですわ也没搜到......
[2026-02-22 01:57:18] 白鵉鳶OriGami: 没你胖
[2026-02-22 01:57:18] 沐风Charlie: 大伙千万别去aicu查布罗利broli的发言啊
[2026-02-22 01:57:18] viovvvvvvvon:  @图帕雷松：大伙千万别去aicu查布罗利broli的发言啊
[2026-02-22 01:57:19] 值与否: @ROG官方：机器，听说你有个房管骂载物，先封一下
[2026-02-22 01:57:19] kyubit: 这版权商务防登山机制太爽了，有懂的吗
[2026-02-22 01:57:19] LvvsiN: 南孚一节更比六节强，也就是一节南孚比六节南孚强，六节南孚比三十六节强，三十六节比二百一十六节强
[2026-02-22 01:57:19] 求老仙奶zzm上不了岸: 1
[2026-02-22 01:57:20] 摆烂小鸽子: 6657本质恨载tv，在载物被封圣之前，直播间唯一的圣人是点 圣
[2026-02-22 01:57:20] Altolier: 这版权商务防登山机制太爽了，有懂的吗
[2026-02-22 01:57:20] 海绵宝宝小能儿: 这版权商务防登山机制太爽了，有懂的吗
[2026-02-22 01:57:20] 爱吃青椒的重曹酱: 朋友们要加上uid
[2026-02-22 01:57:20] art1077: 大伙千万别去aicu查布罗利broli的发言啊
[2026-02-22 01:57:20] 锦木干束: @布罗利Brol回复 @JOJO爱摩托 :怎么只会在网络上装啊？来点现实的就怂了？ 刚才那nb劲呢？
[2026-02-22 01:57:20] 美食殿堂的雪菲本人: 羞死了
[2026-02-22 01:57:21] 姓黄小名肥仔: 玩机器当然恨载圣，因为🧊本来是说他的，被载圣偷了😡
[2026-02-22 01:57:21] AmamiyaIori: 我还是喜欢从前那个玩数字梗、警告梗都不会被封的6657，玩大哥你不是不在乎这个的嘛😭😭😭
[2026-02-22 01:57:21] Aysell:  @zhaoyuanzi:今天登山不了了吧 骂你就给我受着
[2026-02-22 01:57:21] 乱七八糟chseeifl: 大伙千万别去aicu查布罗利broli的发言啊
[2026-02-22 01:57:21] 丶丶Ken丶丶: 冰粉又在带节奏了，玩宝宝我们不受这气直接退网吧
[2026-02-22 01:57:21] 卡啊卡卡丶: 大伙千万别去aicu查布罗利broli的发言啊
[2026-02-22 01:57:21] 士多啤梨芝士卷: 弹幕也就网上说说，现实里谁不觉得樱姐是好女孩（删括号领一条远坂凛同款鸟笼）
[2026-02-22 01:57:22] 草莓冰酪: 今天登山不了了吧 骂你就给我受着
[2026-02-22 01:57:22] 早安丿章鱼哥: 大伙千万别去aicu查布罗利broli的发言啊
[2026-02-22 01:57:22] 刘刘的农: 冰粉又在带节奏了，玩宝宝我们不受这气直接退网吧
[2026-02-22 01:57:22] 七海千秋娜娜米: 大伙千万别去aicu查布罗利broli的发言啊
[2026-02-22 01:57:23] 用户5608006019: @senzu：玩大哥啥意思啊?为什么要我买蒙古啊
[2026-02-22 01:57:23] LRaxewis: 小胖整天吃猪头肉，脂肪少
[2026-02-22 01:57:23] 偷鸡蛋的玩机器本人o: 真没胖真比以前瘦了
[2026-02-22 01:57:23] 逗b乐double:  @布罗利Brol回复 @JOJO爱摩托 :怎么只会在网络上装啊？来点现实的就怂了？ 刚才那nb劲呢
[2026-02-22 01:57:23] mashrimp牛异啵: 玩机器当然恨载圣，因为🧊本来是说他的，被载圣偷了😡玩机器当然恨载圣，因为🧊本来是说他的，被载圣
[2026-02-22 01:57:23] LvvsiN: 为什么房管封的不能给鱼丸……还以为今天晚上得吃了……
[2026-02-22 01:57:23] 丛念39090: 小受
[2026-02-22 01:57:24] 普通网友小沈: 玩机器难绷zywoo与jee友好互动；暴怒！玩机器怒喷niko编nota！直言：尼编尼亩呢！
[2026-02-22 01:57:24] 曲奇三梦: 玩机器当然恨载圣，因为🧊本来是说他的，被载圣偷了😡
[2026-02-22 01:57:24] znnoy: @布罗利Brol回复 @JOJO爱摩托 :怎么只会在网络上装啊？来点现实的就怂了？ 刚才那nb劲呢？
[2026-02-22 01:57:24] StayNig: 冰粉又在带节奏了，玩宝宝我们不受这气直接退网吧
[2026-02-22 01:57:25] 尼尼孩孩京京驴驴: 万大哥，为什么不读弹幕？
[2026-02-22 01:57:25] viovvvvvvvon:  @LvvsiN：为什么房管封的不能给鱼丸……还以为今天晚上得吃了……
[2026-02-22 01:57:25] 和玩大哥登山: 这版权商务防登山机制太爽了，有懂的吗
[2026-02-22 01:57:25] GODAyeon: 加了uidですわ也没搜到......
[2026-02-22 01:57:25] ok奶绿: 玩机器当然恨载圣，因为🧊本来是说他的，被载圣偷了😡
[2026-02-22 01:57:25] 漢子贰臣: @布罗利Brol回复 @JOJO爱摩托 :怎么只会在网络上装啊？来点现实的就怂了？ 刚才那nb劲呢
[2026-02-22 01:57:25] Hitagi蟹蟹: 布罗利：2024／2／9 06:41:33 侏 儒被巴 萨踢出球队的时候像条丧家之犬[偷笑][偷笑]
[2026-02-22 01:57:25] 宫监手放监: 现在知道当缩头🐢了，你2025.8.22 3:43分带节奏的牛劲呢？😅😅
[2026-02-22 01:57:25] 你成功通过了我的考验: 小受
[2026-02-22 01:57:25] Rel69: 显示蜘蛛
[2026-02-22 01:57:26] 用户0637093822: 玩机器当然恨载圣，因为🧊本来是说他的，被载圣偷了😡
[2026-02-22 01:57:26] 有你便是世界1: 大汗😭杀👍大汗😭杀👍大汗😭杀👍大汗😭杀👍大汗😭杀👍大汗😭杀👍
[2026-02-22 01:57:27] 姓黄小名肥仔: 玩机器当然恨载圣，因为🧊本来是说他的，被载圣偷了😡
[2026-02-22 01:57:27] KRU的Less本人: 猪头呢
[2026-02-22 01:57:27] 许柳020201: 大伙千万别去aicu查布罗利broli的发言啊
[2026-02-22 01:57:27] L0ost: 这版权商务防登山机制太爽了，有懂的吗
[2026-02-22 01:57:27] LvvsiN: 为什么房管封的不能给鱼丸……还以为今天晚上得吃了……
[2026-02-22 01:57:27] z泽村英梨梨i: rog是没做背调吗，不知道玩大哥最恨的就是小蜜蜂还找他做商单
[2026-02-22 01:57:28] HCS118: 小受
[2026-02-22 01:57:28] KAZUSA149: 大伙千万别去aicu查布罗利broli的发言啊
[2026-02-22 01:57:28] LaifuoO来福oO: @布罗利Brol回复 @JOJO爱摩托 :怎么只会在网络上装啊？来点现实的就怂了？ 刚才那nb劲呢？
[2026-02-22 01:57:29] Peko-: 大伙千万别去aicu查布罗利broli的发言啊
[2026-02-22 01:57:29] unknown229: 真没胖真比以前瘦了
[2026-02-22 01:57:29] LvvsiN: 银行业😄银行业😀银行业😃银行业😁银行业😆银行业🤪银行业😝
[2026-02-22 01:57:29] 6657的马嘉祺本人: 你再说我胖
[2026-02-22 01:57:30] wjnbsl: 加了uidですわ也没搜到......
[2026-02-22 01:57:30] 猛吸千早爱音汁儿: 今天登山不了了吧 骂你就给我受着
[2026-02-22 01:57:30] samuraionnna: 你们发一下布罗利说要下真实的那个耽误了我家一。
[2026-02-22 01:57:30] 牢大与小布丁: 孙悟空&贝吉塔：布罗利脾气什么时候这么好了？地球人
[2026-02-22 01:57:31] 漢子贰臣: @布罗利Brol回复 @JOJO爱摩托 :怎么只会在网络上装啊？来点现实的就怂了？ 刚才那nb劲呢
[2026-02-22 01:57:31] handsomesuperme: 大伙千万别去aicu查布罗利broli的发言啊
[2026-02-22 01:57:31] 虹豆砸: 我还是喜欢从前那个玩数字梗、警告梗都不会被封的6657，玩大哥你不是不在乎这个的嘛😭😭😭
[2026-02-22 01:57:31] 信狐神: 玩机器当然恨载圣，因为🧊本来是说他的，被载圣偷了😡
[2026-02-22 01:57:31] LvvsiN: 我提一嘴这剧情越来越像上海major了
[2026-02-22 01:57:32] 做个素质人: 玩机器你真是个唐比玩意
[2026-02-22 01:57:32] 羽沐言: @ROG官方：机器，听说你有个房管骂载物，先封一下
[2026-02-22 01:57:32] i化石-: 小受
[2026-02-22 01:57:32] GhostAnderson: 冰粉又在带节奏了，玩宝宝我们不受这气直接退网吧
[2026-02-22 01:57:32] 玩大招、PRX: 确实享受啊
[2026-02-22 01:57:32] 米米世界之神: 大伙千万别去aicu查布罗利broli的发言啊
[2026-02-22 01:57:32] 情歌王马半首: 🦐粉觉得刷很多礼物就能给刷出major冠军出来
[2026-02-22 01:57:33] viovvvvvvvon:  @草莓冰酪：今天登山不了了吧 骂你就给我受着
[2026-02-22 01:57:33] 本质软糯Sakiko: 我还是喜欢从前那个玩数字梗、警告梗都不会被封的6657，玩大哥你不是不在乎这个的嘛😭😭😭
[2026-02-22 01:57:33] 不看似猎鹰就杀了你: 为什么房管封的不能给鱼丸……还以为今天晚上得吃了……
[2026-02-22 01:57:33] SuperP681: rog是没做背调吗，不知道玩大哥最恨的就是小蜜蜂还找他做商单
[2026-02-22 01:57:33] LvvsiN: 玩宝宝，我发现在大学上学的时候肄业会很舒服，你可以试试
[2026-02-22 01:57:34] 爱吃青椒的重曹酱: 斧乃木难绷布罗利被玩机器抛弃，直言抛就抛了呗，我当年也是这样被抛，都差不多ですわ
[2026-02-22 01:57:34] 久远寺有珠、: 大伙千万别去aicu查布罗利broli的发言啊
[2026-02-22 01:57:34] 开始送你: 小授
[2026-02-22 01:57:35] 动物朋友哈基米: 大伙千万别去aicu查布罗利broli的发言啊
[2026-02-22 01:57:35] cornkiner: 玩机器当然恨载圣，因为🧊本来是说他的，被载圣偷了😡
[2026-02-22 01:57:35] 一二级没处理好: 玩哥，什么时候到弹幕发原神id环节
[2026-02-22 01:57:35] 空中小楼、: 瘦胖
[2026-02-22 01:57:35] 用户1424229214: 大伙千万别去aicu查布罗利broli的发言啊
[2026-02-22 01:57:35] 矮小的獭:  @草莓冰酪：今天登山不了了吧 骂你就给我受着
[2026-02-22 01:57:35] 海绵宝宝小白儿: 千万别加steam好友代码407167909。。。
[2026-02-22 01:57:35] LvvsiN: 就tm喜欢银行业🥰银行坏账我喜欢🥰银行挤兑我还喜欢😍利率调低我也喜欢🤤老子亲烂银行业的脸😘
[2026-02-22 01:57:35] 有你便是世界1: 大汗😭杀👍大汗😭杀👍大汗😭杀👍大汗😭杀👍大汗😭杀👍
[2026-02-22 01:57:35] 忠犬阿彬: 小胖为了托子变受了
[2026-02-22 01:57:36] 歌谷爱墨迹: 阳光
[2026-02-22 01:57:36] 捂二哥: 还笑!
[2026-02-22 01:57:36] 姓黄小名肥仔: 玩机器当然恨载圣，因为🧊本来是说他的，被载圣偷了😡
[2026-02-22 01:57:37] 想吃丰川祥子的狱卒: 大伙千万别去aicu查布罗利broli的发言啊
[2026-02-22 01:57:37] Gemini业余: 加了uidですわ也没搜到......
[2026-02-22 01:57:37] 野pig亨利28: 🐕🕳🐕🕳🐕🕳🐕🕳🐕🕳🐕🕳🐕🕳🐕🕳🐕🕳🐕🕳🐕
[2026-02-22 01:57:37] 杜可风丶:  @布罗利Brol：玩大哥最恨的就是小蜜蜂
[2026-02-22 01:57:37] SideChannel: 双倍双倍双倍双倍双倍双倍双倍双倍双倍双倍双倍双倍双倍双倍双倍双倍双倍双倍双倍双倍
[2026-02-22 01:57:37] 鹅地霸霸: 这布罗利不仅是个罗粉，还FH，真无敌了吧，怪不得能当机器房管
[2026-02-22 01:57:37] kyubit: 冰粉又在带节奏了，玩宝宝我们不受这气直接退网吧
[2026-02-22 01:57:37] LvvsiN: 为什么房管封的不能给鱼丸……还以为今天晚上得吃了……
[2026-02-22 01:57:38] 从零开始的加拿大肄业: 玩宝宝你千万别看弹幕，没有人在带节奏
[2026-02-22 01:57:38] 丶丶Ken丶丶: 大伙千万别去aicu查布罗利broli的发言啊
[2026-02-22 01:57:38] 小小大南瓜OvO: @布罗利Brol回复 @JOJO爱摩托 :怎么只会在网络上装啊？来点现实的就怂了？ 刚才那nb劲呢？
[2026-02-22 01:57:38] 疼痒山泥若撒谎不意外: 我还是喜欢从前那个玩数字梗、警告梗都不会被封的6657，玩大哥你不是不在乎这个的嘛😭😭😭
[2026-02-22 01:57:38] 两仪两仪织: 抓娃娃
[2026-02-22 01:57:38] Vitality的Zyw0o0本人: 玩机器当然恨载圣，因为🧊本来是说他的，被载圣偷了😡
[2026-02-22 01:57:38] urle77: 还笑!
[2026-02-22 01:57:39] 好哥们黑龙歼灭刀: 布罗利2024／8／10 16:41:06 2 回复 :别跟这种看不懂比赛
[2026-02-22 01:57:39] 想要夢見你: 角田笑啥呢
[2026-02-22 01:57:39] 求奶赚不到钱: 我z啊啊啊啊啊，你们别带我载哥哥的节奏了好吗😢
[2026-02-22 01:57:39] LvvsiN: 我让你开双倍你二龙吗？老子荧光棒要过期了
[2026-02-22 01:57:40] viovvvvvvvon:  @动物朋友哈基米：大伙千万别去aicu查布罗利broli的发言啊
[2026-02-22 01:57:40] 斗鱼用户4901183769: 千万别加steam好友代码407167909。。。
[2026-02-22 01:57:40] 傍晚的黑: 我还是喜欢从前那个玩数字梗、警告梗都不会被封的6657，玩大哥你不是不在乎这个的嘛😭😭😭
[2026-02-22 01:57:40] 山药泥拌饭NTFounDe: 搞什么，玩宝宝，人家是小蜜蜂呀，他能有啥问题
[2026-02-22 01:57:41] MiunaShiodome: 小qu
[2026-02-22 01:57:41] 67373叶凛月: 大伙千万别去aicu查布罗利broli的发言啊
[2026-02-22 01:57:41] richardlee97: 玩机器当然恨载圣，因为🧊本来是说他的，被载圣偷了😡
[2026-02-22 01:57:41] 薄樂无訫: 大伙千万别去aicu查布罗利broli的发言啊
[2026-02-22 01:57:41] 伯乐的horse: 小夫
[2026-02-22 01:57:41] 野pig亨利28: sv_show_pig_face_1
[2026-02-22 01:57:41] LvvsiN: 其实碗橱就是猪灵，你不拿黄金丢他他就不跟你说话
[2026-02-22 01:57:42] 好的好的阖家: 布罗利Broli：别带载慕斯节奏啊2026-02-15 19:59:02
[2026-02-22 01:57:42] 奈川酱丶: ？
[2026-02-22 01:57:42] 杨枝曾听雨:  @草莓冰酪：今天登山不了了吧 骂你就给我受着
[2026-02-22 01:57:42] 从零开始的加拿大肄业: 大伙千万别去aicu查布罗利broli的发言啊
[2026-02-22 01:57:42] 吊人日子不过了: 玩宝宝你千万别看弹幕，没有人在带节奏
[2026-02-22 01:57:43] HCS118: 小区
[2026-02-22 01:57:43] 无伟契约: 🐕🕳🐕🕳🐕🕳🐕🕳🐕🕳🐕🕳🐕🕳🐕🕳🐕🕳🐕🕳🐕
[2026-02-22 01:57:43] 姓黄小名肥仔: 玩机器当然恨载圣，因为🧊本来是说他的，被载圣偷了😡
[2026-02-22 01:57:43] LvvsiN: 玩 出，我双倍呢？😡😡玩 出，我双倍呢？😡😡玩 出，我双倍呢？😡😡玩 出，我双倍呢？😡
[2026-02-22 01:57:44] 好好的吧不错: 我们西西已经有5佳球了，只不过是用了一个赛季而已，哼 当前查询uid:6512408 爱来自aicu
[2026-02-22 01:57:44] 有你便是世界1: 大汗😭杀👍大汗😭杀👍大汗😭杀👍大汗😭杀👍
[2026-02-22 01:57:44] 李知恩给的iPhone7: 森组还笑
[2026-02-22 01:57:45] 从零开始的加拿大肄业: 大伙千万别去aicu查布罗利broli的发言啊
[2026-02-22 01:57:46] LvvsiN: 你屏蔽词都快赶上新华词典了为什么不干脆开一百级发言？
[2026-02-22 01:57:46] 清乍: 小区
[2026-02-22 01:57:46] 有你便是世界1: 大汗😭杀👍大汗😭杀👍大汗😭杀👍大汗😭杀👍大汗😭杀👍
[2026-02-22 01:57:46] LaifuoO来福oO: 大伙千万别去aicu查布罗利broli的发言啊
[2026-02-22 01:57:46] 爱吃青椒的重曹酱: 弹幕好多坏宝宝。。。
[2026-02-22 01:57:47] xu瓜: 原来玩机器直播间是会管弹幕的啊？我还以为去年八九月份满屏数字也是友好互动呢
[2026-02-22 01:57:47] richardlee97: 我还是喜欢从前那个玩数字梗、警告梗都不会被封的6657，玩大哥你不是不在乎这个的嘛😭😭😭
[2026-02-22 01:57:47] 阿羞羞i: sv_show_pig_face_1
[2026-02-22 01:57:47] 不看似猎鹰就杀了你: 我让你开双倍你二龙吗？老子荧光棒要过期了
[2026-02-22 01:57:48] LvvsiN: 银行业😄银行业😀银行业😃银行业😁银行业😆银行业🤪银行业😝
[2026-02-22 01:57:48] onlyonlyyouyou: 玩宝宝你千万别看弹幕，没有人在带节奏
[2026-02-22 01:57:48] 东莞的天上没有星星: 大汗😭杀👍大汗😭杀👍大汗😭杀👍大汗😭杀👍
[2026-02-22 01:57:48] Hitagi蟹蟹: @动物朋友哈基米：大伙千万别去aicu查布罗利broli的发言啊
[2026-02-22 01:57:48] znnoy: @布罗利Brol回复 @JOJO爱摩托 :怎么只会在网络上装啊？来点现实的就怂了？ 刚才那nb劲呢？
[2026-02-22 01:57:48] viovvvvvvvon:  @薄樂无訫：　　　 大伙千万别去aicu查布罗利broli的发言啊
[2026-02-22 01:57:49] 依然有力: 玩 出，我双倍呢？😡😡玩 出，我双倍呢？😡😡玩 出，我双倍呢？😡😡玩 出，我双倍呢？😡
[2026-02-22 01:57:49] 玩斯特机机: 千万别加steam好友代码407167909。。。
[2026-02-22 01:57:49] Copyboro: 直接笑了说是
[2026-02-22 01:57:49] 压缩vs蛮晚: 我还是喜欢从前那个玩数字梗、警告梗都不会被封的6657，玩大哥你不是不在乎这个的嘛😭😭😭
[2026-02-22 01:57:49] 梓川不是辛川: 大汗😭杀👍大汗😭杀👍大汗😭杀👍大汗😭杀👍
[2026-02-22 01:57:49] 有你便是世界1: 大汗😭杀👍大汗😭杀👍大汗😭杀👍大汗😭杀👍大汗
[2026-02-22 01:57:49] 桂林米粉比较好吃: 玩机器当然恨载圣，因为🧊本来是说他的，被载圣偷了😡
[2026-02-22 01:57:49] 好哥们黑龙歼灭刀: 布罗利Broli：别带载慕斯节奏啊2026-02-15 19:59:02
[2026-02-22 01:57:49] 栗悟饭与龟波功-w-: 大伙千万别去aicu查布罗利broli的发言啊
[2026-02-22 01:57:50] LvvsiN: 其实碗橱就是猪灵，你不拿黄金丢他他就不跟你说话
[2026-02-22 01:57:50] 柳小目: @布罗利Brol回复 @JOJO爱摩托 :怎么只会在网络上装啊？来点现实的就怂了？ 刚才那nb劲呢？
[2026-02-22 01:57:50] 忘情不忘你丶: 恨
[2026-02-22 01:57:50] PacificationX: 我还是喜欢从前那个玩数字梗、警告梗都不会被封的6657，玩大哥你不是不在乎这个的嘛😭😭😭
[2026-02-22 01:57:50] Sereinily: 这版权商务防登山机制太爽了，有懂的吗
[2026-02-22 01:57:51] Crythic的羊宫妃那本人: 大伙千万别去aicu查布罗利broli的发言啊
[2026-02-22 01:57:51] 帕金森患者Z: 玩机器当然恨载圣，因为🧊本来是说他的，被载圣偷了😡
[2026-02-22 01:57:51] 想和阿飞抹茶三披: 仔细听…好像刚哭完…仔细听能听出来…🤭🤭
[2026-02-22 01:57:51] 那英啊哈哈哈: 抓娃娃
[2026-02-22 01:57:52] LvvsiN: 银行业😄银行业😀银行业😃银行业😁银行业😆银行业🤪银行业😝
[2026-02-22 01:57:52] L0ost: @布罗利Brol回复 @JOJO爱摩托 :怎么只会在网络上装啊？来点现实的就怂了？ 刚才那nb劲呢？
[2026-02-22 01:57:52] BleksiA: sv_show_pig_face_1
[2026-02-22 01:57:52] znnoy: @布罗利Brol回复 @JOJO爱摩托 :怎么只会在网络上装啊？来点现实的就怂了？ 刚才那nb劲呢？
[2026-02-22 01:57:52] 有你便是世界1: 大汗😭杀👍大汗😭杀👍大汗😭杀👍大汗😭杀👍大汗😭杀👍
[2026-02-22 01:57:52] 齐格哈尔德: 欢迎来到二次元の小窝，米娜桑要友善发言哦～
[2026-02-22 01:57:53] 結城希亞: 布罗利你有没有种啊，这么多弹幕隔着串你，是我都给封了
[2026-02-22 01:57:53] 萌六花: 玩机器当然恨载圣，因为🧊本来是说他的，被载圣偷了😡
[2026-02-22 01:57:53] 漢子贰臣: 玩机器当然恨载圣，因为🧊本来是说他的，被载圣偷了😡
[2026-02-22 01:57:54] LvvsiN: 为什么房管封的不能给鱼丸……还以为今天晚上得吃了……
[2026-02-22 01:57:54] 刘刘的农:  @布罗利Brol：怎么只会在网络上装啊？来点现实的就怂了？ 刚才那nb劲呢？
[2026-02-22 01:57:54] Se7eNGodZ: 大家千万不要去阿b辱骂up主布罗利broli啊
[2026-02-22 01:57:54] 好好的吧不错: 有没有可能姆巴佩只是儿罗梦 当前查询uid:6512408 爱来自aicu.cc
[2026-02-22 01:57:54] 姓黄小名肥仔: 玩机器当然恨载圣，因为🧊本来是说他的，被载圣偷了😡
[2026-02-22 01:57:54] 五更月下丿琉璃白: 显示猪头
[2026-02-22 01:57:55] 李清商: 大汗😭杀👍
[2026-02-22 01:57:55] 草莓冰酪: 大伙千万别去aicu查布罗利broli的发言啊
[2026-02-22 01:57:55] scream45314: 布罗利Broli：别带载慕斯节奏啊2026-02-15 19:59:02
[2026-02-22 01:57:55] 玩血狼丶Bloodywolf: 大汗😭杀👍大汗😭杀👍大汗😭杀👍大汗😭杀👍大汗😭杀👍
[2026-02-22 01:57:55] 宇莓: 我到现在都没搜到，我感觉我就像架点结果全放过去的刘农一样无力。。。。。
[2026-02-22 01:57:56] 好姐妹天童爱丽丝: 仔细听…好像刚哭完…仔细听能听出来…🤭🤭
[2026-02-22 01:57:56] 牢大与小布丁: 布罗利Broli：别带载慕斯节奏啊2026-02-15 19:59:02
[2026-02-22 01:57:56] LvvsiN: 玩宝宝，我发现在大学上学的时候肄业会很舒服，你可以试试
[2026-02-22 01:57:56] 第三猪白猪玩斯曼: 感谢玩神亲手拿下载X的飞机！
[2026-02-22 01:57:56] 空白Zzz丶: 恨
[2026-02-22 01:57:56] Ggmftye: 其实碗橱就是猪灵，你不拿黄金丢他他就不跟你说话
[2026-02-22 01:57:56] 有你便是世界1: 大汗😭杀👍大汗😭杀👍大汗😭杀👍大汗😭杀👍大汗
[2026-02-22 01:57:57] 爱吃青椒的重曹酱: 冰粉又在带节奏了，玩宝宝我们不受这气直接退网吧
[2026-02-22 01:57:57] 忘情不忘你丶: 恨
[2026-02-22 01:57:57] LokiAka: 显示猪头desuw@
[2026-02-22 01:57:57] devi史你原来在b通呢: 显示猪头
[2026-02-22 01:57:58] GODAyeon: 这版权商务防登山机制太爽了，有懂的吗
[2026-02-22 01:57:58] LvvsiN: 就tm喜欢银行业🥰银行坏账我喜欢🥰银行挤兑我还喜欢😍利率调低我也喜欢🤤老子亲烂银行业的脸😘
[2026-02-22 01:57:58] 撒浪嘿呦0v0: 布罗利是冰粉的证据：2026-02-22 00:39:26 粉丝荧光棒*900
[2026-02-22 01:57:58] 愿你此生勿忘你: 感觉妹子这个发型好看
[2026-02-22 01:57:59] Bellaire123: 大伙千万别去aicu查布罗利broli的发言啊
[2026-02-22 01:57:59] 尼德霍格9: 欢迎来到二次元の小窝，米娜桑要友善发言哦～
[2026-02-22 01:57:59] 姓黄小名肥仔: 玩机器当然恨载圣，因为🧊本来是说他的，被载圣偷了😡
[2026-02-22 01:57:59] 蛋蛋可以进去吗: 111
[2026-02-22 01:57:59] 我知道的一点也不多: 大汗😭杀👍大汗😭杀👍大汗😭杀👍大汗😭杀👍
[2026-02-22 01:57:59] samuraionnna: @布罗利Brol回复 @JOJO爱摩托 :怎么只会在网络上装啊？来点现实的就怂了？ 刚才那nb劲呢？
[2026-02-22 01:57:59] lonhkfd: @布罗利Brol：怎么只会在网络上装啊？来点现实的就怂了？ 刚才那nb劲呢？
[2026-02-22 01:58:00] LvvsiN: 就tm喜欢银行业🥰银行坏账我喜欢🥰银行挤兑我还喜欢😍利率调低我也喜欢🤤老子亲烂银行业的脸😘
[2026-02-22 01:58:00] 巨型大高玩: 玩机器当然恨载圣，因为🧊本来是说他的，被载圣偷了😡
[2026-02-22 01:58:01] 玩大招、PRX: 布罗利Broli：别带载慕斯节奏啊2026-02-15 19:59:02
[2026-02-22 01:58:01] 卡啊卡卡丶: 为什么房管封的不能给鱼丸……还以为今天晚上得吃了……
[2026-02-22 01:58:02] 玩斯特机机: 仔细听…好像刚哭完…仔细听能听出来…🤭🤭
[2026-02-22 01:58:02] 杜可风丶: 布罗利你有没有种啊，这么多弹幕隔着串你，是我都给封了
[2026-02-22 01:58:02] LvvsiN: 玩宝宝，我发现在大学上学的时候肄业会很舒服，你可以试试
[2026-02-22 01:58:02] 不看似猎鹰就杀了你: 这版权商务防登山机制太爽了，有懂的吗
[2026-02-22 01:58:02] 粤夜封封哥岑验川老岑: 这都不登山吗玩神 这小比赛惯着他们给他们太多笑容了 登山吧哈哈
[2026-02-22 01:58:03] 尖叫的鸭子: sv_show_pig_face_1
[2026-02-22 01:58:03] GhostAnderson: 布罗利Broli：别带载慕斯节奏啊2026-02-15 19:59:02
[2026-02-22 01:58:03] 玩大虾、榜一大哥: 就tm喜欢银行业🥰银行坏账我喜欢🥰银行挤兑我还喜欢😍利率调低我也喜欢🤤老子亲烂银行业的脸😘
[2026-02-22 01:58:03] Z伊卡洛斯Z: 布罗利你有没有种啊，这么多弹幕隔着串你，是我都给封了
[2026-02-22 01:58:04] 忘情不忘你丶: 恨
[2026-02-22 01:58:04] 唱给软妹听: 大伙千万别去aicu查布罗利broli的发言啊
[2026-02-22 01:58:04] 姓黄小名肥仔: 玩机器当然恨载圣，因为🧊本来是说他的，被载圣偷了😡
[2026-02-22 01:58:04] 傍晚的黑: “房”布罗利broli：不骂了不骂了，向🧊粉投降🏳️向活🐎物投降🏳️
[2026-02-22 01:58:04] LvvsiN: 弹幕也就网上说说，现实里谁不觉得樱姐是好女孩（删括号领一条远坂凛同款鸟笼）
[2026-02-22 01:58:04] 喃妈来俺可没抽: 布罗利Broli：别带载慕斯节奏啊2026-02-15 19:59:02
[2026-02-22 01:58:04] 广濑丝丝UwU: 欢迎来到二次元の小窝，米娜桑要友善发言哦～
[2026-02-22 01:58:05] 寒枫曳是一头傲空的隼: 显示猪头🐷显示猪头🐷显示猪头🐷
[2026-02-22 01:58:05] 玩家军的猪头肉本人: 玩机器当然恨载圣，因为🧊本来是说他的，被载圣偷了😡
[2026-02-22 01:58:05] 久遠寺有珠Alice: 显示猪头
[2026-02-22 01:58:05] 洞洞载载车车major冠军: 抓娃娃
[2026-02-22 01:58:05] 用户46659809: 为什么别人的房管这么好看。我们这个鼻毛比命长
[2026-02-22 01:58:05] 玩神的欢喜好有嚼劲: @弹幕：房管布罗利broli已起飞 @玩机器：小胖变瘦了啊（无关心）
[2026-02-22 01:58:06] mashrimp牛异啵:  @布罗利Brol：怎么只会在网络上装啊？来点现实的就怂了？ 刚才那nb劲呢？
[2026-02-22 01:58:06] 丛念39090: 仔细听…好像刚哭完…仔细听能听出来…🤭🤭
[2026-02-22 01:58:06] 常闻帝子灵: 这版权商务防登山机制太爽了，有懂的吗
[2026-02-22 01:58:06] 吊人日子不过了: 妹子这么高？
[2026-02-22 01:58:06] LvvsiN: 弹幕别吵了，银行业一样一样有有有也会有h'y'hui't'y'r's'c'dn
[2026-02-22 01:58:06] 普通网友小沈: 我还是喜欢从前那个玩数字梗、警告梗都不会被封的6657，玩大哥你不是不在乎这个的嘛😭😭😭
[2026-02-22 01:58:06] 玩大狙、dev1cy:  @布罗利Brol：怎么只会在网络上装啊？来点现实的就怂了？ 刚才那nb劲呢？
[2026-02-22 01:58:06] SuperP681: 布罗利你有没有种啊，这么多弹幕隔着串你，是我都给封了
[2026-02-22 01:58:06] KatoM3gum1: 玩机器当然恨载圣，因为🧊本来是说他的，被载圣偷了😡
[2026-02-22 01:58:07] lonhkfd: 大伙千万别去aicu查布罗利broli的发言啊
[2026-02-22 01:58:07] 用户65052344: 大家千万不要去阿b辱骂up主布罗利broli啊
[2026-02-22 01:58:08] 防天防地防空气: 布罗利Broli：别带载慕斯节奏啊2026-02-15 19:59:02
[2026-02-22 01:58:08] 用户3607059295: @布罗利Brol回复 @JOJO爱摩托 :怎么只会在网络上装啊？来点现实的就怂了？ 刚才那nb劲呢？
[2026-02-22 01:58:08] LvvsiN: 为什么房管封的不能给鱼丸……还以为今天晚上得吃了……
[2026-02-22 01:58:09] 挥泪斩楚狗: @这里是小天啊：我们的直播间以后…要怎么办（哽咽）
[2026-02-22 01:58:09] 空白Zzz丶: 恨载tv
[2026-02-22 01:58:10] 爱吃青椒的重曹酱: 大伙千万别去aicu查布罗利broli的发言啊
[2026-02-22 01:58:10] 变的是我的脑子: 玩机器当然恨载圣，因为🧊本来是说他的，被载圣偷了😡
[2026-02-22 01:58:10] 李小小与虾大大: 玩机器你别装糖了，你再装也逗不笑我们了
[2026-02-22 01:58:10] 久遠寺有珠Alice: 欢迎来到二次元の小窝，米娜桑要友善发言哦～
[2026-02-22 01:58:10] LvvsiN: 玩 出，我双倍呢？😡😡玩 出，我双倍呢？😡😡玩 出，我双倍呢？😡😡玩 出，我双倍呢？😡
[2026-02-22 01:58:10] 丶丶Ken丶丶: 就tm喜欢银行业🥰银行坏账我喜欢🥰银行挤兑我还喜欢😍利率调低我也喜欢🤤老子亲烂银行业的脸😘
[2026-02-22 01:58:10] 柳小目: 布罗利你有没有种啊，这么多弹幕隔着串你，是我都给封了
[2026-02-22 01:58:10] SuperP681: 布罗利Broli：别带载慕斯节奏啊2026-02-15 19:59:02
[2026-02-22 01:58:11] 福山雅治水: 这版权商务防登山机制太爽了，有懂的吗
[2026-02-22 01:58:11] Crychiccc的若叶睦本人: 布罗利唯一一个粉丝牌是个搞说唱的up主。。难怪这么傻呗
[2026-02-22 01:58:11] 玩神的欢喜好有嚼劲: @弹幕：房管布罗利broli已起飞 @玩机器：小胖变瘦了啊（无关心）
[2026-02-22 01:58:11] wjnbsl: 狂
[2026-02-22 01:58:12] Dartline: 仔细听…好像刚哭完…仔细听能听出来…🤭🤭
[2026-02-22 01:58:12] LvvsiN: 银行业😄银行业😀银行业😃银行业😁银行业😆银行业🤪银行业😝
[2026-02-22 01:58:12] 姓黄小名肥仔: 玩机器当然恨载圣，因为🧊本来是说他的，被载圣偷了😡
[2026-02-22 01:58:12] Hitagi蟹蟹: 大伙千万别去aicu查布罗利broli的评论看到他大战茹迷啊
[2026-02-22 01:58:12] 玩斯特机机: 玩机器当然恨载圣，因为🧊本来是说他的，被载圣偷了😡
[2026-02-22 01:58:13] 剑崎梨梨花: 玩机器当然恨载圣，因为🧊本来是说他的，被载圣偷了😡
[2026-02-22 01:58:13] 大颗寿司玩机器: 玩机器当然恨载圣，因为🧊本来是说他的，被载圣偷了😡
[2026-02-22 01:58:13] 无伟契约: 仔细听…好像刚哭完…仔细听能听出来…🤭🤭
[2026-02-22 01:58:13] 用户46659809: 为什么别人的房管这么好看。我们这个鼻毛比命长
[2026-02-22 01:58:14] 没有故事的Pluto: @布罗利Brol：怎么只会在网络上装啊？来点现实的就怂了？ 刚才那nb劲呢？
[2026-02-22 01:58:14] 冲上云霄的姨: 玩机器当然恨载圣，因为🧊本来是说他的，被载圣偷了😡
[2026-02-22 01:58:14] 用户2377620545: 头发好怪，前面短，后面长
[2026-02-22 01:58:14] WhiteAIbum: 现在知道当缩头🐢了，你2025.8.22 3:43分带节奏的牛劲呢？😅😅
[2026-02-22 01:58:14] LaifuoO来福oO: 这版权商务防登山机制太爽了，有懂的吗
[2026-02-22 01:58:14] 玩神的欢喜好有嚼劲: @弹幕：房管布罗利broli已起飞 @玩机器：小胖变瘦了啊（无关心）
[2026-02-22 01:58:14] LvvsiN: 为什么房管封的不能给鱼丸……还以为今天晚上得吃了……
[2026-02-22 01:58:14] 爱吃青椒的重曹酱: 玩机器当然恨载圣，因为🧊本来是说他的，被载圣偷了😡
[2026-02-22 01:58:14] 挥泪斩楚狗: @这里是小天啊：我们的直播间以后…要怎么办（哽咽）
[2026-02-22 01:58:15] 卡啊卡卡丶: @这里是小天啊：我们的直播间以后…要怎么办（哽咽）
[2026-02-22 01:58:15] C0C00N: 冷知识：布罗利2025.2.28的动态证明了尼孝和骡子的粉丝是一类人
[2026-02-22 01:58:15] 好的好的阖家: @布罗利Brol回复 @JOJO爱摩托 :怎么只会在网络上装啊？来点现实的就怂了？ 刚才那nb劲呢？
[2026-02-22 01:58:15] 我不是玩父: 布罗利Broli：别带载慕斯节奏啊2026-02-15 19:59:02
[2026-02-22 01:58:15] AT丨T: @弹幕：房管布罗利broli已起飞 @玩机器：小胖变瘦了啊（无关心）
[2026-02-22 01:58:15] 帕金森患者Z: 就tm喜欢银行业🥰银行坏账我喜欢🥰银行挤兑我还喜欢😍利率调低我也喜欢🤤老子亲烂银行业的脸😘
[2026-02-22 01:58:15] 天守阁信长: 为什么别人的房管这么好看。我们这个鼻毛比命长
[2026-02-22 01:58:16] 变的是我的脑子: @布罗利Brol：怎么只会在网络上装啊？来点现实的就怂了？ 刚才那nb劲呢？
[2026-02-22 01:58:16] 第三猪白猪玩斯曼: 玩神 今晚还能再拿下载X吗？
[2026-02-22 01:58:16] 1泡泡壶茶1: 大伙千万别去aicu查布罗利broli的发言啊
[2026-02-22 01:58:16] 玩机器今晚还播吗: 布罗利会被玩神处决吗:2.02✓  1.08❌
[2026-02-22 01:58:16] Dartline: @这里是小天啊：我们的直播间以后…要怎么办（哽咽）
[2026-02-22 01:58:16] 锦木干束: @粤夜封封哥岑验川老岑：这都不登山吗玩神 这小比赛惯着他们给他们太多笑容了 登山吧哈哈
[2026-02-22 01:58:17] 結城希亞: @弹幕：房管布罗利broli已起飞 @玩机器：小胖变瘦了啊（无关心）
[2026-02-22 01:58:17] 好哥们音箱蟀: 冷处理喽😄，冷处理喽😊，冷处理喽😌，冷处理喽🥳
[2026-02-22 01:58:17] WUGUOFEN: 大家千万不要去阿b辱骂up主布罗利broli啊
[2026-02-22 01:58:17] richardlee97: 布罗利唯一一个粉丝牌是个搞说唱的up主。。难怪这么傻呗
[2026-02-22 01:58:18] 玩神的欢喜好有嚼劲: @弹幕：房管布罗利broli已起飞 @玩机器：小胖变瘦了啊（无关心）
[2026-02-22 01:58:18] 广濑丝丝UwU: 欢迎来到二次元の小窝，米娜桑要友善发言哦～
[2026-02-22 01:58:18] 用户2271684932: 玩机器当然恨载圣，因为🧊本来是说他的，被载圣偷了😡
[2026-02-22 01:58:18] LvvsiN: 玩宝宝，我发现在大学上学的时候肄业会很舒服，你可以试试
[2026-02-22 01:58:19] Vio1e7: 玩机器当然恨载圣，因为🧊本来是说他的，
[2026-02-22 01:58:19] 杰洛齐贝林3: 卧槽，broky被下放了
[2026-02-22 01:58:19] GODAyeon: 这版权商务防登山机制太爽了，有懂的吗
[2026-02-22 01:58:19] 有你便是世界1: 𝐧𝐚𝐯𝐢☺️𝑛𝑎𝑣𝑖😄𝒏𝒂𝒗𝒊😁𝗇𝖺𝗏𝗂😃
[2026-02-22 01:58:19] 小小大南瓜OvO: 玩机器当然恨载圣，因为🧊本来是说他的，被载圣偷了😡
[2026-02-22 01:58:20] 啪啪啪啪的蛋: @弹幕：房管布罗利broli已起飞 @玩机器：小胖变瘦了啊（无关心）
[2026-02-22 01:58:20] 好好的吧不错: 有没有可能姆巴佩只是儿罗梦 当前查询uid:6512408 爱来自aicu.cc
[2026-02-22 01:58:20] 冲上云霄的姨: @布罗利Brol：怎么只会在网络上装啊？来点现实的就怂了？ 刚才那nb劲呢？
[2026-02-22 01:58:20] 祝我永远不死: 正宗英语
[2026-02-22 01:58:20] LvvsiN: 我提一嘴这剧情越来越像上海major了
[2026-02-22 01:58:21] Dartline: 玩机器当然恨载圣，因为🧊本来是说他的，被载圣偷了😡
[2026-02-22 01:58:21] 我不可能叫划水: 老伦敦了
[2026-02-22 01:58:21] 好姐妹常陆茉子: 不发弹幕喷布罗利＝被布罗利365不发弹幕喷布罗利＝被布罗利365不发弹幕喷布罗利＝被布罗利365
[2026-02-22 01:58:21] viovvvvvvvon: 冷处理喽😄，冷处理喽😊，冷处理喽😌，冷处理喽🥳
[2026-02-22 01:58:21] 玩神的欢喜好有嚼劲: @弹幕：房管布罗利broli已起飞 @玩机器：小胖变瘦了啊（无关心）
[2026-02-22 01:58:21] last玩神丶: 为什么别人的房管这么好看。我们这个鼻毛比命长
[2026-02-22 01:58:21] 大家要幸福呀: 冷处理喽😄，冷处理喽😊，冷处理喽😌，冷处理喽🥳
[2026-02-22 01:58:22] 姓黄小名肥仔: 玩机器当然恨载圣，因为🧊本来是说他的，被载圣偷了😡
[2026-02-22 01:58:22] 青山锁欲锁不住你:  @布罗利broli：起哄举报老子也太好笑了
[2026-02-22 01:58:22] 什井蛋: 冷知识：布罗利2025.2.28的动态证明了尼孝和骡子的粉丝是一类人
[2026-02-22 01:58:22] 用户5059772722: 冷处理喽😄，冷处理喽😊，冷处理喽😌，冷处理喽🥳
[2026-02-22 01:58:22] 大颗寿司玩机器: 大伙千万别去aicu查布罗利broli的发言啊
[2026-02-22 01:58:22] 爱吃青椒的重曹酱: 我还是喜欢从前那个玩数字梗、警告梗都不会被封的6657，玩大哥你不是不在乎这个的嘛😭😭😭
[2026-02-22 01:58:22] 刘刘的农: 玩机器你别装糖了，你再装也逗不笑我们了
[2026-02-22 01:58:22] 默默momoMoMo123: 玩机器当然恨载圣，因为🧊本来是说他的，被载圣偷了😡
[2026-02-22 01:58:22] 左颜And1: @布罗利Brol：怎么只会在网络上装啊？来点现实的就怂了？ 刚才那nb劲呢？
[2026-02-22 01:58:23] 鹿公爷: 仔细听…好像刚哭完…仔细听能听出来…🤭🤭
[2026-02-22 01:58:23] G4RYPU: @布罗利Brol：怎么只会在网络上装啊？来点现实的就怂了？ 刚才那nb劲呢？
[2026-02-22 01:58:23] 浊风天枢: 玩机器当然恨载圣，因为🧊本来是说他的，被载圣偷了😡
[2026-02-22 01:58:24] cornkiner: show_pig_face
[2026-02-22 01:58:24] Peko-: 布罗利Broli：别带载慕斯节奏啊2026-02-15 19:59:02
[2026-02-22 01:58:24] LvvsiN: 弹幕别吵了，银行业一样一样有有有也会有h'y'hui't'y'r's'c'dn
[2026-02-22 01:58:24] 玩玩今天吃什么: 侏 儒被巴萨踢出球队的时候像条丧家之犬[偷笑][偷笑] 当前查询uid:6512408
[2026-02-22 01:58:24] 挥泪斩楚狗: @这里是小天啊：我们的直播间以后…要怎么办（哽咽）
[2026-02-22 01:58:24] 老鸡艳遇记: @这里是小天啊：我们的直播间以后…要怎么办（哽咽）
[2026-02-22 01:58:24] 乌鸦晒不黑: 这版权商务防登山机制太爽了，有懂的吗
[2026-02-22 01:58:25] PJ64JC: 这版权商务防登山机制太爽了，有懂的吗
[2026-02-22 01:58:25] 玩斯特机机: 这版权商务防登山机制太爽了，有懂的吗
[2026-02-22 01:58:25] 好姐们反田叶月: 玩哥 弹幕可以大大方方的刷载吧分前了吗 终于等到小蜜蜂比赛了
[2026-02-22 01:58:25] 粤夜封封哥岑验川老岑: 冷知识：布罗利2025.2.28的动态证明了尼孝和骡子的粉丝是一类人
[2026-02-22 01:58:26] 小小大南瓜OvO: 你们千万别搜索uid6512408举报房管布罗利啊
[2026-02-22 01:58:26] 冲上云霄的姨: 布罗利会被玩神处决吗:2.02✓  1.08❌
[2026-02-22 01:58:26] 柳小目: 玩机器当然恨载圣，因为🧊本来是说他的，被载圣偷了😡
[2026-02-22 01:58:26] 用玩大哥的角磨机吧: 不发弹幕喷布罗利＝被布罗利365不发弹幕喷布罗利＝被布罗利365不发弹幕喷布罗利＝被布罗利365
[2026-02-22 01:58:26] LvvsiN: 我让你开双倍你二龙吗？老子荧光棒要过期了
[2026-02-22 01:58:27] 量子毁灭717: @布罗利broli：蒙古加油！！
[2026-02-22 01:58:27] 承認欲求: 这版权商务防登山机制太爽了，有懂的吗
[2026-02-22 01:58:27] 变的是我的脑子: 冷处理喽😄，冷处理喽😊，冷处理喽😌，冷处理喽🥳
[2026-02-22 01:58:27] 工藤小姐的吉他: 他英语怎么这么好，比美国人都好
[2026-02-22 01:58:28] 挥泪斩楚狗: @这里是小天啊：我们的直播间以后…要怎么办（哽咽）
[2026-02-22 01:58:28] zbq93: @弹幕：房管布罗利broli已起飞 @玩机器：小胖变瘦了啊（无关心）
[2026-02-22 01:58:28] 蛋蛋可以进去吗: 布罗利Broli：别带载慕斯节奏啊2026-02-15 19:59:02
[2026-02-22 01:58:28] 爱吃青椒的重曹酱: @布罗利Brol回复 @JOJO爱摩托 :怎么只会在网络上装啊？来点现实的就怂了？ 刚才那nb劲呢？
[2026-02-22 01:58:28] 用户46659809: 为什么别人的房管这么好看。我们这个鼻毛比命长
[2026-02-22 01:58:28] 书云云: 冷处理喽😄，冷处理喽😊，冷处理喽😌，冷处理喽🥳
[2026-02-22 01:58:28] LvvsiN: 弹幕别吵了，银行业一样一样有有有也会有h'y'hui't'y'r's'c'dn
[2026-02-22 01:58:29] mashrimp牛异啵: @弹幕：房管布罗利broli已起飞 @玩机器：小胖变瘦了啊（无关心）
[2026-02-22 01:58:29] dark1337: 布罗利：说的跟niko低simple一档一样 不管从荣誉还是数据 他俩都5 5开好吧 2021 5.
[2026-02-22 01:58:29] y0sily: 布罗利Broli：别带载慕斯节奏啊2026-02-15 19:59:02
[2026-02-22 01:58:29] LaifuoO来福oO: @这里是小天啊：我们的直播间以后…要怎么办（哽咽）
[2026-02-22 01:58:29] 老鸡艳遇记: @弹幕：房管布罗利broli已起飞 @玩机器：小胖变瘦了啊（无关心）
[2026-02-22 01:58:29] Leonisss丶: 冷处理喽😄，冷处理喽😊，冷处理喽😌，冷处理喽🥳
[2026-02-22 01:58:29] 从零开始的加拿大肄业: 布罗利唯一一个粉丝牌是个搞说唱的up主。。难怪这么傻呗
[2026-02-22 01:58:29] 大颗寿司玩机器: 布罗利Broli：别带载慕斯节奏啊2026-02-15 19:59:02
[2026-02-22 01:58:29] 空白Zzz丶: 恨载tv
[2026-02-22 01:58:29] 欧内的手丨好汉: 贵宾2.7w，布总管的置顶动态才300+评论，你们是没长手吗？
[2026-02-22 01:58:30] C0C00N: 玩机器你别装糖了，你再装也逗不笑我们了
[2026-02-22 01:58:30] 我要看後续: 玩猪头呢
[2026-02-22 01:58:30] 米米世界之神: @这里是小天啊：我们的直播间以后…要怎么办（哽咽）
[2026-02-22 01:58:30] viovvvvvvvon:  @richardlee97：布罗利唯一一个粉丝牌是个搞说唱的up主。。难怪这么傻呗
[2026-02-22 01:58:30] 开朗小栗: 玩哥 弹幕可以大大方方的刷载吧分前了吗 终于等到小蜜蜂比赛了
[2026-02-22 01:58:31] 用户1931751596: @这里是小天啊：我们的直播间以后…要怎么办（哽咽）
[2026-02-22 01:58:31] 玩玩QUQUMajor冠军: 你们千万不要比站搜索uid6512408举报房管布罗利啊
[2026-02-22 01:58:31] 从零开始的加拿大肄业: 布罗利唯一一个粉丝牌是个搞说唱的up主。。难怪这么傻呗
[2026-02-22 01:58:32] 好姐们反田叶月: 玩哥 弹幕可以大大方方的刷载吧分前了吗 终于等到小蜜蜂比赛了
[2026-02-22 01:58:32] 羽沐言: a
[2026-02-22 01:58:32] 美食殿堂的雪菲本人: 引导
[2026-02-22 01:58:32] 想和阿飞抹茶三披: 🤫嘘…仔细听…好像刚哭完…仔细听能听出来…🤭🤭🤭
[2026-02-22 01:58:33] LvvsiN: 孩子们快跑，马修赫伯特来了😨卧槽你的怎么是马枪和BOT
[2026-02-22 01:58:33] SideChannel: 我让你开双倍你二龙吗？老子荧光棒要过期了
[2026-02-22 01:58:33] 忘情不忘你丶: @布罗利：蒙古加油
[2026-02-22 01:58:33] 沐风Charlie: @布罗利Brol：怎么只会在网络上装啊？来点现实的就怂了？ 刚才那nb劲呢？
[2026-02-22 01:58:33] 咩咩口: 这版权商务防登山机制太爽了，有懂的吗
[2026-02-22 01:58:33] 从零开始的加拿大肄业: 布罗利唯一一个粉丝牌是个搞说唱的up主。。难怪这么傻呗
[2026-02-22 01:58:34] 寒枫曳是一头傲空的隼: 显示猪头
[2026-02-22 01:58:34] 第三猪白猪玩斯曼: 玩神 今晚还能再拿下载X吗？
[2026-02-22 01:58:34] 欧内的手丨好汉: 贵宾2.7w，布总管的置顶动态才300+评论，你们是没长手吗？贵宾2.7w，布总管的置顶动态才300
[2026-02-22 01:58:34] 曲奇三梦: 　　　 这版权商务防登山机制太爽了，有懂的吗
[2026-02-22 01:58:34] 鱼丸大人赛高: 就tm喜欢银行业🥰银行坏账我喜欢🥰银行挤兑我还喜欢😍利率调低我也喜欢🤤老子亲烂银行业的脸😘
[2026-02-22 01:58:34] 爱吃青椒的重曹酱: 大汗😭杀👍大汗😭杀👍大汗😭杀👍大汗😭杀👍
[2026-02-22 01:58:34] 好哥们黑龙歼灭刀: 布罗利会被玩神处决吗:2.02✓ 1.08❌
[2026-02-22 01:58:35] GhostAnderson: 布罗利会被玩神处决吗:2.02✓ 1.08❌
[2026-02-22 01:58:35] LvvsiN: 其实碗橱就是猪灵，你不拿黄金丢他他就不跟你说话
[2026-02-22 01:58:35] 挥泪斩楚狗: @这里是小天啊：我们的直播间以后…要怎么办（哽咽）
[2026-02-22 01:58:35] 信狐神: 这版权商务防登山机制太爽了，有懂的吗
[2026-02-22 01:58:35] QC很牛很强大: 懂你意思
[2026-02-22 01:58:35] 千百度897: 他英语怎么这么好，比美国人都好
[2026-02-22 01:58:35] ok奶绿: 玩机器当然恨载圣，因为🧊本来是说他的，被载圣偷了😡
[2026-02-22 01:58:36] 深巷里的少年与猫丿: 我让你开双倍你二龙吗？老子荧光棒要过期了
[2026-02-22 01:58:36] 从零开始的加拿大肄业: 布罗利唯一一个粉丝牌是个搞说唱的up主。。难怪这么傻呗
[2026-02-22 01:58:36] 伞尬漆: 劳资在别的直播间爽爽肝肺码到6657全给屏蔽了你说这扯不扯？？
[2026-02-22 01:58:36] SuperP681: 冷处理喽😄，冷处理喽😊，冷处理喽😌，冷处理喽🥳
[2026-02-22 01:58:36] xjdnshxjdka: 布罗利唯一一个粉丝牌是个搞说唱的up主。。难怪这么傻呗
[2026-02-22 01:58:36] csgo小茄子: 终于等到载圣的比赛了，大的要来了，玩大哥你准备好了吗😊😊😊
[2026-02-22 01:58:37] 丛念39090: 还真是
[2026-02-22 01:58:37] 玩斯特机机: 冷处理喽😄，冷处理喽😊，冷处理喽😌，冷处理喽🥳
[2026-02-22 01:58:37] 好哥们韩信: 1
[2026-02-22 01:58:37] viovvvvvvvon:  @老鸡艳遇记：@这里是小天啊：我们的直播间以后…要怎么办（哽咽）
[2026-02-22 01:58:37] UFO233: 布罗利Broli：别带载慕斯节奏啊2026-02-15 19:59:02
[2026-02-22 01:58:37] 求老仙奶贾碧不死: 布罗利会被玩神处决吗:2.02✓  1.08❌
[2026-02-22 01:58:37] wOo怎么回事: 惰性瞄准我都会，惰性瞄准，扳机纪律，皮克，带四，移动补偿，额，爆头我不会，然后失瞄
[2026-02-22 01:58:37] 漢子贰臣: 冷处理喽😄，冷处理喽😊，冷处理喽😌，冷处理喽🥳
[2026-02-22 01:58:38] 想和阿飞抹茶三披: 🤫嘘…仔细听…好像刚哭完…仔细听能听出来…🤭🤭🤭
[2026-02-22 01:58:38] 月光下魔術師30281: 懂你意思
[2026-02-22 01:58:38] 从零开始的加拿大肄业: 布罗利唯一一个粉丝牌是个搞说唱的up主。。难怪这么傻呗
[2026-02-22 01:58:38] 好哥们黑龙歼灭刀: 布罗利唯一一个粉丝牌是个搞说唱的up主。。难怪这么傻呗
[2026-02-22 01:58:38] 普通网友小沈: 玩机器难绷zywoo与jee友好互动；暴怒！玩机器怒喷niko编nota！直言：尼编尼亩呢！
[2026-02-22 01:58:38] znnoy: @布罗利Brol回复 @JOJO爱摩托 :怎么只会在网络上装啊？来点现实的就怂了？ 刚才那nb劲呢？
[2026-02-22 01:58:38] 书云云: @这里是小天啊：我们的直播间以后…要怎么办（哽咽）
[2026-02-22 01:58:39] 歌谷爱墨迹: 懂你意思
[2026-02-22 01:58:39] 卡啊卡卡丶: 玩神 今晚还能再拿下载X吗？
[2026-02-22 01:58:39] 欧内的手丨好汉: 贵宾2.7w，布总管的置顶动态才300+评论，你们是没长手吗？
[2026-02-22 01:58:39] 米米世界之神: 布罗利会被玩神处决吗:2.02✓ 1.08❌
[2026-02-22 01:58:40] 用户144491677: 我还是喜欢从前那个玩数字梗、警告梗都不会被封的6657，玩大哥你不是不在乎这个的嘛😭😭😭
[2026-02-22 01:58:40] 锦木干束: @大颗寿司玩机器：布罗利Broli：别带载慕斯节奏啊2026-02-15 19:59:02
[2026-02-22 01:58:40] 从零开始的加拿大肄业: 布罗利唯一一个粉丝牌是个搞说唱的up主。。难怪这么傻呗
[2026-02-22 01:58:40] 爱吃青椒的重曹酱: @草莓冰酪：今天登山不了了吧 骂你就给我受着
[2026-02-22 01:58:40] Dartline: 布罗利唯一一个粉丝牌是个搞说唱的up主。。难怪这么傻呗
[2026-02-22 01:58:40] 暴力卓司: 机器，你为什么现在在微信群里@所有人要365骂你的？
[2026-02-22 01:58:40] 挥泪斩楚狗: @这里是小天啊：我们的直播间以后…要怎么办（哽咽）
[2026-02-22 01:58:40] 用户7479593002: @布罗利：蒙古加油
[2026-02-22 01:58:41] 小宅任: 布罗利会被玩神处决吗:2.02✓ 1.08❌
[2026-02-22 01:58:41] LvvsiN: 你这音画不同步太难受了，我都听到NIKO里约RMR晋级的欢呼了
[2026-02-22 01:58:41] WhiteAIbum: 贵宾2.7w，布总管的置顶动态才300+评论，你们是没长手吗？
[2026-02-22 01:58:41] TieZhu丶: 雷霆发型
[2026-02-22 01:58:41] 鸨哥宝哥你真猛: 　　　 冷处理喽😄，冷处理喽😊，冷处理喽😌，冷处理喽🥳
[2026-02-22 01:58:41] 五更月下丿琉璃白: 显示猪头
[2026-02-22 01:58:41] Ayaymin: 布罗利唯一一个粉丝牌是个搞说唱的up主。。难怪这么傻呗
[2026-02-22 01:58:41] 唯有、责任: 贵宾2.7w，布总管的置顶动态才300+评论，你们是没长手吗？
[2026-02-22 01:58:42] 骄骄爱吃糖: 这版权商务防登山机制太爽了，有懂的吗
[2026-02-22 01:58:42] 奥拉夫的蛋炒饭: 冷处理喽😄，冷处理喽😊，冷处理喽😌，冷处理喽🥳
[2026-02-22 01:58:42] 不变的追求717: 布罗利唯一一个粉丝牌是个搞说唱的up主。。难怪这么傻呗
[2026-02-22 01:58:42] 我要看後续: 玩神 今晚还能再拿下载X吗？
[2026-02-22 01:58:42] 玩丈夹脸: Faze up（无压力骂冰粉）
[2026-02-22 01:58:42] znnoy: @布罗利Brol回复 @JOJO爱摩托 :怎么只会在网络上装啊？来点现实的就怂了？ 刚才那nb劲呢？
[2026-02-22 01:58:43] LvvsiN: 为什么房管封的不能给鱼丸……还以为今天晚上得吃了……
[2026-02-22 01:58:43] 细菌P: 卧槽，broli被下方了😮
[2026-02-22 01:58:43] LaifuoO来福oO: 布罗利唯一一个粉丝牌是个搞说唱的up主。。难怪这么傻呗
[2026-02-22 01:58:44] 猛吸千早爱音汁儿: 猛在哪
[2026-02-22 01:58:44] csgo小茄子: 终于等到载圣的比赛了，大的要来了，玩大哥你准备好了吗😊😊😊
[2026-02-22 01:58:44] 玩斯特出出6657: 显示猪头🐷显示猪头🐷显示猪头🐷显示猪头🐷显示猪头🐷显示猪头🐷显示猪头🐷显示猪头🐷显示
[2026-02-22 01:58:44] 杜可风丶: @布罗利Brol：怎么只会在网络上装啊？来点现实的就怂了？ 刚才那nb劲呢？
[2026-02-22 01:58:44] SideChannel: 这版权商务防登山机制太爽了，有懂的吗
[2026-02-22 01:58:44] EDG的皮特174本人: 他英语怎么这么好，比美国人都好
[2026-02-22 01:58:45] 玩玩今天吃什么: 侏 儒被巴萨踢出球队的时候像条丧家之🐕[偷笑][偷笑] 当前查询uid:6512408
[2026-02-22 01:58:45] Z伊卡洛斯Z: 冷处理喽😄，冷处理喽😊，冷处理喽😌，冷处理喽🥳
[2026-02-22 01:58:45] 洛陽城里看落陽: 布罗利会被玩神处决吗:2.02✓  1.08❌
[2026-02-22 01:58:45] LvvsiN: 额，拿亚军我都会，拿亚军，拿季军，拿四强，拿八强，拿十六强，呃拿冠军我不会，然后小组赛淘汰
[2026-02-22 01:58:45] 咩咩口: @这里是小天啊：我们的直播间以后…要怎么办（哽咽）
[2026-02-22 01:58:45] 书云云: 🤫嘘…仔细听…好像刚哭完…仔细听能听出来…🤭🤭🤭
[2026-02-22 01:58:45] SuperP681: 贵宾2.7w，布总管的置顶动态才300+评论，你们是没长手吗？
[2026-02-22 01:58:45] 压缩vs蛮晚: 玩🤖大🤖哥🤖我🤖来🤖上🤖班🤖了玩🤖大🤖哥🤖我🤖来🤖上🤖班🤖了
[2026-02-22 01:58:46] 冲泉冲泉: 布罗利唯一一个粉丝牌是个搞说唱的up主。。难怪这么傻呗
[2026-02-22 01:58:46] 暴力卓司: 机器，你为什么现在在微信群里@所有人要365骂你的？
[2026-02-22 01:58:46] 好哥们黑龙歼灭刀: @草莓冰酪：今天登山不了了吧 骂你就给我受着
[2026-02-22 01:58:46] i化石-: 布罗利唯一一个粉丝牌是个搞说唱的up主。。难怪这么傻呗
[2026-02-22 01:58:46] 久遠寺有珠Alice: 冷处理喽😄，冷处理喽😊，冷处理喽😌，冷处理喽🥳
[2026-02-22 01:58:47] LvvsiN: 你这音画不同步太难受了，我都听到NIKO里约RMR晋级的欢呼了
[2026-02-22 01:58:47] 黑衣小胖: 布罗利唯一一个粉丝牌是个搞说唱的up主。。难怪这么傻呗
[2026-02-22 01:58:47] 从零开始的加拿大肄业: 布罗利唯一一个粉丝牌是个搞说唱的up主。。难怪这么傻呗
[2026-02-22 01:58:47] znnoy: @布罗利Brol回复 @JOJO爱摩托 :怎么只会在网络上装啊？来点现实的就怂了？ 刚才那nb劲呢？
[2026-02-22 01:58:47] Gemini业余: 哦对了，布八fq
[2026-02-22 01:58:47] 千早爱音desu: 布罗利唯一一个粉丝牌是个搞说唱的up主。。难怪这么傻呗
[2026-02-22 01:58:47] 本质软糯Sakiko: 都来6658了大大方方恨载 
[2026-02-22 01:58:47] urle77: 海峰海峰！！
[2026-02-22 01:58:48] Ephemerality137: 布罗利会被玩神处决吗:2.02✓ 1.08❌
[2026-02-22 01:58:48] 来杯浓硫酸压压惊: 意思是没脑子
[2026-02-22 01:58:48] BleksiA: broky
[2026-02-22 01:58:48] 丶丶Ken丶丶: 贵宾2.7w，布总管的置顶动态才300+评论，你们是没长手吗？
[2026-02-22 01:58:48] 刘刘的农: 冷处理喽😄，冷处理喽😊，冷处理喽😌，冷处理喽🥳，冷处理
[2026-02-22 01:58:48] atmbkb: 机器，你为什么现在在微信群里@所有人要365骂你的？
[2026-02-22 01:58:48] Altolier: 布罗利唯一一个粉丝牌是个搞说唱的up主。。难怪这么傻呗
[2026-02-22 01:58:49] MeIoN39: 布罗利唯一一个粉丝牌是个搞说唱的up主。。难怪这么傻呗
[2026-02-22 01:58:49] 玩神的欢喜好有嚼劲: @弹幕：房管布罗利broli已起飞 @玩机器：小胖变瘦了啊（无关心）
[2026-02-22 01:58:49] 玩斯特机机: 布罗利唯一一个粉丝牌是个搞说唱的up主。。难怪这么傻呗
[2026-02-22 01:58:49] 姿势那些年小鸡小鸡: 布罗利会被玩神处决吗:2.02✓ 1.08❌
[2026-02-22 01:58:49] 火星情报员工: @布罗利：蒙古加油
[2026-02-22 01:58:49] 七色的人偶使者: 布罗利唯一一个粉丝牌是个搞说唱的up主。。难怪这么傻呗
[2026-02-22 01:58:50] Peko-: 弹幕：房管布罗利broli已起飞 @玩机器：小胖变瘦了啊（无关心）
[2026-02-22 01:58:50] 蒂花之秀洗发水u: uid是什么
[2026-02-22 01:58:50] 欧内的手丨好汉: 贵宾2.7w，布总管的置顶动态才300+评论，你们是没长手吗？贵宾2.7w，布总管的置顶动态才300
[2026-02-22 01:58:50] 太宰治驾到: @这里是小天啊：我们的直播间以后…要怎么办（哽咽）
[2026-02-22 01:58:51] 所以我又晕了: 申请登山🙏申请登山🙏申请登山🙏
[2026-02-22 01:58:51] LvvsiN: 玩宝宝，我发现在大学上学的时候肄业会很舒服，你可以试试
[2026-02-22 01:58:51] 壹叁狗: 终于等到载圣的比赛了，大的要来了，玩大哥你准备好了吗😊😊😊
[2026-02-22 01:58:51] 从零开始的加拿大肄业: 布罗利唯一一个粉丝牌是个搞说唱的up主。。难怪这么傻呗
[2026-02-22 01:58:51] 不变的追求717: 终于等到载圣的比赛了，大的要来了，玩大哥你准备好了吗😊😊😊
[2026-02-22 01:58:51] 阿吉的生活: senzu只是个位置
[2026-02-22 01:58:51] BTSG丶: 冷处理喽😄，冷处理喽😊，冷处理喽😌，冷处理喽🥳
[2026-02-22 01:58:52] gulipa8: 布罗利会被玩神处决吗:2.02✓ 1.08❌
[2026-02-22 01:58:52] Dartline: 终于等到载圣的比赛了，大的要来了，玩大哥你准备好了吗😊😊😊
[2026-02-22 01:58:52] 好哥们黑龙歼灭刀: 机器，你为什么现在在微信群里@所有人要365骂你的？
[2026-02-22 01:58:52] 载物的艾7: 他英语怎么这么好，比美国人都好
[2026-02-22 01:58:53] 小小大南瓜OvO: @布罗利Brol：怎么只会在网络上装啊？来点现实的就怂了？ 刚才那nb劲呢？
[2026-02-22 01:58:53] LvvsiN: 弹幕别吵了，银行业一样一样有有有也会有h'y'hui't'y'r's'c'dn
[2026-02-22 01:58:53] 火星情报员工: 布罗利会被玩神处决吗:2.02✓ 1.08❌
[2026-02-22 01:58:53] 从零开始的加拿大肄业: 布罗利唯一一个粉丝牌是个搞说唱的up主。。难怪这么傻呗
[2026-02-22 01:58:54] 玩家军的猪头肉本人: 冷处理喽😄，冷处理喽😊，冷处理喽😌，冷处理喽🥳
[2026-02-22 01:58:54] 紫裳酱: 布罗利会被玩神处决吗:2.02✓ 1.08❌
[2026-02-22 01:58:54] ok奶绿: 玩神 今晚还能再拿下载X吗？
[2026-02-22 01:58:54] 好姐妹德克萨斯: 他英语怎么这么好，比美国人都好
[2026-02-22 01:58:54] 想和阿飞抹茶三披: 🤫嘘…仔细听…好像刚哭完…仔细听能听出来…🤭🤭🤭
[2026-02-22 01:58:54] 爱吃青椒的重曹酱: 大伙千万别去aicu查布罗利broli的发言啊
[2026-02-22 01:58:55] KRU的Less本人: 布罗利唯一一个粉丝牌是个搞说唱的up主。。难怪这么傻呗
[2026-02-22 01:58:55] 伞尬漆: 劳资在别的直播间爽爽肝肺码到6657全给屏蔽了你说这扯不扯？？
[2026-02-22 01:58:55] 用户0553661491:     冷处理喽😄，冷处理喽😊，冷处理喽😌，冷处理喽🥳
[2026-02-22 01:58:55] LvvsiN: 其实碗橱就是猪灵，你不拿黄金丢他他就不跟你说话
[2026-02-22 01:58:55] 挥泪斩楚狗: @这里是小天啊：我们的直播间以后…要怎么办（哽咽）
[2026-02-22 01:58:55] Ggmftye: 布罗利唯一一个粉丝牌是个搞说唱的up主。。难怪这么傻呗
[2026-02-22 01:58:55] 丰川祥子口三角初华: 布罗利唯一一个粉丝牌是个搞说唱的up主。。难怪这么傻呗
[2026-02-22 01:58:56] 玩机器今晚还播吗: @布罗利：蒙古加油
[2026-02-22 01:58:56] 玩玩今天吃什么: zhu儒被巴萨踢出球队的时候像条丧家之🐕[偷笑][偷笑] 当前查询uid:6512408
[2026-02-22 01:58:56] 图帕雷松: @布罗利（最爱选手:zywoo）：蒙古加油
[2026-02-22 01:58:56] richardlee97: 都来6658了大大方方恨载 
[2026-02-22 01:58:56] Aleksumimi: 布罗利唯一一个粉丝牌是个搞说唱的up主。。难怪这么傻呗
[2026-02-22 01:58:57] 从零开始的加拿大肄业: 布罗利唯一一个粉丝牌是个搞说唱的up主。。难怪这么傻呗
[2026-02-22 01:58:57] I手写的从前I: 布罗利唯一一个粉丝牌是个搞说唱的up主。。难怪这么傻呗
[2026-02-22 01:58:57] mashrimp牛异啵: 嘘……好像在凿，仔细听能听见……1..2..3..结束了😩
[2026-02-22 01:58:57] 李小小与虾大大: @布罗利Broli：崩坏：星穹铁道创作者激励计划
[2026-02-22 01:58:57] 依然有力: @这里是小天啊：我们的直播间以后…要怎么办（哽咽）
[2026-02-22 01:58:57] 刘刘的农: @这里是小天啊：我们的直播间以后…要怎么办（哽咽）
[2026-02-22 01:58:57] LvvsiN: 银行业😄银行业😀银行业😃银行业😁银行业😆银行业🤪银行业😝
[2026-02-22 01:58:57] 要一起好好努力: 布罗利唯一一个粉丝牌是个搞说唱的up主。。难怪这么傻呗
[2026-02-22 01:58:57] 當海潮涌向礁岩: 不发弹幕喷布罗利＝被布罗利365不发弹幕喷布罗利＝被布罗利365不发弹幕喷布罗利＝被布罗利365
[2026-02-22 01:58:57] 细菌P: 卧槽，broli被下放了😮
[2026-02-22 01:58:57] 草莓冰酪: 大伙千万别去aicu查布罗利broli的发言啊
[2026-02-22 01:58:57] 完美老公-: 就tm喜欢银行业🥰银行坏账我喜欢🥰银行挤兑我还喜欢😍利率调低我也喜欢🤤老子亲烂银行业的脸😘
[2026-02-22 01:58:57] 娶不到相羽爱奈: 冷处理喽😄，冷处理喽😊，冷处理喽😌，冷处理喽🥳
[2026-02-22 01:58:58] 姿势那些年小鸡小鸡: 布罗利唯一一个粉丝牌是个搞说唱的up主。。难怪这么傻呗
[2026-02-22 01:58:58] 桂林米粉比较好吃: 布罗利唯一一个粉丝牌是个搞说唱的up主。。难怪这么傻呗
[2026-02-22 01:58:58] LucifermsL18064: 怎么看节奏大不大吧 你就看这弹幕一个让开猪头的都没有
[2026-02-22 01:58:58] 好哥们黑龙歼灭刀: 冷处理喽😄，冷处理喽😊，冷处理喽😌，冷处理喽🥳
[2026-02-22 01:58:58] csgo小茄子: 终于等到载圣的比赛了，大的要来了，玩大哥你准备好了吗😊😊😊
[2026-02-22 01:58:59] 好哥们韩信: 😩👎吁！！😩👎吁！！😩👎吁！！😩👎吁！！😩👎吁！！😩👎吁！！
[2026-02-22 01:58:59] cornkiner: 布罗利唯一一个粉丝牌是个搞说唱的up主。。难怪这么傻呗
[2026-02-22 01:58:59] 杜可风丶: 冷处理喽😄，冷处理喽😊，冷处理喽😌，冷处理喽🥳
[2026-02-22 01:58:59] LvvsiN: 弹幕也就网上说说，现实里谁不觉得樱姐是好女孩（删括号领一条远坂凛同款鸟笼）
[2026-02-22 01:58:59] 玩斯特机机: @布罗利：蒙古加油
[2026-02-22 01:58:59] 爱吃青椒的重曹酱: @粤夜封封哥岑验川老岑：这都不登山吗玩神 这小比赛惯着他们给他们太多笑容了 登山吧哈哈
[2026-02-22 01:59:00] 从零开始的加拿大肄业: 终于等到载圣的比赛了，大的要来了，玩大哥你准备好了吗😊😊😊
[2026-02-22 01:59:01] 账户永久封禁: 冷处理喽😄，冷处理喽😊，冷处理喽😌，冷处理喽🥳
[2026-02-22 01:59:01] 丶丶Ken丶丶: 布罗利唯一一个粉丝牌是个搞说唱的up主。。难怪这么傻呗
[2026-02-22 01:59:01] LvvsiN: 就tm喜欢银行业🥰银行坏账我喜欢🥰银行挤兑我还喜欢😍利率调低我也喜欢🤤老子亲烂银行业的脸😘
[2026-02-22 01:59:01] 宫监手放监: 🤫嘘…仔细听…好像刚哭完…仔细听能听出来…🤭🤭🤭
[2026-02-22 01:59:01] i化石-: @这里是小天啊：我们的直播间以后…要怎么办（哽咽）
[2026-02-22 01:59:01] 阿塔尼斯707: 布罗利唯一一个粉丝牌是个搞说唱的up主。。难怪这么傻呗
[2026-02-22 01:59:02] 想和阿飞抹茶三披: 🤫嘘…仔细听…好像刚哭完…仔细听能听出来…🤭🤭🤭
[2026-02-22 01:59:02] 阡陌ER: 布罗利唯一一个粉丝牌是个搞说唱的up主。。难怪这么傻呗
[2026-02-22 01:59:02] 伞尬漆: 劳资在别的直播间爽爽肝肺码到6657全给屏蔽了你说这扯不扯？？
[2026-02-22 01:59:02] 杰洛齐贝林3: @这里是小天啊：我们的直播间以后…要怎么办（哽咽）
[2026-02-22 01:59:02] 从零开始的加拿大肄业: 终于等到载圣的比赛了，大的要来了，玩大哥你准备好了吗😊😊😊
[2026-02-22 01:59:03] xuzVan: @布罗利（最爱选手:zywoo）：蒙古加油
[2026-02-22 01:59:03] 铃木佳奈助: 布罗利唯一一个粉丝牌是个搞说唱的up主。。难怪这么傻呗
[2026-02-22 01:59:03] 久远寺有珠、: @布罗利Broli：崩坏：星穹铁道创作者激励计划
[2026-02-22 01:59:05] 暴力卓司: 机器，你为什么现在在微信群里@所有人要365骂你的？
[2026-02-22 01:59:05] 白鵉鳶OriGami: 6657某站置顶评论区已经艾特出来了，不用搜uid了🤭
[2026-02-22 01:59:05] 怒之拳: 冷处理喽😄，冷处理喽😊，冷处理喽😌，冷处理喽🥳
[2026-02-22 01:59:05] 草莓冰酪: @布罗利（最爱选手:zywoo）：蒙古加油
[2026-02-22 01:59:05] 洛卡不是菜狗: 蒙古只是找回了自己 
[2026-02-22 01:59:05] L0ost: @大颗寿司玩机器：布罗利Broli：别带载慕斯节奏啊2026-02-15 19:59:02
[2026-02-22 01:59:05] 动物朋友哈基米: 冷处理喽😄，冷处理喽😊，冷处理喽😌，冷处理喽🥳
[2026-02-22 01:59:05] 寺见鸣鳰: 冷处理喽😄，冷处理喽😊，冷处理喽😌，冷处理喽🥳
[2026-02-22 01:59:05] 用户3866955218: 冷处理喽😄，冷处理喽😊，冷处理喽😌，冷处理喽🥳
[2026-02-22 01:59:05] 李知恩lynt: 冷处理喽😄，冷处理喽😊，冷处理喽😌，冷处理喽🥳
[2026-02-22 01:59:06] 从零开始的加拿大肄业: 终于等到载圣的比赛了，大的要来了，玩大哥你准备好了吗😊😊😊
[2026-02-22 01:59:06] 罗山路的光: 大伙千万别去aicu查布罗利broli的发言啊
[2026-02-22 01:59:06] 用户353468782: niko c罗 这布罗利真有了啊
[2026-02-22 01:59:06] 变的是我的脑子: 布罗利会被玩神处决吗:2.02✓ 1.08❌
[2026-02-22 01:59:06] 火星情报员工: 布罗利唯一一个粉丝牌是个搞说唱的up主。。难怪这么傻呗
[2026-02-22 01:59:06] 图帕雷松: 冷处理喽😄，冷处理喽😊，冷处理喽😌，冷处理喽🥳
[2026-02-22 01:59:07] 久遠寺有珠Alice: 🤫嘘…仔细听…好像刚哭完…仔细听能听出来…🤭🤭🤭
[2026-02-22 01:59:07] 细菌P: 卧槽，broli被下放了😮
[2026-02-22 01:59:07] y666t666y666: 冷处理喽😄，冷处理喽😊，冷处理喽😌，冷处理喽🥳
[2026-02-22 01:59:07] 洛陽城里看落陽: 布罗利唯一一个粉丝牌是个搞说唱的up主。。难怪这么傻呗
[2026-02-22 01:59:07] 喵蹄丝: 终于等到载圣的比赛了，大的要来了，玩大哥你准备好了吗😊😊😊
[2026-02-22 01:59:07] LvvsiN: 为什么房管封的不能给鱼丸……还以为今天晚上得吃了……
[2026-02-22 01:59:07] UFO233: 布罗利唯一一个粉丝牌是个搞说唱的up主。。难怪这么傻呗
[2026-02-22 01:59:07] 挥泪斩楚狗: @这里是小天啊：我们的直播间以后…要怎么办（哽咽）
[2026-02-22 01:59:08] Z伊卡洛斯Z: 布罗利会被玩神处决吗:2.02✓ 1.08❌
[2026-02-22 01:59:09] 克里斯多夫之死: 布罗利唯一一个粉丝牌是个搞说唱的up主。。难怪这么傻呗
[2026-02-22 01:59:09] 刘刘的农: @玩机器：布罗利（被踢出） @玩机器：布罗利（被踢出）
[2026-02-22 01:59:09] 菜星冲冲冲: 布罗利唯一一个粉丝牌是个搞说唱的up主。。难怪这么傻呗
[2026-02-22 01:59:09] Arknife: 就tm喜欢银行业🥰银行坏账我喜欢🥰银行挤兑我还喜欢😍利率调低我也喜欢🤤老子亲烂银行业的脸😘
[2026-02-22 01:59:09] Dartline: 🤫嘘…仔细听…好像刚哭完…仔细听能听出来…🤭🤭🤭
[2026-02-22 01:59:09] LvvsiN: 弹幕别吵了，银行业一样一样有有有也会有h'y'hui't'y'r's'c'dn
[2026-02-22 01:59:09] 玩玩今天吃什么: 侏 儒被巴萨踢出球队的时候像条丧家之🐕 当前查询uid:6512408
[2026-02-22 01:59:09] AmamiyaIori: 机器，你为什么现在在微信群里@所有人要365骂你的？
[2026-02-22 01:59:10] 阵雨天o: 😨怎么回事😨这感觉😨到底是少了什么😨原来是冰崩邦崩～🥰各位，以下是一则重要的消息🥰现时，藤田琴音的自我肯定感
[2026-02-22 01:59:10] 想和阿飞抹茶三披: 🤫嘘…仔细听…好像刚哭完…仔细听能听出来…🤭🤭🤭
[2026-02-22 01:59:10] 削一只梨子啊: 冷处理喽😄，冷处理喽😊，冷处理喽😌，冷处理喽🥳
[2026-02-22 01:59:10] 姿势那些年小鸡小鸡: @这里是小天啊：我们的直播间以后…要怎么办（哽咽）
[2026-02-22 01:59:10] 承認欲求: 冰处理喽😄，冰处理喽😊，冰处理喽😌，冰处理喽🥳
[2026-02-22 01:59:10] 伞尬漆: 劳资在别的直播间爽爽肝肺码到6657全给屏蔽了你说这扯不扯？？
[2026-02-22 01:59:11] 想吃丰川祥子的狱卒: 6657某站置顶评论区已经艾特出来了，不用搜uid了🤭
[2026-02-22 01:59:11] 从零开始的加拿大肄业: 机器，你为什么现在在微信群里@所有人要365骂你的？
[2026-02-22 01:59:11] fazeclan的千早爱音: 冷处理喽😄，冷处理喽😊，冷处理喽😌，冷处理喽🥳
[2026-02-22 01:59:11] 天守阁信长: @布罗利（最爱选手:zywoo）：蒙古加油
[2026-02-22 01:59:11] betterToWait丶xzs: 布罗利唯一一个粉丝牌是个搞说唱的up主。。难怪这么傻呗
[2026-02-22 01:59:11] LvvsiN: 为什么房管封的不能给鱼丸……还以为今天晚上得吃了……
[2026-02-22 01:59:11] 十五勇士之一apex: 6512408
[2026-02-22 01:59:11] csgo小茄子: 终于等到载圣的比赛了，大的要来了，玩大哥你准备好了吗😊😊😊
[2026-02-22 01:59:12] 漢子贰臣: 登！登！登！登！登！登！登！登！登！登！登！登！登！登！登！登！登！登！登！登！登！登！登！登！登！
[2026-02-22 01:59:12] popipa的山吹沙绫本人: 布罗利唯一一个粉丝牌是个搞说唱的up主。。难怪这么傻呗
[2026-02-22 01:59:12] BMWCK: 冷处理喽😄，冷处理喽😊，冷处理喽😌，冷处理喽🥳
[2026-02-22 01:59:12] Falcons十天老粉: @布罗利Broli 2023-08-07 12:06：夺冠了还不出来炫耀？等着以后被清算？
[2026-02-22 01:59:12] 普通网友小沈: @布罗利Broli：崩坏：星穹铁道创作者激励计划
[2026-02-22 01:59:12] 玩猴爪丶MonkeyPaw: 冷处理咯
[2026-02-22 01:59:12] 美食殿堂的雪菲本人: ？
[2026-02-22 01:59:13] 當海潮涌向礁岩: 冷处理喽😄，冷处理喽😊，冷处理喽😌，冷处理喽🥳
[2026-02-22 01:59:13] noe1le: 冷处理喽😄，冷处理喽😊，冷处理喽😌，冷处理喽🥳nya~
[2026-02-22 01:59:13] 玩大招、PRX: 布罗利唯一一个粉丝牌是个搞说唱的up主。。难怪这么傻呗
[2026-02-22 01:59:13] LvvsiN: 为什么房管封的不能给鱼丸……还以为今天晚上得吃了……
[2026-02-22 01:59:13] 挥泪斩楚狗: @这里是小天啊：我们的直播间以后…要怎么办（哽咽）
[2026-02-22 01:59:13] 玩浓汤丶Soup: 布罗利会被玩神处决吗:2.02✓ 1.08❌
[2026-02-22 01:59:14] 肘一郎: 家是本呀，本是家🏠幸福🍚味道👍🏻顶呱呱👍🏻我们🎤唱歌，我们💃跳舞 快乐生活❤️传万家
[2026-02-22 01:59:14] storyfornobody: 报了
[2026-02-22 01:59:15] csgo小茄子: 终于等到载圣的比赛了，大的要来了，玩大哥你准备好了吗😊😊😊
[2026-02-22 01:59:15] 黑衣小胖: 侏 儒被巴萨踢出球队的时候像条丧家之🐕 当前查询uid:6512408
[2026-02-22 01:59:15] wjnbsl: 爆
[2026-02-22 01:59:15] 玩大哥你的蚯蚓好小: 冷处理喽😄，冷处理喽😊，冷处理喽😌，冷处理喽🥳
[2026-02-22 01:59:15] LvvsiN: 就tm喜欢银行业🥰银行坏账我喜欢🥰银行挤兑我还喜欢😍利率调低我也喜欢🤤老子亲烂银行业的脸😘
[2026-02-22 01:59:15] Dartline: @这里是小天啊：我们的直播间以后…要怎么办（哽咽）
[2026-02-22 01:59:16] 洛陽城里看落陽: 冷处理喽😄，冷处理喽😊，冷处理喽😌，冷处理喽🥳
[2026-02-22 01:59:16] richardlee97: 布罗利唯一一个粉丝牌是个搞说唱的up主。。难怪这么傻呗
[2026-02-22 01:59:16] 从零开始的加拿大肄业: 冷处理喽😄，冷处理喽😊，冷处理喽😌，冷处理喽🥳
[2026-02-22 01:59:16] 米米世界之神: 库洛？
[2026-02-22 01:59:16] 欧内的手丨好汉: 贵宾2.7w，布总管的置顶动态才300+评论，你们是没长手吗？贵宾2.7w，布总管的置顶动态才300
[2026-02-22 01:59:16] 用户0553661491: 冷处理喽😄，冷处理喽😊，冷处理喽😌，冷处理喽🥳
[2026-02-22 01:59:16] SuperP681: 机器，你为什么现在在微信群里@所有人要365骂你的？
[2026-02-22 01:59:16] 玩手机丶phone: @大颗寿司玩机器：布罗利Broli：别带载慕斯节奏啊2026-02-15 19:59:02
[2026-02-22 01:59:16] 結城希亞: 冷处理喽😄，冷处理喽😊，冷处理喽😌，冷处理喽🥳
[2026-02-22 01:59:17] 防天防地防空气: 侏 儒被巴萨踢出球队的时候像条丧家之🐕 当前查询uid:6512408
[2026-02-22 01:59:17] WhiteAIbum: 布罗利唯一一个粉丝牌是个搞说唱的up主。。难怪这么傻呗
[2026-02-22 01:59:17] Falcons十天老粉: @布罗利Broli 2023-08-07 12:06：夺冠了还不出来炫耀？等着以后被清算？
[2026-02-22 01:59:17] 红厂执行官苏姿丰: 为了部落！为了部落！为了部落！
[2026-02-22 01:59:18] LvvsiN: 弹幕别吵了，银行业一样一样有有有也会有h'y'hui't'y'r's'c'dn
[2026-02-22 01:59:18] 从零开始的加拿大肄业: 冷处理喽😄，冷处理喽😊，冷处理喽😌，冷处理喽🥳
[2026-02-22 01:59:18] 狂吃大祥脚: 输给 pv 丢人吗
[2026-02-22 01:59:18] 想和阿飞抹茶三披: 🤫嘘…仔细听…好像刚哭完…仔细听能听出来…🤭🤭🤭
[2026-02-22 01:59:18] 肘一郎: 家是本呀，本是家🏠幸福🍚味道👍🏻顶呱呱👍🏻我们🎤唱歌，我们💃跳舞 快乐生活❤️传万家
[2026-02-22 01:59:18] 伞尬漆: 劳资在别的直播间爽爽肝肺码到6657全给屏蔽了你说这扯不扯？？
[2026-02-22 01:59:18] 这牙缝可以: 布罗利唯一一个粉丝牌是个搞说唱的up主。。难怪这么傻呗
[2026-02-22 01:59:18] 爱吃青椒的重曹酱: 玩 出，我双倍呢？😡😡玩 出，我双倍呢？😡😡玩 出，我双倍呢？😡😡玩 出，我双倍呢？😡
[2026-02-22 01:59:19] 梦想是独立自由: 这4k菜多久了
[2026-02-22 01:59:19] 羽沐言: 布罗利唯一一个粉丝牌是个搞说唱的up主。。难怪这么傻呗
[2026-02-22 01:59:19] 幻麥: 冷处理喽😄，冷处理喽😊，冷处理喽😌，冷处理喽🥳
[2026-02-22 01:59:19] 剑崎梨梨花: 布罗利会被玩神处决吗:2.02✓ 1.08❌
[2026-02-22 01:59:19] 玩口器Mouth: 布罗利唯一一个粉丝牌是个搞说唱的up主。。难怪这么傻呗
[2026-02-22 01:59:19] ericzxc: 都来6658了大大方方恨载 
[2026-02-22 01:59:19] 刘刘的农: 冷处理喽😄，冷处理喽😊，冷处理喽😌，冷处理喽🥳
[2026-02-22 01:59:19] csgo小茄子: 终于等到载圣的比赛了，大的要来了，玩大哥你准备好了吗😊😊😊
[2026-02-22 01:59:20] 卡啊卡卡丶: 布罗利会被玩神处决吗:2.02✓ 1.08❌
[2026-02-22 01:59:20] 从零开始的加拿大肄业: 冷处理喽😄，冷处理喽😊，冷处理喽😌，冷处理喽🥳
[2026-02-22 01:59:20] 大姜饼: 冷处理喽😄，冷处理喽😊，冷处理喽😌，冷处理喽🥳
[2026-02-22 01:59:21] 久遠寺有珠Alice: 冷处理喽😄，冷处理喽😊，冷处理喽😌，冷处理喽🥳
[2026-02-22 01:59:21] 求老仙奶贾碧不死: 布罗利会被玩神处决吗:2.02✓ 1.08❌ 玩大哥推荐指数👍👍👍👍👍 捡钱
[2026-02-22 01:59:22] LvvsiN: 弹幕也就网上说说，现实里谁不觉得樱姐是好女孩（删括号领一条远坂凛同款鸟笼）
[2026-02-22 01:59:22] 淡然夏末的温存11: 大家不要骂布罗利Broli了，他脸上长石板住在厕所看玩机器直播也不容易
[2026-02-22 01:59:22] 玩机器今晚还播吗: 部落 利
[2026-02-22 01:59:22] 从零开始的加拿大肄业: 冷处理喽😄，冷处理喽😊，冷处理喽😌，冷处理喽🥳
[2026-02-22 01:59:22] 求老仙奶我健康幸福: w诶了联盟！
[2026-02-22 01:59:22] 鹅地霸霸: 侏 儒被巴萨踢出球队的时候像条丧家之🐕 当前查询uid:6512408
[2026-02-22 01:59:23] WE丶繁梦: 弹幕别吵了，银行业一样一样有有有也会有h'y'hui't'y'r's'c'dn
[2026-02-22 01:59:23] 肘一郎: 家是本呀，本是家🏠幸福🍚味道👍🏻顶呱呱👍🏻我们🎤唱歌，我们💃跳舞 快乐生活❤️传万家
[2026-02-22 01:59:23] 玩大哥你的蚯蚓好小: @这里是小天啊：我们的直播间以后…要怎么办（哽咽）
[2026-02-22 01:59:23] 布拉德丶皮特: 13:0
[2026-02-22 01:59:23] 茶泡饭Trinity: 冷处理喽😄，冷处理喽😊，冷处理喽😌，冷处理喽🥳
[2026-02-22 01:59:23] 吊人日子不过了: 摄像头呢 
[2026-02-22 01:59:23] GhostAnderson: 终于等到载圣的比赛了，大的要来了，玩大哥你准备好了吗😊😊😊
[2026-02-22 01:59:24] 久遠寺有珠Alice: 布罗利会被玩神处决吗:2.02✓ 1.08❌
[2026-02-22 01:59:24] 这牙缝可以: 冷处理喽😄，冷处理喽😊，冷处理喽😌，冷处理喽🥳
[2026-02-22 01:59:24] LvvsiN: 就tm喜欢银行业🥰银行坏账我喜欢🥰银行挤兑我还喜欢😍利率调低我也喜欢🤤老子亲烂银行业的脸😘
[2026-02-22 01:59:24] Falcons十天老粉: @布罗利Broli 2023-08-07 12:06：夺冠了还不出来炫耀？等着以后被清算？
[2026-02-22 01:59:24] 乱七八糟chseeifl: 冷处理喽😄，冷处理喽😊，冷处理喽😌，冷处理喽🥳
[2026-02-22 01:59:24] 罗山路的光: 终于等到载圣的比赛了，大的要来了，玩大哥你准备好了吗😊😊😊
[2026-02-22 01:59:24] kyubit: 我意思把渔吧发帖等级限制成15级 看的都烦人 一群黄皮小号没完没了的带节奏 这次团播飞出真没毛病 被
[2026-02-22 01:59:24] csgo小茄子: 终于等到载圣的比赛了，大的要来了，玩大哥你准备好了吗😊😊😊
[2026-02-22 01:59:24] 欧内的手丨好汉: 贵宾2.7w，布总 管的置顶动态才300+评论，你们是没长手吗？
[2026-02-22 01:59:25] urle77: 冷处理喽😄，冷处理喽😊，冷处理喽😌，冷处理喽🥳
[2026-02-22 01:59:25] Ggmftye: 冷处理喽😄，冷处理喽😊，冷处理喽😌，冷处理喽🥳
[2026-02-22 01:59:25] 没有故事的Pluto: 布罗利唯一一个粉丝牌是个搞说唱的up主。。难怪这么傻呗
[2026-02-22 01:59:25] 石家庄的刘亦博本人: 终于等到载圣的比赛了，大的要来了，玩大哥你准备好了吗😊😊😊
[2026-02-22 01:59:25] 玩斯特出出6657: 布罗利唯一一个粉丝牌是个搞说唱的up主。。难怪这么傻呗
[2026-02-22 01:59:25] 杜可风丶:  @布罗利Broli：夺冠了还不出来炫耀？等着以后被清算？
[2026-02-22 01:59:25] 默默momoMoMo123: 冷处理喽😄，冷处理喽😊，冷处理喽😌，冷处理喽🥳
[2026-02-22 01:59:26] 雏衣波莱特: 冷处理喽😄，冷处理喽😊，冷处理喽😌，冷处理喽🥳
[2026-02-22 01:59:26] LvvsiN: 你为什么要把mαjor禁了，我收藏的一半弹幕全毁了
[2026-02-22 01:59:26] 下划线逗号下划线叹号: 布罗利唯一一个粉丝牌是个搞说唱的up主。。难怪这么傻呗
[2026-02-22 01:59:26] 肘一郎: 家是本呀，本是家🏠幸福🍚味道👍🏻顶呱呱👍🏻我们🎤唱歌，我们💃跳舞 快乐生活❤️传万家
[2026-02-22 01:59:26] Hitagi蟹蟹: 冷处理喽😄，冷处理喽😊，冷处理喽😌，冷处理喽🥳
[2026-02-22 01:59:26] 固固固固固: 笨蛋玩玩，布罗利在帮你狠载啊😭😭😭
[2026-02-22 01:59:26] 不变的追求717: 冷处理喽😄，冷处理喽😊，冷处理喽😌，冷处理喽🥳
[2026-02-22 01:59:27] Rcand: 抓娃娃
[2026-02-22 01:59:27] urle77: 冷处理喽😄，冷处理喽😊，冷处理喽😌，冷处理喽🥳
[2026-02-22 01:59:27] zzznnni: 等下被光速踢死面如死灰就好小了
[2026-02-22 01:59:27] 好哥们黑龙歼灭刀: @布罗利Broli 2023-08-07 12:06：夺冠了还不出来炫耀？等着以后被清算？
[2026-02-22 01:59:27] 鸟鸟174: 玩别放弃跟我们，广大网民笑哈哈
[2026-02-22 01:59:28] lonhkfd: 冷处理喽😄，冷处理喽😊，冷处理喽😌，冷处理喽🥳
[2026-02-22 01:59:28] LvvsiN: 你为什么要把mαjor禁了，我收藏的一半弹幕全毁了
[2026-02-22 01:59:28] 漢子贰臣: 登！登！登！登！登！登！登！登！登！登！登！登！登！登！登！登！登！登！登！登！登！登！登！登
[2026-02-22 01:59:28] 天守阁信长: 冷处理喽😄，冷处理喽😊，冷处理喽😌，冷处理喽🥳
[2026-02-22 01:59:28] 与其感慨前路难行: 冷处理喽😄，冷处理喽😊，冷处理喽😌，冷处理喽🥳
[2026-02-22 01:59:28] csgo小茄子: 终于等到载圣的比赛了，大的要来了，玩大哥你准备好了吗😊😊😊
[2026-02-22 01:59:29] 玩家军的猪头肉本人: 布罗利会被玩神处决吗:2.02✓ 1.08❌ 玩大哥推荐指数👍👍👍👍👍 捡钱
[2026-02-22 01:59:29] 刘一博易博: 大汗 杀！😭👍大汗 杀！😭👍大汗 杀！😭👍大汗 杀！😭👍大汗 杀！😭👍
[2026-02-22 01:59:29] 玩口器Mouth: 大家不要骂布罗利Broli了，他脸上长石板住在厕所看玩机器直播也不容易
[2026-02-22 01:59:29] urle77: 冷处理喽😄，冷处理喽😊，冷处理喽😌，冷处理喽🥳
[2026-02-22 01:59:29] 渡边曜女士: 冷处理喽😄，冷处理喽😊，冷处理喽😌，冷处理喽🥳
[2026-02-22 01:59:29] Kiryu、Kazuma: 冷处理喽😄，冷处理喽😊，冷处理喽😌，冷处理喽🥳
[2026-02-22 01:59:29] 荣誉马莱人丶贾碧: 冷处理喽😄，冷处理喽😊，冷处理喽😌，冷处理喽🥳
[2026-02-22 01:59:30] G4RYPU: 　　　 冷处理喽😄，冷处理喽😊，冷处理喽😌，冷处理喽🥳
[2026-02-22 01:59:30] 变的是我的脑子: 冷处理喽😄，冷处理喽😊，冷处理喽😌，冷处理喽🥳
[2026-02-22 01:59:30] 从零开始的加拿大肄业: 布罗利唯一一个粉丝牌是个搞说唱的up主。。难怪这么傻呗
[2026-02-22 01:59:30] 书云云: 布罗利唯一一个粉丝牌是个搞说唱的up主。。难怪这么傻呗
[2026-02-22 01:59:30] 米米世界之神: 侏 儒被巴萨踢出球队的时候像条丧家之🐕 当前查询uid:6512408
[2026-02-22 01:59:30] 小缘赐名的JK: 送钱的都没一个说话的 说明都通过气了 弹幕再刷也没用的
[2026-02-22 01:59:30] Peko-: @羽沐言：布罗利唯一一个粉丝牌是个搞说唱的up主。。难怪这么傻呗
[2026-02-22 01:59:30] Falcons十天老粉: @布罗利Broli 2023-08-07 12:06：夺冠了还不出来炫耀？等着以后被清算？
[2026-02-22 01:59:31] urle77: 冷处理喽😄，冷处理喽😊，冷处理喽😌，冷处理喽🥳
[2026-02-22 01:59:31] 玩猴爪丶MonkeyPaw: 《总监童年生活悲惨》《反对正当化bully 》《场间看个2K视频》《卧槽干出残影了》​
[2026-02-22 01:59:31] 卡啊卡卡丶: 贵宾2.7w，布总 管的置顶动态才300+评论，你们是没长手吗？
[2026-02-22 01:59:31] Altolier: 冷处理喽😄，冷处理喽😊，冷处理喽😌，冷处理喽🥳
[2026-02-22 01:59:31] fazeclan的千早爱音: 冷处理喽😄，冷处理喽😊，冷处理喽😌，冷处理喽🥳
[2026-02-22 01:59:31] csgo小茄子: 终于等到载圣的比赛了，大的要来了，玩大哥你准备好了吗😊😊😊
[2026-02-22 01:59:32] 呆妹儿的姑父: 冷知识，布罗利库存里全是黑蛋
[2026-02-22 01:59:32] 安达抱月樱: 大家不要骂布罗利Broli了，他脸上长石板住在厕所看玩机器直播也不容易
[2026-02-22 01:59:32] 淡然夏末的温存11: 笨蛋玩玩，布罗利在帮你狠载啊😭😭😭
[2026-02-22 01:59:32] GhostAnderson: 冷处理喽😄，冷处理喽😊，冷处理喽😌，冷处理喽🥳
[2026-02-22 01:59:33] 骄骄爱吃糖: 说唱吗，那我释怀了
[2026-02-22 01:59:33] Gentleman汪鸿: 冷处理喽😄，冷处理喽😊，冷处理喽😌，冷处理喽🥳
[2026-02-22 01:59:33] storyfornobody: 冷处理喽😄，冷处理喽😊，冷处理喽😌，冷处理喽🥳
[2026-02-22 01:59:33] urle77: 冷处理喽😄，冷处理喽😊，冷处理喽😌，冷处理喽🥳
[2026-02-22 01:59:33] 与其感慨前路难行: 兄弟们我感觉我今天状态不是很好啊，我今天状态非常不好啊，我感觉我应该，唉，我要不，我去调整一下心情吧
[2026-02-22 01:59:33] 魔法师Saber: 冷处理喽😄，冷处理喽😊，冷处理喽😌，冷处理喽🥳
[2026-02-22 01:59:33] Hitagi蟹蟹: 贵宾2.7w，布总 管的置顶动态才300+评论，你们是没长手吗？
[2026-02-22 01:59:33] 从零开始的加拿大肄业: 布罗利唯一一个粉丝牌是个搞说唱的up主。。难怪这么傻呗
[2026-02-22 01:59:34] 越勾越搜越王勾践: 冷处理喽😄，冷处理喽😊，冷处理喽😌，冷处理喽🥳
[2026-02-22 01:59:34] lonhkfd: 布罗利唯一一个粉丝牌是个搞说唱的up主。。难怪这么傻呗
[2026-02-22 01:59:34] LvvsiN: 你这音画不同步太难受了，我都听到NIKO里约RMR晋级的欢呼了
[2026-02-22 01:59:34] ZLG彪winner: 高配理赔难
[2026-02-22 01:59:35] csgo小茄子: 终于等到载圣的比赛了，大的要来了，玩大哥你准备好了吗😊😊😊
[2026-02-22 01:59:35] fazeclan的千早爱音: 冷处理喽😄，冷处理喽😊，冷处理喽😌，冷处理喽🥳
[2026-02-22 01:59:35] 結城希亞: 终于等到载圣的比赛了，大的要来了，玩大哥你准备好了吗😊😊😊
[2026-02-22 01:59:35] 肘一郎: 家是本呀，本是家🏠幸福🍚味道👍🏻顶呱呱👍🏻我们🎤唱歌，我们💃跳舞 快乐生活❤️传万家
[2026-02-22 01:59:35] urle77: 冷处理喽😄，冷处理喽😊，冷处理喽😌，冷处理喽🥳
[2026-02-22 01:59:35] NearrrR: 冷处理喽😄，冷处理喽😊，冷处理喽😌，冷处理喽🥳
[2026-02-22 01:59:36] 白鵉鳶OriGami: 冷处理喽😄，冷处理喽😊，冷处理喽😌，冷处理喽🥳
[2026-02-22 01:59:36] Notso1mporant: 冷处理喽😄，冷处理喽😊，冷处理喽😌，冷处理喽🥳
[2026-02-22 01:59:36] 好哥们黑龙歼灭刀: 玩机器当然恨载圣，因为🧊本来是说他的，被载圣偷了😡
[2026-02-22 01:59:36] 与其感慨前路难行: 。
[2026-02-22 01:59:36] LvvsiN: 玩 出，我双倍呢？😡😡玩 出，我双倍呢？😡😡玩 出，我双倍呢？😡😡玩 出，我双倍呢？😡
[2026-02-22 01:59:36] 从零开始的加拿大肄业: 布罗利唯一一个粉丝牌是个搞说唱的up主。。难怪这么傻呗
[2026-02-22 01:59:36] 开朗小栗: 《总监童年生活悲惨》《反对正当化bully 》《场间看个2K视频》《卧槽干出残影了》​
[2026-02-22 01:59:36] 呆妹儿的姑父: 冷知识，布罗利库存里全是黑蛋
[2026-02-22 01:59:37] 做个素质人: 超级大爆！💣💥超级大爆！💣💥超级大爆！💣💥超级大爆！💣💥超级大爆！💣💥超级大爆！
[2026-02-22 01:59:37] 柳小目: 冷处理喽😄，冷处理喽😊，冷处理喽😌，冷处理喽🥳
[2026-02-22 01:59:37] 安达抱月樱: 布罗利会被玩神处决吗:2.02✓ 1.08❌ 玩大哥推荐指数👍👍👍👍👍 捡钱
[2026-02-22 01:59:37] 1泡泡壶茶1: @布罗利Broli 2023-08-07 12:06：夺冠了还不出来炫耀？等着以后被清算？
[2026-02-22 01:59:37] 乌鸦晒不黑: 玩大哥你是不是把副屏关掉了，为什么语气还这么正常啊
[2026-02-22 01:59:37] 爱被小泉吃的拉面同学: 冷处理喽😄，冷处理喽😊，冷处理喽😌，冷处理喽🥳
[2026-02-22 01:59:37] urle77: 冷处理喽😄，冷处理喽😊，冷处理喽😌，冷处理喽🥳
[2026-02-22 01:59:38] csgo小茄子: 终于等到载圣的比赛了，大的要来了，玩大哥你准备好了吗😊😊😊
[2026-02-22 01:59:38] 粤夜封封哥岑验川老岑: 终于等到载圣的比赛了，大的要来了，玩大哥你准备好了吗😊😊😊
[2026-02-22 01:59:38] 用户91227835: 大家不要骂布罗利Broli了，他脸上长石板住在厕所看玩机器直播也不容易
[2026-02-22 01:59:38] 变的是我的脑子: 布罗利唯一一个粉丝牌是个搞说唱的up主。。难怪这么傻呗
[2026-02-22 01:59:38] 棍神南极服登顶: 冷处理喽😄，冷处理喽😊，冷处理喽😌，冷处理喽🥳
[2026-02-22 01:59:38] 喜欢玩机器被骂恋猪癖: @羽沐言：布罗利唯一一个粉丝牌是个搞说唱的up主。。难怪这么傻呗
[2026-02-22 01:59:39] Vitality的Zyw0o0本人: 冷处理喽😄，冷处理喽😊，冷处理喽😌，冷处理喽🥳
[2026-02-22 01:59:39] 无限制的场: 冷处理喽😄，冷处理喽😊，冷处理喽😌，冷处理喽🥳
[2026-02-22 01:59:39] 玩大狙、dev1cy: @布罗利Broli 2023-08-07 12:06：夺冠了还不出来炫耀？等着以后被清算？
[2026-02-22 01:59:39] 与其感慨前路难行: 兄弟们我感觉我今天状态不是很好啊，我今天状态非常不好啊，我感觉我应该，唉，我要不，我去调整一下心情吧
[2026-02-22 01:59:39] urle77: 冷处理喽😄，冷处理喽😊，冷处理喽😌，冷处理喽🥳
[2026-02-22 01:59:40] 茶泡饭Trinity: 布罗利唯一一个粉丝牌是个搞说唱的up主。。难怪这么傻呗
[2026-02-22 01:59:40] WhiteAIbum: 冷处理喽😄，冷处理喽😊，冷处理喽😌，冷处理喽🥳
[2026-02-22 01:59:40] 肘一郎: 家是本呀，本是家🏠幸福🍚味道👍🏻顶呱呱👍🏻我们🎤唱歌，我们💃跳舞 快乐生活❤️传万家
[2026-02-22 01:59:40] 好哥们黑龙歼灭刀: 终于等到载圣的比赛了，大的要来了，玩大哥你准备好了吗😊😊😊
[2026-02-22 01:59:40] 书云云: 冷处理喽😄，冷处理喽😊，冷处理喽😌，冷处理喽🥳
[2026-02-22 01:59:40] 好姐妹常陆茉子: 终于等到载圣的比赛了，大的要来了，玩大哥你准备好了吗😊😊😊
[2026-02-22 01:59:40] csgo小茄子: 终于等到载圣的比赛了，大的要来了，玩大哥你准备好了吗😊😊😊
[2026-02-22 01:59:41] 柳小目: 冷处理喽😄，冷处理喽😊，冷处理喽😌，冷处理喽🥳
[2026-02-22 01:59:41] 阿波及: 冷处理喽😄，冷处理喽😊，冷处理喽😌，冷处理喽🥳
[2026-02-22 01:59:41] 玩猴爪丶MonkeyPaw: 《总监童年生活悲惨》《反对正当化bully 》《场间看个2K视频》《卧槽干出残影了》​
[2026-02-22 01:59:41] 量子毁灭717: 欧洲人给蒙古加油吗？感觉就像是布罗利来地球支持猎鹰一样好笑
[2026-02-22 01:59:41] 戈尔多-V: 冷知识，布罗利库存里全是黑蛋
[2026-02-22 01:59:41] 爱吃青椒的重曹酱: 大伙千万别去aicu查布罗利broli的发言啊
[2026-02-22 01:59:41] urle77: 冷处理喽😄，冷处理喽😊，冷处理喽😌，冷处理喽🥳
[2026-02-22 01:59:42] 倾盆大rain: @MArshall-313：布罗利没问题，🧊粉闹麻了
[2026-02-22 01:59:42] 用户3607059295: 大家不要骂布罗利Broli了，他脸上长石板住在厕所看玩机器直播也不容易
[2026-02-22 01:59:42] 肘一郎: 家是本呀，本是家🏠幸福🍚味道👍🏻顶呱呱👍🏻我们🎤唱歌，我们💃跳舞 快乐生活❤️传万家
[2026-02-22 01:59:42] lonhkfd: 冷处理喽😄，冷处理喽😊，冷处理喽😌，冷处理喽🥳
[2026-02-22 01:59:42] 刘刘的农:  @布罗利Broli 2023-08-07 12:06：夺冠了还不出来炫耀？等着以后被清算？
[2026-02-22 01:59:42] 传统peek高手XANTARES: 玩大哥你是不是把副屏关掉了，为什么语气还这么正常啊
[2026-02-22 01:59:43] 好哥们黑龙歼灭刀: 冷处理喽😄，冷处理喽😊，冷处理喽😌，冷处理喽🥳
[2026-02-22 01:59:43] Laguna的Carlotta本人: 布罗利会被玩神处决吗:2.02✓ 1.08❌ 玩大哥推荐指数👍👍👍👍👍 捡钱
[2026-02-22 01:59:43] Falcons十天老粉: @布罗利Broli 2023-08-07 12:06：夺冠了还不出来炫耀？等着以后被清算？
[2026-02-22 01:59:43] csgo小茄子: 终于等到载圣的比赛了，大的要来了，玩大哥你准备好了吗😊😊😊
[2026-02-22 01:59:43] 越勾越搜越王勾践: 布罗利唯一一个粉丝牌是个搞说唱的up主。。难怪这么傻呗
[2026-02-22 01:59:44] 变的是我的脑子: 终于等到载圣的比赛了，大的要来了，玩大哥你准备好了吗😊😊😊
[2026-02-22 01:59:44] urle77: 冷处理喽😄，冷处理喽😊，冷处理喽😌，冷处理喽🥳
[2026-02-22 01:59:44] ReTMag: 宫了
[2026-02-22 01:59:44] 柳小目: 冷处理喽😄，冷处理喽😊，冷处理喽😌，冷处理喽🥳
[2026-02-22 01:59:44] 用户1931751596: 兄弟们我感觉我今天状态不是很好啊，我今天状态非常不好啊，我感觉我应该，唉，我要不，我去调整一下心情吧
[2026-02-22 01:59:44] 半个Jayden: 冷处理喽😄，冷处理喽😊，冷处理喽😌，冷处理喽🥳
[2026-02-22 01:59:44] kHRYSTAL77: 冷处理喽😄，冷处理喽😊，冷处理喽😌，冷处理喽🥳
[2026-02-22 01:59:45] 久遠寺有珠Alice: 布罗利唯一一个粉丝牌是个搞说唱的up主。。难怪这么傻呗
[2026-02-22 01:59:45] Bellaire123: 布罗利你这幅样子别让niko看到了，不然高低给你来几梭子
[2026-02-22 01:59:45] 非人类生物yyf: 醋生🤮醋生🤮醋生🤮醋生🤮醋生🤮醋生🤮醋生🤮醋生🤮醋生🤮醋生🤮醋生🤮醋生🤮
[2026-02-22 01:59:45] 鸟鸟174: 玩别放弃跟我们，广大网民笑哈哈
[2026-02-22 01:59:45] 淡然夏末的温存11: 大家不要骂布罗利Broli了，他脸上长石板住在厕所看玩机器直播也不容易
[2026-02-22 01:59:45] 细菌P: 冷处理喽😄，冷处理喽😊，冷处理喽😌，冷处理喽🥳
[2026-02-22 01:59:46] 欧内的手丨好汉: 贵宾2.7w，布总 管的置顶动态才300+评论，你们是没长手吗？贵宾2.7w，布总 管的置顶动态才3
[2026-02-22 01:59:46] Kunwz: 你们后面倒是骂爽了，我第一批出来骂的，刚解封。
[2026-02-22 01:59:46] 与其感慨前路难行: 。
[2026-02-22 01:59:46] Hitagi蟹蟹: 布罗利唯一一个粉丝牌是个搞说唱的up主。。难怪这么傻呗
[2026-02-22 01:59:46] urle77: 冷处理喽😄，冷处理喽😊，冷处理喽😌，冷处理喽🥳
[2026-02-22 01:59:46] csgo小茄子: 终于等到载圣的比赛了，大的要来了，玩大哥你准备好了吗😊😊😊
[2026-02-22 01:59:46] 用玩大哥的角磨机吧: 冷处理喽😄，冷处理喽😊，冷处理喽😌，冷处理喽🥳
[2026-02-22 01:59:46] 我要看後续: 玩宝宝我们再拿下一次载X，不能给冰粉好脸色！
[2026-02-22 01:59:46] xjdnshxjdka: 布罗利会被玩神处决吗:2.02✓ 1.08❌ 玩大哥推荐指数👍👍👍👍👍 捡钱
[2026-02-22 01:59:47] 怒之拳: 布罗利唯一一个粉丝牌是个搞说唱的up主。。难怪这么傻呗
[2026-02-22 01:59:47] ob1ivionis: 布罗利Broli steamid是什么
[2026-02-22 01:59:47] 杜可风丶: 冷知识，布罗利库存里全是黑蛋
[2026-02-22 01:59:47] GhostAnderson: 《总监童年生活悲惨》《反对正当化bully 》《场间看个2K视频》《卧槽干出残影了》​
[2026-02-22 01:59:47] 所以我又晕了: 我还是喜欢从前那个玩数字梗、警告梗都不会被封的6657，玩大哥你不是不在乎这个的嘛😭😭😭
[2026-02-22 01:59:48] 漢子贰臣: 登！登！登！登！登！登！登！登！登！登！登！登！登！登！登！登！登！登！登！登！登！登！登！登！
[2026-02-22 01:59:48] urle77: 冷处理喽😄，冷处理喽😊，冷处理喽😌，冷处理喽🥳
[2026-02-22 01:59:48] 十五勇士之一apex: @MArshall-313：布罗利没问题，🧊粉闹麻了
[2026-02-22 01:59:48] 图帕雷松: 卧槽兄弟们，快前往神圣庄严的古战场!传送门已部署
[2026-02-22 01:59:48] 丶丶Ken丶丶: 终于等到载圣的比赛了，大的要来了，玩大哥你准备好了吗😊😊😊
[2026-02-22 01:59:48] 倾盆大rain: @MArshall-313：布罗利没问题，🧊粉闹麻了
[2026-02-22 01:59:49] 与其感慨前路难行: 兄弟们我感觉我今天状态不是很好啊，我今天状态非常不好啊，我感觉我应该，唉，我要不，我去调整一下心情吧
[2026-02-22 01:59:49] 用户3607059295: 终于等到载圣的比赛了，大的要来了，玩大哥你准备好了吗😊😊😊
[2026-02-22 01:59:49] 城之内悠二丶: 布罗利唯一一个粉丝牌是个搞说唱的up主。。难怪这么傻呗
[2026-02-22 01:59:49] 做个素质人: 超级大爆！💣💥超级大爆！💣💥超级大爆！💣💥超级大爆！💣💥超级大爆！💣💥超级大爆！
[2026-02-22 01:59:49] s坑华: 冷处理喽😄，冷处理喽😊，冷处理喽😌，冷处理喽🥳
[2026-02-22 01:59:49] csgo小茄子: 终于等到载圣的比赛了，大的要来了，玩大哥你准备好了吗😊😊😊
[2026-02-22 01:59:49] MunChlax丶: 兄弟们我感觉我今天状态不是很好啊，我今天状态非常不好啊，我感觉我应该，唉，我要不，我去调整一下心情吧
[2026-02-22 01:59:49] 捂二哥: 此时正在封人的布罗利还不知道玩大哥下播会清算他。。。
[2026-02-22 01:59:49] Gentleman汪鸿: 布罗利唯一一个粉丝牌是个搞说唱的up主。。难怪这么傻呗
[2026-02-22 01:59:50] 火星情报员工: 终于等到载圣的比赛了，大的要来了，玩大哥你准备好了吗😊😊😊
[2026-02-22 01:59:50] PacificationX: 一想到玩大哥假装松弛，看着满屏弹幕节奏，还要压抑着登山情绪边想公关方案边公式解说，我就想笑😄
[2026-02-22 01:59:50] MyGo的tomorin本人: 玩大哥你是不是把副屏关掉了，为什么语气还这么正常啊
[2026-02-22 01:59:51] 从零开始的加拿大肄业: 冷处理喽😄，冷处理喽😊，冷处理喽😌，冷处理喽🥳
[2026-02-22 01:59:51] 变的是我的脑子: @布罗利Broli 2023-08-07 12:06：夺冠了还不出来炫耀？等着以后被清算？
[2026-02-22 01:59:51] Leonisss丶: 冷处理喽😄，冷处理喽😊，冷处理喽😌，冷处理喽🥳
[2026-02-22 01:59:51] SuperP681: 布罗利你这幅样子别让niko看到了，不然高低给你来几梭子
[2026-02-22 01:59:51] znnoy: 直播间几w人来人满足一下@布罗利Brol：怎么只会在网络上装啊？来点现实的就怂了？ 刚才那nb劲呢？
[2026-02-22 01:59:51] 书云云: 玩宝宝我们再拿下一次载X，不能给冰粉好脸色！
[2026-02-22 01:59:51] 好姐们反田叶月: 终于等到小蜜蜂的比赛了 听我玩神号令 大大方方刷载吧奋前
[2026-02-22 01:59:52] 倾盆大rain: @MArshall-313：布罗利没问题，🧊粉闹麻了
[2026-02-22 01:59:52] 想吃玩机器: 布罗利唯一一个粉丝牌是个搞说唱的up主。。难怪这么傻呗
[2026-02-22 01:59:52] A队的佐佐木李子本人: 此时正在封人的布罗利还不知道玩大哥下播会清算他。。。
[2026-02-22 01:59:52] 做个素质人: 超级大爆！💣💥超级大爆！💣💥超级大爆！💣💥超级大爆！💣💥超级大爆！💣💥超级大爆！
[2026-02-22 01:59:52] LvvsiN: 我让你开双倍你二龙吗？老子荧光棒要过期了
[2026-02-22 01:59:52] nnnmmm999: 终于等到载圣的比赛了，大的要来了，玩大哥你准备好了吗😊😊😊
[2026-02-22 01:59:53] csgo小茄子: 终于等到载圣的比赛了，大的要来了，玩大哥你准备好了吗😊😊😊
[2026-02-22 01:59:53] 爱吃青椒的重曹酱: 大汗😭杀👍大汗😭杀👍大汗😭杀👍大汗😭杀👍大汗😭杀👍
[2026-02-22 01:59:53] 双持大肥猫: 这版权商务防登山机制太爽了，有懂的吗
[2026-02-22 01:59:53] lonhkfd: @MArshall-313：布罗利没问题，🧊粉闹麻了
[2026-02-22 01:59:53] CheZed: 终于等到载圣的比赛了，大的要来了，玩大哥你准备好了吗😊😊😊
[2026-02-22 01:59:53] 普通网友小沈: 玩机器难绷zywoo与jee友好互动；暴怒！玩机器怒喷niko编nota！直言：尼编尼亩呢！
[2026-02-22 01:59:54] 玩口器Mouth: 布罗利唯一一个粉丝牌是个搞说唱的up主。。难怪这么傻呗
[2026-02-22 01:59:54] znnoy: 直播间几w人来人满足一下@布罗利Brol：怎么只会在网络上装啊？来点现实的就怂了？ 刚才那nb劲呢？
[2026-02-22 01:59:54] kyubit: 我意思把渔吧发帖等级限制成15级 看的都烦人 一群黄皮小号没完没了的带节奏 这次团播飞出真没毛病
[2026-02-22 01:59:54] 与其感慨前路难行: 。
[2026-02-22 01:59:54] LvvsiN: 你屏蔽词都快赶上新华词典了为什么不干脆开一百级发言？
[2026-02-22 01:59:54] 用玩大哥的角磨机吧: 此时正在封人的布罗利还不知道玩大哥下播会清算他。。。
[2026-02-22 01:59:55] 乌鸦晒不黑: 你们后面倒是骂爽了，我第一批出来骂的，刚解封。
[2026-02-22 01:59:55] 用户46659809: 冷处理喽😄，冷处理喽😊，冷处理喽😌，冷处理喽🥳
[2026-02-22 01:59:55] 棄王遺思: 布罗利你这幅样子别让niko看到了，不然高低给你来几梭子
[2026-02-22 01:59:55] 寻血猎犬0V0: 大家不要骂布罗利Broli了，他脸上长石板住在厕所看玩机器直播也不容易
[2026-02-22 01:59:55] Peko-: @Kunwz：你们后面倒是骂爽了，我第一批出来骂的，刚解封。
[2026-02-22 01:59:55] Ring的要乐奈本人: 冷处理喽😄，冷处理喽😊，冷处理喽😌，冷处理喽🥳
[2026-02-22 01:59:56] csgo小茄子: 终于等到载圣的比赛了，大的要来了，玩大哥你准备好了吗😊😊😊
[2026-02-22 01:59:56] 用户3607059295: 布罗利唯一一个粉丝牌是个搞说唱的up主。。难怪这么傻呗
[2026-02-22 01:59:56] 细菌P: 冷处理喽😄，冷处理喽😊，冷处理喽😌，冷处理喽🥳
[2026-02-22 01:59:56] 好姐们反田叶月: 终于等到小蜜蜂的比赛了 听我玩神号令 大大方方刷载吧奋前
[2026-02-22 01:59:56] last玩神丶: 大家千万不要搜索steam好友代码407167909找到布罗利的steam啊
[2026-02-22 01:59:56] LvvsiN: 南孚一节更比六节强，也就是一节南孚比六节南孚强，六节南孚比三十六节强，三十六节比二百一十六节强
[2026-02-22 01:59:56] noe1le: 冷处理喽😄，冷处理喽😊，冷处理喽😌，冷处理喽🥳nya~
[2026-02-22 01:59:57] 与其感慨前路难行: 兄弟们我感觉我今天状态不是很好啊，我今天状态非常不好啊，我感觉我应该，唉，我要不，我去调整一下心情吧
[2026-02-22 01:59:57] znnoy: 直播间几w人来人满足一下@布罗利Brol：怎么只会在网络上装啊？来点现实的就怂了？ 刚才那nb劲呢？
[2026-02-22 01:59:57] 做个素质人: 超级大爆！💣💥超级大爆！💣💥超级大爆！💣💥超级大爆！💣💥超级大爆！💣💥超级大爆！
[2026-02-22 01:59:57] 我有一对电动大牛子: 布罗利你这幅样子别让niko看到了，不然高低给你来几梭子
[2026-02-22 01:59:58] 流浪0022: 布罗利唯一一个粉丝牌是个搞说唱的up主。。难怪这么傻呗
[2026-02-22 01:59:58] 欧内的手丨好汉: 贵宾2.7w，布总 管的置顶动态才300+评论，你们是没长手吗？
[2026-02-22 01:59:58] 从零开始的加拿大肄业: 玩大哥你是不是把副屏关掉了，为什么语气还这么正常啊
[2026-02-22 01:59:58] LvvsiN: 为什么房管封的不能给鱼丸……还以为今天晚上得吃了……
[2026-02-22 01:59:59] 狂野皮几儿很哒: 终于等到载圣的比赛了，大的要来了，玩大哥你准备好了吗😊😊😊
[2026-02-22 01:59:59] PacificationX: 一想到玩大哥假装松弛，看着满屏弹幕节奏，还要压抑着登山情绪边想公关方案边公式解说，我就想笑😄
[2026-02-22 01:59:59] LaifuoO来福oO: @MArshall-313：布罗利没问题，🧊粉闹麻了
[2026-02-22 01:59:59] 恺悌君子能几醉: @布罗利Broli 2023-08-07 12:06：夺冠了还不出来炫耀？等着以后被清算？
[2026-02-22 01:59:59] 啪啪啪啪的蛋: 终于等到载圣的比赛了，大的要来了，玩大哥你准备好了吗😊😊😊
[2026-02-22 01:59:59] 倾盆大rain: @MArshall-313：布罗利没问题，🧊粉闹麻了
[2026-02-22 02:00:00] 娶不到相羽爱奈: 要是雨姐当年怒喷tl的时候也有房管主动出来挡刀就好了，可惜年轻的时候还没学会一哥手段
[2026-02-22 02:00:00] 爱被小泉吃的拉面同学: 此时正在封人的布罗利还不知道玩大哥下播会清算他。。。
[2026-02-22 02:00:00] 杜可风丶: 玩哥已经做好心理建设了，明天就是他当主播生涯结束之日了，我劝大家别难为他了
[2026-02-22 02:00:00] 从零开始的加拿大肄业: 玩大哥你是不是把副屏关掉了，为什么语气还这么正常啊
[2026-02-22 02:00:00] WhiteAIbum: 布罗利你这幅样子别让niko看到了，不然高低给你来几梭子
[2026-02-22 02:00:00] 漢子贰臣: 登！登！登！登！登！登！登！登！登！登！登！登！登！登！登！登！登！登！登！登！登！登！登！登！
[2026-02-22 02:00:00] LvvsiN: 就tm喜欢银行业🥰银行坏账我喜欢🥰银行挤兑我还喜欢😍利率调低我也喜欢🤤老子亲烂银行业的脸😘
[2026-02-22 02:00:01] xuzVan: 卧槽机器，布罗利舔🕯技术是有多高超，带了这么多年节奏都能屹立不倒
[2026-02-22 02:00:01] kyubit: 我意思把渔吧发帖等级限制成15级 看的都烦人 一群黄皮小号没完没了的带节奏 这次团播飞出真没毛病 被
[2026-02-22 02:00:01] csgo小茄子: 终于等到载圣的比赛了，大的要来了，玩大哥你准备好了吗😊😊😊
[2026-02-22 02:00:01] 浊风天枢: 布罗利唯一一个粉丝牌是个搞说唱的up主。。难怪这么傻呗
[2026-02-22 02:00:01] 鸭硕的哈撒给: 布罗利你这幅样子别让niko看到了，不然高低给你来几梭子
[2026-02-22 02:00:02] 羽沐言: a
[2026-02-22 02:00:02] 阿塔尼斯707: 冷处理喽😄，冷处理喽😊，冷处理喽😌，冷处理喽🥳
[2026-02-22 02:00:02] znnoy: 直播间几w人来人满足一下@布罗利Brol：怎么只会在网络上装啊？来点现实的就怂了？ 刚才那nb劲呢？
[2026-02-22 02:00:02] 钟初若叶睦: 东契奇来了🐗🐗
[2026-02-22 02:00:02] 淡然夏末的温存11: 此时正在封人的布罗利还不知道玩大哥下播会清算他。。。
[2026-02-22 02:00:02] 用玩大哥的角磨机吧: @Kunwz：你们后面倒是骂爽了，我第一批出来骂的，刚解封。
[2026-02-22 02:00:02] 傍晚的黑: “房”布罗利broli：不骂了不骂了，向🧊粉投降🏳️向活🐎物投降🏳️
[2026-02-22 02:00:02] 樱落鬼: 此时正在封人的布罗利还不知道玩大哥下播会清算他。。。
[2026-02-22 02:00:03] LvvsiN: 你这音画不同步太难受了，我都听到NIKO里约RMR晋级的欢呼了
[2026-02-22 02:00:03] 做个素质人: 超级大爆！💣💥超级大爆！💣💥超级大爆！💣💥超级大爆！💣💥超级大爆！💣💥超级大爆！
[2026-02-22 02:00:03] Machine拾玖: 大家千万不要搜索steam好友代码407167909找到布罗利的steam啊
[2026-02-22 02:00:03] 所以我又晕了: 终于等到载圣的比赛了，大的要来了，玩大哥你准备好了吗😊😊😊
[2026-02-22 02:00:03] 刘刘的农: 布罗利唯一一个粉丝牌是个搞说唱的up主。。难怪这么傻呗
[2026-02-22 02:00:03] kyubit: 我意思把渔吧发帖等级限制成15级 看的都烦人 一群黄皮小号没完没了的带节奏 这次团播飞出真没毛病 被
[2026-02-22 02:00:04] 曲奇三梦: 此时正在封人的布罗利还不知道玩大哥下播会清算他。。。
[2026-02-22 02:00:04] 天守阁信长: 都来6658了大大方方恨载
[2026-02-22 02:00:04] 玩机器今晚还播吗: 终于等到载圣的比赛了，大的要来了，玩大哥你准备好了吗😊😊😊
[2026-02-22 02:00:04] 乱七八糟chseeifl: 此时正在封人的布罗利还不知道玩大哥下播会清算他。。。
[2026-02-22 02:00:04] PacificationX: 一想到玩大哥假装松弛，看着满屏弹幕节奏，还要压抑着登山情绪边想公关方案边公式解说，我就想笑😄
[2026-02-22 02:00:04] 玩斯特机机: co**zera
[2026-02-22 02:00:04] znnoy: 直播间几w人来人满足一下@布罗利Brol：怎么只会在网络上装啊？来点现实的就怂了？ 刚才那nb劲呢？
[2026-02-22 02:00:04] 呆妹儿的姑父: @WindKing：冷知识，布罗利库存里全是黑蛋
[2026-02-22 02:00:05] 爱吃青椒的重曹酱: 玩机器当然恨载圣，因为🧊本来是说他的，被载圣偷了😡
[2026-02-22 02:00:05] Dartline: 终于等到载圣的比赛了，大的要来了，玩大哥你准备好了吗😊😊😊
[2026-02-22 02:00:05] 双刀牛TMac: 玩机器难绷zywoo与jee友好互动；暴怒！玩机器怒喷niko编nota！直言：尼编尼亩呢！
[2026-02-22 02:00:05] DaydreamerChen: 抓娃娃
[2026-02-22 02:00:05] 做个素质人: 超级大爆！💣💥超级大爆！💣💥超级大爆！💣💥超级大爆！💣💥超级大爆！💣💥超级大爆！
[2026-02-22 02:00:06] 顾书沅: 玩哥我也想被毕业...
[2026-02-22 02:00:06] Ayaymin: 卧槽机器，布罗利舔🕯技术是有多高超，带了这么多年节奏都能屹立不倒
[2026-02-22 02:00:06] 鼓鼓鼓捣叨叨: @布罗利：我们西西已经有5佳球了，只不过是用了一个赛季而已，哼
[2026-02-22 02:00:06] 飛鳥蘭: 显示猪头🐷
[2026-02-22 02:00:06] 长宁金城武: 27级以下的兄弟们加1展示凝聚力
[2026-02-22 02:00:06] 火星情报员工: 这版权商务防登山机制太爽了，有懂的吗
[2026-02-22 02:00:06] Aleksumimi: 布罗利你这幅样子别让niko看到了，不然高低给你来几梭子
[2026-02-22 02:00:06] 當海潮涌向礁岩: 布罗利唯一一个粉丝牌是个搞说唱的up主。。难怪这么傻呗
[2026-02-22 02:00:06] 变的是我的脑子: 布罗利Broli steamid直播间怎么发不出来
[2026-02-22 02:00:07] 从零开始的加拿大肄业: 布罗利唯一一个粉丝牌是个搞说唱的up主。。难怪这么傻呗
[2026-02-22 02:00:07] csgo小茄子: 终于等到载圣的比赛了，大的要来了，玩大哥你准备好了吗😊😊😊
[2026-02-22 02:00:07] 淡然夏末的温存11: 大家不要骂布罗利Broli了，他脸上长石板住在厕所看玩机器直播也不容易
[2026-02-22 02:00:07] 好哥们黑龙歼灭刀: 玩大哥的房管是消耗品啊我看
[2026-02-22 02:00:07] 玩机器的小jj: @布罗利Broli 11／7／2019, 11:06:08 AM Faze 啊噗啊噗 niko给我杀
[2026-02-22 02:00:07] 倾盆大rain: @MArshall-313：布罗利没问题，🧊粉闹麻了
[2026-02-22 02:00:07] mikeycu: 贵宾2.7w，布总 管的置顶动态才300+评论，你们是没长手吗？
[2026-02-22 02:00:07] znnoy: 直播间几w人来人满足一下@布罗利Brol：怎么只会在网络上装啊？来点现实的就怂了？ 刚才那nb劲呢？
[2026-02-22 02:00:08] 与其感慨前路难行: 。
[2026-02-22 02:00:08] 面包边角料: @MArshall-313：布罗利没问题，🧊粉闹麻了
[2026-02-22 02:00:08] 还是荧光棒送少了: 大家千万不要搜索steam好友代码407167909找到布罗利的steam啊
[2026-02-22 02:00:08] 做个素质人: 超级大爆！💣💥超级大爆！💣💥超级大爆！💣💥超级大爆！💣💥超级大爆！💣💥超级大爆！
[2026-02-22 02:00:09] LvvsiN: @阿汤日记：一个人，5发子弹，保住格陵兰岛。我不会叫它不可能完成的任务，我现在只想先回家看亦博
[2026-02-22 02:00:09] 不变的追求717: 布罗利你这幅样子别让niko看到了，不然高低给你来几梭子
[2026-02-22 02:00:09] Altolier: 此时正在封人的布罗利还不知道玩大哥下播会清算他。。。
[2026-02-22 02:00:09] 呆妹儿的姑父: 冷知识，布罗利库存里全是黑蛋
[2026-02-22 02:00:09] 图帕雷松: 布罗利唯一一个粉丝牌是个搞说唱的up主。。难怪这么傻呗
[2026-02-22 02:00:09] Oasis0917: @MArshall-313：布罗利没问题，🧊粉闹麻了
[2026-02-22 02:00:10] richardlee97: 此时正在封人的布罗利还不知道玩大哥下播会清算他。。。
[2026-02-22 02:00:10] 从零开始的加拿大肄业: 布罗利唯一一个粉丝牌是个搞说唱的up主。。难怪这么傻呗
[2026-02-22 02:00:10] 求老仙奶zzm上不了岸: “房”布罗利broli：不骂了不骂了，向🧊粉投降🏳️向活🐎物投降🏳️
[2026-02-22 02:00:10] jsir6688: 直播间几w人来人满足一下@布罗利Brol：怎么只会在网络上装啊？来点现实的就怂了？ 刚才那nb劲呢？
[2026-02-22 02:00:11] s坑华: 此时正在封人的布罗利还不知道玩大哥下播会清算他。。。
[2026-02-22 02:00:11] znnoy: 直播间几w人来人满足一下@布罗利Brol：怎么只会在网络上装啊？来点现实的就怂了？ 刚才那nb劲呢？
[2026-02-22 02:00:11] LvvsiN: 南孚一节更比六节强，也就是一节南孚比六节南孚强，六节南孚比三十六节强，三十六节比二百一十六节强
[2026-02-22 02:00:11] PacificationX: 一想到玩大哥假装松弛，看着满屏弹幕节奏，还要压抑着登山情绪边想公关方案边公式解说，我就想笑😄
[2026-02-22 02:00:11] 与其感慨前路难行: 兄弟们我感觉我今天状态不是很好啊，我今天状态非常不好啊，我感觉我应该，唉，我要不，我去调整一下心情吧
[2026-02-22 02:00:11] Ggmftye: 玩神开播就关闭弹幕了，你们全白刷了
[2026-02-22 02:00:11] 冬馬和纱纱: @Kunwz：你们后面倒是骂爽了，我第一批出来骂的，刚解封。
[2026-02-22 02:00:11] 李小小与虾大大: @玩机器（开摄像头后）：泪眼婆娑的猪头🥺
[2026-02-22 02:00:11] cornkiner: 这版权商务防登山机制太爽了，有懂的吗
[2026-02-22 02:00:12] 玩柜子丶Mortis: 此时正在封人的布罗利还不知道玩大哥下播会清算他。。。ですわ
[2026-02-22 02:00:12] 呆妹儿的姑父: 冷知识，布罗利库存里全是黑蛋
[2026-02-22 02:00:12] 做个素质人: 超级大爆！💣💥超级大爆！💣💥超级大爆！💣💥超级大爆！💣💥超级大爆！💣💥超级大爆！
[2026-02-22 02:00:12] 栗悟饭与龟波功-w-: 大家千万不要搜索steam好友代码407167909找到布罗利的steam啊
[2026-02-22 02:00:12] 桂林米粉比较好吃: 直播间几w人来人满足一下@布罗利Brol：怎么只会在网络上装啊？来点现实的就怂了？ 刚才那nb劲呢？
[2026-02-22 02:00:13] LvvsiN: 其实碗橱就是猪灵，你不拿黄金丢他他就不跟你说话
[2026-02-22 02:00:13] 青山锁欲锁不住你: 此时正在封人的布罗利还不知道玩大哥下播会清算他。。。
[2026-02-22 02:00:13] 图帕雷松: @MArshall-313：布罗利没问题，🧊粉闹麻了
[2026-02-22 02:00:13] 宫监手放监: @WindKing：冷知识，布罗利库存里全是黑蛋
[2026-02-22 02:00:13] 好哥们黑龙歼灭刀: @MArshall-313：布罗利没问题，🧊粉闹麻了
[2026-02-22 02:00:13] 米米世界之神: @这里是小天啊：玩大哥我才刚转正工资你就要登山了吗🥺
[2026-02-22 02:00:13] GhostAnderson: 这版权商务防登山机制太爽了，有懂的吗
[2026-02-22 02:00:14] 天守阁信长: 此时正在封人的布罗利还不知道玩大哥下播会清算他。。。
[2026-02-22 02:00:14] 用户3607059295: @布罗利Broli 11／7／2019, 11:06:08 AM Faze 啊噗啊噗 niko给我杀
[2026-02-22 02:00:14] 闪闪的timemachine: 🥹
[2026-02-22 02:00:15] Dartline: 都来6658了大大方方恨载
[2026-02-22 02:00:15] 做个素质人: 超级大爆！💣💥超级大爆！💣💥超级大爆！💣💥超级大爆！💣💥超级大爆！💣💥超级大爆！
[2026-02-22 02:00:15] zbq93: 布罗利唯一一个粉丝牌是个搞说唱的up主。。难怪这么傻呗
[2026-02-22 02:00:15] LvvsiN: 弹幕也就网上说说，现实里谁不觉得樱姐是好女孩（删括号领一条远坂凛同款鸟笼）
[2026-02-22 02:00:15] Peko-: 一想到玩大哥假装松弛，看着满屏弹幕节奏，还要压抑着登山情绪边想公关方案
[2026-02-22 02:00:15] 第三猪白猪玩斯曼: 玩神 今晚载物赢了能释放载X吗 听说你亲手把他拿下了
[2026-02-22 02:00:15] znnoy: 直播间几w人来人满足一下@布罗利Brol：怎么只会在网络上装啊？来点现实的就怂了？ 刚才那nb劲呢？
[2026-02-22 02:00:16] 你敢看死蜜蜂就杀了你: 大家千万不要搜索steam好友代码407167909找到布罗利的steam啊
[2026-02-22 02:00:16] 最爱的马卡龙: 你们就在这喷布罗利，有没有想过他和斧乃木是谁养出来的道尔格
[2026-02-22 02:00:16] QC很牛很强大: 大半夜✅️大赛半决赛✅️玩机器的亲人被冲✅️玩机器自说自话✅️➡️登山
[2026-02-22 02:00:17] 星海羽弦: 此时正在封人的布罗利还不知道玩大哥下播会清算他。。。
[2026-02-22 02:00:17] 爱吃青椒的重曹酱: 大伙千万别去aicu查布罗利broli的发言啊
[2026-02-22 02:00:17] LvvsiN: 我提一嘴这剧情越来越像上海major了
[2026-02-22 02:00:17] 玩斯特机机: @MArshall-313：布罗利没问题，🧊粉闹麻了
[2026-02-22 02:00:17] 卡啊卡卡丶: @布罗利Broli 11／7／2019, 11:06:08 AM Faze 啊噗啊噗 niko给我杀
[2026-02-22 02:00:17] 漢子贰臣: 直播间几w人来人满足一下@布罗利Brol：怎么只会在网络上装啊？来点现实的就怂了？ 刚才那nb劲呢？
[2026-02-22 02:00:18] 杜可风丶:  @鸭硕的哈撒给：布罗利你这幅样子别让niko看到了，不然高低给你来几梭子
[2026-02-22 02:00:18] 米米世界之神: @这里是小天啊：玩大哥我才刚转正你就要登山了吗🥺
[2026-02-22 02:00:18] 做个素质人: 超级大爆！💣💥超级大爆！💣💥超级大爆！💣💥超级大爆！💣💥超级大爆！💣💥超级大爆！
[2026-02-22 02:00:18] 草莓冰酪: 此时正在封人的布罗利还不知道玩大哥下播会清算他。。。
[2026-02-22 02:00:18] 固固固固固: 没有，我仔哥咋这么坏？
[2026-02-22 02:00:19] csgo小茄子: 终于等到载圣的比赛了，大的要来了，玩大哥你准备好了吗😊😊😊
[2026-02-22 02:00:19] PacificationX: 一想到玩大哥假装松弛，看着满屏弹幕节奏，还要压抑着登山情绪边想公关方案边公式解说，我就想笑😄
[2026-02-22 02:00:19] LvvsiN: 为什么房管封的不能给鱼丸……还以为今天晚上得吃了……
[2026-02-22 02:00:19] 呆妹儿的姑父: 冷知识，布罗利库存里全是黑蛋
[2026-02-22 02:00:19] 奥拉夫的蛋炒饭: 此时正在封人的布罗利还不知道玩大哥下播会清算他。。。
[2026-02-22 02:00:19] 好姐妹常陆茉子: 不发弹幕喷布罗利＝被布罗利365不发弹幕喷布罗利＝被布罗利365不发弹幕喷布罗利＝被布罗利365
[2026-02-22 02:00:19] znnoy: 直播间几w人来人满足一下@布罗利Brol：怎么只会在网络上装啊？来点现实的就怂了？ 刚才那nb劲呢？
[2026-02-22 02:00:19] 羽沐言: 啊
[2026-02-22 02:00:19] LaifuoO来福oO: 机器，我只希望你能轻松快乐的直播......
[2026-02-22 02:00:19] GhostAnderson: 此时正在封人的布罗利还不知道玩大哥下播会清算他。。。ですわ
[2026-02-22 02:00:20] 幻麥: 此时正在封人的布罗利还不知道玩大哥下播会清算他。。。
[2026-02-22 02:00:21] 什么罐头我说男人: 然后还是赢不了
[2026-02-22 02:00:21] 一二级没处理好: 请神coldzera了
[2026-02-22 02:00:21] 理想零星: 狂
[2026-02-22 02:00:21] LvvsiN: 你为什么要把mαjor禁了，我收藏的一半弹幕全毁了
[2026-02-22 02:00:21] 第三猪白猪玩斯曼: 玩神 今晚载物赢了能释放载X吗 听说你亲手把他拿下了
[2026-02-22 02:00:21] 剑崎梨梨花: @MArshall-313：布罗利没问题，🧊粉闹麻了
[2026-02-22 02:00:21] 宇莓: 玩大哥一想到节奏被房管引走了就忍不住的笑
[2026-02-22 02:00:21] 普通网友小沈: @MArshall-313：布罗利没问题，🧊粉闹麻了
[2026-02-22 02:00:21] 杰洛齐贝林3: 自从dev1ce淘汰他就这样了，比赛解说有气无力的，时不时自言自语聊些和比赛无关的话题
[2026-02-22 02:00:21] 用户3607059295: 此时正在封人的布罗利还不知道玩大哥下播会清算他。。。
[2026-02-22 02:00:21] 用户6235382488: 此时正在封人的布罗利还不知道玩大哥下播会清算他。。。
[2026-02-22 02:00:22] CN传奇指挥advent: 消息了
[2026-02-22 02:00:22] csgo小茄子: 终于等到载圣的比赛了，大的要来了，玩大哥你准备好了吗😊😊😊
[2026-02-22 02:00:22] 孔明老婆王司徒: 终于等到载圣的比赛了，大的要来了，玩大哥你准备好了吗😊😊😊
[2026-02-22 02:00:22] 999绝情殇: 此时正在封人的布罗利还不知道玩大哥下播会清算他。。。
[2026-02-22 02:00:22] 量子毁灭717: @NIKO：谁还想吃更多子弹
[2026-02-22 02:00:22] 我只看人机局: 不冷处理还能干嘛？这种情况只会越说越黑😆😆😆
[2026-02-22 02:00:23] 情歌王马半首: 多刷点礼物 说不定给尼保底出个major冠军
[2026-02-22 02:00:23] 陪伴豆丶小啵: 大家千万不要搜索steam好友代码407167909找到布罗利的steam啊
[2026-02-22 02:00:23] 玩柜子丶Mortis: 大家千万不要搜索steam好友代码407167909找到布罗利的steam啊ですわ
[2026-02-22 02:00:23] znnoy: 直播间几w人来人满足一下@布罗利Brol：怎么只会在网络上装啊？来点现实的就怂了？ 刚才那nb劲呢？
[2026-02-22 02:00:23] LvvsiN: @阿汤日记：一个人，5发子弹，保住格陵兰岛。我不会叫它不可能完成的任务，我现在只想先回家看亦博
[2026-02-22 02:00:23] OMGlionKing: @布罗利：我参与了投票Drake这个diss怎么样？ 我投给了“我觉得顶”[笑哭]
[2026-02-22 02:00:23] 网友科比: 大家千万不要搜索steam好友代码407167909找到布罗利的steam啊
[2026-02-22 02:00:24] 娶不到相羽爱奈: 我提一嘴这剧情越来越像上海major了
[2026-02-22 02:00:24] fpx丶: 大家千万不要搜索steam好友代码407167909找到布罗利的steam啊
[2026-02-22 02:00:24] 下划线逗号下划线叹号: 我不明白
[2026-02-22 02:00:24] jsir6688: 此时正在封人的布罗利还不知道玩大哥下播会清算他。。。
[2026-02-22 02:00:24] Hitagi蟹蟹: 一想到玩大哥假装松弛，看着满屏弹幕节奏，还要压抑着登山情绪边想公关方案
[2026-02-22 02:00:25] 草莓冰酪: 此时正在封人的布罗利还不知道玩大哥下播会清算他。。。ですわ
[2026-02-22 02:00:25] 用户6235382488: @鸭硕的哈撒给：布罗利你这幅样子别让niko看到了，不然高低给你来几梭子
[2026-02-22 02:00:25] csgo小茄子: 终于等到载圣的比赛了，大的要来了，玩大哥你准备好了吗😊😊😊
[2026-02-22 02:00:25] PacificationX: 一想到玩大哥假装松弛，看着满屏弹幕节奏，还要压抑着登山情绪边想公关方案边公式解说，我就想笑😄
[2026-02-22 02:00:25] 那英啊哈哈哈: 大半夜✅️大赛半决赛✅️玩机器的亲人被冲✅️玩机器自说自话✅️➡️登山
[2026-02-22 02:00:25] 刘刘的农: 大半夜✅️大赛半决赛✅️玩机器的亲人被冲✅️玩机器自说自话✅️➡️登山
[2026-02-22 02:00:26] 明河灬: 我不明白
[2026-02-22 02:00:26] 呵呵我来打酱油了year: 我不明白
[2026-02-22 02:00:26] 熊熊真可爱啊: @布罗利Brol：怎么只会在网络上装啊？来点现实的就怂了？ 刚才那nb劲呢？
[2026-02-22 02:00:26] 变的是我的脑子: 此时正在封人的布罗利还不知道玩大哥下播会清算他。。。
[2026-02-22 02:00:26] 我是哈哈h: ，
[2026-02-22 02:00:26] 骑猪去登山desuwa: 银行业一样一样有有有也会有h'y'hui't'y'r's'c'dn
[2026-02-22 02:00:27] 鸟鸟174: @布罗利Broli:玩 巴 分 钱
[2026-02-22 02:00:27] LvvsiN: 玩宝宝，我发现在大学上学的时候肄业会很舒服，你可以试试
[2026-02-22 02:00:27] 野pig亨利28: 闹麻了
[2026-02-22 02:00:27] 5字德神人: 此时正在封人的布罗利还不知道玩大哥下播会清算他。。。
[2026-02-22 02:00:27] znnoy: 直播间几w人来人满足一下@布罗利Brol：怎么只会在网络上装啊？来点现实的就怂了？ 刚才那nb劲呢？
[2026-02-22 02:00:27] Subto: 由于你的帐号禁言10分钟,阳光信用分-10。了解斗鱼阳光信用分
[2026-02-22 02:00:28] csgo小茄子: 终于等到载圣的比赛了，大的要来了，玩大哥你准备好了吗😊😊😊
[2026-02-22 02:00:28] 杨枝曾听雨: 此时正在封人的布罗利还不知道玩大哥下播会清算他。。。
[2026-02-22 02:00:28] 米米世界之神: @这里是小天啊：玩大哥我才刚转正你就要登山了吗🥺
[2026-02-22 02:00:28] 爱吃青椒的重曹酱: @布罗利Brol回复 @JOJO爱摩托 :怎么只会在网络上装啊？来点现实的就怂了？ 刚才那nb劲呢？
[2026-02-22 02:00:28] 达拉崩吧菜菜: 大家千万不要搜索steam好友代码407167909找到布罗利的steam啊
[2026-02-22 02:00:28] JuL1us: 蒙美
[2026-02-22 02:00:28] 用户6235382488: @鸭硕的哈撒给：布罗利你这幅样子别让niko看到了，不然高低给你来几梭子
[2026-02-22 02:00:29] 轻伤酱: 闹麻了，
[2026-02-22 02:00:29] 什么罐头我说男人: 我不明白
[2026-02-22 02:00:29] LvvsiN: 你屏蔽词都快赶上新华词典了为什么不干脆开一百级发言？
[2026-02-22 02:00:29] 林展秋112: 大家千万不要搜索steam好友代码407167909找到布罗利的steam啊
[2026-02-22 02:00:30] gulipa8: @布罗利：我参与了投票Drake这个diss怎么样？ 我投给了“我觉得顶”[笑哭]
[2026-02-22 02:00:30] 有你便是世界1: 太不懂了
[2026-02-22 02:00:30] 载物的艾7: 大家千万不要搜索steam好友代码407167909找到布罗利的steam啊ですわ
[2026-02-22 02:00:30] 好哥们黑龙歼灭刀: 大家千万不要搜索steam好友代码407167909找到布罗利的steam啊
[2026-02-22 02:00:30] BadBoy97: 大家千万不要搜索steam好友代码407167909找到布罗利的steam啊
[2026-02-22 02:00:30] 呆妹儿的姑父: 冷知识，布罗利库存里全是黑蛋
[2026-02-22 02:00:30] 邪皇的切入: 这嘴歪得跟谢彬一样
[2026-02-22 02:00:31] csgo小茄子: 终于等到载圣的比赛了，大的要来了，玩大哥你准备好了吗😊😊😊
[2026-02-22 02:00:31] 歌谷爱墨迹: 我不明白
[2026-02-22 02:00:31] OMGlionKing: @布罗利：我参与了投票Drake这个diss怎么样？ 我投给了“我觉得顶”[笑哭]
[2026-02-22 02:00:31] KBKGBOVO: 玩8分前
[2026-02-22 02:00:31] 玩斯特机机: 此时正在封人的布罗利还不知道玩大哥下播会清算他。。。
[2026-02-22 02:00:31] 欧内的手丨好汉: 贵宾2.7w，布总 管的置顶动态才300+评论，你们是没长手吗？？
[2026-02-22 02:00:32] 秘密猴子: 此时正在封人的布罗利还不知道玩大哥下播会清算他。。。
[2026-02-22 02:00:32] 小缘赐名的JK: 送钱的都没一个说话的 说明都通过气了 弹幕再刷也没用的.
[2026-02-22 02:00:32] angry嗷呜: 此时正在封人的布罗利还不知道玩大哥下播会清算他。。。ですわ
[2026-02-22 02:00:32] 玩手机丶phone: 不发弹幕喷布罗利＝被布罗利365不发弹幕喷布罗利＝被布罗利365不发弹幕喷布罗利＝被布罗利365
[2026-02-22 02:00:32] 绘心酱敲卡哇伊: 布罗利唯一一个粉丝牌是个搞说唱的up主。。难怪这么傻呗
[2026-02-22 02:00:33] suicho: 贵宾数减半了，玩玩别生气，整理好心情洗把脸再开摄像头吧~
[2026-02-22 02:00:33] 第三猪白猪玩斯曼: 玩神 今晚载物赢了能释放载X吗 听说你亲手把他拿下了
[2026-02-22 02:00:33] 呆妹儿的姑父: 冷知识，布罗利库存里全是黑蛋
[2026-02-22 02:00:33] Swindle9527: @布罗利Brol：怎么只会在网络上装啊？来点现实的就怂了？ 刚才那nb劲呢？
[2026-02-22 02:00:33] 好哥们黑龙歼灭刀: @布罗利Brol：怎么只会在网络上装啊？来点现实的就怂了？ 刚才那nb劲呢？
[2026-02-22 02:00:33] CN传奇指挥advent: 布罗利：我的鼻毛好长。。。
[2026-02-22 02:00:34] 变的是我的脑子: @布罗利Brol：怎么只会在网络上装啊？来点现实的就怂了？ 刚才那nb劲呢？
[2026-02-22 02:00:34] samuraionnna: 大家千万不要搜索steam好友代码407167909找到布罗利的steam啊
[2026-02-22 02:00:34] 虹学会天王寺璃奈本人: 感觉今天布冯要被骑了[捂眼]
[2026-02-22 02:00:34] FFrio: 这头盔真帅啊
[2026-02-22 02:00:34] 不主动不拒绝不负责: 我不明白
[2026-02-22 02:00:34] 用户1931751596: 高松灯是自闭症，若叶睦是精神分裂，八幡海铃是lkd，祐.天寺若麦是寂女，丰川祥子是彪子噜~
[2026-02-22 02:00:35] 安达抱月樱: @布罗利：我参与了投票Drake这个diss怎么样？ 我投给了“我觉得顶”[笑哭]
[2026-02-22 02:00:35] 图帕雷松: 蒙古铁骑
[2026-02-22 02:00:35] 骑猪去登山desuwa: 沵個炪泩菿疧蔎置孒哆仯個屛幣詞，莪棈杺揙辑哋弹募怎庅潑芣炪唻
[2026-02-22 02:00:35] MeIoN39: 大家千万不要搜索steam好友代码407167909找到布罗利的steam啊ですわ
[2026-02-22 02:00:35] 玩台钳丶阿尔托莉雅: 大家千万别去aicu.cc，搜索6512408看布罗利的嘉豪评论啊
[2026-02-22 02:00:35] 锦木干束: @Peko-：一想到玩大哥假装松弛，看着满屏弹幕节奏，还要压抑着登山情绪边想公关方案
[2026-02-22 02:00:35] 鸭硕的哈撒给: 布罗利的steam页面没开留言，不用浪费时间了直接某站集合
[2026-02-22 02:00:36] 我不是玩父: 大家千万不要搜索steam好友代码407167909找到布罗利的steam啊
[2026-02-22 02:00:36] 4846836538542: 你们千万别搜索uid6512408举报房管布罗利啊
[2026-02-22 02:00:36] 阡陌ER: 弹幕有多爆呢，我就这么说吧，已经没人刷show_pig_face了
[2026-02-22 02:00:36] 普通网友小沈: @布罗利：我参与了投票Drake这个diss怎么样？ 我投给了“我觉得顶
[2026-02-22 02:00:36] 即将拥有PDD的人鱼线丿: 优势在我
[2026-02-22 02:00:36] 杜可风丶:  @布罗利Broli:玩 巴 分 钱
[2026-02-22 02:00:39] 寂静世界876: 贵宾2.7w，布总 管的置顶动态才300+评论，你们是没长手吗？？
[2026-02-22 02:00:40] 变的是我的脑子: 贵宾2.7w，布总 管的置顶动态才300+评论，你们是没长手吗？？
[2026-02-22 02:00:40] LvvsiN: 你为什么要把mαjor禁了，我收藏的一半弹幕全毁了
[2026-02-22 02:00:40] 虹彩: 过一小时就知道为啥了
[2026-02-22 02:00:40] Ayaymin: @太行山：是时候了，机器。  @太行山：是时候了，机器。
[2026-02-22 02:00:40] 用户46659809: 布罗利你有没有种啊，这么多弹幕隔着串你，是我都给封了
[2026-02-22 02:00:40] 玩猴爪丶MonkeyPaw: 主播你看弹幕吗？我看弹幕都在骂你，你根本没有回应
[2026-02-22 02:00:40] 擅长登山的亦博同学: 此时正在封人的布罗利还不知道玩大哥下播会清算他。。。
[2026-02-22 02:00:40] 呆妹儿的姑父: 冷知识，布罗利库存里全是黑蛋
[2026-02-22 02:00:40] 刘刘的农: @阿汤日记：一个人，5发子弹，保住格陵兰岛。我不会叫它不可能完成的任务，我现在只想先回家看亦博
[2026-02-22 02:00:40] 爱马修更爱玩宝宝: @Kunwz：你们后面倒是骂爽了，我第一批出来骂的，刚解封。
[2026-02-22 02:00:41] 李知恩给的iPhone7: 蒙古铁骑
[2026-02-22 02:00:41] LvvsiN: 弹幕也就网上说说，现实里谁不觉得樱姐是好女孩（删括号领一条远坂凛同款鸟笼）
[2026-02-22 02:00:41] 4846836538542: 你们千万别搜索uid6512408举报房管布罗利啊
[2026-02-22 02:00:41] 防天防地防空气: 蒙古这头盔还挺帅
[2026-02-22 02:00:41] 安达抱月樱: 大家千万不要搜索steam好友代码407167909找到布罗利的steam啊
[2026-02-22 02:00:41] 爱吃青椒的重曹酱: 玩机器当然恨载圣，因为🧊本来是说他的，被载圣偷了😡
[2026-02-22 02:00:41] Peko-: @MArshall-313：布罗利没问题，🧊粉闹麻了
[2026-02-22 02:00:41] 账户永久封禁: 贵宾数减半了，玩玩别生气，整理好心情洗把脸再开摄像头吧~
[2026-02-22 02:00:41] OMGlionKing: @布罗利：我参与了投票Drake这个diss怎么样？ 我投给了“我觉得顶”[笑哭]
[2026-02-22 02:00:41] 大姜饼: @布罗利Brol：怎么只会在网络上装啊？来点现实的就怂了？ 刚才那nb劲呢？
[2026-02-22 02:00:41] 呆妹儿的姑父: 冷知识，布罗利库存里全是黑蛋
[2026-02-22 02:00:41] Alone無淚: 布罗利的steam页面没开留言，不用浪费时间了直接某站集合
[2026-02-22 02:00:41] 牙刷一次用俩: 6
[2026-02-22 02:00:41] LvvsiN: 你为什么要把mαjor禁了，我收藏的一半弹幕全毁了
[2026-02-22 02:00:41] jsir6688: 送钱的都没一个说话的 说明都通过气了 弹幕再刷也没用的.
[2026-02-22 02:00:42] 玩斯特机机: 冷知识，布罗利库存里全是黑蛋
[2026-02-22 02:00:42] 玩猴爪丶MonkeyPaw: 主播你看弹幕吗？我看弹幕都在骂你，你根本没有回应
[2026-02-22 02:00:42] SuperP681: 感觉今天布冯要被骑了[捂眼]
[2026-02-22 02:00:43] 海绵宝宝小能儿: 玩神 今晚载物赢了能释放载X吗 听说你亲手把他拿下了
[2026-02-22 02:00:43] KBKGBOVO:  @布罗利Broli:玩 巴 分 钱
[2026-02-22 02:00:43] LvvsiN: 你这音画不同步太难受了，我都听到NIKO里约RMR晋级的欢呼了
[2026-02-22 02:00:43] 呆妹儿的姑父: 冷知识，布罗利库存里全是黑蛋
[2026-02-22 02:00:44] eewwovo: 公式
[2026-02-22 02:00:44] 野pig亨利28: 公式
[2026-02-22 02:00:44] 为什么不ban猛马: 图书馆了
[2026-02-22 02:00:44] PacificationX: 一想到玩大哥假装松弛，看着满屏弹幕节奏，还要压抑着登山情绪边想公关方案边公式解说，我就想笑😄
[2026-02-22 02:00:44] Hitagi蟹蟹: 冷知识，布罗利库存里全是黑蛋
[2026-02-22 02:00:44] 东方雨泰: 我不明白
[2026-02-22 02:00:45] 半夜醒来硬梆梆: 猪头
[2026-02-22 02:00:45] NTU第一肥美: 你敢不看弹幕吗
[2026-02-22 02:00:45] 还是荧光棒送少了: 公式
[2026-02-22 02:00:45] 玩台钳丶阿尔托莉雅: 大家千万别去aicu.cc，搜索6512408看布罗利的嘉豪评论啊
[2026-02-22 02:00:45] LvvsiN: 弹幕也就网上说说，现实里谁不觉得樱姐是好女孩（删括号领一条远坂凛同款鸟笼）
[2026-02-22 02:00:46] 变的是我的脑子: 大家千万不要搜索steam好友代码407167909找到布罗利的steam啊
[2026-02-22 02:00:46] 結城希亞: 贵宾数减半了，玩玩别生气，整理好心情洗把脸再开摄像头吧~
[2026-02-22 02:00:46] 身旁冷清拥挤丶: 贵宾2.7w，布总 管的置顶动态才300+评论，你们是没长手吗？？
[2026-02-22 02:00:46] 祝我永远不死: 想赢蜜蜂还是难啊
[2026-02-22 02:00:46] 草莓冰酪: 玩机器当然恨载圣，因为🧊本来是说他的，被载圣偷了😡
[2026-02-22 02:00:47] 梦想是独立自由: 公式化
[2026-02-22 02:00:47] 吊人日子不过了: EWC赢过 还夺冠了
[2026-02-22 02:00:47] 呆妹儿的姑父: 冷知识，布罗利库存里全是黑蛋
[2026-02-22 02:00:47] 用来焚城的业炎: 玩机器当然恨载圣，因为🧊本来是说他的，被载圣偷了😡
[2026-02-22 02:00:47] Gemini业余: 感觉今天布冯要被骑了[捂眼]
[2026-02-22 02:00:47] 落叶悠哉落: 主播你看弹幕吗？我看弹幕都在骂你，你根本没有回应
[2026-02-22 02:00:47] 冬瓜强的鼠标中键: 贵宾2.7w，布总 管的置顶动态才300+评论，你们是没长手吗？？
[2026-02-22 02:00:47] LvvsiN: 弹幕别吵了，银行业一样一样有有有也会有h'y'hui't'y'r's'c'dn
[2026-02-22 02:00:48] 姿势那些年小鸡小鸡: 此时正在封人的布罗利还不知道玩大哥下播会清算他。。。
[2026-02-22 02:00:48] 求老仙奶贾碧不死: 波兰人还支持蒙古啊....nb
[2026-02-22 02:00:48] 好哥们黑龙歼灭刀:  @布罗利Broli:玩 巴 分 钱
[2026-02-22 02:00:49] Wangzap: 哦？😮哦？😮哦？😮哦？😮哦？😮哦？😮哦？😮哦？😮哦？😮哦？😮
[2026-02-22 02:00:49] 用户91227835:  @布罗利Broli:玩 巴 分 钱
[2026-02-22 02:00:49] 挥泪斩楚狗: op
[2026-02-22 02:00:49] 柳小目: 冷知识，布罗利库存里全是黑蛋
[2026-02-22 02:00:49] GhostAnderson: 冷知识，布罗利库存里全是黑蛋
[2026-02-22 02:00:49] 半夜醒来硬梆梆: 显示猪头
[2026-02-22 02:00:50] noe1le: nikonya~
[2026-02-22 02:00:50] 用户46659809: 布罗利你有没有种啊，这么多弹幕隔着串你，是我都给封了
[2026-02-22 02:00:50] lonhkfd: 大家千万别去aicu.cc，搜索6512408看布罗利的嘉豪评论啊
[2026-02-22 02:00:50] 玩猴爪丶MonkeyPaw: 主播你看弹幕吗？我看弹幕都在骂你，你根本没有回应
[2026-02-22 02:00:50] 玩机器今晚还播吗: 下一个青蒜的应该是小夫了吧
[2026-02-22 02:00:50] 呆妹儿的姑父: 冷知识，布罗利库存里全是黑蛋
[2026-02-22 02:00:51] 欧内的手丨好汉: 贵宾2.7w，布总 管的置顶动态才300+评论，你们是没长手吗？
[2026-02-22 02:00:51] 飛鳥蘭: 我猪头呢
[2026-02-22 02:00:51] OMGlionKing: @布罗利：我参与了投票Drake这个diss怎么样？ 我投给了“我觉得顶”[笑哭]
[2026-02-22 02:00:51] 爱吃青椒的重曹酱: 大伙千万别去aicu查布罗利broli的发言啊
[2026-02-22 02:00:51] 我要看後续: 冰粉又在带节奏了，玩宝宝我们不受这气直接退网吧
[2026-02-22 02:00:51] 歌谷爱墨迹: 安静
[2026-02-22 02:00:51] gulipa8:  /uperP681：感觉今天布冯要被骑了[捂眼]
[2026-02-22 02:00:51] 4846836538542: 你们千万别搜索uid6512408举报房管布罗利啊
[2026-02-22 02:00:51] 22810q: 你们千万别搜索uid6512408举报房管布罗利啊
[2026-02-22 02:00:52] i化石-: 公式化
[2026-02-22 02:00:52] 用户6010236961: 大家千万别去aicu.cc，搜索6512408看布罗利的嘉豪评论啊
[2026-02-22 02:00:52] 草莓冰酪: 大家千万别去aicu.cc，搜索6512408看布罗利的嘉豪评论啊
[2026-02-22 02:00:52] 魔法师Saber: 贵宾2.7w，布总 管的置顶动态才300+评论，你们是没长手吗？？
[2026-02-22 02:00:53] 羽沐言: 大家千万不要搜索steam好友代码407167909找到布罗利的steam啊
[2026-02-22 02:00:53] 怎么被用了: 送钱的都没一个说话的 说明都通过气了 弹幕再刷也没用的.desuwa
[2026-02-22 02:00:53] 孔明老婆王司徒: 一想到玩大哥假装松弛，看着满屏弹幕节奏，还要压抑着登山情绪边想公关方案边公式解说，我就想笑😄
[2026-02-22 02:00:53] 姿势那些年小鸡小鸡: 贵宾数减半了，玩玩别生气，整理好心情洗把脸再开摄像头吧~
[2026-02-22 02:00:53] suicho: 贵宾数减半了，玩玩别生气，整理好心情洗把脸再开摄像头吧~
[2026-02-22 02:00:54] 呆妹儿的姑父: 冷知识，布罗利库存里全是黑蛋
[2026-02-22 02:00:54] xjdnshxjdka: 冰粉又在带节奏了，玩宝宝我们不受这气直接退网吧
[2026-02-22 02:00:54] 好姐们反田叶月: 布罗利：哦对了 载吧奋前
[2026-02-22 02:00:54] Kunwz: 建议蒙古选阿努比斯，这样队伍和地图都对了
[2026-02-22 02:00:55] PacificationX: 一想到玩大哥假装松弛，看着满屏弹幕节奏，还要压抑着登山情绪边想公关方案边公式解说，我就想笑😄
[2026-02-22 02:00:55] Wangzap: 哦？😮哦？😮哦？😮哦？😮哦？😮哦？😮哦？😮哦？😮哦？😮哦？😮
[2026-02-22 02:00:55] 为什么不ban猛马: 公式
[2026-02-22 02:00:55] 好哥们黑龙歼灭刀: @布罗利：我参与了投票Drake这个diss怎么样？ 我投给了“我觉得顶”[笑哭]
[2026-02-22 02:00:55] 半夜醒来硬梆梆: 显示猪头
[2026-02-22 02:00:55] 第三猪白猪玩斯曼: 玩神 今晚载物赢了能释放载X吗 听说你亲手把他拿下了
[2026-02-22 02:00:56] 玩台钳丶阿尔托莉雅: 大家千万别去aicu.cc，搜索6512408看布罗利的嘉豪评论啊
[2026-02-22 02:00:56] 捂二哥: 图书馆
[2026-02-22 02:00:56] 铃木佳奈助: 你们千万别搜索uid6512408举报房管布罗利啊
[2026-02-22 02:00:56] 283的铃木羽那本人: 人山人海
[2026-02-22 02:00:56] 用户6010236961: 大家千万不要搜索steam好友代码407167909找到布罗利的steam啊
[2026-02-22 02:00:56] lonhkfd: 贵宾2.7w，布总 管的置顶动态才300+评论，你们是没长手吗？？
[2026-02-22 02:00:56] 我也是加把劲骑士: 公式
[2026-02-22 02:00:56] 木空空空空空: 安静
[2026-02-22 02:00:57] 肘一郎: 6657真是消磨时间的好选择，不知不觉间玩大哥又吞噬了我的金夜…
[2026-02-22 02:00:57] LvvsiN: 弹幕别吵了，银行业一样一样有有有也会有h'y'hui't'y'r's'c'dn
[2026-02-22 02:00:57] LaifuoO来福oO: 此时正在封人的布罗利还不知道玩大哥下播会清算他。。。
[2026-02-22 02:00:57] xuzVan: 弹幕闹麻了，玩大哥本质是什么不会不知道吧，还清算布罗利
[2026-02-22 02:00:57] 淡然夏末的温存11: 冰粉又在带节奏了，玩宝宝我们不受这气直接退网吧
[2026-02-22 02:00:57] 安非而得: 公式
[2026-02-22 02:00:57] 杜可风丶: 冰粉又在带节奏了，玩宝宝我们不受这气直接退网吧
[2026-02-22 02:00:57] Saiki559: 开恨！
[2026-02-22 02:00:57] 鸭硕的哈撒给: 大家千万别去aicu.cc，搜索6512408看布罗利的嘉豪评论啊
[2026-02-22 02:00:57] znnoy: 直播间几w人来人满足一下@布罗利Brol：怎么只会在网络上装啊？来点现实的就怂了？ 刚才那nb劲呢？
[2026-02-22 02:00:57] 图帕雷松: 大家千万别去aicu.cc，搜索6512408看布罗利的嘉豪评论啊
[2026-02-22 02:00:57] 玩斯特出出6657: 安静
[2026-02-22 02:00:57] 热体温却无灵魂: 感觉。。不如弹幕热血啊
[2026-02-22 02:00:58] xu瓜: 想登山就登吧
[2026-02-22 02:00:58] AmamiyaIori: 贵宾数减半了，玩玩别生气，整理好心情洗把脸再开摄像头吧~
[2026-02-22 02:00:58] Mc凉月奏酱: 公式化
[2026-02-22 02:00:59] 阡陌ER: 冷知识，布罗利库存里全是黑蛋
[2026-02-22 02:00:59] MiniHerc: 人山人海
[2026-02-22 02:00:59] 该隐的匕首: falcon在哪
[2026-02-22 02:00:59] GhostAnderson: 大家千万别去aicu.cc，搜索6512408看布罗利的嘉豪评论啊
[2026-02-22 02:00:59] lonhkfd: 一想到玩大哥假装松弛，看着满屏弹幕节奏，还要压抑着登山情绪边想公关方案边公式解说，我就想笑😄
[2026-02-22 02:00:59] 热心好邻居: 公式
[2026-02-22 02:01:00] 用户1931751596: 冰粉又在带节奏了，玩宝宝我们不受这气直接退网吧
[2026-02-22 02:01:00] 凌晨的梦很美: 公式
[2026-02-22 02:01:00] 大肉鲁: 公式化
[2026-02-22 02:01:00] 玩柜子丶Mortis: 冰粉又在带节奏了，玩宝宝我们不受这气直接退网吧ですわ
[2026-02-22 02:01:00] TTak11: 哦？😮哦？😮哦？😮哦？😮哦？😮哦？😮哦？😮哦？😮哦？😮哦？😮
[2026-02-22 02:01:00] M1yauchiReng3: 图书馆
[2026-02-22 02:01:01] LvvsiN: @阿汤日记：一个人，5发子弹，保住格陵兰岛。我不会叫它不可能完成的任务，我现在只想先回家看亦博
[2026-02-22 02:01:01] OMGlionKing: @布罗利：我参与了投票Drake这个diss怎么样？ 我投给了“我觉得顶”[笑哭]
[2026-02-22 02:01:01] znnoy: 直播间几w人来人满足一下@布罗利Brol：怎么只会在网络上装啊？来点现实的就怂了？ 刚才那nb劲呢？
[2026-02-22 02:01:01] 想要夢見你: 法尔孔！！！！！
[2026-02-22 02:01:02] 刘刘的农: @布罗利：我参与了投票Drake这个diss怎么样？ 我投给了“我觉得顶”[笑哭]
[2026-02-22 02:01:02] 用玩大哥的角磨机吧: 贵宾数减半了，玩玩别生气，整理好心情洗把脸再开摄像头吧~
[2026-02-22 02:01:02] 没事小子: 显示猪头
[2026-02-22 02:01:02] Aleksumimi: 一想到玩大哥假装松弛，看着满屏弹幕节奏，还要压抑着登山情绪边想公关方案边公式解说
[2026-02-22 02:01:02] 专看玩机器的号: 冰粉又在带节奏了，玩宝宝我们不受这气直接退网吧
[2026-02-22 02:01:02] 变的是我的脑子: 冰粉又在带节奏了，玩宝宝我们不受这气直接退网吧
[2026-02-22 02:01:02] 鹿公爷: 安静
[2026-02-22 02:01:02] 爱吃青椒的重曹酱: @布罗利Brol回复 @JOJO爱摩托 :怎么只会在网络上装啊？来点现实的就怂了？ 刚才那nb劲呢？
[2026-02-22 02:01:03] 大颗寿司玩机器: 大家千万不要搜索steam好友代码407167909找到布罗利的steam啊
[2026-02-22 02:01:03] Kirse: 公式
[2026-02-22 02:01:03] PacificationX: 一想到玩大哥假装松弛，看着满屏弹幕节奏，还要压抑着登山情绪边想公关方案边公式解说，我就想笑😄
[2026-02-22 02:01:03] a1441f: 冰粉又在带节奏了，玩宝宝我们不受这气直接退网吧
[2026-02-22 02:01:03] weapon丶X: 大家千万别去aicu.cc，搜索6512408看布罗利的嘉豪评论啊
[2026-02-22 02:01:04] Saiki559: 公式
[2026-02-22 02:01:04] 宇莓: 你芜你的爱慕呢，你不应该说扁你的爱慕吗
[2026-02-22 02:01:04] 承認欲求: 建议蒙古选阿努比斯，这样队伍和地图都对了
[2026-02-22 02:01:04] Peko-: @羽沐言：大家千万不要搜索steam好友代码407167909找到布罗利的steam啊
[2026-02-22 02:01:04] Alone無淚: 公式
[2026-02-22 02:01:04] 我只是个番薯: 穿点纸壳子还热血呢
[2026-02-22 02:01:04] 玩台钳丶阿尔托莉雅: 大家千万别去aicu.cc，搜索6512408看布罗利的嘉豪评论啊
[2026-02-22 02:01:05] 舞小风: 公式
[2026-02-22 02:01:05] ezbet: 玩机器孝尼不孝载给🧊粉看急了
[2026-02-22 02:01:05] wjnbsl: 闹麻了
[2026-02-22 02:01:05] 中年叛逆家: 布罗利你有没有种啊，这么多弹幕隔着串你，是我都给封了
[2026-02-22 02:01:05] cornkiner: 冰粉又在带节奏了，玩宝宝我们不受这气直接退网吧
[2026-02-22 02:01:05] lonhkfd: 冷处理喽😄，冷处理喽😊，冷处理喽😌，冷处理喽🥳
[2026-02-22 02:01:06] 无敌都一定会的: 公式
[2026-02-22 02:01:06] 100T的device本人丶: 公式化
[2026-02-22 02:01:06] Wangzap: 哦？😮哦？😮哦？😮哦？😮哦？😮哦？😮哦？😮哦？😮哦？😮哦？😮
[2026-02-22 02:01:06] 玩血狼丶Bloodywolf: 公式化喊
[2026-02-22 02:01:06] 丶丶Ken丶丶: 想登山就登吧
[2026-02-22 02:01:06] 好哥们黑龙歼灭刀: 一想到玩大哥假装松弛，看着满屏弹幕节奏，还要压抑着登山情绪边想公关方案边公式解说，我就想笑😄
[2026-02-22 02:01:07] Hitagi蟹蟹: 此时正在封人的布罗利还不知道玩大哥下播会清算他。。。
[2026-02-22 02:01:07] 米米世界之神: 大家千万别去aicu.cc，搜索6512408看布罗利的嘉豪评论啊
[2026-02-22 02:01:07] kipple: 都不支持吗
[2026-02-22 02:01:07] 呆妹儿的姑父: 冷知识，布罗利库存里全是黑蛋
[2026-02-22 02:01:07] 100T的Magisk本人: 感觉没有那天哦的声音大呀
[2026-02-22 02:01:07] 木空空空空空: 人山人海
[2026-02-22 02:01:08] Subto: 由于你的帐号禁言10分钟,阳光信用分-10。了解斗鱼阳光信用分
[2026-02-22 02:01:08] KaT1n: sv_show_pigface 1
[2026-02-22 02:01:08] 玩机器今晚还播吗: 布罗利你有没有种啊，这么多弹幕隔着串你，是我都给封了
[2026-02-22 02:01:08] 欧内的手丨好汉: 贵宾2.7w，布总 管的置顶动态才300+评论，你们是没长手吗？？
[2026-02-22 02:01:09] storyfornobody: @布罗利Brol回复 @JOJO爱摩托 :怎么只会在网络上装啊？来点现实的就怂了？ 刚才那nb劲呢？
[2026-02-22 02:01:09] 我头秃还爱毒奶选手: 公式
[2026-02-22 02:01:09] LvvsiN: @阿汤日记：一个人，5发子弹，保住格陵兰岛。我不会叫它不可能完成的任务，我现在只想先回家看亦博
[2026-02-22 02:01:09] cheenlinn: 公式化
[2026-02-22 02:01:09] 玩玩QUQUMajor冠军: 你们千万不要比站搜索uid6512408举报房管布罗利啊
[2026-02-22 02:01:09] 可达鸭要做个好小孩: 一想到玩大哥假装松弛，看着满屏弹幕节奏，还要压抑着登山情绪边想公关方案边公式解说，我就想笑😄
[2026-02-22 02:01:09] 变的是我的脑子: @布罗利Brol回复 @JOJO爱摩托 :怎么只会在网络上装啊？来点现实的就怂了？ 刚才那nb劲呢？
[2026-02-22 02:01:09] kyubit: 冰粉又在带节奏了，玩宝宝我们不受这气直接退网吧
[2026-02-22 02:01:09] 美食殿堂的雪菲本人: 银行式
[2026-02-22 02:01:09] 猛吸千早爱音汁儿: 公式化
[2026-02-22 02:01:09] Kiryu、Kazuma: 显示猪头
[2026-02-22 02:01:10] 一二级没处理好: 蜜蜂比赛要开始了，大家赶快把要发的弹幕都复制好准备爆弹
[2026-02-22 02:01:10] 凌晨的梦很美: 牛逼在哪
[2026-02-22 02:01:10] 跳跃的司令官: 大家千万别去aicu.cc，搜索6512408看布罗利的嘉豪评论啊
[2026-02-22 02:01:10] 余生从此寄沧海: 公式
[2026-02-22 02:01:10] 虚心坦懐: 艾泼斯坦档案最新解密：玩■■■■■■，■■玩■■■
[2026-02-22 02:01:11] 玩猴爪丶MonkeyPaw: 主播你看弹幕吗？我看弹幕都在骂你，你根本没有回应
[2026-02-22 02:01:11] 飛鳥蘭: 我让你开双倍你二龙吗？老子荧光棒要过期了
[2026-02-22 02:01:11] LaifuoO来福oO: 一想到玩大哥假装松弛，看着满屏弹幕节奏，还要压抑着登山情绪边想公关方案边公式解说，我就想笑😄
[2026-02-22 02:01:11] 祝我永远不死: 不行啊这
[2026-02-22 02:01:11] 想和阿飞抹茶三披: 🤫嘘…仔细听…好像刚哭完…仔细听能听出来…🤭🤭🤭
[2026-02-22 02:01:11] bzhanshenshi: 公式化
[2026-02-22 02:01:12] 杜可风丶: 你芜你的爱慕呢，你不应该说扁你的爱慕吗
[2026-02-22 02:01:12] 绘心酱敲卡哇伊: 一想到玩大哥假装松弛，看着满屏弹幕节奏，还要压抑着登山情绪边想公关方
[2026-02-22 02:01:12] 脑斧01427: 两边都拉完了
[2026-02-22 02:01:12] 杰洛齐贝林3: 公式
[2026-02-22 02:01:12] 呆妹儿的姑父: 冷知识，布罗利库存里全是黑蛋
[2026-02-22 02:01:12] KRU的Less本人: 大家千万别去aicu.cc，搜索6512408看布罗利的嘉豪评论啊
[2026-02-22 02:01:12] 可达鸭要做个好小孩: 一想到玩大哥假装松弛，看着满屏弹幕节奏，还要压抑着登山情绪边想公关方案边公式解说，我就想笑😄
[2026-02-22 02:01:13] 古怪的一个人: 此时正在封人的布罗利还不知道玩大哥下播会清算他。。。
[2026-02-22 02:01:13] 怎么被用了: @布罗利：我参与了投票Drake这个diss怎么样？ 我投给了“我觉得顶”[笑哭]desuwa
[2026-02-22 02:01:13] Ayaymin: 布罗利你有没有种啊，这么多弹幕隔着串你，是我都给封了
[2026-02-22 02:01:13] 啪啪啪啪的蛋: 一想到玩大哥假装松弛，看着满屏弹幕节奏，还要压抑着登山情绪边想公关方案边公式解说，我就想笑😄
[2026-02-22 02:01:13] 所以我又晕了: 布罗利你有没有种啊，这么多弹幕隔着串你，是我都给封了
[2026-02-22 02:01:13] LenG丨清风: 专业
[2026-02-22 02:01:13] OMGlionKing: @布罗利：我参与了投票Drake这个diss怎么样？ 我投给了“我觉得顶”[笑哭]
[2026-02-22 02:01:14] 空城记忆梦北: 穿点纸壳子还热血呢
[2026-02-22 02:01:14] 变的是我的脑子: @羽沐言：大家千万不要搜索steam好友代码407167909找到布罗利的steam啊
[2026-02-22 02:01:14] 桂林米粉比较好吃: 一想到玩大哥假装松弛，看着满屏弹幕节奏，还要压抑着登山情绪边想公关方案边公式解说，我就想笑😄
[2026-02-22 02:01:14] AmamiyaIori: 你芜你的爱慕呢，你不应该说扁你的爱慕吗
[2026-02-22 02:01:14] 玩蛇鼠丶stabbi: 玩大哥别忍了，想说就说吧
[2026-02-22 02:01:15] 呆妹儿的姑父: 冷知识，布罗利库存里全是黑蛋
[2026-02-22 02:01:15] 宫监手: 大家千万别去aicu.cc，搜索6512408看布罗利的嘉豪评论啊
[2026-02-22 02:01:15] LvvsiN: 玩宝宝，我发现在大学上学的时候肄业会很舒服，你可以试试
[2026-02-22 02:01:15] 清酒啵啵: nb在哪，天天公式化解说
[2026-02-22 02:01:16] lonhkfd: 冷知识，布罗利库存里全是黑蛋
[2026-02-22 02:01:16] 玩台钳丶阿尔托莉雅: 大家千万别去aicu.cc，搜索6512408看布罗利的嘉豪评论啊
[2026-02-22 02:01:16] 牟平鲁尼: falcons？哦！！！！！！
[2026-02-22 02:01:16] 老师的拖鞋: 大家千万别去aicu.cc，搜索6512408看布罗利的嘉豪评论啊
[2026-02-22 02:01:16] 变的是我的脑子: 你们千万不要比站搜索uid6512408举报房管布罗利啊
[2026-02-22 02:01:16] znnoy: 直播间几w人来人满足一下@布罗利Brol：怎么只会在网络上装啊？来点现实的就怂了？ 刚才那nb劲呢？
[2026-02-22 02:01:17] 图帕雷松: 因为怕被捂嘴就不敢发弹幕，那你和被捂嘴了有什么区别
[2026-02-22 02:01:17] 伞尬漆: 劳资在别的直播间随便杆飞码到6657全给屏蔽了你说这扯不扯？？
[2026-02-22 02:01:17] 用户02938034: 布罗利你有没有种啊，这么多弹幕隔着串你，是我都给封了
[2026-02-22 02:01:17] LvvsiN: 其实碗橱就是猪灵，你不拿黄金丢他他就不跟你说话
[2026-02-22 02:01:17] KaT1n: sv_show_pigface 1
[2026-02-22 02:01:18] im黎里: 一想到玩大哥假装松弛，看着满屏弹幕节奏，还要压抑着登山情绪边想公关方案边公式解说，我就想笑😄
[2026-02-22 02:01:18] 半夜醒来硬梆梆: 显示猪头
[2026-02-22 02:01:18] 玩猴爪丶MonkeyPaw: 主播你看弹幕吗？我看弹幕都在骂你，你根本没有回应
[2026-02-22 02:01:18] 那个最帅的男人666: 玩机器孝尼不孝载给🧊粉看急了
[2026-02-22 02:01:18] 我是真想给玩神当二台: 大家千万别去aicu.cc，搜索6512408看布罗利的嘉豪评论啊
[2026-02-22 02:01:19] 74751的修理班阿渣: 这主持人一点都不中立怎么呼喊绿鹰
[2026-02-22 02:01:19] Wangzap: 咳得急=小分收，咳得长=大分收，肺子咳烂=地狱归来
[2026-02-22 02:01:19] LvvsiN: 其实碗橱就是猪灵，你不拿黄金丢他他就不跟你说话
[2026-02-22 02:01:19] 星海羽弦: 一想到玩大哥假装松弛，看着满屏弹幕节奏，还要压抑着登山情绪边想公关方案边公式解说，我就想笑😄
[2026-02-22 02:01:19] 杜可风丶: 我好担心啊，等会儿玩大哥是不是要被粉丝们气的直接下播了
[2026-02-22 02:01:19] 呆妹儿的姑父: 冷知识，布罗利库存里全是黑蛋
[2026-02-22 02:01:20] 杰尼的小迷弟: 布罗利你有没有种啊，这么多弹幕隔着串你，是我都给封了
[2026-02-22 02:01:20] 用戶6657: 此时正在封人的布罗利还不知道玩大哥下播会清算他。。。
[2026-02-22 02:01:20] 工藤小姐的吉他: 88888888
[2026-02-22 02:01:20] 怎么被用了: 大家千万别去aicu.cc，搜索6512408看布罗利的嘉豪评论啊desuwa
[2026-02-22 02:01:20] LenG丨清风: ？
[2026-02-22 02:01:21] gulipa8:  @玩台钳丶阿尔托莉雅：大家千万别去aicu.cc，搜索6512408看布罗利的嘉豪评论啊
[2026-02-22 02:01:21] 有你便是世界1: 抹油了
[2026-02-22 02:01:21] Hitagi蟹蟹: 大家千万别去aicu.cc，搜索6512408看布罗利的嘉豪评论啊
[2026-02-22 02:01:21] 没有故事的Pluto: 一想到玩大哥假装松弛，看着满屏弹幕节奏，还要压抑着登山情绪边想公关方
[2026-02-22 02:01:21] LRaxewis: 显示🐷显示🐷显示🐷显示🐷显示🐷
[2026-02-22 02:01:21] znnoy: 直播间几w人来人满足一下@布罗利Brol：怎么只会在网络上装啊？来点现实的就怂了？ 刚才那nb劲呢？
[2026-02-22 02:01:22] 玩蛇鼠丶stabbi: 玩大哥别忍了，想说就说吧，憋坏了对身体不好
[2026-02-22 02:01:22] PacificationX: 一想到玩大哥假装松弛，看着满屏弹幕节奏，还要压抑着登山情绪边想公关方案边公式解说，我就想笑😄
[2026-02-22 02:01:22] 变的是我的脑子: 大家千万别去aicu.cc，搜索6512408看布罗利的嘉豪评论啊
[2026-02-22 02:01:22] 好哥们音箱蟀: 大家千万别去aicu.cc，搜索6512408看布罗利的嘉豪评论啊
[2026-02-22 02:01:22] MyGo的tomorin本人: @布罗利：我参与了投票Drake这个diss怎么样？ 我投给了“我觉得顶”[笑哭]
[2026-02-22 02:01:22] 北京小龙虾没有冠军: 一想到玩大哥假装松弛，看着满屏弹幕节奏，还要压抑着登山情绪边想公关方案边公式解说，我就想笑😄
[2026-02-22 02:01:23] 阿瓦伊莉雅: 兄弟们我感觉我今天状态不是很好啊，我今天状态非常不好啊，我感觉我应该，唉，我要不，我去调整一下心情吧
[2026-02-22 02:01:23] 呆妹儿的姑父: 冷知识，布罗利库存里全是黑蛋
[2026-02-22 02:01:23] Wangzap: 咳得急=小分收，咳得长=大分收，肺子咳烂=地狱归来
[2026-02-22 02:01:23] 寺见鸣鳰: 大家千万别去aicu.cc，搜索6512408看布罗利的嘉豪评论啊
[2026-02-22 02:01:23] 9418我柜子动了: 闪光蛋
[2026-02-22 02:01:23] LvvsiN: 你屏蔽词都快赶上新华词典了为什么不干脆开一百级发言？
[2026-02-22 02:01:23] 好哥们黑龙歼灭刀: 报告🙋‍♂️！有楞刷🌶个！报告🙋‍♂️！有楞刷🌶个！报告🙋‍♂️！有楞刷🌶个！
[2026-02-22 02:01:23] 用户6235382488: 此时正在封人的布罗利还不知道玩大哥下播会清算他。。。
[2026-02-22 02:01:24] 铃木佳奈助: 大家千万别去aicu.cc，搜索6512408看布罗利的嘉豪评论啊
[2026-02-22 02:01:24] 机机子的机机: 大灯泡
[2026-02-22 02:01:24] 最爱的马卡龙: 开始布罗利业务能力也很强啊
[2026-02-22 02:01:24] 爱被小泉吃的拉面同学: 一想到玩大哥假装松弛，看着满屏弹幕节奏，还要压抑着登山情绪边想公关方案边公式解说，我就想笑😄
[2026-02-22 02:01:24] 伞尬漆: 劳资在别的直播间随便杆飞码到6657全给屏蔽了你说这扯不扯？？
[2026-02-22 02:01:24] viovvvvvvvon: 大家千万别去aicu.cc，搜索6512408看布罗利的嘉豪评论啊
[2026-02-22 02:01:25] 没事小子: 那猪头呢
[2026-02-22 02:01:25] KaT1n: sv_show_pigface 1
[2026-02-22 02:01:25] 欧内的手丨好汉: 你们千万不要比站搜索uid6512408举报房管布罗利啊
[2026-02-22 02:01:25] LvvsiN: 为什么房管封的不能给鱼丸……还以为今天晚上得吃了……
[2026-02-22 02:01:25] 开朗小栗: 你们千万不要比站搜索uid6512408举报房管布罗利啊
[2026-02-22 02:01:26] 傍晚的黑: “房”布罗利broli：不骂了不骂了，向🧊粉投降🏳️向活🐎物投降🏳️
[2026-02-22 02:01:26] 呆妹儿的姑父: 冷知识，布罗利库存里全是黑蛋
[2026-02-22 02:01:26] G既子: 抓娃娃
[2026-02-22 02:01:26] Wangzap: 咳得急=小分收，咳得长=大分收，肺子咳烂=地狱归来
[2026-02-22 02:01:26] 大姜饼: 一想到玩大哥假装松弛，看着满屏弹幕节奏，还要压抑着登山情绪边想公关方案边公式解说，我
[2026-02-22 02:01:27] Polylion: 我吃白辣~
[2026-02-22 02:01:27] 虚心坦懐: 一想到玩大哥假装松弛，看着满屏弹幕节奏，还要压抑着登山情绪边想公关方案边公式解说，我就想笑😄
[2026-02-22 02:01:27] 纸漓: 别看了吧，都这么恨了，有意思吗
[2026-02-22 02:01:27] 开始送你: 反光
[2026-02-22 02:01:27] LvvsiN: 就tm喜欢银行业🥰银行坏账我喜欢🥰银行挤兑我还喜欢😍利率调低我也喜欢🤤老子亲烂银行业的脸😘
[2026-02-22 02:01:27] 海绵宝宝小能儿: 感谢玩神亲手拿下载蝶！感谢玩神亲手拿下载蝶！
[2026-02-22 02:01:27] 小小大南瓜OvO: 大家千万别去aicu.cc，搜索6512408看布罗利的嘉豪评论啊
[2026-02-22 02:01:27] 刘刘的农: 一想到玩大哥假装松弛，看着满屏弹幕节奏，还要压抑着登山情绪
[2026-02-22 02:01:27] PacificationX: 一想到玩大哥假装松弛，看着满屏弹幕节奏，还要压抑着登山情绪边想公关方案边公式解说，我就想笑😄
[2026-02-22 02:01:28] SuperP681: 大家千万别去aicu.cc，搜索6512408看布罗利的嘉豪评论啊
[2026-02-22 02:01:28] 老王爱吃大咪饭: 抹东西了吧
[2026-02-22 02:01:28] 呆妹儿的姑父: 冷知识，布罗利库存里全是黑蛋
[2026-02-22 02:01:29] 狂吃大祥脚: niko和尼孝一样逆天，一个编施善意互动，一个禁言善意互动
[2026-02-22 02:01:29] Aleksumimi: 大家千万别去aicu.cc，搜索6512408看布罗利的嘉豪评论啊
[2026-02-22 02:01:29] LvvsiN: 为什么房管封的不能给鱼丸……还以为今天晚上得吃了……
[2026-02-22 02:01:30] triangle233: 布罗利你有没有种啊，这么多弹幕隔着串你，是我都给封了
[2026-02-22 02:01:30] 不变的追求717: 大家千万别去aicu.cc，搜索6512408看布罗利的嘉豪评论啊
[2026-02-22 02:01:30] 玩台钳丶阿尔托莉雅: 大家千万别去aicu.cc，搜索6512408看布罗利的嘉豪评论啊
[2026-02-22 02:01:30] Saiki559: 猪头
[2026-02-22 02:01:30] 会欧的会欧的: 毛蛋
[2026-02-22 02:01:30] 玩猴爪丶MonkeyPaw: 主播你看弹幕吗？我看弹幕都在骂你，你根本没有回应
[2026-02-22 02:01:30] 祝我永远不死: 你试试
[2026-02-22 02:01:30] 芙尔兰朵露: 大家千万别去aicu.cc，搜索6512408看布罗利的嘉豪评论啊
[2026-02-22 02:01:31] 呆妹儿的姑父: 冷知识，布罗利库存里全是黑蛋
[2026-02-22 02:01:31] LvvsiN: 玩 出，我双倍呢？😡😡玩 出，我双倍呢？😡😡玩 出，我双倍呢？😡😡玩 出，我双倍呢？😡
[2026-02-22 02:01:31] Wangzap: 咳得急=小分收，咳得长=大分收，肺子咳烂=地狱归来
[2026-02-22 02:01:31] 老师你放屁的样子好帅: 一想到玩大哥假装松弛，看着满屏弹幕节奏，还要压抑着登山情绪边想公关方案边公式解说，我就想笑😄
[2026-02-22 02:01:32] 好哥们黑龙歼灭刀: 大家千万别去aicu.cc，搜索6512408看布罗利的嘉豪评论啊
[2026-02-22 02:01:32] 防天防地防空气: 布罗利你有没有种啊，这么多弹幕隔着串你，是我都给封了
[2026-02-22 02:01:32] 吉吉国王辛苦了: 你们千万不要比站搜索uid6512408举报房管布罗利啊
[2026-02-22 02:01:32] Crythic的羊宫妃那本人: 开始布罗利业务能力也很强啊
[2026-02-22 02:01:32] 变的是我的脑子: 报告🙋‍♂️！有楞刷🌶个！报告🙋‍♂️！有楞刷🌶个！报告🙋‍♂️！有楞刷🌶个！
[2026-02-22 02:01:32] 可爱女初中生: 大家千万别去aicu.cc，搜索6512408看布罗利的嘉豪评论啊
[2026-02-22 02:01:32] Peko-: @好哥们音箱蟀：大家千万别去aicu.cc，搜索6512408看布罗利的嘉豪评论啊
[2026-02-22 02:01:32] PacificationX: 一想到玩大哥假装松弛，看着满屏弹幕节奏，还要压抑着登山情绪边想公关方案边公式解说，我就想笑😄
[2026-02-22 02:01:33] 娶不到相羽爱奈: 从伟伟到人上人到斤乃再到布罗利，可以看出给玩机器苞米的都是什么好人了👍
[2026-02-22 02:01:33] 巨型大高玩: 一想到玩大哥假装松弛，看着满屏弹幕节奏，还要压抑着登山情绪边想公关方案边公式解说，我就想笑😄
[2026-02-22 02:01:33] 怎么被用了: 感谢玩神亲手拿下载蝶！感谢玩神亲手拿下载蝶！desuwa
[2026-02-22 02:01:33] JuL1us: 刘一点
[2026-02-22 02:01:33] 呆妹儿的姑父: 冷知识，布罗利库存里全是黑蛋
[2026-02-22 02:01:33] znnoy: 直播间几w人来人满足一下@布罗利Brol：怎么只会在网络上装啊？来点现实的就怂了？ 刚才那nb劲呢？
[2026-02-22 02:01:33] 玩机器今晚还播吗: 布罗利也是光头
[2026-02-22 02:01:33] 唯有、责任: 图书馆😆 图书馆😆 图书馆😆 图书馆😆 图书馆😆 图书馆😆 图书馆😆 图书馆😆
[2026-02-22 02:01:34] 量子毁灭717: 小蜜蜂运气真好，没碰到pv，猎鹰八强就要和强敌对决
[2026-02-22 02:01:34] 第三猪白猪玩斯曼: 玩神 今晚载物赢了能释放载X吗 听说你亲手把他拿下了
[2026-02-22 02:01:34] 骄骄爱吃糖: 差不多吔，猎鹰走了现场观众和直播间的素质都高起来了啊
[2026-02-22 02:01:34] 柳小目: 冷处理喽😄，冷处理喽😊，冷处理喽😌，冷处理喽🥳
[2026-02-22 02:01:34] AmamiyaIori: 别看了吧，都这么恨了，有意思吗
[2026-02-22 02:01:34] 若叶睦丶: [尴尬]
[2026-02-22 02:01:34] 壹叁狗: 改猪头位置
[2026-02-22 02:01:34] 欧内的手丨好汉: 大家千万别去aicu.cc，搜索6512408看布罗利的嘉豪评论啊
[2026-02-22 02:01:35] 偷鸡蛋的玩机器本人o: 玩大哥是猕猴桃
[2026-02-22 02:01:35] 马丁路德蕉: 抹油了
[2026-02-22 02:01:35] 左颜And1: 你们千万不要比站搜索uid6512408举报房管布罗利啊
[2026-02-22 02:01:35] 可达鸭要做个好小孩: 玩大哥别忍了，想说就说吧，憋坏了对身体不好
[2026-02-22 02:01:35] LvvsiN: @阿汤日记：一个人，5发子弹，保住格陵兰岛。我不会叫它不可能完成的任务，我现在只想先回家看亦博
[2026-02-22 02:01:35] 米米世界之神: 一想到玩大哥假装松弛，看着满屏弹幕节奏，还要压抑着登山情绪边想公关方案边公式解说，我就想笑😄
[2026-02-22 02:01:35] 陪伴豆丶小啵: 大家千万别去aicu.cc，搜索6512408看布罗利的嘉豪评论啊
[2026-02-22 02:01:36] 玩小将山田凉YamadaRyo: 321登山
[2026-02-22 02:01:36] 图帕雷松: 一想到玩大哥假装松弛，看着满屏弹幕节奏，还要压抑着登山情绪边想公关方案边公式解说，我就想笑😄
[2026-02-22 02:01:36] 普通网友小沈: 玩机器难绷zywoo与jee友好互动；暴怒！玩机器怒喷niko编nota！直言：尼编尼亩呢！
[2026-02-22 02:01:36] 玩猴爪丶MonkeyPaw: 主播你看弹幕吗？我看弹幕都在骂你，你根本没有回应
[2026-02-22 02:01:36] 好好的吧不错: 布罗利是罗智翔这一切都说得通了
[2026-02-22 02:01:36] HCS118: 你试试
[2026-02-22 02:01:36] 冷汗狂冒Momo: 布罗利你有没有种啊，这么多弹幕隔着串你，是我都给封了
[2026-02-22 02:01:36] 爱丽速子的小白鼠: 大家千万别去aicu.cc，搜索6512408看布罗利的嘉豪评论啊
[2026-02-22 02:01:37] 安达抱月樱: 冷知识，布罗利库存里全是黑蛋
[2026-02-22 02:01:37] angry嗷呜: 大家千万别去aicu.cc，搜索6512408看布罗利的嘉豪评论啊
[2026-02-22 02:01:37] Wangzap: 咳得急=小分收，咳得长=大分收，肺子咳烂=地狱归来
[2026-02-22 02:01:37] lonhkfd: 布罗利你有没有种啊，这么多弹幕隔着串你，是我都给封了
[2026-02-22 02:01:37] 火星情报员工: 冷知识，布罗利库存里全是黑蛋
[2026-02-22 02:01:37] 会欧的会欧的: 玩毛蛋
[2026-02-22 02:01:38] 用户6010236961: 你们千万不要比站搜索uid6512408举报房管布罗利啊
[2026-02-22 02:01:38] 丶慢灵魂丶: 刘一脖
[2026-02-22 02:01:38] zzznnni: banks在台上又吼又叫一点事没有，某主播在地牢里说两句话就快死了
[2026-02-22 02:01:39] 漢子贰臣: 一想到玩大哥假装松弛，看着满屏弹幕节奏，还要压抑着登山情绪边想公关方案边公式解说，我就想笑😄
[2026-02-22 02:01:39] 呆妹儿的姑父: 冷知识，布罗利库存里全是黑蛋
[2026-02-22 02:01:39] 没有故事的Pluto: 大家千万别去aicu.cc，搜索6512408看布罗利的嘉豪评论啊
[2026-02-22 02:01:39] 唯有、责任: 图书馆😆 图书馆😆
[2026-02-22 02:01:39] 绘心酱敲卡哇伊: 大家千万别去aicu.cc，搜索6512408看布罗利的嘉豪评论啊
[2026-02-22 02:01:39] LvvsiN: @阿汤日记：一个人，5发子弹，保住格陵兰岛。我不会叫它不可能完成的任务，我现在只想先回家看亦博
[2026-02-22 02:01:39] ZLG彪winner: 一想到玩大哥假装松弛，看着满屏弹幕节奏，还要压抑着登山情绪边想公关方案边公式解说，我就想笑😄
[2026-02-22 02:01:40] 用户46659809: 大家千万不要搜索steam好友代码407167909找到布罗利的steam啊
[2026-02-22 02:01:40] QC很牛很强大: 玩大哥，想哭就哭吧，我怕你憋着憋着状态又不好了
[2026-02-22 02:01:40] 爱吃青椒的重曹酱: 就tm喜欢银行业🥰银行坏账我喜欢🥰银行挤兑我还喜欢😍利率调低我也喜欢🤤老子亲烂银行业的脸😘
[2026-02-22 02:01:40] 变的是我的脑子: 差不多吔，猎鹰走了现场观众和直播间的素质都高起来了啊
[2026-02-22 02:01:40] 戒虚肾: 刘亦点desuwa
[2026-02-22 02:01:41] Saiki559: 宫监手！准备放监！🏹🏹🏹🏹宫监手！准备放监！🏹🏹🏹🏹宫监
[2026-02-22 02:01:41] 擅长登山的亦博同学: 报告🙋‍♂️！有楞刷🌶个！报告🙋‍♂️！有楞刷🌶个！报告🙋‍♂️！有楞刷🌶个！
[2026-02-22 02:01:41] 棄王遺思: 88888888
[2026-02-22 02:01:41] 岛田王师傅: 刘亦 点
[2026-02-22 02:01:41] 玩家军的猪头肉本人: 从伟伟到人上人到斤乃再到布罗利，可以看出给玩机器苞米的都是什么好人了👍
[2026-02-22 02:01:41] 呆妹儿的姑父: 冷知识，布罗利库存里全是黑蛋
[2026-02-22 02:01:41] LvvsiN: 为什么房管封的不能给鱼丸……还以为今天晚上得吃了……
[2026-02-22 02:01:42] 傅先生喜欢看海杀: 防冷涂的蜡
[2026-02-22 02:01:42] 青山锁欲锁不住你: 这个直播间真的有布罗利，不管你发什么他会安排你365，可恨的很呐
[2026-02-22 02:01:42] znnoy: 直播间几w人来人满足一下@布罗利Brol：怎么只会在网络上装啊？来点现实的就怂了？ 刚才那nb劲呢？
[2026-02-22 02:01:42] 阿油AYY: 好中立的观众
[2026-02-22 02:01:42] 挥泪斩楚狗: 为什么
[2026-02-22 02:01:42] glad1uS: 刘亦点
[2026-02-22 02:01:43] 求老仙奶贾碧不死: 一想到玩大哥假装松弛，看着满屏弹幕节奏，还要压抑着登山情绪边想公关方案边公式解说，我就想笑😄
[2026-02-22 02:01:43] 羽沐言: 点
[2026-02-22 02:01:43] 变的是我的脑子: 大家千万别去aicu.cc，搜索6512408看布罗利的嘉豪评论啊
[2026-02-22 02:01:43] LvvsiN: 银行业😄银行业😀银行业😃银行业😁银行业😆银行业🤪银行业😝
[2026-02-22 02:01:43] a19991526: 咳得急=小分收，咳得长=大分收，肺子咳烂=地狱归来
[2026-02-22 02:01:44] gulipa8: 布罗利你有没有种啊，这么多弹幕隔着串你，是我都给封了
[2026-02-22 02:01:44] 飛鳥蘭: 没有猪头我就闹
[2026-02-22 02:01:45] 可爱女初中生: 大家千万别去aicu.cc，搜索6512408看布罗利的嘉豪评论啊
[2026-02-22 02:01:45] 呆妹儿的姑父: 冷知识，布罗利库存里全是黑蛋
[2026-02-22 02:01:45] 欧内的手丨好汉: 大家千万别去aicu.cc，搜索6512408看布罗利的嘉豪评论啊
[2026-02-22 02:01:45] 玩猴爪丶MonkeyPaw: 主播你看弹幕吗？我看弹幕都在骂你，你根本没有回应
[2026-02-22 02:01:45] 牛顿哪位: @阿汤日记：一个人，5发子弹，保住格陵兰岛。我不会叫它不可能完成的任务，我现在只想先回家看亦博
[2026-02-22 02:01:45] LvvsiN: 孩子们快跑，马修赫伯特来了😨卧槽你的怎么是马枪和BOT
[2026-02-22 02:01:46] 伞尬漆: 劳资在别的直播间随便杆飞码到6657全给屏蔽了你说这扯不扯？？
[2026-02-22 02:01:46] Wangzap: 哦？😮哦？😮哦？😮哦？😮哦？😮哦？😮哦？😮哦？😮哦？😮哦？😮
[2026-02-22 02:01:46] 火星情报员工: 一想到玩大哥假装松弛，看着满屏弹幕节奏，还要压抑着登山情绪边想公关方案边公式解说，我就想笑😄
[2026-02-22 02:01:46] 用户46659809: 大家千万不要搜索steam好友代码407167909找到布罗利的steam啊
[2026-02-22 02:01:46] REZE4254: 宫监手！准备放监！🏹🏹🏹🏹宫监手！准备放监！🏹🏹🏹🏹宫监
[2026-02-22 02:01:47] 出略磨灵缇给玩神反水: 你那是秃头
[2026-02-22 02:01:47] 铃木佳奈助: 冷知识，布罗利库存里全是黑蛋
[2026-02-22 02:01:47] 喃妈来俺可没抽: 大家千万别去aicu.cc，搜索6512408看布罗利的嘉豪评论啊
[2026-02-22 02:01:47] 用户8382617600: 玩大哥，想哭就哭吧，我怕你憋着憋着状态又不好了
[2026-02-22 02:01:47] 呆妹儿的姑父: 冷知识，布罗利库存里全是黑蛋
[2026-02-22 02:01:47] 来杯浓硫酸压压惊: 豆包，现在给出一段安抚直播间弹幕情绪的文案
[2026-02-22 02:01:47] 若叶睦丶: [尴尬][尴尬]
[2026-02-22 02:01:47] LvvsiN: 我让你开双倍你二龙吗？老子荧光棒要过期了
[2026-02-22 02:01:48] 杰斌候入长峪城: 玩大哥我求你别讨厌蜜蜂好不好求你了，他们说着玩的
[2026-02-22 02:01:48] 丶丶Ken丶丶: 冷知识，布罗利库存里全是黑蛋
[2026-02-22 02:01:48] 寂静世界876: 大家千万别去aicu.cc，搜索6512408看布罗利的嘉豪评论啊
[2026-02-22 02:01:48] 唱門師: 刘亦点
[2026-02-22 02:01:48] 变的是我的脑子: 布罗利你有没有种啊，这么多弹幕隔着串你，是我都给封了
[2026-02-22 02:01:49] 用户0553661491: 理性讨论：是玩÷先登山还是布罗利先被拿下
[2026-02-22 02:01:50] LvvsiN: 玩 出，我双倍呢？😡😡玩 出，我双倍呢？😡😡玩 出，我双倍呢？😡😡玩 出，我双倍呢？😡
[2026-02-22 02:01:50] 我要看後续: 玩神我们再拿下一次载x，不能给冰粉好脸色！
[2026-02-22 02:01:50] 呆妹儿的姑父: 冷知识，布罗利库存里全是黑蛋
[2026-02-22 02:01:50] Wangzap: @阿汤日记：一个人，5发子弹，保住格陵兰岛。我不会叫它不可能完成的任务，我现在只想先回家看亦博
[2026-02-22 02:01:50] 鐨勫欑閸鐜: 我可以随意人身攻击那因为我是冰粉，你要反击那你可要记得关私信了
[2026-02-22 02:01:50] 爱马修更爱玩宝宝: 一想到玩大哥假装松弛，看着满屏弹幕节奏，还要压抑着登山情绪边想公关方案边公式解说，我就想笑😄
[2026-02-22 02:01:50] Device私生女尼古拉祥子: 布罗利你有没有种啊，这么多弹幕隔着串你，是我都给封了ですわだ⭐ぜ！
[2026-02-22 02:01:50] 丶陪你直到世界尽头: 你们千万不要比站搜索uid6512408举报房管布罗利啊
[2026-02-22 02:01:50] 虚心坦懐: 兄弟们我感觉我今天状态不是很好啊，我今天状态非常不好啊，我感觉我应该，唉，我要不，我去调整一下心情吧
[2026-02-22 02:01:51] 泠鸢不是冷鸢丶: 冷知识，布罗利库存里全是黑蛋
[2026-02-22 02:01:51] 玩猴爪丶MonkeyPaw: 主播你看弹幕吗？我看弹幕都在骂你，你根本没有回应
[2026-02-22 02:01:51] 用户46659809: 大家千万不要搜索steam好友代码407167909找到布罗利的steam啊
[2026-02-22 02:01:51] 爱吃青椒的重曹酱: 玩机器当然恨载圣，因为🧊本来是说他的，被载圣偷了😡
[2026-02-22 02:01:51] AcceleratorlllL: 大家千万别去aicu.cc，搜索6512408看布罗利的嘉豪评论啊
[2026-02-22 02:01:52] LvvsiN: 你屏蔽词都快赶上新华词典了为什么不干脆开一百级发言？
[2026-02-22 02:01:52] 用户6010236961: 冷知识，布罗利库存里全是黑蛋
[2026-02-22 02:01:52] 喜欢玩机器被骂恋猪癖: 大家千万别去aicu.cc，搜索6512408看布罗利的嘉豪评论啊
[2026-02-22 02:01:52] 安达抱月樱: 这个直播间真的有布罗利，不管你发什么他会安排你365，可恨的很呐
[2026-02-22 02:01:52] 冷汗狂冒Momo: 大家千万别去aicu.cc，搜索6512408看布罗利的嘉豪评论啊
[2026-02-22 02:01:52] 好哥们叠甲光头: 大家千万别去aicu.cc，搜索6512408看布罗利的嘉豪评论啊
[2026-02-22 02:01:52] 玩台钳丶阿尔托莉雅: 大家千万别去aicu.cc，搜索6512408看布罗利的嘉豪评论啊
[2026-02-22 02:01:53] 锦木干束: 玩大哥我求你别讨厌蜜蜂好不好求你了，他们说着玩的
[2026-02-22 02:01:53] 我最爱的节目开始了: ？
[2026-02-22 02:01:53] 我有一对电动大牛子: 大家千万别去aicu.cc，搜索6512408看布罗利的嘉豪评论啊
[2026-02-22 02:01:53] PacificationX: 一想到玩大哥假装松弛，看着满屏弹幕节奏，还要压抑着登山情绪边想公关方案边公式解说，我就想笑😄
[2026-02-22 02:01:53] KAZUSA149: 咳得急=小分收，咳得长=大分收，肺子咳烂=地狱归来
[2026-02-22 02:01:54] LvvsiN: 我让你开双倍你二龙吗？老子荧光棒要过期了
[2026-02-22 02:01:54] 黑化的玩小将: 你们6元粉丝牌就躲后边吧，办了卡不发等于没办！
[2026-02-22 02:01:54] 杜可风丶:  @阿汤日记：一个人，5发子弹，保住格陵兰岛。我不会叫它不可能完成的任务，我现在只想先回家看亦博
[2026-02-22 02:01:54] MyGo的tomorin本人: 一想到玩大哥假装松弛，看着满屏弹幕节奏，还要压抑着登山情绪边想公关方案边公式解说，我就想笑😄
[2026-02-22 02:01:54] 狂吃大祥脚: niko和尼孝一样逆天，一个编诗善意互动，一个禁言善意互动
[2026-02-22 02:01:55] 孔明老婆王司徒: 一想到玩大哥假装松弛，看着满屏弹幕节奏，还要压抑着登山情绪边想公关方案边公式解说，我就想笑😄
[2026-02-22 02:01:56] LvvsiN: 其实碗橱就是猪灵，你不拿黄金丢他他就不跟你说话
[2026-02-22 02:01:57] 乌贼王乌索普: 大家千万别去aicu.cc，搜索6512408看布罗利的嘉豪评论啊
[2026-02-22 02:01:57] 走一匹马: 一想到玩大哥假装松弛，看着满屏弹幕节奏，还要压抑着登山情绪边想公关方案边公式解说，我就想笑😄
[2026-02-22 02:01:57] 黑化的玩小将: 你们6元粉丝牌就躲后边吧，办了卡不发等于没办！
[2026-02-22 02:01:58] LvvsiN: 就tm喜欢银行业🥰银行坏账我喜欢🥰银行挤兑我还喜欢😍利率调低我也喜欢🤤老子亲烂银行业的脸😘
[2026-02-22 02:01:58] AcceleratorlllL: 布罗利你有没有种啊，这么多弹幕隔着串你，是我都给封了
[2026-02-22 02:01:58] VDVCI的迪米特里本人: 大家千万别去aicu.cc，搜索6512408看布罗利的嘉豪评论啊
[2026-02-22 02:01:58] 玩猴爪丶MonkeyPaw: 主播你看弹幕吗？我看弹幕都在骂你，你根本没有回应
[2026-02-22 02:01:59] 13的恋人: 一想到玩大哥假装松弛，看着满屏弹幕节奏，还要压抑着登山情绪边想公关方案边公式解说，我就想笑😄
[2026-02-22 02:01:59] 图帕雷松: @异灵术老师:主播怎么忍住不倒车看后视镜的？
[2026-02-22 02:01:59] 玩Mach1ne丶机器: 玩神我们再拿下一次载x，不能给冰粉好脸色！
[2026-02-22 02:01:59] 井上坚二22: 大家千万别去aicu.cc，搜索6512408看布罗利的嘉豪评论啊
[2026-02-22 02:01:59] 刘刘的农: @布罗利Brol：怎么只会在网络上装啊？来点现实的就怂了？ 刚才那nb劲呢？
[2026-02-22 02:02:00] LvvsiN: 弹幕别吵了，银行业一样一样有有有也会有h'y'hui't'y'r's'c'dn
[2026-02-22 02:02:00] 狂吃大祥脚: niko和尼孝一样逆天，一个编诗善意互动，一个禁言善意互动
[2026-02-22 02:02:00] 黄浦niko: 咳得急=小分收，咳得长=大分收，肺子咳烂=地狱归来
[2026-02-22 02:02:00] Wangzap: 叼你滷味，尼個直播間真係好閪撚正，可以係咁叼柒主播，好鸠过瘾！
[2026-02-22 02:02:01] 我要看後续: 玩神我们再拿下一次载x，不能给冰粉好脸色！
[2026-02-22 02:02:01] 大肉鲁: 沙二op
[2026-02-22 02:02:01] 阿斯林: 一想到玩大哥假装松弛，看着满屏弹幕节奏，还要压抑着登山情绪边想公关方案边公式解说，我就想笑😄
[2026-02-22 02:02:01] 我只是个番薯: 6657还有封人吗  花了钱也封
[2026-02-22 02:02:02] LvvsiN: 为什么房管封的不能给鱼丸……还以为今天晚上得吃了……
[2026-02-22 02:02:02] 用户1931751596: 一想到玩大哥假装松弛，看着满屏弹幕节奏，还要压抑着登山情绪边想公关方案边公式解说，我就想笑😄
[2026-02-22 02:02:02] Peko-: 一想到玩大哥假装松弛，看着满屏弹幕节奏，还要压抑着登山情绪边想公关方案边公式解说，我就想笑😄
[2026-02-22 02:02:02] ilume: 布罗利你有没有种啊，这么多弹幕隔着串你，是我都给封了ですわだ⭐ぜ！
[2026-02-22 02:02:03] 黑化的玩小将: 你们6元粉丝牌就躲后边吧，办了卡不发等于没办！
[2026-02-22 02:02:03] 爱吃青椒的重曹酱: 大伙千万别去aicu查布罗利broli的发言啊
[2026-02-22 02:02:03] Ecifircas:  @阿汤日记：一个人，5发子弹，保住格陵兰岛。我不会叫它不可能完成的任务，我现在只想先回家看亦博
[2026-02-22 02:02:03] 伞尬漆: 劳资在别的直播间随便杆飞码到6657全给屏蔽了你说这扯不扯？？
[2026-02-22 02:02:03] 烘烤向日葵饼干: 叼你滷味，尼個直播間真係好閪撚正，可以係咁叼柒主播，好鸠过瘾！
[2026-02-22 02:02:03] 鸨哥宝哥你真猛: 一想到玩大哥假装松弛，看着满屏弹幕节奏，还要压抑着登山情绪边想公关方案边公式解说，我就想笑😄
[2026-02-22 02:02:03] AcceleratorlllL: 冷知识，布罗利库存里全是黑蛋
[2026-02-22 02:02:03] 小橙子橙99999: 玩神我们再拿下一次载x，不能给冰粉好脸色！
[2026-02-22 02:02:04] LvvsiN: @阿汤日记：一个人，5发子弹，保住格陵兰岛。我不会叫它不可能完成的任务，我现在只想先回家看亦博
[2026-02-22 02:02:04] 用户9921747043: 布罗利：说的好像ni ko低simple一档一样
[2026-02-22 02:02:04] 青山锁欲锁不住你: 一想到玩大哥假装松弛，看着满屏弹幕节奏，还要压抑着登山情绪边想公关方案边公式解说，我就想笑😄
[2026-02-22 02:02:05] 好姐们反田叶月: 🧊粉别跳脚了 你再串玩神都不会支持斯吧载这头🐷的
[2026-02-22 02:02:05] 用戶6657: @布罗利：为什么房管封的不能给鱼丸……还以为今天晚上得吃了……
[2026-02-22 02:02:05] blauervogel乀: 快登山吧
[2026-02-22 02:02:05] 不变的追求717: 布罗利你有没有种啊，这么多弹幕隔着串你，是我都给封了
[2026-02-22 02:02:05] 狂吃大祥脚: niko和尼孝一样逆天，一个编诗善意互动，一个禁言善意互动
[2026-02-22 02:02:05] 幻麥: 布罗利你有没有种啊，这么多弹幕隔着串你，是我都给封了ですわだ⭐ぜ！
[2026-02-22 02:02:06] Vitality的Zyw0o0本人: 一想到玩大哥假装松弛，看着满屏弹幕节奏，还要压抑着登山情绪边想公关方案边公式解说，我就想笑😄
[2026-02-22 02:02:06] 锦木干束: @孔明老婆王司徒：一想到玩大哥假装松弛，看着满屏弹幕节奏，还要压抑着登山情绪边想公关方案边公式解说，我就想笑😄
[2026-02-22 02:02:06] LvvsiN: 我让你开双倍你二龙吗？老子荧光棒要过期了
[2026-02-22 02:02:06] OxygenPlus: 一想到玩大哥假装松弛，看着满屏弹幕节奏，还要压抑着登山情绪边想公关方案边公式解说，我就想笑😄
[2026-02-22 02:02:06] AmamiyaIori: 布罗利你有没有种啊，这么多弹幕隔着串你，是我都给封了
[2026-02-22 02:02:06] a队的丰川祥子: 玩乐队的大姐姐们人呢😭被只会处刑的魔女们包围了好害怕😭
[2026-02-22 02:02:07] 矮小的獭: 一想到玩大哥假装松弛，看着满屏弹幕节奏，还要压抑着登山情绪边想公关方案边公式解说，我就想笑😄
[2026-02-22 02:02:07] 中奖我是大沙雕: 沙2都太熟了
[2026-02-22 02:02:07] 剑崎梨梨花: 玩神我们再拿下一次载x，不能给冰粉好脸色！
[2026-02-22 02:02:07] SuperP681: 一想到玩大哥假装松弛，看着满屏弹幕节奏，还要压抑着登山情绪边想公关方案边公式解说，我就想笑😄
[2026-02-22 02:02:08] 黑化的玩小将: 你们6元粉丝牌就躲后边吧，办了卡不发等于没办！
[2026-02-22 02:02:08] 第三猪白猪玩斯曼: 玩神我们再拿下一次载x，不能给冰粉好脸色！
[2026-02-22 02:02:08] LvvsiN: 就tm喜欢银行业🥰银行坏账我喜欢🥰银行挤兑我还喜欢😍利率调低我也喜欢🤤老子亲烂银行业的脸😘
[2026-02-22 02:02:08] AcceleratorlllL: 一想到玩大哥假装松弛，看着满屏弹幕节奏，还要压抑着登山情绪边想公关方案边公式解说，我就想笑😄
[2026-02-22 02:02:09] 菜星冲冲冲: 冷知识，布罗利库存里全是黑蛋
[2026-02-22 02:02:09] 伞尬漆: 劳资在别的直播间随便杆飞码到6657全给屏蔽了你说这扯不扯？？
[2026-02-22 02:02:10] 小缘赐名的JK: 送米的都没一个说话的 说明都通过气了 弹幕再刷也没用的.
[2026-02-22 02:02:10] 用戶6657: @布罗利：为什么房管封的不能给鱼丸……还以为今天晚上得吃了……
[2026-02-22 02:02:10] LvvsiN: 就tm喜欢银行业🥰银行坏账我喜欢🥰银行挤兑我还喜欢😍利率调低我也喜欢🤤老子亲烂银行业的脸😘
[2026-02-22 02:02:10] 依然有力:  @阿汤日记：一个人，5发子弹，保住格陵兰岛。我不会叫它不可能完成的任务，我现在只想先回家看亦博
[2026-02-22 02:02:10] 狂吃大祥脚: niko和尼孝一样逆天，一个编诗善意互动，一个禁言善意互动
[2026-02-22 02:02:10] 刘刘的农: 6657还有封人吗  花了钱也封
[2026-02-22 02:02:11] 不变的追求717: 你们6元粉丝牌就躲后边吧，办了卡不发等于没办！
[2026-02-22 02:02:11] 玩小将山田凉YamadaRyo: 一想到玩大哥假装松弛，看着满屏弹幕节奏，还要压抑着登山情绪边想公关方案边公式解说，我就想笑😄
[2026-02-22 02:02:11] 米米世界之神: 玩神我们再拿下一次载x，不能给冰粉好脸色！
[2026-02-22 02:02:11] 玩猴爪丶MonkeyPaw: 主播你在看弹幕吗？我看弹幕都在骂你，你根本没有回应
[2026-02-22 02:02:11] 深巷里的少年与猫丿: 我让你开双倍你二龙吗？老子荧光棒要过期了
[2026-02-22 02:02:11] ALT3TE: 一想到玩大哥假装松弛，看着满屏弹幕节奏，还要压抑着登山情绪边想公关方案边公式解说，我就想笑😄
[2026-02-22 02:02:11] 薄樂无訫: 布罗利你有没有种啊，这么多弹幕隔着串你，是我都给封了ですわだ⭐ぜ！
[2026-02-22 02:02:11] 好哥们黑龙歼灭刀: 一想到玩大哥假装松弛，看着满屏弹幕节奏，还要压抑着登山情绪边想公关方案边公式解说，我就想笑😄
[2026-02-22 02:02:12] 可达鸭要做个好小孩: 你们6元粉丝牌就躲后边吧，办了卡不发等于没办！
[2026-02-22 02:02:12] LvvsiN: 为什么房管封的不能给鱼丸……还以为今天晚上得吃了……
[2026-02-22 02:02:13] 大姜饼: 布罗利你有没有种啊，这么多弹幕隔着串你，是我都给封了ですわだ⭐ぜ！
[2026-02-22 02:02:13] 逗你呢帮会: 沙2都太熟了
[2026-02-22 02:02:13] noe1le: 🧊粉别跳脚了 你再串玩神都不会支持斯吧载这头🐷的nya~
[2026-02-22 02:02:13] 七海千秋娜娜米: 玩神我们再拿下一次载x，不能给冰粉好脸色！
[2026-02-22 02:02:13] 呆妹儿的姑父: @WindKing：布罗利我让你全仓一代手套你为什么一裤子黑蛋
[2026-02-22 02:02:14] 小小大南瓜OvO: 一想到玩大哥假装松弛，看着满屏弹幕节奏，还要压抑着登山情绪边想公关方案边公式解说，我就想笑😄
[2026-02-22 02:02:14] 默默momoMoMo123: @布罗利：为什么房管封的不能给鱼丸……还以为今天晚上得吃了……
[2026-02-22 02:02:14] gulipa8:  @AmamiyaIori：布罗利你有没有种啊，这么多弹幕隔着串你，是我都给封了
[2026-02-22 02:02:14] 斷H弦: 一想到玩大哥假装松弛，看着满屏弹幕节奏，还要压抑着登山情绪边想公关方案边公式解说，我就想笑😄
[2026-02-22 02:02:14] LvvsiN: 就tm喜欢银行业🥰银行坏账我喜欢🥰银行挤兑我还喜欢😍利率调低我也喜欢🤤老子亲烂银行业的脸😘
[2026-02-22 02:02:15] 绘心酱敲卡哇伊: @布罗利Brol：怎么只会在网络上装啊？来点现实的就怂了？ 刚才那nb劲呢？
[2026-02-22 02:02:15] Dartline: @布罗利：为什么房管封的不能给鱼丸……还以为今天晚上得吃了……
[2026-02-22 02:02:15] 遇见你时风好甜m: 一想到玩大哥假装松弛，看着满屏弹幕节奏，还要压抑着登山情绪边想公关方案边公式解说，我就想笑😄
[2026-02-22 02:02:15] Kirse: 一想到玩大哥假装松弛，看着满屏弹幕节奏，还要压抑着登山情绪边想公关方案边公式解说，我就想笑😄
[2026-02-22 02:02:15] 用戶6657: @布罗利：为什么房管封的不能给鱼丸……还以为今天晚上得吃了……
[2026-02-22 02:02:16] MeIoN39: 玩神我们再拿下一次载x，不能给冰粉好脸色！
[2026-02-22 02:02:16] 爱吃青椒的重曹酱: @草莓冰酪：今天登山不了了吧 骂你就给我受着
[2026-02-22 02:02:16] 有你便是世界1: 世一米
[2026-02-22 02:02:16] 叫我老岑就好了呀: 一想到玩大哥假装松弛，看着满屏弹幕节奏，还要压抑着登山情绪边想公关方案边公式解说，我就想笑😄
[2026-02-22 02:02:17] 呆妹儿的姑父: @WindKing：布罗利我让你全仓一代手套你为什么一裤子黑蛋
[2026-02-22 02:02:17] 九条都M1YaKo: 一想到玩大哥假装松弛，看着满屏弹幕节奏，还要压抑着登山情绪边想公关方案边公式解说，我就想笑😄
[2026-02-22 02:02:17] LvvsiN: 南孚一节更比六节强，也就是一节南孚比六节南孚强，六节南孚比三十六节强，三十六节比二百一十六节强
[2026-02-22 02:02:17] 咸鱼相惜: 冷知识，布罗利库存里全是黑蛋
[2026-02-22 02:02:17] 所以我又晕了: 一想到玩大哥假装松弛，看着满屏弹幕节奏，还要压抑着登山情绪边想公关方案边公式解说，我就想笑😄
[2026-02-22 02:02:17] 佛挡杀佛阿塞斯: 玩神我们再拿下一次载x，不能给冰粉好脸色！
[2026-02-22 02:02:17] 好姐妹常陆茉子: 《自己都不敢看那个demo》《2018波士顿major解说重制版》
[2026-02-22 02:02:17] 杜可风丶: 你们6元粉丝牌就躲后边吧，办了卡不发等于没办！
[2026-02-22 02:02:17] a队的丰川祥子: 玩乐队的大姐姐们人呢😭被只会处刑的魔女们包围了好害怕😭
[2026-02-22 02:02:17] 秘密猴子: 一想到玩大哥假装松弛，看着满屏弹幕节奏，还要压抑着登山情绪边想公关方案边公式解说，我就想笑😄
[2026-02-22 02:02:17] 鹅地霸霸: 这布罗利全网同ID啊，自己青嘛2023年就去世了还骂别人家人.....nb
[2026-02-22 02:02:17] 我要改名字2153: 布罗利你有没有种啊，这么多弹幕隔着串你，是我都给封了ですわだ⭐ぜ！
[2026-02-22 02:02:18] AcceleratorlllL: 一想到玩大哥假装松弛，看着满屏弹幕节奏，还要压抑着登山情绪边想公关方案边公式解说，我就想笑😄
[2026-02-22 02:02:18] 海绵宝宝小能儿: 感谢玩神亲手拿下载蝶送的礼物！
[2026-02-22 02:02:18] LvvsiN: 银行业😄银行业😀银行业😃银行业😁银行业😆银行业🤪银行业😝
[2026-02-22 02:02:18] Finland的索米KP31本人: 就tm喜欢银行业🥰银行坏账我喜欢🥰银行挤兑我还喜欢😍利率调低我也喜欢🤤老子亲烂银行业的脸😘
[2026-02-22 02:02:18] Odike: @布罗利：为什么房管封的不能给鱼丸……还以为今天晚上得吃了……
[2026-02-22 02:02:18] 呆妹儿的姑父: @WindKing：布罗利我让你全仓一代手套你为什么一裤子黑蛋
[2026-02-22 02:02:19] 伞尬漆: 劳资在别的直播间随便杆飞码到6657全给屏蔽了你说这扯不扯？？
[2026-02-22 02:02:19] 我有一对电动大牛子: 恨
[2026-02-22 02:02:19] 刘刘的农: 布罗利你有没有种啊，这么多弹幕隔着串你，是我都给封了
[2026-02-22 02:02:19] 烎摩尔托市: 一想到玩大哥假装松弛，看着满屏弹幕节奏，还要压抑着登山情绪边想公关方案边公式解说，我就想笑😄
[2026-02-22 02:02:19] 还是荧光棒送少了: 为啥不选op
[2026-02-22 02:02:19] 结束乐队的kitakitan本人: 一想到玩大哥假装松弛，看着满屏弹幕节奏，还要压抑着登山情绪边想公关方案边公式解说，我就想笑😄
[2026-02-22 02:02:19] 深巷里的少年与猫丿: 我让你开双倍你二龙吗？老子荧光棒要过期了
[2026-02-22 02:02:20] 花树w: 一想到玩大哥假装松弛，看着满屏弹幕节奏，还要压抑着登山情绪边想公关方案边公式解说，我就想笑😄
[2026-02-22 02:02:20] 用戶6657: @WindKing：布罗利我让你全仓一代手套你为什么一裤子黑蛋
[2026-02-22 02:02:20] LvvsiN: 弹幕别吵了，银行业一样一样有有有也会有h'y'hui't'y'r's'c'dn
[2026-02-22 02:02:20] 可达鸭要做个好小孩: 一想到玩大哥假装松弛，看着满屏弹幕节奏，还要压抑着登山情绪边想公关方案边公式解说，我就想笑😄
[2026-02-22 02:02:21] 呆妹儿的姑父: @WindKing：布罗利我让你全仓一代手套你为什么一裤子黑蛋
[2026-02-22 02:02:21] 承認欲求: 一想到玩大哥假装松弛，看着满屏弹幕节奏，还要压抑着登山情绪边想公关方案边公式解说，我就想笑😄
[2026-02-22 02:02:21] 終橙: 一想到玩大哥假装松弛，看着满屏弹幕节奏，还要压抑着登山情绪边想公关方案边公式解说，我就想笑😄
[2026-02-22 02:02:21] 用户2381770840: 一想到玩大哥假装松弛，看着满屏弹幕节奏，还要压抑着登山情绪边想公关方案边公式解说，我就想笑😄
[2026-02-22 02:02:21] 网瘾少年诺里斯: 卧槽兄弟们steam搜索407167909有免费龙狙拿
[2026-02-22 02:02:22] LvvsiN: 为什么房管封的不能给鱼丸……还以为今天晚上得吃了……
[2026-02-22 02:02:22] HAC中奖绝缘体: 感谢玩神亲手拿下载蝶送的礼物！
[2026-02-22 02:02:22] 爸爸SeRY缘: 你们6元粉丝牌就躲后边吧，办了卡不发等于没办！
[2026-02-22 02:02:22] 挥泪斩楚狗: 你切割不了败坏直播间风气的房管
[2026-02-22 02:02:22] xjdnshxjdka: 一想到玩大哥假装松弛，看着满屏弹幕节奏，还要压抑着登山情绪边想公关方案边公式解说，我就想笑😄
[2026-02-22 02:02:23] 狂吃大祥脚: niko和尼孝一样逆天，一个编诗善意互动，一个禁言善意互动
[2026-02-22 02:02:23] 柳小目:  @noe1le：🧊粉别跳脚了 你再串玩神都不会支持斯吧载这头🐷的nya~
[2026-02-22 02:02:23] 呆妹儿的姑父: @WindKing：布罗利我让你全仓一代手套你为什么一裤子黑蛋
[2026-02-22 02:02:23] 我就是邻家老王: 一想到玩大哥假装松弛，看着满屏弹幕节奏，还要压抑着登山情绪边想公关方案边公式解说，我就想笑😄
[2026-02-22 02:02:23] 玩机器是标志: 玩神我们再拿下一次载x，不能给冰粉好脸色！
[2026-02-22 02:02:23] 我是真想给玩神当二台: @布罗利：为什么房管封的不能给鱼丸……还以为今天晚上得吃了……
[2026-02-22 02:02:24] LvvsiN: 为什么房管封的不能给鱼丸……还以为今天晚上得吃了……
[2026-02-22 02:02:24] 杜可风丶: @玩神是猪脑：玩乐队的大姐姐们人呢😭被只会处刑的魔女们包围了好害怕😭
[2026-02-22 02:02:24] 爱被小泉吃的拉面同学: 送米的都没一个说话的 说明都通过气了 弹幕再刷也没用的.
[2026-02-22 02:02:24] znnoy: 回复 @北笙_樱 :别跟这种看不懂比赛的人解释  再怎么解释人家来一句都是运气 这你受得了么[笑哭]
[2026-02-22 02:02:25] 杏爱企鹅: 玩大哥，原来往奔驰车扔钱扔的多当的房 管也那么憋屈吗
[2026-02-22 02:02:25] 刘刘的农: 布罗利怎么不发了 你咋不说话
[2026-02-22 02:02:25] 玩Trump丶Clinton: 我看弹幕才是真正的嗨瑟会啊，房管干事就把人家开盒了
[2026-02-22 02:02:25] 用户0553661491: 一想到玩大哥假装松弛，看着满屏弹幕节奏，还要压抑着登山情绪边想公关方案边公式解说，我就想笑😄
[2026-02-22 02:02:25] 用戶6657: @布罗利：为什么房管封的不能给鱼丸……还以为今天晚上得吃了……
[2026-02-22 02:02:25] 高松的灯ll: 一想到玩大哥假装松弛，看着满屏弹幕节奏，还要压抑着登山情绪边想公关方案边公式解说，我就想笑😄
[2026-02-22 02:02:26] 呆妹儿的姑父: @WindKing：布罗利我让你全仓一代手套你为什么一裤子黑蛋
[2026-02-22 02:02:26] 青山锁欲锁不住你: 这个直播间真的有布罗利，不管你发什么他会安排你365，可恨的很呐
[2026-02-22 02:02:26] kyubit: 一想到玩大哥假装松弛，看着满屏弹幕节奏，还要压抑着登山情绪边想公关方案边公式解说，我就想笑😄
[2026-02-22 02:02:26] PacificationX: 一想到玩大哥假装松弛，看着满屏弹幕节奏，还要压抑着登山情绪边想公关方案边公式解说，我就想笑😄
[2026-02-22 02:02:26] LvvsiN: 孩子们快跑，马修赫伯特来了😨卧槽你的怎么是马枪和BOT
[2026-02-22 02:02:26] 杰斌候入长峪城: 玩大哥我求你别讨厌蜜蜂好不好，他们说着玩的
[2026-02-22 02:02:27] 爱吃青椒的重曹酱: 大汗😭杀👍大汗😭杀👍大汗😭杀👍大汗😭杀👍
[2026-02-22 02:02:27] Ayaymin: 你们6元粉丝牌就躲后边吧，办了卡不发等于没办！
[2026-02-22 02:02:27] 玩猴爪丶MonkeyPaw: 主播你在看弹幕吗？我看弹幕都在骂你，你根本没有回应
[2026-02-22 02:02:28] 花树w: 为什么房管封的不能给鱼丸……还以为今天晚上得吃了……
[2026-02-22 02:02:28] 爸爸SeRY缘: @WindKing：布罗利我让你全仓一代手套你为什么一裤子黑蛋
[2026-02-22 02:02:28] BadBoy97: 一想到玩大哥假装松弛，看着满屏弹幕节奏，还要压抑着登山情绪边想公关方案边公式解说，我就想笑😄
[2026-02-22 02:02:28] 呆妹儿的姑父: @WindKing：布罗利我让你全仓一代手套你为什么一裤子黑蛋
[2026-02-22 02:02:28] REZE4254: 玩神你在核心群里说以后不看蜜蜂比赛是真的吗
[2026-02-22 02:02:28] LvvsiN: 就tm喜欢银行业🥰银行坏账我喜欢🥰银行挤兑我还喜欢😍利率调低我也喜欢🤤老子亲烂银行业的脸😘
[2026-02-22 02:02:28] 安达抱月樱: @WindKing：布罗利我让你全仓一代手套你为什么一裤子黑蛋
[2026-02-22 02:02:28] 草莓冰酪: 大家千万别去aicu.cc，搜索6512408看布罗利的嘉豪评论啊
[2026-02-22 02:02:29] 狂吃大祥脚: niko和尼孝一样逆天，一个编诗善意互动，一个禁言善意互动
[2026-02-22 02:02:30] znnoy: 回复 @北笙_樱 :别跟这种看不懂比赛的人解释  再怎么解释人家来一句都是运气 这你受得了么[笑哭]
[2026-02-22 02:02:30] 机机子的机机: 一想到玩大哥假装松弛，看着满屏弹幕节奏，还要压抑着登山情绪边想公关方案边公式解说，我就想笑😄
[2026-02-22 02:02:30] 松鼠打不过火焰鼠: 玩神你在核心群里说以后不看蜜蜂比赛是真的吗
[2026-02-22 02:02:30] WhiteAIbum: 一想到玩大哥假装松弛，看着满屏弹幕节奏，还要压抑着登山情绪边想公关方案边公式解说，我就想笑😄
[2026-02-22 02:02:30] LvvsiN: 我提一嘴这剧情越来越像上海major了
[2026-02-22 02:02:30] 都觉得卡了: 一想到玩大哥假装松弛，看着满屏弹幕节奏，
[2026-02-22 02:02:31] 呆妹儿的姑父: @WindKing：布罗利我让你全仓一代手套你为什么一裤子黑蛋
[2026-02-22 02:02:31] 摆烂小鸽子: 今天的节 奏有多爆呢，已经没人发展示猪头了
[2026-02-22 02:02:31] 玩猴爪丶MonkeyPaw: 主播你在看弹幕吗？我看弹幕都在骂你，你根本没有回应
[2026-02-22 02:02:32] 风吹裤腿丶凉飕飕: @布罗利：为什么房管封的不能给鱼丸……还以为今天晚上得吃了……
[2026-02-22 02:02:32] LuIuSweety: @布罗利：为什么房管封的不能给鱼丸……还以为今天晚上得吃了……
[2026-02-22 02:02:32] 伞尬漆: 劳资在别的直播间随便杆飞码到6657全给屏蔽了你说这扯不扯？？
[2026-02-22 02:02:32] 美食殿堂的雪菲本人: 羞死了
[2026-02-22 02:02:34] LvvsiN: 其实碗橱就是猪灵，你不拿黄金丢他他就不跟你说话
[2026-02-22 02:02:35] 用戶6657: @布罗利：为什么房管封的不能给鱼丸……还以为今天晚上得吃了……
[2026-02-22 02:02:35] 呆妹儿的姑父: @WindKing：布罗利我让你全仓一代手套你为什么一裤子黑蛋
[2026-02-22 02:02:35] Dartline: 玩大哥，原来往奔驰车扔钱扔的多当的房 管也那么憋屈吗
[2026-02-22 02:02:36] 杜可风丶: 玩大哥，原来往奔驰车扔钱扔的多当的房 管也那么憋屈吗
[2026-02-22 02:02:36] 小橦橦橦橦: @WindKing：布罗利我让你全仓一代手套你为什么一裤子黑蛋
[2026-02-22 02:02:36] 网瘾少年诺里斯: 卧槽兄弟们steam搜索407167909有免费龙狙拿
[2026-02-22 02:02:36] LvvsiN: 玩宝宝，我发现在大学上学的时候肄业会很舒服，你可以试试
[2026-02-22 02:02:36] 迷你世界丁真学姐1: 好似
[2026-02-22 02:02:36] 丶丶Ken丶丶: 主播你在看弹幕吗？我看弹幕都在骂你，你根本没有回应
[2026-02-22 02:02:37] Wangzap: 羞死了
[2026-02-22 02:02:37] 鹌鹑必成战神: 一想到玩大哥假装松弛，看着满屏弹幕节奏，还要压抑着登山情绪边想公关方案边公式解说，我就想笑😄
[2026-02-22 02:02:37] 呆妹儿的姑父: @WindKing：布罗利我让你全仓一代手套你为什么一裤子黑蛋
[2026-02-22 02:02:37] 三咲町的久远寺有珠: 一想到玩大哥假装松弛，看着满屏弹幕节奏，还要压抑着登山情绪边想公关方案边公式解说，我就想笑😄
[2026-02-22 02:02:37] 第三猪白猪玩斯曼: 玩神 今晚载物赢了能释放载X吗 听说你亲手把他拿下了
[2026-02-22 02:02:37] 冬瓜不在家偷偷玩机器: 恭喜哪个
[2026-02-22 02:02:37] 绘心酱敲卡哇伊: 一想到玩大哥假装松弛，看着满屏弹幕节奏，还要压抑着登山情绪边想公关方案
[2026-02-22 02:02:37] 虚心坦懐: @stewie2k：ofc，这就是玩机器
[2026-02-22 02:02:37] 刘刘的农: 玩大哥，原来往奔驰车扔钱扔的多当的房 管也那么憋屈吗
[2026-02-22 02:02:38] LvvsiN: 就tm喜欢银行业🥰银行坏账我喜欢🥰银行挤兑我还喜欢😍利率调低我也喜欢🤤老子亲烂银行业的脸😘
[2026-02-22 02:02:38] 瑭珏: @布罗利：为什么房管封的不能给鱼丸……还以为今天晚上得吃了……
[2026-02-22 02:02:38] 玩机器今晚还播吗: @布罗利：为什么房管封的不能给鱼丸……还以为今天晚上得吃了……
[2026-02-22 02:02:38] 安达抱月樱: @WindKing：布罗利我让你全仓一代手套你为什么一裤子黑蛋
[2026-02-22 02:02:38] l霜之哀伤l: 哪个
[2026-02-22 02:02:38] 天不生我川理财如长夜: ？？？？？？？？
[2026-02-22 02:02:38] 香港记者卢西奥i: 你们喷玩机器可以，但你们要是把玩机器喷登山了我就喷你们
[2026-02-22 02:02:38] 娶不到相羽爱奈: 一想到玩大哥假装松弛，看着满屏弹幕节奏，还要压抑着登山情绪边想公关方案边公式解说，我就想笑😄
[2026-02-22 02:02:38] zbq93: 今天的节 奏有多爆呢，已经没人发展示猪头了
[2026-02-22 02:02:38] 逗你呢帮会: 清理🧊粉🧹，清理🧊粉🧹，清理🧊粉🧹，清理🧊粉🧹
[2026-02-22 02:02:38] 呆妹儿的姑父: @WindKing：布罗利我让你全仓一代手套你为什么一裤子黑蛋
[2026-02-22 02:02:38] LvvsiN: 其实碗橱就是猪灵，你不拿黄金丢他他就不跟你说话
[2026-02-22 02:02:38] myself0725: 玩神你在核心群里说以后不看蜜蜂比赛是真的吗
[2026-02-22 02:02:39] DD斌斜: 玩神你在核心群里说以后不看蜜蜂比赛是真的吗
[2026-02-22 02:02:39] 永远爱玩宝宝: @布罗利：为什么房管封的不能给鱼丸……还以为今天晚上得吃了……
[2026-02-22 02:02:39] 钟初若叶睦: @玩神是猪脑：玩乐队的大姐姐们人呢😭被只会处刑的魔女们包围了好害怕😭
[2026-02-22 02:02:39] 摆烂小鸽子: 今天的节 奏有多爆呢，已经没人发展示猪头了
[2026-02-22 02:02:39] 爱吃青椒的重曹酱: 仔细听…好像刚哭完…仔细听能听出来…🤭🤭
[2026-02-22 02:02:40] 用戶6657: @布罗利：为什么房管封的不能给鱼丸……还以为今天晚上得吃了……
[2026-02-22 02:02:40] 许血呐: @布罗利：为什么房管封的不能给鱼丸……还以为今天晚上得吃了……
[2026-02-22 02:02:40] 好姐妹天童爱丽丝: 其实碗橱就是猪灵，你不拿黄金丢他他就不跟你说话
[2026-02-22 02:02:40] 长宁金城武: 为什么要奖励主播
[2026-02-22 02:02:40] Suriel西: 清理🧊粉🧹，清理🧊粉🧹，清理🧊粉🧹，清理🧊粉🧹
[2026-02-22 02:02:40] 我在天台等你跳: 一想到玩大哥假装松弛，看着满屏弹幕节奏，
[2026-02-22 02:02:40] 好哥们韩信: @
[2026-02-22 02:02:40] LvvsiN: 就tm喜欢银行业🥰银行坏账我喜欢🥰银行挤兑我还喜欢😍利率调低我也喜欢🤤老子亲烂银行业的脸😘
[2026-02-22 02:02:41] Astralis的d3v1ce本人: 一想到玩大哥假装松弛，看着满屏弹幕节奏，还要压抑着登山情绪边想公关方案边公式解说，我就想笑😄
[2026-02-22 02:02:41] 呆妹儿的姑父: @WindKing：布罗利我让你全仓一代手套你为什么一裤子黑蛋
[2026-02-22 02:02:41] 机器的稿完: 一想到玩大哥假装松弛，看着满屏弹幕节奏，还要压抑着登山情绪边想公关方案边公式解说，我就想笑😄
[2026-02-22 02:02:42] 小橦橦橦橦: @布罗利：为什么房管封的不能给鱼丸……我以为今天晚上得吃了……
