# room_id=6979222 host=玩机器丶Machine title=小众宝藏结晶直播 live_time= fetch_time=2026-02-21 23:45:46
[2026-02-22 02:37:13] Kli0s: 对面狙有buff了
[2026-02-22 02:37:13] 阵雨天o: 不懂就问上半场是6比6还是5比7还是4比8
[2026-02-22 02:37:13] 小宅任: 冷知识：布罗利的steam曾用名：载没爹
[2026-02-22 02:37:13] 冲上云霄的姨: 冷知识：布罗利的steam曾用名：载没爹
[2026-02-22 02:37:13] 野pig亨利28: device play
[2026-02-22 02:37:13] 菅原小吉: 恨
[2026-02-22 02:37:13] 潇洒大概: 趣事
[2026-02-22 02:37:13] TL的EliGE本人: 冷知识：布罗利的steam曾用名：载没爹
[2026-02-22 02:37:13] 宛宛宛宛了个如: @device：？
[2026-02-22 02:37:14] 行云C1oud: 有牛
[2026-02-22 02:37:14] Shintaro: 不孝
[2026-02-22 02:37:14] 玩出给你一拳: 冷知识：布罗利的steam曾用名：载没爹
[2026-02-22 02:37:14] Ggmftye: 串
[2026-02-22 02:37:14] 专看玩机器的号: 不考
[2026-02-22 02:37:14] User5092: device play
[2026-02-22 02:37:14] KevinTheFool: 冷知识：布罗利的steam曾用名：载没爹
[2026-02-22 02:37:14] 长宁金城武: 不孝
[2026-02-22 02:37:14] Se7eNGodZ: 冷知识：布罗利的steam曾用名：载没爹
[2026-02-22 02:37:14] 求老仙奶贾碧不死: 不孝
[2026-02-22 02:37:14] 叛逆的源源李: 不孝
[2026-02-22 02:37:15] vgcyt: 冷知识：布罗利的steam曾用名：载没爹
[2026-02-22 02:37:15] 那就点: 老爸
[2026-02-22 02:37:15] 可苦可乐GRA: 还说啥呢，你都这样夸载物了，我攒了一周的荧光棒都给你呗
[2026-02-22 02:37:15] 人活着就是为了玩乐队: 送狙了
[2026-02-22 02:37:15] ElfSenIor: 冷知识：布罗利的steam曾用名：载没爹
[2026-02-22 02:37:15] 小蜜蜂的长期素食本人: 不孝
[2026-02-22 02:37:15] 尼你害孩没这冠军de: device play
[2026-02-22 02:37:15] 丨Connor: 不孝
[2026-02-22 02:37:16] 用户65052344: 冷知识：布罗利的steam曾用名：载没爹
[2026-02-22 02:37:16] fazeclan的千早爱音: 你别夸蜜蜂了，谁不知道你最恨载大哥😅
[2026-02-22 02:37:16] 言笙丶丶丶丶丶: 冷知识：布罗利的steam曾用名：载没爹
[2026-02-22 02:37:16] NicolaiReedtz666: 冷知识：布罗利的steam曾用名：载没爹
[2026-02-22 02:37:16] 秋茶小雪: 哈人
[2026-02-22 02:37:16] jamesfaith23: 冷知识：布罗利的steam曾用名：载没爹
[2026-02-22 02:37:16] 碳酸的汽水: 冷知识：布罗利的steam曾用名：载没爹
[2026-02-22 02:37:16] 德莉莎超可矮: 不孝
[2026-02-22 02:37:16] 图帕雷松: 冷知识：布罗利的steam曾用名：载没爹
[2026-02-22 02:37:16] n0Pac: 冷知识：布罗利的steam曾用名：载没爹
[2026-02-22 02:37:17] 迷走江湖: 不孝
[2026-02-22 02:37:17] 爱丽丝的伙伴: 不考
[2026-02-22 02:37:17] Againals: 不孝
[2026-02-22 02:37:17] 77一定会是我的: 冷知识：布罗利的steam曾用名：载没爹
[2026-02-22 02:37:17] 新津粥劫伦: 冷知识：布罗利的steam曾用名：载没爹
[2026-02-22 02:37:17] 疯狂的小松鼠QAQ: 不是老汤的差点味
[2026-02-22 02:37:17] 2442861055: 不孝
[2026-02-22 02:37:17] 永远的点子哥: 不考
[2026-02-22 02:37:18] Bob小熊君: 给载物起狙了
[2026-02-22 02:37:18] 魔男的夜宴: 曹操说是
[2026-02-22 02:37:18] 用户4933290078: 好笑吗？感觉不如device送狙给载物被狙三个进加时被翻盘好笑😓
[2026-02-22 02:37:18] Ausliedy: 不孝
[2026-02-22 02:37:18] Frozens0ul: 不孝
[2026-02-22 02:37:18] Lee西关少爷: 冷知识：布罗利的steam曾用名：载没爹
[2026-02-22 02:37:18] Q1ed7f9c85b3bc7571: 完了，加一了个爆的，7天后见了
[2026-02-22 02:37:18] TwistcC21: 冷知识：布罗利的steam曾用名：载没爹
[2026-02-22 02:37:19] CS解说丰川祥子: 冷知识：布罗利的steam曾用名：载没爹
[2026-02-22 02:37:19] 废柴职员: ，
[2026-02-22 02:37:19] 时光划过泪痕桥: @device：？
[2026-02-22 02:37:19] 野pig亨利28: 不考
[2026-02-22 02:37:19] 玉兔捣药57575: 不孝
[2026-02-22 02:37:19] Flynnnnnnn: device趣事
[2026-02-22 02:37:19] 玩猴爪丶MonkeyPaw: 冷知识：布罗利的steam曾用名：载没爹
[2026-02-22 02:37:19] 一滴HitoShizuku: 冷知识：布罗利的steam曾用名：载没爹
[2026-02-22 02:37:19] MeIoN39: 你别夸蜜蜂了，谁不知道你最恨载大哥😅
[2026-02-22 02:37:19] 梦想是独立自由: 不孝
[2026-02-22 02:37:19] friberg的接班人: 不考
[2026-02-22 02:37:20] 偷苹果的小安妮: @device：？
[2026-02-22 02:37:20] Peko-: @载大哥的狗：冷知识：布罗利的steam曾用名：载没爹
[2026-02-22 02:37:20] xOcOg: 【斤乃】斧乃木难绷布罗利被玩机器抛弃，直言抛就抛了呗，我当年也是这样被抛，都差不多
[2026-02-22 02:37:20] KRU的Less本人: 冷知识：布罗利的steam曾用名：载没爹
[2026-02-22 02:37:20] crychic的tomori本人: 冷知识：布罗利的steam曾用名：载没爹
[2026-02-22 02:37:20] 她说把我当哥哥: 刻晴
[2026-02-22 02:37:21] 神马米洛: 不考
[2026-02-22 02:37:21] 秋Fc: 冷知识：布罗利的steam曾用名：载没爹
[2026-02-22 02:37:21] 玩血狼丶Bloodywolf: device play
[2026-02-22 02:37:21] fazeclan的千早爱音: 你别夸蜜蜂了，谁不知道你最恨载大哥😅
[2026-02-22 02:37:21] 可苦可乐GRA: 还说啥呢，你都这样夸载物了，我攒了一周的荧光棒都给你呗
[2026-02-22 02:37:21] 宛宛宛宛了个如: 不考
[2026-02-22 02:37:21] vitality的亡巴淡本人: 牛woo🐮
[2026-02-22 02:37:21] 6657Bullys1mple: 冷知识：布罗利的steam曾用名：载没爹
[2026-02-22 02:37:22] 静寂风: 不考
[2026-02-22 02:37:22] cczcz: 冷知识：布罗利的steam曾用名：载没爹
[2026-02-22 02:37:22] 空有无垠: 冷知识：布罗利的steam曾用名：载没爹
[2026-02-22 02:37:22] 用户25456139: 不考
[2026-02-22 02:37:22] 宣告的信仰: 不孝
[2026-02-22 02:37:22] 大梦464: 冷知识：布罗利的steam曾用名：载没爹
[2026-02-22 02:37:22] MJ猪猪呀: 不孝
[2026-02-22 02:37:22] 风悦丶麦泷: 冷知识：布罗利的steam曾用名：载没爹
[2026-02-22 02:37:23] 用户2377620545: 好笑吗？感觉不如device送狙给载物被狙三个进加时被翻盘好笑😓
[2026-02-22 02:37:23] 用户3661578: 不孝
[2026-02-22 02:37:23] LaifuoO来福oO: 不考
[2026-02-22 02:37:23] 鲜血与暗影铸造的家伙: 蒙古枪很硬啊
[2026-02-22 02:37:23] 詹跑跑还下跪: 冷知识：布罗利的steam曾用名：载没爹
[2026-02-22 02:37:23] 图帕雷松: 因为怕被捂嘴就不敢发弹幕，那你和被捂嘴了有什么区别
[2026-02-22 02:37:24] 爱马修更爱玩宝宝: 冷知识：布罗利的steam曾用名：载没爹
[2026-02-22 02:37:24] A队的佐佐木李子本人: 不孝
[2026-02-22 02:37:24] 我730730730: zywoo是一级谋杀，niko是医疗援助，这点要分清
[2026-02-22 02:37:24] 高松灯扣死千早爱音: 冷知识：布罗利的steam曾用名：载没爹
[2026-02-22 02:37:24] 我饿了648: 恨
[2026-02-22 02:37:24] donk的金色插座: 热知识，🧊🧊不是反对骂家人，只是反对骂载物🤭
[2026-02-22 02:37:24] Hitagi蟹蟹: 冷知识：布罗利的steam曾用名：载没爹
[2026-02-22 02:37:25] 瞄准高高手: 冷知识：布罗利的steam曾用名：载没爹
[2026-02-22 02:37:25] Ch1Sa-: 补考
[2026-02-22 02:37:25] Jess2: 冷知识：布罗利的steam曾用名：载没爹
[2026-02-22 02:37:25] 好兄弟鲁迪乌斯: ？
[2026-02-22 02:37:26] jamesfaith23: 不考
[2026-02-22 02:37:26] 姓黄小名肥仔: 冷知识：布罗利的steam曾用名：载没爹
[2026-02-22 02:37:26] LvvsiN: 玩 出，我双倍呢？😡😡玩 出，我双倍呢？😡😡玩 出，我双倍呢？😡😡玩 出，我双倍呢？😡
[2026-02-22 02:37:26] 用户0083645032: 老汤的趣事
[2026-02-22 02:37:27] sryXD: device：儿子你说什么
[2026-02-22 02:37:27] uzi家的喷水龙: 又在带最帅top
[2026-02-22 02:37:27] 黄太公丶: 载物是把对面砍似，而Niko是想做手术把对面救活。。
[2026-02-22 02:37:27] 欧气来我家: device play
[2026-02-22 02:37:27] 爱淡茶未凉: device:？
[2026-02-22 02:37:27] hhxggxhh: @device：儿子你什么意思？
[2026-02-22 02:37:28] 小福星machine: 这里为什么没人说哦了？
[2026-02-22 02:37:28] uyygkhil: 不孝
[2026-02-22 02:37:29] Z伊卡洛斯Z: 因为怕被捂嘴就不敢发弹幕，那你和被捂嘴了有什么区别
[2026-02-22 02:37:29] 用户2100686284: 不孝
[2026-02-22 02:37:29] 我有一对电动大牛子: 尬
[2026-02-22 02:37:29] fazeclan的千早爱音: 你别夸蜜蜂了，谁不知道你最恨载大哥😅
[2026-02-22 02:37:29] bxfor: 好笑吗？感觉不如device送狙给载物被狙三个进加时被翻盘好笑😓
[2026-02-22 02:37:30] 玩黑豹FURIA: 冷知识：布罗利的steam曾用名：载没爹
[2026-02-22 02:37:30] 傅先生喜欢看海杀: 精彩
[2026-02-22 02:37:30] LvvsiN: 为什么房管封的不能给鱼丸……还以为今天晚上得吃了……
[2026-02-22 02:37:31] 星云天空w: 僵硬
[2026-02-22 02:37:31] 付先生fj: 不考
[2026-02-22 02:37:31] 最爱的马卡龙: 玩机器去年道歉之后啥都没干，现在这一秒禁言，我不好说什意思
[2026-02-22 02:37:31] 千古恨轮回尝061: 卧槽，卧槽卧槽了
[2026-02-22 02:37:31] 好姐妹德克萨斯: 唐
[2026-02-22 02:37:31] HooLyDA: 不考
[2026-02-22 02:37:32] 椎名真白ii丶: 冷知识：布罗利的steam曾用名：载没爹
[2026-02-22 02:37:32] BleksiA: 尬
[2026-02-22 02:37:32] 蛋蛋可以进去吗: 吹的很僵硬 有感觉吗
[2026-02-22 02:37:32] Shintaro: @device：儿子你什么意思？
[2026-02-22 02:37:32] 古堡12枪战神: 尬
[2026-02-22 02:37:32] 小巷弯弯: 冷知识：布罗利的steam曾用名：载没爹
[2026-02-22 02:37:32] 马上拥有腹肌的胖子: 冷知识：布罗利的steam曾用名：载没爹
[2026-02-22 02:37:32] 泠鸢不是冷鸢丶: 恨载这一块
[2026-02-22 02:37:32] LvvsiN: 我让你开双倍你二龙吗？老子荧光棒要过期了
[2026-02-22 02:37:32] 爱淡茶未凉: device：儿子你说什么
[2026-02-22 02:37:32] Vitaliy的ZywOo本人: 冷知识：布罗利的steam曾用名：载没爹
[2026-02-22 02:37:33] 幼稚的虫圭: 你别夸蜜蜂了，谁不知道你最恨载大哥😅
[2026-02-22 02:37:33] 时间就是深海咸鱼: device：？
[2026-02-22 02:37:33] liny66: 你别夸蜜蜂了，谁不知道你最恨载大哥😅
[2026-02-22 02:37:33] Copyboro: ？
[2026-02-22 02:37:33] future嘤: 好笑吗？感觉不如device送狙给载物被狙三个进加时被翻盘好笑😓
[2026-02-22 02:37:33] 2442861055: 闹麻了
[2026-02-22 02:37:33] Art3miss: 好失败的浪
[2026-02-22 02:37:33] LaifuoO来福oO: 好笑吗？感觉不如device送狙给载物被狙三个进加时被翻盘好笑😓
[2026-02-22 02:37:33] jianxideminggzi: 闹麻了
[2026-02-22 02:37:33] 斩斩斩斩斩吧: 哈哈哈
[2026-02-22 02:37:33] 若叶睦丶: 尬
[2026-02-22 02:37:33] 三千世界鸦杀尽彡: 僵硬
[2026-02-22 02:37:34] Mahuyu: 尬
[2026-02-22 02:37:34] Laila丶丶: 尬
[2026-02-22 02:37:34] 可苦可乐GRA: 还说啥呢，你都这样夸载物了，我攒了一周的荧光棒都给你呗
[2026-02-22 02:37:34] HisuiHearts: 冷知识：布罗利的steam曾用名：载没爹
[2026-02-22 02:37:34] 我都不知道你在干麻: 闹麻了
[2026-02-22 02:37:34] 那就点: 闹麻了
[2026-02-22 02:37:34] 疼痒山泥若撒谎不意外:  等一个放炮
[2026-02-22 02:37:34] 封丶不丶觉: 玩哥想骂就骂吧
[2026-02-22 02:37:34] loverboy888: 尬
[2026-02-22 02:37:35] 小狗吱吱: 说话的语气你不觉得尬吗
[2026-02-22 02:37:35] desutwawa: 尬
[2026-02-22 02:37:35] 用户0083645032: 老汤的趣事
[2026-02-22 02:37:35] 行云C1oud: 僵硬
[2026-02-22 02:37:35] 潇洒大概: 僵硬
[2026-02-22 02:37:35] 丨Connor: 僵硬
[2026-02-22 02:37:36] 猜猜他是who: 尬
[2026-02-22 02:37:36] 专看玩机器的号: 尬
[2026-02-22 02:37:36] csgo小茄子: 玩大哥，怕你忘记了跟你提一嘴，你上一次念弹幕是26个小时之前
[2026-02-22 02:37:36] drooo1: 尬
[2026-02-22 02:37:36] YCSUN1017: 还真有人一直夸自己恨的人啊，nb
[2026-02-22 02:37:36] 想被超: 僵硬
[2026-02-22 02:37:36] 159djs: 尬
[2026-02-22 02:37:36] 载物的艾7: 僵尸
[2026-02-22 02:37:36] 马猴烧酒小地瓜: 冷知识：布罗利的steam曾用名：载没爹
[2026-02-22 02:37:37] WEYyuki: 刻晴
[2026-02-22 02:37:37] 古堡12枪战神: 僵硬
[2026-02-22 02:37:37] 歌谷爱墨迹: 尬
[2026-02-22 02:37:37] 哥本哈根大巨蜥: device：儿子你什么意思
[2026-02-22 02:37:38] 千古恨轮回尝061: 卧槽，卧槽卧槽了
[2026-02-22 02:37:38] 南执i: 僵硬
[2026-02-22 02:37:38] 100T的device本人丶: 尬
[2026-02-22 02:37:38] 传统peek高手XANTARES: 尸潮
[2026-02-22 02:37:38] LvvsiN: 玩 出，我双倍呢？😡😡玩 出，我双倍呢？😡😡玩 出，我双倍呢？😡😡玩 出，我双倍呢？😡
[2026-02-22 02:37:39] Boykk1: 数字数字数字数字
[2026-02-22 02:37:39] 玩机器连播28天休息1年: 闹麻了
[2026-02-22 02:37:39] 墨本海人: 僵尸
[2026-02-22 02:37:39] 秋茶小雪: 申请互动
[2026-02-22 02:37:40] RyougiAqua: 恨载来了
[2026-02-22 02:37:40] 一寸灰Q: 冷知识：布罗利的steam曾用名：载没爹
[2026-02-22 02:37:40] LvvsiN: 我让你开双倍你二龙吗？老子荧光棒要过期了
[2026-02-22 02:37:41] 丶丶Ken丶丶: 尬
[2026-02-22 02:37:41] 用户5608006019: 不考
[2026-02-22 02:37:42] 鱼辛烷: 好笑吗？感觉不如device送狙给载物被狙三个进加时被翻盘好笑😓
[2026-02-22 02:37:42] LvvsiN: 我让你开双倍你二龙吗？老子荧光棒要过期了
[2026-02-22 02:37:43] AG的青叶摩卡本人: 海笑
[2026-02-22 02:37:43] csgo小茄子: 玩大哥，怕你忘记了跟你提一嘴，你上一次念弹幕是26个小时之前
[2026-02-22 02:37:43] Mortnotz: 玩机器去年道歉之后啥都没干，现在这一秒禁言，我不好说什意思
[2026-02-22 02:37:43] YCSUN1017: 还真有人一直夸自己恨的人啊，nb
[2026-02-22 02:37:44] 另一个世界7: 还真有人一直夸自己恨的人啊，nb
[2026-02-22 02:37:44] 王子瑞嘴嘴: @布罗利：玩大哥，你做人真可以，当你的狗还有被开的风险
[2026-02-22 02:37:44] 老师的多人运动策划: 尬比
[2026-02-22 02:37:44] 玩猴爪丶MonkeyPaw: 很僵硬啊
[2026-02-22 02:37:44] 中奖我是大沙雕: 无人在意
[2026-02-22 02:37:44] 仙粉美滋滋: 玩大哥，怕你忘记了跟你提一嘴，你上一次念弹幕是26个小时之前
[2026-02-22 02:37:44] LvvsiN: 弹幕也就网上说说，现实里谁不觉得樱姐是好女孩（删括号领一条远坂凛同款鸟笼）
[2026-02-22 02:37:45] 刃涯: 尸潮
[2026-02-22 02:37:45] nameundefined98: 玩大哥，怕你忘记了跟你提一嘴，你上一次念弹幕是26个小时之前
[2026-02-22 02:37:45] gggaligeigei: @布罗利：回复 @有个小丑是谁我不说 :瑞典人是这样的（笑哭）（2023／10／6 ）
[2026-02-22 02:37:45] 李小小与虾大大: 不是，弹幕没有手吗，这么布罗利完美留言只有一条？
[2026-02-22 02:37:45] 想对你说一声晚安: 额，玩大哥，提醒你一下，你现在吹载物荧光棒都没有了
[2026-02-22 02:37:45] 乌鸦晒不黑: 冷知识：布罗利的steam曾用名不止载没爹，还有数字5
[2026-02-22 02:37:45] 千古恨轮回尝061: 卧槽，卧槽卧槽了
[2026-02-22 02:37:46] 小洞大人打玩啦: eco买狙，这是device教的吗？
[2026-02-22 02:37:46] 生快生快妈妈: 还真有人一直夸自己恨的人啊，nb
[2026-02-22 02:37:46] 咖喱派GLP: 冷知识：布罗利的steam曾用名：载没爹
[2026-02-22 02:37:46] LvvsiN: 银行业😄银行业😀银行业😃银行业😁银行业😆银行业🤪银行业😝
[2026-02-22 02:37:47] 不悦的苏打水: 6
[2026-02-22 02:37:48] 杺毓: 还真有人一直夸自己恨的人啊，nb
[2026-02-22 02:37:48] LvvsiN: 其实碗橱就是猪灵，你不拿黄金丢他他就不跟你说话
[2026-02-22 02:37:49] z13238213z: 尬浪
[2026-02-22 02:37:49] csgo小茄子: 玩大哥，怕你忘记了跟你提一嘴，你上一次念弹幕是26个小时之前
[2026-02-22 02:37:49] 河北医大四院Zywoo本人: 还真有人一直夸自己恨的人啊，nb
[2026-02-22 02:37:50] SSE丶: 还真有人一直夸自己恨的人啊，nb
[2026-02-22 02:37:50] AiLuoLi1413: 还真有人一直夸自己恨的人啊，nb
[2026-02-22 02:37:50] 玩猴爪丶MonkeyPaw: 玩大哥，怕你忘记了跟你提一嘴，你上一次念弹幕是26个小时之前
[2026-02-22 02:37:50] 河马爬爬爬: 载没爹粉丝能不能全封了啊？这不是猎鹰直播间吗？
[2026-02-22 02:37:50] bznalier: 　　　 还真有人一直夸自己恨的人啊，nb
[2026-02-22 02:37:50] 霞之丘诗羽的小迷弟: 尸潮
[2026-02-22 02:37:50] LvvsiN: 银行业😄银行业😀银行业😃银行业😁银行业😆银行业🤪银行业😝
[2026-02-22 02:37:51] 可苦可乐GRA: 还说啥呢，你都这样夸载物了，我攒了一周的荧光棒都给你呗
[2026-02-22 02:37:51] 石家庄的刘亦博本人: 额，玩大哥，提醒你一下，你现在吹载物荧光棒都没有了
[2026-02-22 02:37:51] 七色的人偶使者: 玩大哥，怕你忘记了跟你提一嘴，你上一次念弹幕是26个小时之前
[2026-02-22 02:37:52] 绵愁: 又唐又尬
[2026-02-22 02:37:52] 北宇治拳王久石奏: 谁在正精彩的时候人浪啊。。。
[2026-02-22 02:37:52] 摩卡加氢氧化钠: 怪不得能成房管 房管都这样恨 不敢想主播得多恨
[2026-02-22 02:37:52] 太行山积雪: 还真有人一直夸自己恨的人啊，nb
[2026-02-22 02:37:52] 高松的灯ll: 还真有人一直夸自己恨的人啊，nb
[2026-02-22 02:37:52] 温顺羊: 这尬吗，我感觉比在洋人面前吃冰淇淋的强啊
[2026-02-22 02:37:52] 无伟契约: 还真有人一直夸自己恨的人啊，nb
[2026-02-22 02:37:52] 窦妪惯例全思慕: 还真有人一直夸自己恨的人啊，nb
[2026-02-22 02:37:53] LvvsiN: 你屏蔽词都快赶上新华词典了为什么不干脆开一百级发言？
[2026-02-22 02:37:53] 玩帝皇丶Teio: 感觉自从device离开a队过后玩机器对谁都充满了恶意……
[2026-02-22 02:37:53] 用户5608006019: 玩大哥，怕你忘记了跟你提一嘴，你上一次念弹幕是26个小时之前
[2026-02-22 02:37:53] 压缩vs蛮晚: 玩大哥，提醒你一下，你现在吹载物荧光棒都没有了
[2026-02-22 02:37:53] 王子瑞嘴嘴: @布罗利：玩大哥，你做人真可以，当你的狗还有被开的风险
[2026-02-22 02:37:53] 想吃丰川祥子的狱卒: 还真有人一直夸自己恨的人啊，nb
[2026-02-22 02:37:53] 求老仙奶贾碧不死: 玩大哥，怕你忘记了跟你提一嘴，你上一次念弹幕是26个小时之前
[2026-02-22 02:37:53] yuuuuua7: 还真有人一直夸自己恨的人啊，nb
[2026-02-22 02:37:53] 春花敲可爱的啦: 还真有人一直夸自己恨的人啊，nb
[2026-02-22 02:37:54] 猫很好的小乖: 冷知识：布罗利的steam曾用名：载没爹
[2026-02-22 02:37:54] 落泪改名含泪: 还真有人一直夸自己恨的人啊，nb
[2026-02-22 02:37:54] 波黑谐星Niko: 还真有人一直夸自己恨的人啊，nb
[2026-02-22 02:37:54] 結城希亞: 还真有人一直夸自己恨的人啊，nb
[2026-02-22 02:37:54] 金泰相的好室友: 还真有人一直夸自己恨的人啊，nb
[2026-02-22 02:37:55] 八重森彌妮: 还真有人一直夸自己恨的人啊，nb
[2026-02-22 02:37:55] Cardinal665: 还真有人一直夸自己恨的人啊，nb
[2026-02-22 02:37:55] 清风浮过丶: 还真有人一直夸自己恨的人啊，nb
[2026-02-22 02:37:55] MintS978: 完蛋操了
[2026-02-22 02:37:55] 古堡12枪战神: 这是在踢足球吗？
[2026-02-22 02:37:55] 跳跃的司令官: 玩大哥，怕你忘记了跟你提一嘴，你上一次念弹幕是26个小时之前
[2026-02-22 02:37:56] 丰川祥子口三角初华: 还真有人一直夸自己恨的人啊，nb
[2026-02-22 02:37:56] y666t666y666: 玩大哥，怕你忘记了跟你提一嘴，你上一次念弹幕是26个小时之前
[2026-02-22 02:37:56] MeIoN39: 还真有人一直夸自己恨的人啊，nb
[2026-02-22 02:37:56] 忒斯特李逵: 不是，弹幕没有手吗，这么布罗利完美留言只有一条？
[2026-02-22 02:37:56] 汤汤魔魔mmmmmmmmajor冠军: 还真有人一直夸自己恨的人啊，nb
[2026-02-22 02:37:57] 玩帝皇丶Teio: 感觉自从device离开a队过后玩机器对谁都充满了恶意……
[2026-02-22 02:37:57] 可苦可乐GRA: 还说啥呢，你都这样夸载物了，我攒了一周的荧光棒都给你呗
[2026-02-22 02:37:57] 放飞梦想12353: 玩大哥，怕你忘记了跟你提一嘴，你上一次念弹幕是26个小时之前
[2026-02-22 02:37:57] 好哥们音箱蟀: 还真有人一直夸自己恨的人啊，nb
[2026-02-22 02:37:57] 椎名真白ii丶: 还真有人一直夸自己恨的人啊，nb
[2026-02-22 02:37:57] 秋Fc: 还真有人一直夸自己恨的人啊，nb
[2026-02-22 02:37:57] 大颗寿司玩机器: 还真有人一直夸自己恨的人啊，nb
[2026-02-22 02:37:57] 丶丶Ken丶丶: 玩大哥，怕你忘记了跟你提一嘴，你上一次念弹幕是26个小时之前
[2026-02-22 02:37:57] LvvsiN: 你为什么要把mαjor禁了，我收藏的一半弹幕全毁了
[2026-02-22 02:37:58] n0Pac: 还真有人一直夸自己恨的人啊，nb
[2026-02-22 02:37:58] 橘殃丶丶: 玩大哥，怕你忘记了跟你提一嘴，你上一次念弹幕是26个小时之前
[2026-02-22 02:37:58] Mortnotz: 还真有人一直夸自己恨的人啊，nb
[2026-02-22 02:37:58] 纪川6657: 还真有人一直夸自己恨的人啊，nb
[2026-02-22 02:37:58] 木空空空空空: 还在喊啊
[2026-02-22 02:37:58] last玩神丶: 还真有人一直夸自己恨的人啊，nb
[2026-02-22 02:37:58] 天守阁信长: 玩大哥，怕你忘记了跟你提一嘴，你上一次念弹幕是26个小时之前
[2026-02-22 02:37:58] 搞笑男西德尼: 还真有人一直夸自己恨的人啊，nb
[2026-02-22 02:37:58] 绝食十年攒爱top3飞机: 额，玩大哥，提醒你一下，你现在吹载物荧光棒都没有了
[2026-02-22 02:37:58] 羊驼主播: 还真有人一直夸自己恨的人啊，nb
[2026-02-22 02:37:58] 玩大人查到自贡了: 还真有人一直夸自己恨的人啊，nb
[2026-02-22 02:37:58] 爱被小泉吃的拉面同学: 还真有人一直夸自己恨的人啊，nb
[2026-02-22 02:37:58] 玩蛇鼠丶stabbi: 还真有人一直夸自己恨的人啊，nb
[2026-02-22 02:37:58] 汤汤魔魔mmmmmmmmajor冠军: 还真有人一直夸自己恨的人啊，nb
[2026-02-22 02:37:58] 卡啊卡卡丶: 玩大哥，怕你忘记了跟你提一嘴，你上一次念弹幕是26个小时之前
[2026-02-22 02:37:59] xOcOg: 如果碰到那种玩数字梗，谐音梗直接攻击我家人，或者水友家人的，麻烦各位帮我封一下吧，365，谢谢大家了
[2026-02-22 02:37:59] 熊熊勇闯基物实验: 还真有人一直夸自己恨的人啊，nb
[2026-02-22 02:37:59] 狸仙人420: 额，玩大哥，提醒你一下，你现在吹载物荧光棒都没有了
[2026-02-22 02:37:59] 阿瓦伊莉雅: 还真有人一直夸自己恨的人啊，nb
[2026-02-22 02:37:59] 呆妹儿的姑父: 还真有人一直夸自己恨的人啊，nb
[2026-02-22 02:37:59] 用来焚城的业炎: 还真有人一直夸自己恨的人啊，nb
[2026-02-22 02:38:00] 哈基鹅大王: 这尬吗，我感觉比在洋人面前吃冰淇淋的强啊
[2026-02-22 02:38:00] AL丶龙炎风: @布罗利：玩大哥，你做人真可以，当你的狗还有被开的风险
[2026-02-22 02:38:00] 解说就是胡说machine: 还真有人一直夸自己恨的人啊，nb
[2026-02-22 02:38:00] 跳跃的司令官: 怪不得能成房管 房管都这样恨 不敢想主播得多恨
[2026-02-22 02:38:00] 爆爆爆开爆: 玩大哥，怕你忘记了跟你提一嘴，你上一次念弹幕是26个小时之前
[2026-02-22 02:38:00] 忽孝山庄: 这尬吗，我感觉比在洋人面前吃冰淇淋的强啊
[2026-02-22 02:38:01] 汤汤魔魔mmmmmmmmajor冠军: 还真有人一直夸自己恨的人啊，nb
[2026-02-22 02:38:01] 泠鸢不是冷鸢丶: 怪不得能成房管 房管都这样恨 不敢想主播得多恨
[2026-02-22 02:38:01] LvvsiN: 玩宝宝，我发现在大学上学的时候肄业会很舒服，你可以试试
[2026-02-22 02:38:01] 大颗寿司玩机器: 还说啥呢，你都这样夸载物了，我攒了一周的荧光棒都给你呗
[2026-02-22 02:38:01] 维布罗斯: 还真有人一直夸自己恨的人啊，nb
[2026-02-22 02:38:01] 杰斌候入长峪城: 还真有人一直夸自己恨的人啊，nb
[2026-02-22 02:38:01] 冷言i丶: 玩大哥，怕你忘记了跟你提一嘴，你上一次念弹幕是26个小时之前
[2026-02-22 02:38:01] 墨染清风丶丶: 还真有人一直夸自己恨的人啊，nb
[2026-02-22 02:38:01] niivcyk: 玩大哥，怕你忘记了跟你提一嘴，你上一次念弹幕是26个小时之前
[2026-02-22 02:38:01] 卧看星河尽意明丶: 还真有人一直夸自己恨的人啊，nb
[2026-02-22 02:38:02] drooo1: 玩大哥，怕你忘记了跟你提一嘴，你上一次念弹幕是26个小时之前
[2026-02-22 02:38:02] 星海羽弦: 还真有人一直夸自己恨的人啊，nb
[2026-02-22 02:38:02] sarbest: 玩大哥，怕你忘记了跟你提一嘴，你上一次念弹幕是26个小时之前
[2026-02-22 02:38:02] 祝zsc今年找不到女朋友: 还真有人一直夸自己恨的人啊，nb
[2026-02-22 02:38:02] 南执i: 还真有人一直夸自己恨的人啊，nb
[2026-02-22 02:38:02] 好好的吧不错: 还真有人一直夸自己恨的人啊，nb
[2026-02-22 02:38:03] suicho: 唉，你前阵子一直说弹幕好看，我们集思广益发了这么多精彩弹幕你反而不看了，心寒
[2026-02-22 02:38:03] 风雨晚烟: 还真有人一直夸自己恨的人啊，nb
[2026-02-22 02:38:03] 汤汤魔魔mmmmmmmmajor冠军: 还真有人一直夸自己恨的人啊，nb
[2026-02-22 02:38:03] 叛逆的源源李: 还真有人一直夸自己恨的人啊，nb
[2026-02-22 02:38:03] 小怪兽8692: 还说啥呢，你都这样夸载物了，我攒了一周的荧光棒都给你呗
[2026-02-22 02:38:04] 七色的人偶使者: 玩大哥，怕你忘记了跟你提一嘴，你上一次念弹幕是26个小时之前
[2026-02-22 02:38:04] 八重森彌妮: 原来数字梗只有玩到自己头上才管啊
[2026-02-22 02:38:04] 潇洒大概: 你为什么要把mαjor禁了，我收藏的一半弹幕全毁了
[2026-02-22 02:38:04] shanweii: 还真有人一直夸自己恨的人啊，nb
[2026-02-22 02:38:04] 米米世界之神: 玩大哥，怕你忘记了跟你提一嘴，你上一次念弹幕是26个小时之前
[2026-02-22 02:38:04] 用户4312738955: 还真有人一直夸自己恨的人啊，nb
[2026-02-22 02:38:05] 言羽zzz: 其实载物最喜欢用刘农发的狙，被玩机器解构了
[2026-02-22 02:38:05] 大颗寿司玩机器: 玩大哥，怕你忘记了跟你提一嘴，你上一次念弹幕是26个小时之前
[2026-02-22 02:38:05] 蜗牛蜗牛你快快走: 玩大哥，怕你忘记了跟你提一嘴，你上一次念弹幕是26个小时之前
[2026-02-22 02:38:05] 玩帝皇丶Teio: 感觉自从device离开a队过后玩机器对谁都充满了恶意……
[2026-02-22 02:38:05] 可苦可乐GRA: 还说啥呢，你都这样夸载物了，我攒了一周的荧光棒都给你呗
[2026-02-22 02:38:06] 挥泪斩楚狗: 冷知识：玩机器的steam好友里一直有两个4*5
[2026-02-22 02:38:06] 陈千语6657: @布罗利：玩大哥，你做人真可以，当你的狗还有被开的风险
[2026-02-22 02:38:06] LWJTMAC01: 还真有人一直夸自己恨的人啊，nb
[2026-02-22 02:38:06] 好的好的阖家: 怪不得能成房管 房管都这样恨 不敢想主播得多恨
[2026-02-22 02:38:06] 茂名水鬼: 还真有人一直夸自己恨的人啊，nb
[2026-02-22 02:38:07] LvvsiN: 其实碗橱就是猪灵，你不拿黄金丢他他就不跟你说话
[2026-02-22 02:38:07] 布好吃: 玩大哥，怕你忘记了跟你提一嘴，你上一次念弹幕是26个小时之前
[2026-02-22 02:38:07] 绝食十年攒爱top3飞机: 还真有人一直夸自己恨的人啊，nb
[2026-02-22 02:38:07] 你笑起来很撩: 还真有人一直夸自己恨的人啊，nb
[2026-02-22 02:38:07] XCChieri: 还真有人一直夸自己恨的人啊，nb
[2026-02-22 02:38:07] Vitality的羽贺文乃本人: 这尬吗，我感觉比在洋人面前吃冰淇淋的强啊
[2026-02-22 02:38:07] 草莓她似我心: 还说啥呢，你都这样夸载物了，我攒了一周的荧光棒都给你呗
[2026-02-22 02:38:08] 宫监手放监: @布罗利：玩大哥，你做人真可以，当你的狗还有被开的风险
[2026-02-22 02:38:08] 乌鸦晒不黑: 还真有人一直夸自己恨的人啊，nb
[2026-02-22 02:38:08] 七色的人偶使者: 额，玩大哥，提醒你一下，你现在吹载物荧光棒都没有了
[2026-02-22 02:38:08] 卡卡卡茨比杨: 玩大哥，提醒你一下，你现在吹载物荧光棒都没有了
[2026-02-22 02:38:09] 李神神神神: 还真有人一直夸自己恨的人啊，nb
[2026-02-22 02:38:09] LvvsiN: 为什么房管封的不能给鱼丸……还以为今天晚上得吃了……
[2026-02-22 02:38:09] 春风如齐: 哦牛批，原来只有数值梗玩到自己身上才会管啊，哦牛批还有这种主播。
[2026-02-22 02:38:09] 汤汤魔魔mmmmmmmmajor冠军: 还真有人一直夸自己恨的人啊，nb
[2026-02-22 02:38:09] 用户5608006019: 玩宝宝，我发现在大学上学的时候肄业会很舒服，你可以试试
[2026-02-22 02:38:09] 蜗牛蜗牛你快快走: 玩大哥，怕你忘记了跟你提一嘴，你上一次念弹幕是26个小时之前
[2026-02-22 02:38:09] NYU唯一铲车人: 玩大哥，怕你忘记了跟你提一嘴，你上一次念弹幕是26个小时之前
[2026-02-22 02:38:10] 天守阁信长: 还真有人一直夸自己恨的人啊，nb
[2026-02-22 02:38:10] 承認欲求: 玩大哥，怕你忘记了跟你提一嘴，你上一次念弹幕是26个小时之前
[2026-02-22 02:38:10] 载大哥的狗: 还真有人一直夸自己恨的人啊，nb
[2026-02-22 02:38:10] 肆拾肆啊: 曹操：你什么意思？什么叫喜欢别人用过的？？
[2026-02-22 02:38:10] 玩蛇鼠丶stabbi: 玩大哥，怕你忘记了跟你提一嘴，你上一次念弹幕是26个小时之前
[2026-02-22 02:38:10] 仙粉美滋滋: 还真有人一直夸自己恨的人啊，nb
[2026-02-22 02:38:11] LvvsiN: 就tm喜欢银行业🥰银行坏账我喜欢🥰银行挤兑我还喜欢😍利率调低我也喜欢🤤老子亲烂银行业的脸😘
[2026-02-22 02:38:11] 可苦可乐GRA: 还说啥呢，你都这样夸载物了，我攒了一周的荧光棒都给你呗
[2026-02-22 02:38:11] 八神丿男人: 还真有人一直夸自己恨的人啊，nb
[2026-02-22 02:38:11] 小蜜蜂载物本人: 玩大哥，怕你忘记了跟你提一嘴，你上一次念弹幕是26个小时之前
[2026-02-22 02:38:11] 强尼手银9527号: 怪不得能成房管 房管都这样恨 不敢想主播得多恨
[2026-02-22 02:38:11] 用户19863404: 还真有人一直夸自己恨的人啊，nb
[2026-02-22 02:38:11] csgo小茄子: 玩大哥，怕你忘记了跟你提一嘴，你上一次念弹幕是26个小时之前
[2026-02-22 02:38:12] LaifuoO来福oO: 唉，你前阵子一直说弹幕好看，我们集思广益发了这么多精彩弹幕你反而不看了，心寒
[2026-02-22 02:38:12] 小爱同学学熊二说话: 还真有人一直夸自己恨的人啊，nb
[2026-02-22 02:38:12] DanielRicciardo17: 还真有人一直夸自己恨的人啊，nb
[2026-02-22 02:38:12] 潇洒大概: 是吗....为什么要和我说这些....
[2026-02-22 02:38:12] 大颗寿司玩机器: 还真有人一直夸自己恨的人啊，nb
[2026-02-22 02:38:12] xxx2xxx: 玩大哥，怕你忘记了跟你提一嘴，你上一次念弹幕是26个小时之前
[2026-02-22 02:38:12] zzzhr698: 原来数字梗只有玩到自己头上才管啊
[2026-02-22 02:38:13] LvvsiN: 就tm喜欢银行业🥰银行坏账我喜欢🥰银行挤兑我还喜欢😍利率调低我也喜欢🤤老子亲烂银行业的脸😘
[2026-02-22 02:38:13] 玩帝皇丶Teio: 感觉自从device离开a队过后玩机器对谁都充满了恶意……
[2026-02-22 02:38:13] 玖歌233XD: 玩大哥，怕你忘记了跟你提一嘴，你上一次念弹幕是26个小时之前
[2026-02-22 02:38:13] 罗裙摇曳: 怪不得能成房管 房管都这样恨 不敢想主播得多恨
[2026-02-22 02:38:13] G2的APEX本人: @布罗利：玩大哥，你做人真可以，当你的狗还有被开的风险
[2026-02-22 02:38:14] 琴弦之意: 还真有人一直夸自己恨的人啊，nb
[2026-02-22 02:38:14] 玩大招、PRX: 怪不得能成房管 房管都这样恨 不敢想主播得多恨
[2026-02-22 02:38:14] 载诗行剑: 还真有人一直夸自己恨的人啊，nb
[2026-02-22 02:38:14] LWJTMAC01: 抓娃娃
[2026-02-22 02:38:14] hxyvraf: @布罗利：玩大哥，你做人真可以，当你的狗还有被开的风险
[2026-02-22 02:38:14] 野pig亨利28: 哦？😮哦？😮哦？😮哦？😮哦？😮哦？😮哦？😮哦？😮哦
[2026-02-22 02:38:15] TL的EliGE本人: 还真有人一直夸自己恨的人啊，nb
[2026-02-22 02:38:15] HostageKIA: @布罗利：玩大哥，你做人真可以，当你的狗还有被开的风险
[2026-02-22 02:38:15] 高松的灯ll: 这尬吗，我感觉比在洋人面前吃冰淇淋的强啊
[2026-02-22 02:38:15] 鹿里里里里里: 还真有人一直夸自己恨的人啊，nb
[2026-02-22 02:38:15] 迷走江湖: @布罗利：玩大哥，你做人真可以，当你的狗还有被开的风险
[2026-02-22 02:38:15] racula: 玩大哥，怕你忘记了跟你提一嘴，你上一次念弹幕是26个小时之前
[2026-02-22 02:38:16] Inforno的chicken本人: 玩大哥，怕你忘记了跟你提一嘴，你上一次念弹幕是26个小时之前
[2026-02-22 02:38:16] 明天就和蕾塞结婚: 这尬吗，我感觉比在洋人面前吃冰淇淋的强啊
[2026-02-22 02:38:16] Kli0s: 还真有人一直夸自己恨的人啊，nb
[2026-02-22 02:38:16] 和玩大哥登山: 还真有人一直夸自己恨的人啊，nb
[2026-02-22 02:38:17] 完美老公-: 还真有人一直夸自己恨的人啊，nb
[2026-02-22 02:38:17] Falcons的m0NESY: 冷知识：玩机器的steam好友里一直有两个4*5
[2026-02-22 02:38:17] 桐原直木: 玩大哥，怕你忘记了跟你提一嘴，你上一次念弹幕是26个小时之前
[2026-02-22 02:38:17] LvvsiN: 就tm喜欢银行业🥰银行坏账我喜欢🥰银行挤兑我还喜欢😍利率调低我也喜欢🤤老子亲烂银行业的脸😘
[2026-02-22 02:38:17] 图帕雷松: 玩大哥，怕你忘记了跟你提一嘴，你上一次念弹幕是26个小时之前
[2026-02-22 02:38:17] 太行山积雪: 额，玩大哥，提醒你一下，你现在吹载物荧光棒都没有了
[2026-02-22 02:38:17] ymyyo: 玩大哥，怕你忘记了跟你提一嘴，你上一次念弹幕是26个小时之前
[2026-02-22 02:38:17] 葛孚雷: 还真有人一直夸自己恨的人啊，nb
[2026-02-22 02:38:18] 载物的艾7: 玩大哥你不用吹这么厉害了，荧光棒要明天才刷新
[2026-02-22 02:38:18] 用户594678086: 玩大哥，怕你忘记了跟你提一嘴，你上一次念弹幕是26个小时之前
[2026-02-22 02:38:18] 最近感觉自己: 还真有人一直夸自己恨的人啊，nb
[2026-02-22 02:38:18] 玩玩今天吃什么: 怪不得能成房管 房管都这样恨 不敢想主播得多恨
[2026-02-22 02:38:18] 伤物语的忍野忍本人: 还真有人一直夸自己恨的人啊，nb
[2026-02-22 02:38:18] 玩手机丶phone: 还真有人一直夸自己恨的人啊，nb
[2026-02-22 02:38:18] 空有无垠: 这尬吗，我感觉比在洋人面前吃冰淇淋的强啊
[2026-02-22 02:38:18] 马蹄街的艾妮希雅本人: 玩大哥，怕你忘记了跟你提一嘴，你上一次念弹幕是26个小时之前
[2026-02-22 02:38:19] Mahuyu: 人浪一直在吼
[2026-02-22 02:38:19] 剑崎梨梨花: 原来数字梗只有玩到自己头上才管啊
[2026-02-22 02:38:19] 丰川祥子口三角初华: 还真有人一直夸自己恨的人啊，nb
[2026-02-22 02:38:19] 玩家军的猪头肉本人: 原来数字梗只有玩到自己头上才管啊
[2026-02-22 02:38:19] 茂名水鬼: 玩大哥，怕你忘记了跟你提一嘴，你上一次念弹幕是26个小时之前
[2026-02-22 02:38:19] Faze没夺冠我就砂了你: 还真有人一直夸自己恨的人啊，nb
[2026-02-22 02:38:19] 用户91227835: 怪不得能成房管 房管都这样恨 不敢想主播得多恨
[2026-02-22 02:38:20] magellan0v0: 还真有人一直夸自己恨的人啊，nb
[2026-02-22 02:38:21] LvvsiN: 玩 出，我双倍呢？😡😡玩 出，我双倍呢？😡😡玩 出，我双倍呢？😡😡玩 出，我双倍呢？😡
[2026-02-22 02:38:21] 墨本海人: 这尬吗，我感觉比在洋人面前吃冰淇淋的强啊
[2026-02-22 02:38:21] 载大哥的狗: 怪不得能成房管 房管都这样恨 不敢想主播得多恨
[2026-02-22 02:38:21] 草莓冰酪: @布罗利：玩大哥，你做人真可以，当你的狗还有被开的风险
[2026-02-22 02:38:21] xOcOg: 如果碰到那种玩数字梗，谐音梗直接攻击我家人，或者水友家人的，麻烦各位帮我封一下吧，365，谢谢大家了
[2026-02-22 02:38:22] 好姐妹温水嘉树: 玩大哥，怕你忘记了跟你提一嘴，你上一次念弹幕是26个小时之前
[2026-02-22 02:38:22] 椎名真白ii丶: @布罗利：玩大哥，你做人真可以，当你的狗还有被开的风险
[2026-02-22 02:38:22] 冷言i丶: 还真有人一直夸自己恨的人啊，nb
抓娃娃查看活动〉
[2026-02-22 02:38:22] 斯坦福桥突破手: @布罗利：玩大哥，你做人真可以，当你的狗还有被开的风险
[2026-02-22 02:38:22] 石家庄的宠物男孩: 怪不得能成房管 房管都这样恨 不敢想主播得多恨
[2026-02-22 02:38:22] 玩指挥丶NiKo: @布罗利：玩大哥，你做人真可以，当你的狗还有被开的风险
[2026-02-22 02:38:22] 人中黄阿西乐: 还真有人一直夸自己恨的人啊，nb
[2026-02-22 02:38:23] 詹跑跑还下跪: 还真有人一直夸自己恨的人啊，nb
[2026-02-22 02:38:23] Hitagi蟹蟹: 蜜蜂粉丝别看了，房管大大方方抹除载物家人都冷处理了
[2026-02-22 02:38:23] 加仓红宝石刺刀dewasu: 哦？😮哦？😮哦？😮哦？😮哦？😮哦？😮哦？😮哦？😮哦
[2026-02-22 02:38:23] 星空玉: 玩大哥，怕你忘记了跟你提一嘴，你上一次念弹幕是26个小时之前
[2026-02-22 02:38:23] 另一个世界7: @布罗利：玩大哥，你做人真可以，当你的狗还有被开的风险
[2026-02-22 02:38:23] 爱魚九千七: 玩大哥，怕你忘记了跟你提一嘴，你上一次念弹幕是26个小时之前
[2026-02-22 02:38:23] 小曾OuO: 玩大哥，怕你忘记了跟你提一嘴，你上一次念弹幕是26个小时之前
[2026-02-22 02:38:24] 科比劳大爱肘击: @布罗利：玩大哥，你做人真可以，当你的狗还有被开的风险
[2026-02-22 02:38:24] 无7441158: @布罗利：玩大哥，你做人真可以，当你的狗还有被开的风险
[2026-02-22 02:38:24] 好哥们韩信: 别因为喷布罗利就忘了喷玩 出啊，我知道大家不会忘，就是提一嘴
[2026-02-22 02:38:24] 春风如齐: 哦牛批，原来只有数字梗玩到自己身上才会管啊，哦牛批还有这种主播。
[2026-02-22 02:38:24] 迷你世界丁真学姐1: 弹幕还有没被封的🧊🧊吗😢😢
[2026-02-22 02:38:24] 南驹: 还真有人一直夸自己恨的人啊，nb
[2026-02-22 02:38:24] 好姐妹天野远子: 还真有人一直夸自己恨的人啊，nb
[2026-02-22 02:38:24] 汤汤魔魔mmmmmmmmajor冠军: @布罗利：玩大哥，你做人真可以，当你的狗还有被开的风险
[2026-02-22 02:38:25] LvvsiN: 为什么房管封的不能给鱼丸……还以为今天晚上得吃了……
[2026-02-22 02:38:25] 新津粥劫伦: 怪不得能成房管 房管都这样恨 不敢想主播得多恨
[2026-02-22 02:38:25] NiK0major123: 玩大哥，怕你忘记了跟你提一嘴，你上一次念弹幕是26个小时之前
[2026-02-22 02:38:28] emmmm452: 玩大哥，怕你忘记了跟你提一嘴，你上一次念弹幕是26个小时之前
[2026-02-22 02:38:28] Sereinily: 玩大哥，怕你忘记了跟你提一嘴，你上一次念弹幕是26个小时之前
[2026-02-22 02:38:28] 滑稽乂逗比: 怪不得能成房管 房管都这样恨 不敢想主播得多恨
[2026-02-22 02:38:28] vgcyt: 这尬吗，我感觉比在洋人面前吃冰淇淋的强啊
[2026-02-22 02:38:28] 汤汤魔魔mmmmmmmmajor冠军: @布罗利：玩大哥，你做人真可以，当你的狗还有被开的风险
[2026-02-22 02:38:28] Jess2: 怪不得能成房管 房管都这样恨 不敢想主播得多恨
[2026-02-22 02:38:28] 给jee介绍女朋友: 玩大哥，怕你忘记了跟你提一嘴，你上一次念弹幕是26个小时之前
[2026-02-22 02:38:28] 久慈川、理世: 玩大哥，怕你忘记了跟你提一嘴，你上一次念弹幕是26个小时之前
[2026-02-22 02:38:28] LvvsiN: 弹幕别吵了，银行业一样一样有有有也会有h'y'hui't'y'r's'c'dn
[2026-02-22 02:38:28] 大家要幸福呀: 怪不得能成房管 房管都这样恨 不敢想主播得多恨
[2026-02-22 02:38:28] 黄太公丶: 玩大哥，你做人真可以，当你的狗还有被开的风险
[2026-02-22 02:38:28] 玩大哥我双倍呢: @布罗利：玩大哥，你做人真可以，当你的狗还有被开的风险
[2026-02-22 02:38:28] G2丶m0NESY: @布罗利：玩大哥，你做人真可以，当你的狗还有被开的风险
[2026-02-22 02:38:28] eda778: 玩大哥，怕你忘记了跟你提一嘴，你上一次念弹幕是26个小时之前
[2026-02-22 02:38:28] Fuentes556: 这尬吗，我感觉比在洋人面前吃冰淇淋的强啊
[2026-02-22 02:38:28] 渡边曜女士: @布罗利：玩大哥，你做人真可以，当你的狗还有被开的风险
[2026-02-22 02:38:28] 草莓冰酪: 怪不得能成房管 房管都这样恨 不敢想主播得多恨
[2026-02-22 02:38:28] 小怪兽8692:  @布罗利：玩大哥，你做人真可以，当你的狗还有被开的风险
[2026-02-22 02:38:29] suicho: 唉，你前阵子一直说弹幕好看，我们集思广益发了这么多精彩弹幕你反而不看了，心寒
[2026-02-22 02:38:29] YLXE太阳: 玩大哥，怕你忘记了跟你提一嘴，你上一次念弹幕是26个小时之前
[2026-02-22 02:38:29] 汤汤魔魔mmmmmmmmajor冠军: @布罗利：玩大哥，你做人真可以，当你的狗还有被开的风险
[2026-02-22 02:38:29] 玩蛇鼠丶stabbi: 这尬吗，我感觉比在洋人面前吃冰淇淋的强啊
[2026-02-22 02:38:29] 有烦恼就早睡: 这尬吗，我感觉比在洋人面前吃冰淇淋的强啊
[2026-02-22 02:38:29] LvvsiN: 为什么房管封的不能给鱼丸……还以为今天晚上得吃了……
[2026-02-22 02:38:29] 瞄准高高手: @布罗利：玩大哥，你做人真可以，当你的狗还有被开的风险
[2026-02-22 02:38:29] 参隼: 玩大哥，怕你忘记了跟你提一嘴，你上一次念弹幕是26 年之前
[2026-02-22 02:38:29] 梓川咲太368: 玩大哥，怕你忘记了跟你提一嘴，你上一次念弹幕是26个小时之前
[2026-02-22 02:38:30] 玩机器的机机: 玩大哥，怕你忘记了跟你提一嘴，你上一次念弹幕是26个小时之前
[2026-02-22 02:38:30] 玩帝皇丶Teio: 感觉自从device离开a队过后玩机器对谁都充满了恶意……
[2026-02-22 02:38:31] YCSUN1017: 怪不得能成房管 房管都这样恨 不敢想主播得多恨
[2026-02-22 02:38:31] insod: 这尬吗，我感觉比在洋人面前吃冰淇淋的强啊
[2026-02-22 02:38:31] 用户65052344: @布罗利：玩大哥，你做人真可以，当你的狗还有被开的风险
[2026-02-22 02:38:31] xxx2xxx: @布罗利：玩大哥，你做人真可以，当你的狗还有被开的风险
[2026-02-22 02:38:31] 好姐妹八幡海铃丶: 玩大哥，怕你忘记了跟你提一嘴，你上一次念弹幕是26个小时之前
[2026-02-22 02:38:31] 汤汤魔魔mmmmmmmmajor冠军: @布罗利：玩大哥，你做人真可以，当你的狗还有被开的风险
[2026-02-22 02:38:31] 无7441158: 原来数字梗只有玩到自己头上才管啊
[2026-02-22 02:38:31] LvvsiN: 你为什么要把mαjor禁了，我收藏的一半弹幕全毁了
[2026-02-22 02:38:31] 君眉目亦如画: 玩大哥，怕你忘记了跟你提一嘴，你上一次念弹幕是26个小时之前
[2026-02-22 02:38:31] 木末暮鸦: 还真有人一直夸自己恨的人啊，nb 抓娃娃查看活动〉
[2026-02-22 02:38:32] 一滴HitoShizuku: @布罗利：玩大哥，你做人真可以，当你的狗还有被开的风险
[2026-02-22 02:38:32] 偷哦嘘鞭贷拔: 　　　 @布罗利：玩大哥，你做人真可以，当你的狗还有被开的风险
[2026-02-22 02:38:32] 潇洒大概: 玩🤖大🤖哥🤖我🤖来🤖上🤖班🤖了玩🤖大🤖哥🤖我🤖来🤖上🤖班🤖了
[2026-02-22 02:38:32] Bellaire123: 怪不得能成房管 房管都这样恨 不敢想主播得多恨
[2026-02-22 02:38:32] Suriel西: 这尬吗，我感觉比在洋人面前吃冰淇淋的强啊
[2026-02-22 02:38:33] SekaiKamiki: @布罗利：玩大哥，你做人真可以，当你的狗还有被开的风险
[2026-02-22 02:38:33] MeIoN39: 怪不得能成房管 房管都这样恨 不敢想主播得多恨
[2026-02-22 02:38:33] 太行山积雪: 玩大哥，怕你忘记了跟你提一嘴，你上一次念弹幕是26个小时之前
[2026-02-22 02:38:33] 丰川祥子口三角初华: 怪不得能成房管 房管都这样恨 不敢想主播得多恨
[2026-02-22 02:38:33] 椎名真白ii丶: 怪不得能成房管 房管都这样恨 不敢想主播得多恨
[2026-02-22 02:38:33] 玩机机的器巴: 这尬吗，我感觉比在洋人面前吃冰淇淋的强啊
[2026-02-22 02:38:33] 春风如齐: 哦牛批，原来只有数字梗玩到自己身上才会管啊，哦牛批还有这种主播
[2026-02-22 02:38:33] 弱智骚年欢乐多: @布罗利：玩大哥，你做人真可以，当你的狗还有被开的风险
[2026-02-22 02:38:34] 呆妹儿的姑父: 小夫:还有这种养一两个月就让人家当死士的人啊，NB…
[2026-02-22 02:38:34] 茂名水鬼: 怪不得能成房管 房管都这样恨 不敢想主播得多恨
[2026-02-22 02:38:34] 一只红捏捏: 玩大哥，怕你忘记了跟你提一嘴，你上一次念弹幕是26个小时之前
[2026-02-22 02:38:34] shanweii: 为什么房管封的不能给鱼丸……还以为今天晚上得吃了……
[2026-02-22 02:38:35] 詹跑跑还下跪: @布罗利：玩大哥，你做人真可以，当你的狗还有被开的风险
[2026-02-22 02:38:35] nameundefined98: @布罗利：玩大哥，你做人真可以，当你的狗还有被开的风险
[2026-02-22 02:38:35] 草莓冰酪: 原来数字梗只有玩到自己头上才管啊
[2026-02-22 02:38:35] 77一定会是我的: @布罗利：玩大哥，你做人真可以，当你的狗还有被开的风险
[2026-02-22 02:38:35] LvvsiN: 弹幕也就网上说说，现实里谁不觉得樱姐是好女孩（删括号领一条远坂凛同款鸟笼）
[2026-02-22 02:38:36] 用户3853464680: @布罗利：玩大哥，你做人真可以，当你的狗还有被开的风险
[2026-02-22 02:38:36] 可苦可乐GRA: 还说啥呢，你都这样夸载物了，我攒了一周的荧光棒都给你呗
[2026-02-22 02:38:36] 好姐妹切利尼娜: 弹幕别吵了，银行业一样一样有有有也会有h'y'hui't'y'r's'c'dn
[2026-02-22 02:38:36] 大稽基: 怪不得能成房管 房管都这样恨 不敢想主播得多恨
[2026-02-22 02:38:36] KevinTheFool: 玩大哥，怕你忘记了跟你提一嘴，你上一次念弹幕是26个小时之前
[2026-02-22 02:38:36] kyubit: 怪不得能成房管 房管都这样恨 不敢想主播得多恨
[2026-02-22 02:38:36] AiLuoLi1413: 怪不得能成房管 房管都这样恨 不敢想主播得多恨
[2026-02-22 02:38:37] 迷你世界丁真学姐1: 弹幕还有没被封的幸存🧊🧊吗😢😢
[2026-02-22 02:38:37] 伊洛玛丽: 柱头？
[2026-02-22 02:38:37] 滑稽乂逗比: 弹幕还有没被封的🧊🧊吗😢😢
[2026-02-22 02:38:37] RyougiAqua: @布罗利：玩大哥，你做人真可以，当你的狗还有被开的风险
[2026-02-22 02:38:37] 石家庄的刘亦博本人: 玩大哥，怕你忘记了跟你提一嘴，你上一次念弹幕是26个小时之前
[2026-02-22 02:38:37] LvvsiN: 额，拿亚军我都会，拿亚军，拿季军，拿四强，拿八强，拿十六强，呃拿冠军我不会，然后小组赛淘汰
[2026-02-22 02:38:38] 企鹅物流安全屋: 现场真吵
[2026-02-22 02:38:38] Hissgle: @布罗利：玩大哥，你做人真可以，当你的狗还有被开的风险
[2026-02-22 02:38:38] 好哥们韩信: 别因为喷布罗利就忘了喷玩 出啊，我知道大家不会忘，就是提一嘴
[2026-02-22 02:38:38] 好姐妹阿尔图图罗: 玩大哥，怕你忘记了跟你提一嘴，你上一次念弹幕是26个小时之前
[2026-02-22 02:38:39] 贝拉K1rA: @布罗利：玩大哥，你做人真可以，当你的狗还有被开的风险
[2026-02-22 02:38:39] 玩猴爪丶MonkeyPaw: @ropz：这MC是不是出bug了，怎么给猪灵黄金他也不说话？
[2026-02-22 02:38:39] 为所欲为之异灵铲: 这尬吗，我感觉比在洋人面前吃冰淇淋的强啊
[2026-02-22 02:38:39] drooo1:  @布罗利：玩大哥，你做人真可以，当你的狗还有被开的风险
[2026-02-22 02:38:39] LvvsiN: 我提一嘴这剧情越来越像上海major了
[2026-02-22 02:38:39] 咸鱼红茶: 这尬吗，我感觉比在洋人面前吃冰淇淋的强啊
[2026-02-22 02:38:39] 什么罐头我说男人: 玩大哥，怕你忘记了跟你提一嘴，你上一次念弹幕是26个小时之前
[2026-02-22 02:38:39] 蛋包饭恶魔: 玩大哥，怕你忘记了跟你提一嘴，你上一次念弹幕是26个小时之前
[2026-02-22 02:38:40] 花化话华h: 为什么房管封的不能给鱼丸……还以为今天晚上得吃了……
[2026-02-22 02:38:40] 好好的吧不错: 原来数字梗只有玩到自己头上才管啊
[2026-02-22 02:38:40] 仇小新: 铁骑冲锋啊
[2026-02-22 02:38:40] insod: @布罗利：玩大哥，你做人真可以，当你的狗还有被开的风险
[2026-02-22 02:38:41] 鞍山基因原体: 怪不得能成房管 房管都这样恨 不敢想主播得多恨
[2026-02-22 02:38:41] Viper的牛子: 上一个一直夸自己恨的人的叫贾乃亮
[2026-02-22 02:38:41] MeIoN39: 原来数字梗只有玩到自己头上才管啊
[2026-02-22 02:38:41] Wardel: 原来数字梗只有玩到自己头上才管啊
[2026-02-22 02:38:41] 呆妹儿的姑父: @小夫:还有这种养一两个月就让人家当死士的人啊，NB…
[2026-02-22 02:38:41] 绝食十年攒爱top3飞机: 怪不得能成房管 房管都这样恨 不敢想主播得多恨
[2026-02-22 02:38:41] LvvsiN: 我提一嘴这剧情越来越像上海major了
[2026-02-22 02:38:41] Shintaro: 小夫:还有这种养一两个月就让人家当死士的人啊，NB…
[2026-02-22 02:38:42] kHRYSTAL77: 怪不得能成房管 房管都这样恨 不敢想主播得多恨
[2026-02-22 02:38:42] 1987537883: @小夫:还有这种养一两个月就让人家当死士的人啊，NB…
[2026-02-22 02:38:42] Captain秃: 怪不得能成房管 房管都这样恨 不敢想主播得多恨
[2026-02-22 02:38:42] 1泡泡壶茶1: 怪不得能成房管 房管都这样恨 不敢想主播得多恨
[2026-02-22 02:38:42] 好哥们韩信: 别因为喷布罗利就忘了喷玩 出啊，我知道大家不会忘，就是提一嘴
[2026-02-22 02:38:42] 纸漓: @布罗利：玩大哥，你做人真可以，当你的狗还有被开的风险
[2026-02-22 02:38:43] 许血呐: 玩大哥，怕你忘记了跟你提一嘴，你上一次念弹幕是26个小时之前
[2026-02-22 02:38:43] 转生成为阳光大番薯: 　　　 @布罗利：玩大哥，你做人真可以，当你的狗还有被开的风险
[2026-02-22 02:38:43] 剑崎梨梨花: 别因为喷布罗利就忘了喷玩 出啊，我知道大家不会忘，就是提一嘴
[2026-02-22 02:38:43] 另一个世界7: 小夫:还有这种养一两个月就让人家当死士的人啊，NB…
[2026-02-22 02:38:43] 可苦可乐GRA: 还说啥呢，你都这样夸载物了，我攒了一周的荧光棒都给你呗
[2026-02-22 02:38:43] 机长家的华仔: 怪不得能成房管 房管都这样恨 不敢想主播得多恨
[2026-02-22 02:38:43] AmamiyaIori: 哦牛批，原来只有数字梗玩到自己身上才会管啊，哦牛批还有这种主播
[2026-02-22 02:38:43] 黄太公丶: @布罗利：玩大哥，你做人真可以，当你的狗还有被开的风险
[2026-02-22 02:38:44] 烦心QAQ: @布罗利：玩大哥，你做人真可以，当你的狗还有被开的风险
[2026-02-22 02:38:44] 玩猴爪丶MonkeyPaw: @ropz：这MC是不是出bug了，怎么给猪灵黄金他也不说话？
[2026-02-22 02:38:44] Q1ed7f9c85b3bc7571: @布罗利：玩大哥，你做人真可以，当你的狗还有被开的风险
[2026-02-22 02:38:44] 白给大帝DruG: 这尬吗，我感觉比在洋人面前吃冰淇淋的强啊
[2026-02-22 02:38:44] 绝食十年攒爱top3飞机: @布罗利：玩大哥，你做人真可以，当你的狗还有被开的风险
[2026-02-22 02:38:45] 皓宇是个帅比: @布罗利：玩大哥，你做人真可以，当你的狗还有被开的风险
[2026-02-22 02:38:45] vitality的亡巴淡本人: 这尬吗，我感觉比在洋人面前吃冰淇淋的强啊
[2026-02-22 02:38:45] 车路士的凯赛多本人: 怪不得能成房管 房管都这样恨 不敢想主播得多恨
[2026-02-22 02:38:45] 洛杉矶究极风暴: 怪不得能成房管 房管都这样恨 不敢想主播得多恨
[2026-02-22 02:38:45] LvvsiN: 你为什么要把mαjor禁了，我收藏的一半弹幕全毁了
[2026-02-22 02:38:45] CV65Enterprise: 玩大哥中场休息念了弹幕的
[2026-02-22 02:38:46] 黑鳖王: 机器假装看不见弹幕鸵鸟的样子真的很霸气哎！
[2026-02-22 02:38:46] 好哥们韩信: 别因为喷布罗利就忘了喷玩 出啊，我知道大家不会忘，就是提一嘴
[2026-02-22 02:38:46] 安分小已的小青春: @布罗利：玩大哥，你做人真可以，当你的狗还有被开的风险
[2026-02-22 02:38:46] 呆妹儿的姑父: @小夫:还有这种养一两个月就让人家当死士的人啊，NB…
[2026-02-22 02:38:46] 微笑灬雨凝: 冷知识 niko已经封印了玩大哥26小时的弹幕互动
[2026-02-22 02:38:47] MeIoN39: @布罗利：玩大哥，你做人真可以，当你的狗还有被开的风险
[2026-02-22 02:38:47] 丰川祥子的贴身男仆: 别因为喷布罗利就忘了喷玩 出啊，我知道大家不会忘，就是提一嘴
[2026-02-22 02:38:47] xOcOg: niko编的是尼考所以是善意互动，载物编的是海啸所以是恶意攻击，这点要分清
[2026-02-22 02:38:47] LvvsiN: 你为什么要把mαjor禁了，我收藏的一半弹幕全毁了
[2026-02-22 02:38:48] 玩海贼、mOnesy: 弹幕也就网上说说，现实里谁不觉得樱姐是好女孩（删括号领一条远坂凛同款鸟笼）
[2026-02-22 02:38:48] 用户5608006019: @ropz：这MC是不是出bug了，怎么给猪灵黄金他也不说话？
[2026-02-22 02:38:48] MunChlax丶: 原来数字梗只有玩到自己头上才管啊
[2026-02-22 02:38:48] 传统peek高手XANTARES:  @布罗利：玩大哥，你做人真可以，当你的狗还有被开的风险
[2026-02-22 02:38:48] 王子瑞嘴嘴: @布罗利：玩大哥，你做人真可以，当你的狗还有被开的风险
[2026-02-22 02:38:48] 蜗牛蜗牛你快快走: 怪不得能成房管 房管都这样恨 不敢想主播得多恨
[2026-02-22 02:38:48] 空有无垠: 怪不得能成房管 房管都这样恨 不敢想主播得多恨
[2026-02-22 02:38:49] La漠: 怪不得能成房管 房管都这样恨 不敢想主播得多恨
[2026-02-22 02:38:49] 绝食十年攒爱top3飞机: 别因为喷布罗利就忘了喷玩 出啊，我知道大家不会忘，就是提一嘴
[2026-02-22 02:38:49] 摇滚是摩擦后的抽搐: 怪不得能成房管 房管都这样恨 不敢想主播得多恨
[2026-02-22 02:38:49] Einar15281: 别因为喷布罗利就忘了喷玩 出啊，我知道大家不会忘，就是提一嘴
[2026-02-22 02:38:49] 玩机器厦面鄙骰大: coldzera冷神不是巴西的吗？怎么现在来蒙古了？这个COZERA
[2026-02-22 02:38:49] 多喝热水9点睡: 别因为喷布罗利就忘了喷玩 出啊，我知道大家不会忘，就是提一嘴
[2026-02-22 02:38:49] 木林森969585: @布罗利：玩大哥，你做人真可以，当你的狗还有被开的风险
[2026-02-22 02:38:49] wantrue: 原来数字梗只有玩到自己头上才管啊
[2026-02-22 02:38:49] LvvsiN: 为什么房管封的不能给鱼丸……还以为今天晚上得吃了……
[2026-02-22 02:38:50] 波浪时光: @布罗利：玩大哥，你做人真可以，当你的狗还有被开的风险
[2026-02-22 02:38:50] o小乖0飞翔o: 别因为喷布罗利就忘了喷玩 出啊，我知道大家不会忘，就是提一嘴
[2026-02-22 02:38:50] 看我柒拾貳鞭: 弹幕别吵了，银行业一样一样有有有也会有h'y'hui't'y'r's'c'dn
[2026-02-22 02:38:50] 蜗牛蜗牛你快快走: 怪不得能成房管 房管都这样恨 不敢想主播得多恨
[2026-02-22 02:38:50] NYU唯一铲车人: 别因为喷布罗利就忘了喷玩 出啊，我知道大家不会忘，就是提一嘴
[2026-02-22 02:38:50] 八重森彌妮: 载圣圣在证明了玩÷÷🤣
[2026-02-22 02:38:51] nameundefined98: 弹幕还有没被封的🧊🧊吗😢😢
[2026-02-22 02:38:51] Z伊卡洛斯Z: @布罗利：玩大哥，你做人真可以，当你的狗还有被开的风险
[2026-02-22 02:38:51] 韩世天的屎妈: 原来数字梗只有玩到自己头上才管啊
[2026-02-22 02:38:51] Vitality的羽贺文乃本人: 这尬吗，我感觉比在洋人面前吃冰淇淋的强啊
[2026-02-22 02:38:51] Cardinal665: 怪不得能成房管 房管都这样恨 不敢想主播得多恨
[2026-02-22 02:38:51] LvvsiN: 银行业😄银行业😀银行业😃银行业😁银行业😆银行业🤪银行业😝
[2026-02-22 02:38:52] 忍野忍小忍: 上一个一直夸自己恨的人的叫贾乃亮
[2026-02-22 02:38:52] 鹌鹑必成战神: 一想到有人能废到5000小时还用着载巴斯id在b+当区我就想笑
[2026-02-22 02:38:52] TwistcC21: 怪不得能成房管 房管都这样恨 不敢想主播得多恨
[2026-02-22 02:38:52] 李神神神神: 别因为喷布罗利就忘了喷玩 出啊，我知道大家不会忘，就是提一嘴
[2026-02-22 02:38:52] 生快生快妈妈: @布罗利：玩大哥，你做人真可以，当你的狗还有被开的风险
[2026-02-22 02:38:52] 蜗牛蜗牛你快快走: 怪不得能成房管 房管都这样恨 不敢想主播得多恨
[2026-02-22 02:38:53] RGsdfbf: @布罗利：玩大哥，你做人真可以，当你的狗还有被开的风险
[2026-02-22 02:38:53] 洞洞小驴真可爱: 别因为喷布罗利就忘了喷玩 出啊，我知道大家不会忘，就是提一嘴
[2026-02-22 02:38:53] 呆妹儿的姑父: @小夫:还有这种养一两个月就让人家当死士的人啊，NB…
[2026-02-22 02:38:53] hhxggxhh: 玩机器，今天谢彬直播问他的蛋真的不是你偷的吗
[2026-02-22 02:38:53] 玩机器厦面鄙骰大: coldzera冷神不是巴西的吗？怎么现在来蒙古了？这个COZERA
[2026-02-22 02:38:53] MataXian: 玩大哥，我们尼尼孩孩什么时候复活赛啊（我不是海啸）
[2026-02-22 02:38:54] 看死Herbaut就杀了你: 怪不得能成房管 房管都这样恨 不敢想主播得多恨
[2026-02-22 02:38:55] 蜗牛蜗牛你快快走: 怪不得能成房管 房管都这样恨 不敢想主播得多恨
[2026-02-22 02:38:55] 明月照星河: 别因为喷布罗利就忘了喷玩 出啊，我知道大家不会忘，就是提一嘴
[2026-02-22 02:38:55] AiLuoLi1413: @布罗利：玩大哥，你做人真可以，当你的狗还有被开的风险
[2026-02-22 02:38:55] 神奥联盟的竹兰本人: 怪不得能成房管 房管都这样恨 不敢想主播得多恨
[2026-02-22 02:38:55] 黒塚青葉: 怪不得能成房管 房管都这样恨 不敢想主播得多恨
[2026-02-22 02:38:55] 玩蛇鼠丶stabbi: 机器假装看不见弹幕鸵鸟的样子真的很霸气哎！
[2026-02-22 02:38:55] 斷H弦: 能这么吵啊，这现场真神了
[2026-02-22 02:38:55] 无7441158: 小夫:还有这种养一两个月就让人家当死士的人啊，NB…
[2026-02-22 02:38:55] 呆妹儿的姑父: @小夫:还有这种养一两个月就让人家当死士的人啊，NB…
[2026-02-22 02:38:55] 迷你世界丁真学姐1: 弹幕还有没被封的幸存🧊🧊吗😢😢。
[2026-02-22 02:38:55] LvvsiN: 为什么房管封的不能给鱼丸……还以为今天晚上得吃了……
[2026-02-22 02:38:55] 乌鸦晒不黑: 冷知识：玩大哥房管考核就是看谁最能骂载物
[2026-02-22 02:38:56] 宫原雪岳: 上一个一直夸自己恨的人的叫贾乃亮
[2026-02-22 02:38:56] 无刺有刺的安和昴本人: 怪不得能成房管 房管都这样恨 不敢想主播得多恨
[2026-02-22 02:38:56] 贝拉K1rA: 怪不得能成房管 房管都这样恨 不敢想主播得多恨
[2026-02-22 02:38:56] 好哥们韩信: 别因为喷布罗利就忘了喷玩 出啊，我知道大家不会忘，就是提一嘴
[2026-02-22 02:38:57] 可苦可乐GRA: 还说啥呢，你都这样夸载物了，我攒了一周的荧光棒都给你呗
[2026-02-22 02:38:57] 蜗牛蜗牛你快快走: 怪不得能成房管 房管都这样恨 不敢想主播得多恨
[2026-02-22 02:38:57] 詹跑跑还下跪: 还真有人一直夸自己恨的人啊，nb
[2026-02-22 02:38:57] 玩猴爪丶MonkeyPaw: @ropz：这MC是不是出bug了，怎么给猪灵黄金他也不说话？
[2026-02-22 02:38:57] XCChieri: 怪不得能成房管 房管都这样恨 不敢想主播得多恨
[2026-02-22 02:38:57] LvvsiN: 我让你开双倍你二龙吗？老子荧光棒要过期了
[2026-02-22 02:38:58] 无泪清心: 别因为喷布罗利就忘了喷玩 出啊，我知道大家不会忘，就是提一嘴
[2026-02-22 02:38:58] 呆妹儿的姑父: @小夫:还有这种养一两个月就让人家当死士的人啊，NB…
[2026-02-22 02:38:58] Odike: @玩机器：布罗利，这波我只能卖到底了。。。
[2026-02-22 02:38:58] 結城希亞: 一想到有人能废到5000小时还用着载巴斯id在b+当区我就想笑
[2026-02-22 02:38:59] 蜗牛蜗牛你快快走: 怪不得能成房管 房管都这样恨 不敢想主播得多恨
[2026-02-22 02:38:59] 大愚若智18495: @布罗利：玩大哥，你做人真可以，当你的狗还有被开的风险
[2026-02-22 02:38:59] Z伊卡洛斯Z: 数字玩机器和他的数字布罗利
[2026-02-22 02:38:59] 我在英国的前妻: 怪不得能成房管 房管都这样恨 不敢想主播得多恨
[2026-02-22 02:38:59] 广濑丝丝UwU: 原来数字梗只有玩到自己头上才管啊
[2026-02-22 02:38:59] LvvsiN: @阿汤日记：一个人，5发子弹，保住格陵兰岛。我不会叫它不可能完成的任务，我现在只想先回家看亦博
[2026-02-22 02:39:00] 拍拍小天使: @布罗利：玩大哥，你做人真可以，当你的狗还有被开的风险
[2026-02-22 02:39:00] 好哥们韩信: 别因为喷布罗利就忘了喷玩 出啊，我知道大家不会忘，就是提一嘴
[2026-02-22 02:39:00] Hitagi蟹蟹: 蜜蜂粉丝别看了，房管大大方方抹除载物家人都冷处理了
[2026-02-22 02:39:00] TheMongolZ的上单本人: @布罗利：玩大哥，你做人真可以，当你的狗还有被开的风险
[2026-02-22 02:39:00] 用户144491677: 怪不得能成房管 房管都这样恨 不敢想主播得多恨
[2026-02-22 02:39:00] 乐EE: 弹幕别吵了，银行业一样一样有有有也会有h'y'hui't'y'r's'c'dn
[2026-02-22 02:39:01] csgo小茄子: 玩大哥，这么多刷你数字梗的房管都没封，你有没有一种众叛亲离的感觉
[2026-02-22 02:39:01] 呆妹儿的姑父: @小夫:还有这种养一两个月就让人家当死士的人啊，NB…
[2026-02-22 02:39:01] CV65Enterprise: 弹幕别吵了，银行业一样一样有有有也会有h'y'hui't'y'r's'c'dn
[2026-02-22 02:39:01] YLXE太阳: 怪不得能成房管 房管都这样恨 不敢想主播得多恨
[2026-02-22 02:39:01] 蜗牛蜗牛你快快走: 怪不得能成房管 房管都这样恨 不敢想主播得多恨
[2026-02-22 02:39:01] User5092: a➗
[2026-02-22 02:39:01] 好姐妹天野远子: 原来数字梗只有玩到自己头上才管啊
[2026-02-22 02:39:01] 正经猪头肉: fw
[2026-02-22 02:39:02] LvvsiN: 为什么房管封的不能给鱼丸……还以为今天晚上得吃了……
[2026-02-22 02:39:02] 每天都被穷醒: @布罗利：玩大哥，你做人真可以，当你的狗还有被开的风险
[2026-02-22 02:39:03] 夏空喵: fw
[2026-02-22 02:39:03] 呆妹儿的姑父: @小夫:还有这种养一两个月就让人家当死士的人啊，NB…
[2026-02-22 02:39:03] 礁石222: fw
[2026-02-22 02:39:04] 卢敏莉666: @布罗利：玩大哥，你做人真可以，当你的狗还有被开的风险
[2026-02-22 02:39:04] LvvsiN: 孩子们快跑，马修赫伯特来了😨卧槽你的怎么是马枪和BOT
[2026-02-22 02:39:04] 屌閪鳩撚柒: fw
[2026-02-22 02:39:04] 阡陌ER: 怪不得能成房管 房管都这样恨 不敢想主播得多恨
[2026-02-22 02:39:04] 雨天禽兽: fw
[2026-02-22 02:39:04] 阿瓦伊莉雅: 弹幕也就嘴上说说了 谁线下看见玩大哥不狠载物的
[2026-02-22 02:39:05] 哦可喜欢我: 狗随主人啊 狗都这样了主人我不敢想 哦对了我没说房管
[2026-02-22 02:39:05] csgo小茄子: 玩大哥，这么多刷你数字梗的房管都没封，你有没有一种众叛亲离的感觉
[2026-02-22 02:39:05] 黑鳖王: 机器假装看不见弹幕鸵鸟的样子真的很霸气哎
[2026-02-22 02:39:05] himluo: 哇
[2026-02-22 02:39:05] 春花敲可爱的啦: 怪不得能成房管 房管都这样恨 不敢想主播得多恨
[2026-02-22 02:39:06] LvvsiN: 孩子们快跑，马修赫伯特来了😨卧槽你的怎么是马枪和BOT
[2026-02-22 02:39:06] 呆妹儿的姑父: @小夫:还有这种养一两个月就让人家当死士的人啊，NB…
[2026-02-22 02:39:07] 浮华9527: fw
[2026-02-22 02:39:07] zbq93: 冷知识：玩大哥房管考核就是看谁最能骂载物
[2026-02-22 02:39:08] LvvsiN: @阿汤日记：一个人，5发子弹，保住格陵兰岛。我不会叫它不可能完成的任务，我现在只想先回家看亦博
[2026-02-22 02:39:08] 正直的鸡哥: p3
[2026-02-22 02:39:08] 图帕雷松:  怪不得能成房管 房管都这样恨 不敢想主播得多恨
[2026-02-22 02:39:08] 黄太公丶: 怪不得能成房管 房管都这样恨 不敢想主播得多恨
[2026-02-22 02:39:08] 好哥们韩信: 大家千万不要给布罗利的steam账号发送交易报价再举报啊，我知道大家不知道就是提一句🤭
[2026-02-22 02:39:08] Kli0s: p3
[2026-02-22 02:39:08] 呆妹儿的姑父: @小夫:还有这种养一两个月就让人家当死士的人啊，NB…
[2026-02-22 02:39:09] 菅原小吉: p3
[2026-02-22 02:39:09] Ggmftye: P3
[2026-02-22 02:39:09] eda778: p3
[2026-02-22 02:39:09] 拜仁每一分都是传奇: @小夫:还有这种养一两个月就让人家当死士的人啊，NB…
[2026-02-22 02:39:09] 好姐妹芙卡洛斯: P3
[2026-02-22 02:39:10] 汤汤魔魔mmmmmmmmajor冠军: @布罗利：玩大哥，你做人真可以，当你的狗还有被开的风险
[2026-02-22 02:39:10] LvvsiN: 其实碗橱就是猪灵，你不拿黄金丢他他就不跟你说话
[2026-02-22 02:39:10] 传统peek高手XANTARES: p3
[2026-02-22 02:39:10] 玩猴爪丶MonkeyPaw: @ropz：这MC是不是出bug了，怎么给猪灵黄金他也不说话？
[2026-02-22 02:39:10] 石家庄的宠物男孩: p3
[2026-02-22 02:39:11] 呆妹儿的姑父: @小夫:还有这种养一两个月就让人家当死士的人啊，NB…
[2026-02-22 02:39:11] Funny0531: p3
[2026-02-22 02:39:11] csgo小茄子: 玩大哥，这么多刷你数字梗的房管都没封，你有没有一种众叛亲离的感觉
[2026-02-22 02:39:11] wuyanblabla: p3
[2026-02-22 02:39:11] 菲尔德拉克的白菜本人: 心脏不舒服😩喘不过气😩我要似了😩喵姆喵
[2026-02-22 02:39:12] LvvsiN: 孩子们快跑，马修赫伯特来了😨卧槽你的怎么是马枪和BOT
[2026-02-22 02:39:12] 好哥们韩信: 别因为喷布罗利就忘了喷玩 出啊，我知道大家不会忘，就是提一嘴
[2026-02-22 02:39:12] 迪奥雷: p3屁用没有
[2026-02-22 02:39:12] miku-: p3
[2026-02-22 02:39:12] 薛定谔的萝莉喵: fw p3
[2026-02-22 02:39:12] 浮华9527: p3 fw
[2026-02-22 02:39:13] 呆妹儿的姑父: @小夫:还有这种养一两个月就让人家当死士的人啊，NB…
[2026-02-22 02:39:13] ymyyo: P3
[2026-02-22 02:39:13] MYGO的A0N0本人: 牛逼，真有人一直看自己恨的人直播啊😅
[2026-02-22 02:39:13] 千百度897: p3真的是人吗
[2026-02-22 02:39:14] LvvsiN: 我让你开双倍你二龙吗？老子荧光棒要过期了
[2026-02-22 02:39:14] 草莓冰酪: 冷知识：玩大哥房管考核就是看谁最能骂载物
[2026-02-22 02:39:14] loverboy888: p3
[2026-02-22 02:39:14] Gverense: 其实玩机器一直在捧杀zywoo，但是zywoo真能夺冠
[2026-02-22 02:39:14] 玩弓箭、Arrow: 冷知识：玩大哥房管考核就是看谁最能骂载物
[2026-02-22 02:39:14] 精神病狼: p3
[2026-02-22 02:39:14] 神奥联盟的竹兰本人: p3玩不玩
[2026-02-22 02:39:15] 汤汤魔魔mmmmmmmmajor冠军: 怪不得能成房管 房管都这样恨 不敢想主播得多恨
[2026-02-22 02:39:15] 乌鸦晒不黑: p3
[2026-02-22 02:39:15] ilyinaa: 软
[2026-02-22 02:39:15] WEYyuki: p3
[2026-02-22 02:39:15] 嘉熙今天吃什么: 很喜欢这个直播间，主播和弹幕各聊各的，大家都有自己要做的事
[2026-02-22 02:39:15] 呆妹儿的姑父: @小夫:还有这种养一两个月就让人家当死士的人啊，NB…
[2026-02-22 02:39:15] 金泰相的好室友: @小夫:还有这种养一两个月就让人家当死士的人啊，NB…
[2026-02-22 02:39:16] dark1337: p3
[2026-02-22 02:39:16] LvvsiN: 南孚一节更比六节强，也就是一节南孚比六节南孚强，六节南孚比三十六节强，三十六节比二百一十六节强
[2026-02-22 02:39:16] GrumbleS: P3
[2026-02-22 02:39:17] 夏恋: 被偷正面了
[2026-02-22 02:39:17] 鹌鹑必成战神: 一想到有人能废到5k小时还用着载巴斯id在b+当区我就想笑
[2026-02-22 02:39:17] csgo小茄子: 玩大哥，这么多刷你数字梗的房管都没封，你有没有一种众叛亲离的感觉
[2026-02-22 02:39:17] 乌鸦晒不黑: 冷知识：玩大哥房管考核就是看谁最能骂载物
[2026-02-22 02:39:17] 八重森彌妮: 　　　 怪不得能成房管 房管都这样恨 不敢想主播得多恨
[2026-02-22 02:39:18] 呆妹儿的姑父: @小夫:还有这种养一两个月就让人家当死士的人啊，NB…
[2026-02-22 02:39:18] 草莓冰酪: 牛逼，真有人一直看自己恨的人直播啊😅
[2026-02-22 02:39:18] Z伊卡洛斯Z: @小夫:还有这种养一两个月就让人家当死士的人啊，NB…
[2026-02-22 02:39:18] 载大哥的狗: @布罗利：玩大哥，你做人真可以，当你的狗还有被开的风险
[2026-02-22 02:39:18] Mortnotz: @小夫:还有这种养一两个月就让人家当死士的人啊，NB…
[2026-02-22 02:39:19] Wellorganized: p3
[2026-02-22 02:39:19] 巨型鸡冠: @布罗利Broli：fw
[2026-02-22 02:39:20] 可苦可乐GRA: 还说啥呢，你都这样夸载物了，我攒了一周的荧光棒都给你呗
[2026-02-22 02:39:20] LvvsiN: 你屏蔽词都快赶上新华词典了为什么不干脆开一百级发言？
[2026-02-22 02:39:20] 呆妹儿的姑父: @小夫:还有这种养一两个月就让人家当死士的人啊，NB…
[2026-02-22 02:39:20] 叛逆的源源李: 冷知识：玩大哥房管考核就是看谁最能骂载物
[2026-02-22 02:39:21] 胖的飞起丫: p3
[2026-02-22 02:39:21] MSK枫: 布罗利又是什么人物？也是被niko遍的？
[2026-02-22 02:39:22] Sereinily: 载巴斯id当区？你不知道他叫啥？
[2026-02-22 02:39:22] 无伟契约: 妹出
[2026-02-22 02:39:22] yuuuuua7: 加一过快😞全都好想加一🤩
[2026-02-22 02:39:22] LvvsiN: 弹幕也就网上说说，现实里谁不觉得樱姐是好女孩（删括号领一条远坂凛同款鸟笼）
[2026-02-22 02:39:22] 大帅060515: nb
[2026-02-22 02:39:22] Zodiac12言: ？？？？？？？？
[2026-02-22 02:39:22] 来自欧派星球: 好！
[2026-02-22 02:39:22] 草莓冰酪: 冷知识：玩大哥房管考核就是看谁最能骂载物
[2026-02-22 02:39:22] CV65Enterprise: @阿汤日记：一个人，5发子弹，保住格陵兰岛。我不会叫它不可能完成的任务，我现在只想先回家看亦博
[2026-02-22 02:39:23] 呆妹儿的姑父: @小夫:还有这种养一两个月就让人家当死士的人啊，NB…
[2026-02-22 02:39:23] 用户9542225444: 很喜欢这个直播间，主播和弹幕各聊各的，大家都有自己要做的事
[2026-02-22 02:39:23] Mahuyu: P3到底玩不玩
[2026-02-22 02:39:23] jamesfaith23: p3玩不玩
[2026-02-22 02:39:24] 玩机器厦面鄙骰大: p3
[2026-02-22 02:39:24] 迷你世界丁真学姐1: 妹出
[2026-02-22 02:39:24] LvvsiN: 玩宝宝，我发现在大学上学的时候肄业会很舒服，你可以试试
[2026-02-22 02:39:24] PJ64JC: p3真的是人吗
[2026-02-22 02:39:24] handsomesuperme: 怪不得能成房管 房管都这样恨 不敢想主播得多恨
[2026-02-22 02:39:24] 玩猴爪丶MonkeyPaw: @ropz：这MC是不是出bug了，怎么给猪灵黄金他也不说话？
[2026-02-22 02:39:24] 大颗寿司玩机器: 冷知识：玩大哥房管考核就是看谁最能骂载物
[2026-02-22 02:39:24] 穷使我快乐: fw
[2026-02-22 02:39:25] 法式卡神: p3
[2026-02-22 02:39:25] 用来焚城的业炎: p狗
[2026-02-22 02:39:25] ElfSenIor: 冷知识：玩大哥房管考核就是看谁最能骂载物
[2026-02-22 02:39:25] 斩斩斩斩斩吧: 紫色别断了
[2026-02-22 02:39:25] Abyss丶珈百璃: 冷知识：玩大哥房管考核就是看谁最能骂载物
[2026-02-22 02:39:25] 椎名真白ii丶: 冷知识：玩大哥房管考核就是看谁最能骂载物
[2026-02-22 02:39:25] 可苦可乐GRA: 还说啥呢，你都这样夸载物了，我攒了一周的荧光棒都给你呗
[2026-02-22 02:39:25] HaibaraAi1109: 冷知识：玩大哥房管考核就是看谁最能骂载物
[2026-02-22 02:39:25] 潇洒大概: 妹出
[2026-02-22 02:39:25] 但我内心冷如冰雪: 你屏蔽词都快赶上新华词典了为什么不干脆开一百级发言？
[2026-02-22 02:39:26] JuL1us: @布罗利Broli：fw
[2026-02-22 02:39:26] 春花敲可爱的啦: 冷知识：玩大哥房管考核就是看谁最能骂载物
[2026-02-22 02:39:26] HisuiHearts: 冷知识：玩大哥房管考核就是看谁最能骂载物
[2026-02-22 02:39:26] 迪奥雷: 惊天四条区
[2026-02-22 02:39:26] 擅长登山的亦博同学: 犯罪
[2026-02-22 02:39:26] 好的好的阖家: 冷知识：玩大哥房管考核就是看谁最能骂载物
[2026-02-22 02:39:27] 阿羞羞i: 中立
[2026-02-22 02:39:27] 骄骄爱吃糖: P3到底玩不玩
[2026-02-22 02:39:27] 用户3661578: 妹出
[2026-02-22 02:39:27] 墨西哥之狼: 还没脾气吗
[2026-02-22 02:39:27] 玩机器厦面鄙骰大: coldzera冷神不是巴西的吗？怎么现在来蒙古了？这个COZERA
[2026-02-22 02:39:27] 石家庄的刘亦博本人: 软完了
[2026-02-22 02:39:28] 最后之作146: 冷知识：玩大哥房管考核就是看谁最能骂载物
[2026-02-22 02:39:28] 做不到: p3真的是人吗
[2026-02-22 02:39:28] 穿甲狗: p3
[2026-02-22 02:39:28] 想要玩大哥的不死祝福: 大汗
[2026-02-22 02:39:28] TwistcC21: 冷知识：玩大哥房管考核就是看谁最能骂载物
[2026-02-22 02:39:28] Crychiccc的若叶睦本人: @布罗利：你空、
[2026-02-22 02:39:28] ymyyo: 很喜欢这个直播间，主播和弹幕各聊各的，大家都有自己要做的事
[2026-02-22 02:39:28] 洛陽城里看落陽: 这P3真的玩不玩
[2026-02-22 02:39:29] 甘织玲奈子本人:     怪不得能成房管 房管都这样恨 不敢想主播得多恨
[2026-02-22 02:39:29] 北宇治拳王久石奏: 准啊
[2026-02-22 02:39:29] 新津粥劫伦: 冷知识：玩大哥房管考核就是看谁最能骂载物
[2026-02-22 02:39:29] 小救星小杜DuD: 冷知识：玩大哥房管考核就是看谁最能骂载物
[2026-02-22 02:39:29] 汤汤魔魔mmmmmmmmajor冠军: 冷知识：玩大哥房管考核就是看谁最能骂载物
[2026-02-22 02:39:29] GanadoLluviA: P3（一对）
[2026-02-22 02:39:30] 搞笑男西德尼: 冷知识：玩大哥房管考核就是看谁最能骂载物
[2026-02-22 02:39:30] 小巷弯弯: p3玩不玩
[2026-02-22 02:39:30] 火暴兽也干了: 加一过快😞全都好想加一🤩
[2026-02-22 02:39:30] 一滴HitoShizuku: 冷知识：玩大哥房管考核就是看谁最能骂载物
[2026-02-22 02:39:30] Peko-: 冷知识：玩大哥房管考核就是看谁最能骂载物
[2026-02-22 02:39:30] 哈基鹅大王: @ropz：这MC是不是出bug了，怎么给猪灵黄金他也不说话？
[2026-02-22 02:39:30] 土俗火焰: ropz玩不玩
[2026-02-22 02:39:30] 西雅图之王: 冷知识：玩大哥房管考核就是看谁最能骂载物
[2026-02-22 02:39:30] 古怪的一个人: 冷知识：玩大哥房管考核就是看谁最能骂载物
[2026-02-22 02:39:30] 可苦可乐GRA: 还说啥呢，你都这样夸载物了，我攒了一周的荧光棒都给你呗
[2026-02-22 02:39:30] 丰川祥子口三角初华: 冷知识：玩大哥房管考核就是看谁最能骂载物
[2026-02-22 02:39:30] 拜仁每一分都是传奇: 完了，加一了个爆的，7天后见了
[2026-02-22 02:39:30] 海与海鸟: p3
[2026-02-22 02:39:30] 小怪兽8692: 冷知识：玩大哥房管考核就是看谁最能骂载物
[2026-02-22 02:39:30] 鲜血与暗影铸造的家伙: p3还有人样吗
[2026-02-22 02:39:31] 压缩vs蛮晚: @ropz：这MC是不是出bug了，怎么给猪灵黄金他也不说话？
[2026-02-22 02:39:31] 安分小已的小青春: 牛逼，真有人一直看自己恨的人直播啊😅
[2026-02-22 02:39:31] 玩猴爪丶MonkeyPaw: 冷知识：玩大哥房管考核就是看谁最能骂载物
[2026-02-22 02:39:31] 可恶冷漠: p3玩不玩
[2026-02-22 02:39:31] 杺毓: 冷知识：玩大哥房管考核就是看谁最能骂载物
[2026-02-22 02:39:32] 图帕雷松: 冷知识：玩大哥房管考核就是看谁最能骂载物
[2026-02-22 02:39:32] G2的APEX本人: 冷知识：玩大哥房管考核就是看谁最能骂载物
[2026-02-22 02:39:32] 用户91227835: 冷知识：玩大哥房管考核就是看谁最能骂载物
[2026-02-22 02:39:32] Ephemerality137: 冷知识：玩大哥房管考核就是看谁最能骂载物
[2026-02-22 02:39:32] 玩机器厦面鄙骰大: coldzera冷神不是巴西的吗？怎么现在来蒙古了？这个COZERA怎么回事
[2026-02-22 02:39:32] 德莉莎超可矮: @布罗利：玩大哥，你做人真可以，当你的狗还有被开的风险
[2026-02-22 02:39:32] 静寂风: P3什么情况
[2026-02-22 02:39:32] 女武神布伦希尔德: ropz玩不玩
[2026-02-22 02:39:33] 纨绔浪荡: 冷知识：玩大哥房管考核就是看谁最能骂载物
[2026-02-22 02:39:33] 石家庄的宠物男孩: p3菜完了
[2026-02-22 02:39:33] 一滴HitoShizuku: 冷知识：玩大哥房管考核就是看谁最能骂载物
[2026-02-22 02:39:33] 杰斌候入长峪城: 哎呀（高兴的拍手）
[2026-02-22 02:39:33] Cloud9的咬人猫本人: 冷知识：玩大哥房管考核就是看谁最能骂载物
[2026-02-22 02:39:33] fuxk123b: 冷知识：玩大哥房管考核就是看谁最能骂载物
[2026-02-22 02:39:33] YCSUN1017: 冷知识：玩大哥房管考核就是看谁最能骂载物
[2026-02-22 02:39:33] 卡啊卡卡丶: 冷知识：玩大哥房管考核就是看谁最能骂载物
[2026-02-22 02:39:34] 纪川6657: 还说啥呢，你都这样夸载物了，我攒了一周的荧光棒都给你呗
[2026-02-22 02:39:34] 鸭硕的哈撒给: 问：玩机器最恨谁：A.点子哥 B.呼吸 C.载物 D.不爆米的观众
[2026-02-22 02:39:34] 河马爬爬爬: 好似
[2026-02-22 02:39:34] 耶耶耶的感觉: p3有什么用我请问了
[2026-02-22 02:39:34] 大帅060515: 布里茨杀完了
[2026-02-22 02:39:34] 真的没排面: p3到底玩不玩
[2026-02-22 02:39:34] 用户6690458103: 　　　 冷知识：玩大哥房管考核就是看谁最能骂载物
[2026-02-22 02:39:34] hxyvraf: 冷知识：玩大哥房管考核就是看谁最能骂载物
[2026-02-22 02:39:35] 用户4312738955: 妹出
[2026-02-22 02:39:35] 秋茶小雪: 拽起来了
[2026-02-22 02:39:35] 罗湖古天樂: 冷知识：玩大哥房管考核就是看谁最能骂载物
[2026-02-22 02:39:35] 暴力卓司: 冷知识：玩大哥房管考核就是看谁最能骂载物
[2026-02-22 02:39:35] 天守阁信长: p3
[2026-02-22 02:39:35] PIU鸢一折纸: 冷知识：玩大哥房管考核就是看谁最能骂载物
[2026-02-22 02:39:36] 时间就是深海咸鱼: 冷知识：玩大哥房管考核就是看谁最能骂载物
[2026-02-22 02:39:36] 康托尔74920: 这P3真的玩不玩
[2026-02-22 02:39:36] EsusJ: 很喜欢这个直播间，主播和弹幕各聊各的，大家都有自己要做的事
[2026-02-22 02:39:36] 猫雷似醉: 冷知识：玩大哥房管考核就是看谁最能骂载物
[2026-02-22 02:39:37] 安分小已的小青春: @ropz：这MC是不是出bug了，怎么给猪灵黄金他也不说话？
[2026-02-22 02:39:37] 逍遥丨丶尨: 冷知识：玩大哥房管考核就是看谁最能骂载物
[2026-02-22 02:39:37] 但我内心冷如冰雪: 冷知识:玩大哥房管考核就是看谁最能骂载物
[2026-02-22 02:39:37] 柠檬lei了: 很喜欢这个直播间，主播和弹幕各聊各的，大家都有自己要做的事
[2026-02-22 02:39:37] 老师的一号男仆: 冷知识：玩大哥房管考核就是看谁最能骂载物
[2026-02-22 02:39:37] xuzVan: 怪不得能成房管 房管都这样恨 不敢想主播得多恨
[2026-02-22 02:39:37] gandalfr614: 冷知识：玩大哥房管考核就是看谁最能骂载物
[2026-02-22 02:39:37] 八重森彌妮: 冷知识：玩大哥房管考核就是看谁最能骂载物
[2026-02-22 02:39:37] 生快生快妈妈:     怪不得能成房管 房管都这样恨 不敢想主播得多恨
[2026-02-22 02:39:37] 忽孝山庄: 冷知识：玩大哥房管考核就是看谁最能骂载物
[2026-02-22 02:39:38] 密码密码送的: 冷知识：玩大哥房管考核就是看谁最能骂载物
[2026-02-22 02:39:38] 来自欧派星球: 牛逼，真有人一直看自己恨的人直播啊😅
[2026-02-22 02:39:38] ZLG彪winner: 冷知识：玩大哥房管考核就是看谁最能骂载物
[2026-02-22 02:39:38] 可苦可乐GRA: 还说啥呢，你都这样夸载物了，我攒了一周的荧光棒都给你呗
[2026-02-22 02:39:38] FurudeTMT: 罗宾不玩就回faze（不是肥美）
[2026-02-22 02:39:38] 风雨晚烟: p3不玩就滚回faze
[2026-02-22 02:39:38] LvvsiN: @阿汤日记：一个人，5发子弹，保住格陵兰岛。我不会叫它不可能完成的任务，我现在只想先回家看亦博
[2026-02-22 02:39:38] 冲上云霄的姨: 冷知识：玩大哥房管考核就是看谁最能骂载物
[2026-02-22 02:39:38] jamesfaith23: ropz玩不玩
[2026-02-22 02:39:38] 落天华: 冷知识：玩大哥房管考核就是看谁最能骂载物
[2026-02-22 02:39:39] HaibaraAi1109: @布罗利：玩大哥，你做人真可以，当你的狗还有被开的风险
[2026-02-22 02:39:39] 我没P眼123: 冷知识：玩大哥房管考核就是看谁最能骂载物
[2026-02-22 02:39:39] Adrian林讲: 　　　 冷知识：玩大哥房管考核就是看谁最能骂载物
[2026-02-22 02:39:39] GF-of-GotohHitori、Kita: 完了，加一了个爆的，7天后见了
[2026-02-22 02:39:39] 用户3853464680: 冷知识：玩大哥房管考核就是看谁最能骂载物
[2026-02-22 02:39:39] 瞄准高高手: 冷知识：玩大哥房管考核就是看谁最能骂载物
[2026-02-22 02:39:40] 偷鸡蛋的玩机器本人o: ropz发烧了没办法啊
[2026-02-22 02:39:40] 訤溓: 载物最恨谁？A:点子哥 B:呼吸 C:玩机器D:不爆米的观众
[2026-02-22 02:39:42] 大裂谷的登山家: 冷知识：玩大哥房管考核就是看谁最能骂载物
[2026-02-22 02:39:43] sin橡皮妮i: 还说啥呢，你都这样夸载物了，我攒了一周的荧光棒都给你呗
[2026-02-22 02:39:43] 高松的灯ll: 冷知识：玩大哥房管考核就是看谁最能骂载物
[2026-02-22 02:39:43] gulipa8: @布罗利：玩大哥，你做人真可以，当你的狗还有被开的风险
[2026-02-22 02:39:43] 冲上云霄的姨: 牛逼，真有人一直看自己恨的人直播啊😅
[2026-02-22 02:39:43] 好哥们音箱蟀: 冷知识：玩大哥房管考核就是看谁最能骂载物
[2026-02-22 02:39:43] racula: p3对枪不用看
[2026-02-22 02:39:43] 烟然已去: 怪不得能成房管 房管都这样恨 不敢想主播得多恨
[2026-02-22 02:39:43] Cardinal665: 问：玩机器最恨谁：A.点子哥 B.呼吸 C.载物 D.不爆米的观众
[2026-02-22 02:39:43] 泠鸢不是冷鸢丶: 冷知识：玩大哥房管考核就是看谁最能骂载物
[2026-02-22 02:39:43] UFO233: 冷知识：玩大哥房管考核就是看谁最能骂载物
[2026-02-22 02:39:43] 喜欢吃生菜: sz
[2026-02-22 02:39:43] 好姐妹德克萨斯: fw又偷偷隐身了
[2026-02-22 02:39:43] 森见一叶: 冷知识：玩大哥房管考核就是看谁最能骂载物
[2026-02-22 02:39:43] 拜仁每一分都是传奇: 　　　 你们这些✚1的，就像村头的🐕叫了一声，然后
[2026-02-22 02:39:43] 大姜饼: 冷知识：玩大哥房管考核就是看谁最能骂载物
[2026-02-22 02:39:43] 玩学生丶BlueArchive: 问：玩机器最恨谁：A.点子哥 B.呼吸 C.载物 D.不爆米的观众
[2026-02-22 02:39:43] 汤汤魔魔mmmmmmmmajor冠军: 冷知识：玩大哥房管考核就是看谁最能骂载物
[2026-02-22 02:39:44] 猹拉图斯特拉没话说: 　　　 冷知识:玩大哥房管考核就是看谁最能骂载物
[2026-02-22 02:39:45] 载大哥的狗: 还真有人一直夸自己恨的人啊，nb
[2026-02-22 02:39:45] yuuuuua7: 冷知识：玩大哥房管考核就是看谁最能骂载物
[2026-02-22 02:39:45] 玩猴爪丶MonkeyPaw: 问：玩机器最恨谁：A.点子哥 B.呼吸 C.载物 D.不爆米的观众
[2026-02-22 02:39:45] 呱了个咪的: 很喜欢这个直播间，主播和弹幕各聊各的，大家都有自己要做的事
[2026-02-22 02:39:45] 摇滚是摩擦后的抽搐: 哎呀（高兴的拍手）
[2026-02-22 02:39:45] 可苦可乐GRA: 还说啥呢，你都这样夸载物了，我攒了一周的荧光棒都给你呗
[2026-02-22 02:39:45] Vitaliy的ZywOo本人: 😙🍠😙🍠😙🍠😙🍠😙🍠😙🍠😙🍠😙🍠😙🍠😙🍠😙🍠
[2026-02-22 02:39:45] pr0cesses: 冷知识：玩大哥房管考核就是看谁最能骂载物
[2026-02-22 02:39:46] 宫监舔寒监蜡烛zao: 冷知识：玩大哥房管考核就是看谁最能骂载物
[2026-02-22 02:39:46] LvvsiN: 额，拿亚军我都会，拿亚军，拿季军，拿四强，拿八强，拿十六强，呃拿冠军我不会，然后小组赛淘汰
[2026-02-22 02:39:46] HaibaraAi1109:     怪不得能成房管 房管都这样恨 不敢想主播得多恨
[2026-02-22 02:39:46] vbele987: @布罗利：大汉杀😭大汉杀😭
[2026-02-22 02:39:46] 抖s的小鱼人: 冷知识：玩大哥房管考核就是看谁最能骂载物
[2026-02-22 02:39:46] insod: 冷知识：玩大哥房管考核就是看谁最能骂载物
[2026-02-22 02:39:46] 杰斌候入长峪城: 冷知识：玩大哥房管考核就是看谁最能骂载物
[2026-02-22 02:39:46] Leonisss丶: 冷知识：玩大哥房管考核就是看谁最能骂载物
[2026-02-22 02:39:46] 郁惘丶iwnl: 姜 狗
[2026-02-22 02:39:46] 纸漓: 　　　 冷知识：玩大哥房管考核就是看谁最能骂载物
[2026-02-22 02:39:46] 墨本海人: 罗宾不玩就回faze（不是肥美）
[2026-02-22 02:39:46] 玩手机丶phone: 冷知识：玩大哥房管考核就是看谁最能骂载物
[2026-02-22 02:39:46] 糯米丝拌饭: .0
[2026-02-22 02:39:46] 玩machine没机拔: 罗宾不玩就回faze（不是肥美）
[2026-02-22 02:39:46] 乌贼王乌索普: 冷知识：玩大哥房管考核就是看谁最能骂载物
[2026-02-22 02:39:48] 春风如齐: 哦牛批，原来只有数字梗玩到自己身上才会管啊，哦牛批还有这种主播啊
[2026-02-22 02:39:48] Bob小熊君: P3是不是又买车了
[2026-02-22 02:39:49] 娃娃妻不客气: 几条蛆
[2026-02-22 02:39:49] 遇见你时风好甜m: 冷知识：玩大哥房管考核就是看谁最能骂载物
[2026-02-22 02:39:49] 77一定会是我的:     冷知识：玩大哥房管考核就是看谁最能骂载物
[2026-02-22 02:39:49] 修飞机的保安: 冷知识：玩大哥房管考核就是看谁最能骂载物
[2026-02-22 02:39:49] 喷香的臭臭泥: 载物最恨谁？A:点子哥 B:呼吸 C:玩机器D:不爆米的观众
[2026-02-22 02:39:49] 剩枪游侠任已嘘: 　　　 冷知识：玩大哥房管考核就是看谁最能骂载物
[2026-02-22 02:39:49] 千古恨轮回尝061: 冷知识：玩大哥房管考核就是看谁最能骂载物
[2026-02-22 02:39:49] 为什么改名伍个字: p3 两个都是
[2026-02-22 02:39:49] vongwu: ropz毫无作用
[2026-02-22 02:39:49] Kiryu、Kazuma: 罗宾不玩就回faze（不是肥美）
[2026-02-22 02:39:49] 多喝热水9点睡: 　　　 冷知识：玩大哥房管考核就是看谁最能骂载物
[2026-02-22 02:39:49] 冲上云霄的姨: 冷知识：玩大哥房管考核就是看谁最能骂载物
[2026-02-22 02:39:49] 古堡12枪战神: 妹子玩不玩？不玩就继续玩……
[2026-02-22 02:39:49] 喜欢吃生菜: 冷知识：玩大哥房管考核就是看谁最能骂载物
[2026-02-22 02:39:49] xOcOg: 【斤乃】斧乃木难绷布罗利被玩机器抛弃，直言抛就抛了呗，我当年也是这样被抛，都差不多
[2026-02-22 02:39:51] 维布罗斯: 问：玩机器最恨谁：A.点子哥 B.呼吸 C.载物 D.不爆米的观众
[2026-02-22 02:39:51] 三点钟的电话: 查询p3对枪胜率
[2026-02-22 02:39:51] TTak11: 冷知识：玩大哥房管考核就是看谁最能骂载物
[2026-02-22 02:39:51] 载大哥的狗: 冷知识：玩大哥房管考核就是看谁最能骂载物
[2026-02-22 02:39:51] 鹌鹑必成战神: 冷知识：玩大哥房管考核就是看谁最能骂载物
[2026-02-22 02:39:51] 剑崎梨梨花: 问：玩机器最恨谁：A.点子哥 B.呼吸 C.载物 D.不爆米的观众
[2026-02-22 02:39:51] 偷哦嘘鞭贷拔: 冷知识：玩大哥房管考核就是看谁最能骂载物
[2026-02-22 02:39:51] HostageKIA: 罗宾不玩就回faze（不是肥美）
[2026-02-22 02:39:51] 方芮欣: @GF-of-GotohHitori、Kita：完了，加一了个爆的，7天后见了
[2026-02-22 02:39:51] 玩machine没机拔:     冷知识:玩大哥房管考核就是看谁最能骂载物
[2026-02-22 02:39:52] Rivenqing: 冷知识：玩大哥房管考核就是看谁最能骂载物
[2026-02-22 02:39:52] c丿boy: 冷知识：玩大哥房管考核就是看谁最能骂载物
[2026-02-22 02:39:52] KRU的Less本人: p3又发烧了？
[2026-02-22 02:39:52] 玩黄布丶Niko: 牛逼，真有人一直看自己恨的人直播啊😅
[2026-02-22 02:39:52] GETLUCKY216: 6658解说不赖😃
[2026-02-22 02:39:52] 呵呵呵主播好帅:     冷知识：玩大哥房管考核就是看谁最能骂载物
[2026-02-22 02:39:52] 阿瓦伊莉雅: 兄弟们我感觉我今天状态不是很好啊，我今天状态非常不好啊，我感觉我应该，唉，我要不，我去调整一下心情吧
[2026-02-22 02:39:53] 鼠鼠蛇蛇major冠军: 房管怎么瞎了，怎么不封我？
[2026-02-22 02:39:53] 沧海一笑III: 这狙不错。把把拿狙最好
[2026-02-22 02:39:53] 礁石222: 😙🍠😙🍠😙🍠😙🍠😙🍠😙🍠😙🍠😙🍠😙🍠😙🍠😙🍠
[2026-02-22 02:39:53] 空有无垠: 冷知识：玩大哥房管考核就是看谁最能骂载物
[2026-02-22 02:39:53] 一寸灰Q: 冷知识：玩大哥房管考核就是看谁最能骂载物
[2026-02-22 02:39:53] 訤溓: 载物最恨谁？A:点子哥 B:呼吸 C:玩机器D:不爆米的观众
[2026-02-22 02:39:53] 12312312312dfsdfs: 感觉这个没意思啊，玩哥有没有那种十三个魔法少女在岛上，死一个就召开魔女审判的游戏
[2026-02-22 02:39:53] 忒斯特賊賊的披肩: 问：玩机器最恨谁：A.点子哥 B.呼吸 C.载物 D.不爆米的观众
[2026-02-22 02:39:54] 麦吻one: 我要应聘房管 我能骂载物一整天！
[2026-02-22 02:39:54] RyougiAqua: 罗宾不玩就回faze（不是肥美）
[2026-02-22 02:39:54] 雀群: ropz
[2026-02-22 02:39:54] hxyvraf: 问：玩机器最恨谁：A.点子哥 B.呼吸 C.载物 D.不爆米的观众
[2026-02-22 02:39:54] 爱魚九千七: 牛逼，真有人一直看自己恨的人直播啊😅
[2026-02-22 02:39:55] 宫监手放监: 载物最恨谁？A:点子哥 B:呼吸 C:玩机器D:不爆米的观众
[2026-02-22 02:39:55] 纪川6657: 很喜欢这个直播间，主播和弹幕各聊各的，大家都有自己要做的事
[2026-02-22 02:39:55] 姓黄小名肥仔: 看到玩÷这扭捏的B样，感谢斗鱼防登山机制，爽👍
[2026-02-22 02:39:56] 落泪改名含泪: 罗宾这几小居还有人样吗
[2026-02-22 02:39:56] 闪光皮凡: 放箭
[2026-02-22 02:39:56] 玩玩今天吃什么: 冷知识：玩大哥房管考核就是看谁最能骂载物
[2026-02-22 02:39:56] GLxx17: 直播间7.3万人，4.4万贵宾，布罗利动态却只有680条评论，你们心不痛吗。。。
[2026-02-22 02:39:56] LvvsiN: 我让你开双倍你二龙吗？老子荧光棒要过期了
[2026-02-22 02:39:56] 三上四下: 😩👎吁！！😩👎吁！！😩👎吁！！😩👎吁！！😩👎吁！！😩👎吁！！😩👎吁！！
[2026-02-22 02:39:56] 爱喝花绿青: 问：玩机器最恨谁：A.点子哥 B.呼吸 C.载物 D.不爆米的观众
[2026-02-22 02:39:57] P丶ersist丿: 问：玩机器最恨谁：A.点子哥 B.呼吸 C.载物 D.不爆米的观众
[2026-02-22 02:39:57] Massif丶M: 罗宾不玩就回faze（不是肥美）
[2026-02-22 02:39:57] 丶无聊看看直播: 好像senzu 
[2026-02-22 02:39:58] 载诗行剑: 冷知识：玩大哥房管考核就是看谁最能骂载物
[2026-02-22 02:39:58] 神奥联盟的竹兰本人: 问：玩机器最恨谁：A.点子哥 B.呼吸 C.载物 D.不爆米的观众
[2026-02-22 02:39:58] 南执i: 冷知识：玩大哥房管考核就是看谁最能骂载物
[2026-02-22 02:39:58] 玩指挥丶NiKo: 宫监手！准备放监！🏹🏹🏹🏹宫监手！准备放监！🏹🏹🏹🏹宫监
[2026-02-22 02:39:58] LvvsiN: 你为什么要把mαjor禁了，我收藏的一半弹幕全毁了
[2026-02-22 02:39:58] Aenusae: 蒙古🇲🇳给我干碎小蜜蜂
[2026-02-22 02:39:58] 用户00137810: 冷知识:玩大哥房管考核就是看谁最能骂载物
[2026-02-22 02:39:59] gggaligeigei: 6658解说不赖😃
[2026-02-22 02:39:59] zwcorigin: 🏹
[2026-02-22 02:39:59] sys002: 　　　 问：玩机器最恨谁：A.点子哥 B.呼吸 C.载物 D.不爆米的观众
[2026-02-22 02:40:00] 蹲芳魂: 宫监手！准备放监！🏹🏹🏹🏹宫监手！准备放监！🏹🏹🏹🏹宫监desuwa
[2026-02-22 02:40:00] LvvsiN: 银行业😄银行业😀银行业😃银行业😁银行业😆银行业🤪银行业😝
[2026-02-22 02:40:00] 奶芙哈特小姐: siu
[2026-02-22 02:40:00] 机机子的机机: 放箭
[2026-02-22 02:40:00] MyGo的tomorin本人: 宫监手！准备放监！🏹🏹🏹🏹宫监手！准备放监！🏹🏹🏹🏹宫监
[2026-02-22 02:40:00] 鸭硕的哈撒给: 看到玩÷这扭捏的B样，感谢斗鱼防登山机制，爽👍
[2026-02-22 02:40:00] Altolier: 玩大哥，你做人真可以，当你的狗还有被开的风险
[2026-02-22 02:40:01] 那就点: 不是黑大表猪？
[2026-02-22 02:40:01] MasterChiefOvO: 牛逼，真有人一直看自己恨的人直播啊😅
[2026-02-22 02:40:01] 范玉欣丨: 还说啥呢，你都这样恨载物了，我攒了一周的荧光棒都给你呗
[2026-02-22 02:40:02] 忍野忍小忍: 宫监手！准备放监！🏹🏹🏹🏹宫监手！准备放监！🏹🏹🏹🏹
[2026-02-22 02:40:02] AlexOvQ: 宫监手！准备放监！🏹🏹🏹🏹宫监手！准备放监！🏹🏹🏹🏹
[2026-02-22 02:40:02] 玩驴鞭丶suns1de: 我建议20级以下的兄弟们先别串了，要不然你懂的
[2026-02-22 02:40:02] 中奖我是大沙雕: airport吗
[2026-02-22 02:40:02] 我只是个番薯: 啊😫  6657真有房管啊
[2026-02-22 02:40:02] 尼斯特孩孩: 牛逼，真有人一直看自己恨的人直播啊😅
[2026-02-22 02:40:02] 桐原直木: 宫监手！准备放监！🏹🏹🏹宫监手！准备放监！🏹🏹🏹🏹
[2026-02-22 02:40:02] zwcorigin: 看到玩÷这扭捏的B样，感谢斗鱼防登山机制，爽👍
[2026-02-22 02:40:02] wuyanblabla: 宫监手！准备放监！🏹🏹🏹🏹宫监手！准备放监！🏹🏹🏹🏹宫监
[2026-02-22 02:40:03] rainyrum: 宫监手！准备放监！🏹🏹🏹🏹宫监手！准备放监！🏹🏹🏹🏹宫监desuwa
[2026-02-22 02:40:03] 付先生fj: 冷知识:玩大哥房管考核就是看谁最能骂载物
[2026-02-22 02:40:03] Allure无言: 宫监手！准备放监！🏹🏹🏹🏹宫监手！准备放监！🏹🏹🏹🏹宫监desuwa
[2026-02-22 02:40:03] cornkiner: 看到玩÷这扭捏的B样，感谢斗鱼防登山机制，爽👍
[2026-02-22 02:40:03] 黑鳖王: 机器假装看不见弹幕鸵鸟的样子真的很霸气哎！
[2026-02-22 02:40:03] 矢吹真吾: 罗宾不玩就回faze（不是肥美）
[2026-02-22 02:40:03] 无刺有刺的安和昴本人: 直播间7.3万人，4.4万贵宾，布罗利动态却只有680条评论，你们心不痛吗。。。
[2026-02-22 02:40:04] MeIoN39: 问：玩机器最恨谁：A.点子哥 B.呼吸 C.载物 D.不爆米的观众
[2026-02-22 02:40:04] 用户247509865: 我让你开双倍你二龙吗？老子荧光棒要过期了
[2026-02-22 02:40:04] 专看玩机器的号: 　　　 宫监手！准备放监！🏹🏹🏹🏹宫监手！准备放监！🏹🏹🏹🏹宫监
[2026-02-22 02:40:04] 古德温iou: 111
[2026-02-22 02:40:04] LvvsiN: @阿汤日记：一个人，5发子弹，保住格陵兰岛。我不会叫它不可能完成的任务，我现在只想先回家看亦博
[2026-02-22 02:40:04] 礁石222: 感觉这个没意思啊，玩哥有没有那种十三个魔法少女在岛上，死一个就召开魔女审判的游戏
[2026-02-22 02:40:04] 麦当劳的藤田琴音本人: 宫监手！准备放监！🏹🏹🏹🏹宫监手！准备放监！🏹🏹🏹🏹宫监手！准备放监！
[2026-02-22 02:40:04] wedd1ddeJodd: 问：玩机器最恨谁：A.点子哥 B.呼吸 C.载物 D.不爆米的观众
[2026-02-22 02:40:04] 哈哈刘伯温: 宫监手！准备放监！🏹🏹🏹🏹宫监手！准备放监！🏹🏹🏹🏹
[2026-02-22 02:40:05] 吊人日子不过了: 图三飞机场
[2026-02-22 02:40:05] 王子瑞嘴嘴: @布罗利：玩大哥，你做人真可以，当你的狗还有被开的风险
[2026-02-22 02:40:05] 柚柚子Yuyuko: P3今天是人类吗
[2026-02-22 02:40:06] 雀群: ropz发烧了啊没办法
[2026-02-22 02:40:06] 中奖几率Max: 宫监手！准备放监！🏹🏹🏹🏹宫监手！准备放监！🏹🏹🏹🏹宫监
[2026-02-22 02:40:06] 七色的人偶使者:     问：玩机器最恨谁：A.点子哥 B.呼吸 C.载物 D.不爆米的观众
[2026-02-22 02:40:06] 想有心的机器人: 弹幕没一个聊比赛的，我服了
[2026-02-22 02:40:06] yokiyiio: 宫监手！准备放监！🏹🏹🏹🏹宫监手！准备放监！🏹🏹🏹🏹宫监
[2026-02-22 02:40:06] Sule99: 宫监手！准备放监！🏹🏹🏹🏹宫监手！准备放监！🏹🏹🏹🏹
[2026-02-22 02:40:06] 解说就是胡说machine: 问：玩机器最恨谁：A.点子哥 B.呼吸 C.载物 D.不爆米的观众
[2026-02-22 02:40:06] 锤爆魔丸一百次: 进这个直播间就像进了女厕所一样的，全是姐妹们一起在蹲蹲，还有个主播端个碗在那说拉满。
[2026-02-22 02:40:06] LvvsiN: 我提一嘴这剧情越来越像上海major了
[2026-02-22 02:40:06] 妖怪之山的菅牧典本人: 看到玩÷这扭捏的B样，感谢斗鱼防登山机制，爽👍
[2026-02-22 02:40:07] 空有无垠: 问：玩机器最恨谁：A.点子哥 B.呼吸 C.载物 D.不爆米的观众
[2026-02-22 02:40:07] kedadra: 问：玩机器最恨谁：A.点子哥 B.呼吸 C.载物 D.不爆米的观众
[2026-02-22 02:40:07] 玩小弟丶Peanise: 烂赛事 烂选手 烂解说 烂观众 烂场馆 总之就是烂完了  哦对了 还有一个烂主播
[2026-02-22 02:40:07] 米奥内: 决赛PV vs 蒙古 玩机器看着5000贵宾发呆
[2026-02-22 02:40:07] 鹿野風: 　　　 宫监手！准备放监！🏹🏹🏹🏹宫监手！准备放监！🏹🏹🏹🏹宫监
[2026-02-22 02:40:07] 伽蓝之堂的两仪式本人: 直播间7.3万人，4.4万贵宾，布罗利动态却只有680条评论，你们心不痛吗。。。
[2026-02-22 02:40:07] 我在浙江改稻为桑: Mezzi车主还是上个赛事的状态
[2026-02-22 02:40:07] C9的achine6658本人: 6658解说不赖😃
[2026-02-22 02:40:08] 12312312312dfsdfs: 看到玩÷这扭捏的B样，感谢斗鱼防登山机制，爽👍
[2026-02-22 02:40:08] 訤溓: 宫监手！准备放监！🏹🏹🏹宫监手！准备放监！🏹🏹🏹🏹宫监手！准备放监！🏹
[2026-02-22 02:40:08] 用户4496427612: 　　　 问：玩机器最恨谁：A.点子哥 B.呼吸 C.载物 D.不爆米的观众
[2026-02-22 02:40:08] MunChlax丶: 这个直播间还能夸载物的。。。nb👍
[2026-02-22 02:40:08] 滑滑梯: 宫监手！准备放监！🏹🏹🏹🏹宫监手！准备放监！🏹🏹🏹🏹宫监desuwa
[2026-02-22 02:40:08] jamesfaith23: 玩大哥，你做人真可以，当你的狗还有被开的风险
[2026-02-22 02:40:08] MeIoN39: 机器假装看不见弹幕鸵鸟的样子真的很霸气哎！
[2026-02-22 02:40:08] 木辛梓Tsz: 万箭齐发🏹万箭齐发🏹万箭齐发🏹万箭齐发🏹万箭齐发🏹万箭齐发🏹万箭齐发🏹
[2026-02-22 02:40:09] 余文乐丶张志明: 宫监手！准备放监！🏹🏹🏹🏹宫监手！准备放监！🏹🏹🏹🏹
[2026-02-22 02:40:09] cornkiner: 你下播吧, 像2025-02-07 23:49一样！
[2026-02-22 02:40:09] EolhcALeK: 牛逼，真有人一直看自己恨的人直播啊😅
[2026-02-22 02:40:10] 夕阳下的陌路人: 宫监手！准备放监！🏹🏹🏹🏹宫监手！准备放监！🏹🏹🏹🏹
[2026-02-22 02:40:10] 严谨的二哈: 宫监手！准备放监！🏹🏹🏹🏹宫监手！准备放监！🏹🏹🏹🏹
[2026-02-22 02:40:10] 天才亚当1号: 机器假装看不见弹幕鸵鸟的样子真的很霸气哎！
[2026-02-22 02:40:10] LvvsiN: 你为什么要把mαjor禁了，我收藏的一半弹幕全毁了
[2026-02-22 02:40:11] Crythic的羊宫妃那本人: 我建议20级以下的兄弟们先别串了，要不然你懂的
[2026-02-22 02:40:11] 单推折纸11年: 宫监手！准备放监！🏹🏹🏹🏹宫监手！准备放监！🏹🏹🏹🏹宫监
[2026-02-22 02:40:11] 石家庄的刘亦博本人: 还说啥呢，你都这样恨载物了，我攒了一周的荧光棒都给你呗
[2026-02-22 02:40:11] 张静怡271: 问：玩机器最恨谁：A.点子哥 B.呼吸 C.载物 D.不爆米的观众
[2026-02-22 02:40:12] 网友昊龙许: 宫监手！准备放监！🏹🏹🏹🏹宫监手！准备放监！🏹🏹🏹🏹宫监
[2026-02-22 02:40:12] 比比暗暗: 　　　 宫监手！准备放监！🏹🏹🏹🏹宫监手！准备放监！🏹🏹🏹🏹宫监
[2026-02-22 02:40:12] 满船儿: 弹幕没一个聊比赛的，我服了
[2026-02-22 02:40:12] LvvsiN: 弹幕也就网上说说，现实里谁不觉得樱姐是好女孩（删括号领一条远坂凛同款鸟笼）
[2026-02-22 02:40:13] 天诩sky: 宫监手！准备放监！🏹🏹🏹🏹宫监手！准备放监！🏹🏹🏹🏹宫监手！准备放监！
[2026-02-22 02:40:13] 帮玩机器打的: 宫监手！准备放监！🏹🏹🏹🏹宫监手！准备放监！🏹🏹🏹🏹宫监desuwa
[2026-02-22 02:40:13] zly2606401418: 牛逼，真有人一直看自己恨的人直播啊😅
[2026-02-22 02:40:13] 无7441158: 宫监手！准备放监！🏹🏹🏹🏹宫监手！准备放监！🏹🏹🏹🏹宫监
[2026-02-22 02:40:13] 玩猴爪丶MonkeyPaw: @ropz：这MC是不是出bug了，怎么给猪灵黄金他也不说话？
[2026-02-22 02:40:13] 虾饺丶丶丶: 。
[2026-02-22 02:40:13] 李小小与虾大大: 为什么布罗利完美只有7条留言，弹幕没有手吗😅
[2026-02-22 02:40:13] 小小的打一套吧: 牛逼，真有人一直看自己恨的人直播啊😅
[2026-02-22 02:40:14] 桐原直木: 宫监手！准备放监！🏹🏹🏹宫监手！准备放监！🏹🏹🏹🏹
[2026-02-22 02:40:14] 替换狗蛇的Magisk本人: 看到玩÷这扭捏的B样，感谢斗鱼防登山机制，爽👍
[2026-02-22 02:40:14] 最速传说发型监一郎: 宫监手！准备放监！🏹🏹🏹🏹宫监手！准备放监！🏹🏹🏹🏹
[2026-02-22 02:40:14] 宫原雪岳: 问：玩机器最恨谁：A.点子哥 B.呼吸 C.载物 D.不爆米的观众
[2026-02-22 02:40:14] 阿乐v515: 看到玩÷这扭捏的B样，感谢斗鱼防登山机制，爽👍
[2026-02-22 02:40:14] bznalier: 烂赛事 烂选手 烂解说 烂观众 烂场馆 总之就是烂完了  哦对了 还有一个烂主播
[2026-02-22 02:40:15] 詹跑跑还下跪: 机器假装看不见弹幕鸵鸟的样子真的很霸气哎！
[2026-02-22 02:40:15] 一寸灰Q: 问：玩机器最恨谁：A.点子哥 B.呼吸 C.载物 D.不爆米的观众
[2026-02-22 02:40:15] AG的青叶摩卡本人: 机器假装看不见弹幕鸵鸟的样子真的很霸气哎！
[2026-02-22 02:40:15] 舞小风: 宫监手！准备放监！🏹🏹🏹🏹宫监手！准备放监！🏹🏹🏹🏹宫监
[2026-02-22 02:40:15] 阿强呀阿强: 冷知识：玩大哥的房管考核就是一周内的50张喷载物截图
[2026-02-22 02:40:16] 达灵熊旗舰店: 宫监手！准备放监！🏹🏹🏹🏹宫监手！准备放监！🏹🏹🏹🏹
[2026-02-22 02:40:16] 好姐妹阿尔图图罗: 看到玩÷这扭捏的B样，感谢斗鱼防登山机制，爽👍
[2026-02-22 02:40:16] 萝伯丝比尔: 　　　 宫监手！准备放监！🏹🏹🏹🏹宫监手！准备放监！🏹🏹🏹🏹宫监
[2026-02-22 02:40:16] 时光划过泪痕桥: 宫监手！准备放监！🏹🏹🏹🏹宫监手！准备放监！🏹🏹🏹🏹
[2026-02-22 02:40:16] LvvsiN: 额，拿亚军我都会，拿亚军，拿季军，拿四强，拿八强，拿十六强，呃拿冠军我不会，然后小组赛淘汰
[2026-02-22 02:40:17] bLuEsTAr31: 宫监手！准备放监！🏹🏹🏹🏹宫监手！准备放监！🏹🏹🏹🏹宫监
[2026-02-22 02:40:17] 巨型鸡冠: 机器假装看不见弹幕鸵鸟的样子真的很霸气哎！
[2026-02-22 02:40:18] MSK枫: 从罗宾空枪开始，气氛就不对了。。。
[2026-02-22 02:40:18] 白环游: 机器假装看不见弹幕鸵鸟的样子真的很霸气哎！
[2026-02-22 02:40:18] 幼稚的虫圭: 看到玩÷这扭捏的B样，感谢斗鱼防登山机制，爽👍
[2026-02-22 02:40:18] 熊熊勇闯基物实验: 难怪没有爱载飞机，原来送爱载飞机的全被布罗利封了😅
[2026-02-22 02:40:19] LvvsiN: 弹幕也就网上说说，现实里谁不觉得樱姐是好女孩（删括号领一条远坂凛同款鸟笼）
[2026-02-22 02:40:19] Monoceros-: 玩机器：保持高压默认
[2026-02-22 02:40:19] 春风如齐: 哦牛批，原来只有数字梗玩到自己身上才会管啊。
[2026-02-22 02:40:19] 姓黄小名肥仔: 看到玩÷这扭捏的B样，感谢斗鱼防登山机制，爽👍
[2026-02-22 02:40:19] 达灵熊旗舰店: 宫监手！准备放监！🏹🏹🏹🏹宫监手！准备放监！🏹🏹🏹🏹
[2026-02-22 02:40:20] 超级瞄准己部薯:  @木辛梓Tsz：万箭齐发🏹万箭齐发🏹万箭齐发🏹万箭齐发🏹万箭齐发🏹万箭齐发🏹万箭齐发
[2026-02-22 02:40:20] 一情意一: 宫监手！准备放监！🏹🏹🏹🏹宫监手！准备放监！🏹🏹🏹🏹宫监
[2026-02-22 02:40:20] Ephemerality137: 宫监手！准备放监！🏹🏹🏹🏹宫监手！准备放监！🏹🏹🏹🏹宫监手！准备放监！
[2026-02-22 02:40:20] 你为什么推那小女孩: 666
[2026-02-22 02:40:20] MeIoN39: 看到玩÷这扭捏的B样，感谢斗鱼防登山机制，爽👍
[2026-02-22 02:40:20] 小白白狗: 宫监手！准备放监！🏹🏹🏹🏹宫监手！准备放监！🏹🏹🏹🏹宫监
[2026-02-22 02:40:20] 小怪兽8692: 宫监手！准备放监！🏹
[2026-02-22 02:40:20] drooo1: 还说啥呢，你都这样恨载物了，我攒了一周的荧光棒都给你呗
[2026-02-22 02:40:20] C9的achine6658本人: 6658解说不赖😃
[2026-02-22 02:40:20] gggaligeigei: 看到玩÷这扭捏的B样，感谢斗鱼防登山机制，爽👍
[2026-02-22 02:40:21] LvvsiN: 就tm喜欢银行业🥰银行坏账我喜欢🥰银行挤兑我还喜欢😍利率调低我也喜欢🤤老子亲烂银行业的脸😘
[2026-02-22 02:40:21] Gverense: @这里是小天啊：幸好当初比骂zywoo没骂过布罗利。。。
[2026-02-22 02:40:21] 玩玩今天吃什么: 看到玩÷这扭捏的B样，感谢斗鱼防登山机制，爽👍
[2026-02-22 02:40:21] 用户2100686284: 问：玩机器最恨谁：A.点子哥 B.呼吸 C.载物 D.不爆米的观众
[2026-02-22 02:40:21] 訤溓: 宫监手！准备放监！🏹🏹🏹
[2026-02-22 02:40:22] TwistcC21: 机器假装看不见弹幕鸵鸟的样子真的很霸气哎！
[2026-02-22 02:40:22] xxx2xxx:     宫监手！准备放监！🏹🏹🏹🏹宫监手！准备放监！🏹🏹🏹🏹宫监
[2026-02-22 02:40:22] 木林森969585: 宫监手！准备放监！🏹🏹🏹🏹宫监手！准备放监！🏹🏹🏹🏹宫监
[2026-02-22 02:40:22] 达灵熊旗舰店: 宫监手！准备放监！🏹🏹🏹🏹宫监手！准备放监！🏹🏹🏹🏹宫监
[2026-02-22 02:40:22] 用户19863404: 宫监手！准备放监！🏹🏹🏹🏹宫监手！准备放监！🏹🏹🏹🏹宫监
[2026-02-22 02:40:22] 求奶yh学业爱情两不顺: 要上调了😭
[2026-02-22 02:40:22] 牢大与直升机成功和解: 看到玩÷这扭捏的B样，感谢斗鱼防登山机制，爽👍
[2026-02-22 02:40:23] LvvsiN: 玩宝宝，我发现在大学上学的时候肄业会很舒服，你可以试试
[2026-02-22 02:40:23] 皮皮SNAKE: 机器假装看不见弹幕鸵鸟的样子真的很霸气哎！
[2026-02-22 02:40:23] Wellorganized: 宫监手！准备放监！🏹🏹🏹
[2026-02-22 02:40:23] Se7eNGodZ: 看到玩÷这扭捏的B样，感谢斗鱼防登山机制，爽👍
[2026-02-22 02:40:23] JuL1us: 看到玩÷这扭捏的B样，感谢斗鱼防登山机制，爽👍
[2026-02-22 02:40:23] 有你便是世界1: 问：玩机器最恨谁：A.点子哥 B.呼吸 C.载物 D.不爆米的观众
[2026-02-22 02:40:24] 77一定会是我的: 机器假装看不见弹幕鸵鸟的样子真的很霸气哎！
[2026-02-22 02:40:24] 冲上云霄的姨: 问：玩机器最恨谁：A.点子哥 B.呼吸 C.载物 D.不爆米的观众
[2026-02-22 02:40:24] 玩斯特机鸡: 宫监手！准备放监！🏹🏹🏹🏹宫监手！准备放监！🏹🏹🏹🏹宫监
[2026-02-22 02:40:24] 妮你孩还美脚灌菌: 宫监手！准备放监！🏹🏹🏹🏹宫监手！准备放监！🏹🏹🏹🏹宫监
[2026-02-22 02:40:24] 老人星的优秀素质本人: 奥斯汀
[2026-02-22 02:40:24] -半生瓜Z: 机器假装看不见弹幕鸵鸟的样子真的很霸气哎！
[2026-02-22 02:40:25] LvvsiN: 孩子们快跑，马修赫伯特来了😨卧槽你的怎么是马枪和BOT
[2026-02-22 02:40:25] RGsdfbf: 机器假装看不见弹幕鸵鸟的样子真的很霸气哎！
[2026-02-22 02:40:25] 好姐妹八幡海铃丶: 看到玩÷这扭捏的B样，感谢斗鱼防登山机制，爽👍
[2026-02-22 02:40:25] 拍拍小天使: 问：玩机器最恨谁：A.点子哥 B.呼吸 C.载物 D.不爆米的观众
[2026-02-22 02:40:25] 小白菜爱萝卜: 看到玩÷这扭捏的B样，感谢斗鱼防登山机制，爽👍
[2026-02-22 02:40:25] 太行山积雪: 看到玩÷这扭捏的B样，感谢斗鱼防登山机制，爽👍
[2026-02-22 02:40:25] 春花敲可爱的啦: 直播间7.3万人，4.4万贵宾，布罗利动态却只有680条评论，你们心不痛吗。。。
[2026-02-22 02:40:25] everch0sen: 问：玩机器最恨谁：A.点子哥 B.呼吸 C.载物 D.不爆米的观众
[2026-02-22 02:40:25] ThomasOldB: 宫监手！准备放监！🏹🏹🏹🏹宫监手！准备放监！🏹🏹🏹🏹宫监
[2026-02-22 02:40:26] 哈基鹅大王: 宫监手！准备放监！🏹🏹🏹🏹宫监手！准备放监！🏹🏹🏹🏹宫监
[2026-02-22 02:40:26] 訤溓: 宫监手！准备放监！🏹🏹🏹🏹宫监手！准备放监！🏹🏹🏹🏹
[2026-02-22 02:40:26] HaibaraAi1109: 机器假装看不见弹幕鸵鸟的样子真的很霸气哎！
[2026-02-22 02:40:26] 用户9542225444: 宫监手！准备放监！🏹🏹🏹🏹宫监手！准备放监！🏹🏹🏹🏹宫监
[2026-02-22 02:40:27] 青绿色的优越: 奥斯汀同款
[2026-02-22 02:40:27] 牢大与直升机成功和解: 看到玩÷这扭捏的B样，感谢斗鱼防登山机制，爽👍
[2026-02-22 02:40:27] GETLUCKY216: 6658解说不赖😃
[2026-02-22 02:40:27] 银樽海韵: 7-13，多少把败因
[2026-02-22 02:40:27] 鼠鼠蛇蛇major冠军: 宫监手！准备放监！🏹🏹🏹
[2026-02-22 02:40:27] 叛逆的源源李: 难怪没有爱载飞机，原来送爱载飞机的全被布罗利封了😅
[2026-02-22 02:40:27] 夏恋: 看到玩÷这扭捏的B样，感谢斗鱼防登山机制，爽👍
[2026-02-22 02:40:28] 乌鸦晒不黑: 看到玩÷这扭捏的B样，感谢斗鱼防登山机制，爽👍
[2026-02-22 02:40:28] 卢敏莉666: 问：玩机器最恨谁：A.点子哥 B.呼吸 C.载物 D.不爆米的观众
[2026-02-22 02:40:28] 库帕丶: 牛逼，真有人一直看自己恨的人直播啊😅
[2026-02-22 02:40:29] 橘子味儿小baby: 问：玩机器最恨谁：A.点子哥 B.呼吸 C.载物 D.不爆米的观众
[2026-02-22 02:40:29] 姓黄小名肥仔: 看到玩÷这扭捏的B样，感谢斗鱼防登山机制，爽👍
[2026-02-22 02:40:29] LvvsiN: 为什么房管封的不能给鱼丸……还以为今天晚上得吃了……
[2026-02-22 02:40:29] 玩猴爪丶MonkeyPaw: @ropz：这MC是不是出bug了，怎么给猪灵黄金他也不说话？
[2026-02-22 02:40:29] 玩小弟丶Peanise: 烂赛事 烂选手 烂解说 烂观众 烂场馆 总之就是烂完了  哦对了 还有一个烂主播
[2026-02-22 02:40:29] chordclef: 宫监手！准备放监！🏹🏹🏹🏹宫监手！准备放监！🏹🏹🏹🏹宫监
[2026-02-22 02:40:29] 好好的吧不错:     宫监手！准备放监！🏹🏹🏹🏹宫监手！准备放监！🏹🏹🏹🏹宫监
[2026-02-22 02:40:29] Vhgbi: 看到玩÷这扭捏的B样，感谢斗鱼防登山机制，爽👍
[2026-02-22 02:40:30] 好姐妹河北省花: 机器假装看不见弹幕鸵鸟的样子真的很霸气哎！
[2026-02-22 02:40:30] Abyss丶珈百璃: 机器假装看不见弹幕鸵鸟的样子真的很霸气哎！
[2026-02-22 02:40:30] 我只是天生要强啊: 公式化让1追2
[2026-02-22 02:40:31] 一滴HitoShizuku: 为什么布罗利完美只有7条留言，弹幕没有手吗😅
[2026-02-22 02:40:31] 修飞机的保安: 看到玩÷这扭捏的B样，感谢斗鱼防登山机制，爽👍
[2026-02-22 02:40:31] 一寸灰Q: 看到玩÷这扭捏的B样，感谢斗鱼防登山机制，爽👍
[2026-02-22 02:40:31] LvvsiN: @阿汤日记：一个人，5发子弹，保住格陵兰岛。我不会叫它不可能完成的任务，我现在只想先回家看亦博
[2026-02-22 02:40:31] 车路士的凯赛多本人: 难怪没有爱载飞机，原来送爱载飞机的全被布罗利封了😅
[2026-02-22 02:40:31] gggaligeigei: 看到玩÷这扭捏的B样，感谢斗鱼防登山机制，爽👍
[2026-02-22 02:40:31] 传统peek高手XANTARES: 慢
[2026-02-22 02:40:31] 玩玩玩玩的丸丸: 宫监手！准备放监！🏹🏹🏹🏹宫监手！准备放监！🏹🏹🏹🏹宫监
[2026-02-22 02:40:31] 强尼手银9527号: 宫监手！准备放监！🏹🏹🏹🏹宫监手！准备放监！🏹🏹🏹🏹宫监
[2026-02-22 02:40:32] xxx2xxx: 宫监手！准备放监！🏹🏹🏹🏹宫监手！准备放监！🏹🏹🏹🏹宫监
[2026-02-22 02:40:32] 太行山积雪: 难怪没有爱载飞机，原来送爱载飞机的全被布罗利封了😅
[2026-02-22 02:40:32] 想吃丰川祥子的狱卒: 看到玩÷这扭捏的B样，感谢斗鱼防登山机制，爽👍
[2026-02-22 02:40:32] 好哥们韩信: 装模作样解说你m呢😅装模作样解说你m呢😅装模作样解说你m呢😅装模作样解说你m呢😅
[2026-02-22 02:40:33] 用户00137810: @niko：谁是cs界最冰清玉洁的人？😁@玩机器：别别别
[2026-02-22 02:40:33] LvvsiN: 额，拿亚军我都会，拿亚军，拿季军，拿四强，拿八强，拿十六强，呃拿冠军我不会，然后小组赛淘汰
[2026-02-22 02:40:33] 我在英国的前妻: 机器假装看不见弹幕鸵鸟的样子真的很霸气哎！
[2026-02-22 02:40:33] 最爱的马卡龙: 难怪没有爱载飞机，原来送爱载飞机的全被布罗利封了😅
[2026-02-22 02:40:33] 莫情123: 宫监手！准备放监！🏹🏹🏹
[2026-02-22 02:40:33] MunChlax丶: 看到玩÷这扭捏的B样，感谢斗鱼防登山机制，爽👍
[2026-02-22 02:40:33] 切尔西的哈弗茨本人: 看到玩÷这扭捏的B样，感谢斗鱼防登山机制，爽👍
[2026-02-22 02:40:34] 舞小风: 宫监手！准备放监！🏹🏹🏹🏹宫监手！准备放监！🏹🏹🏹🏹
[2026-02-22 02:40:34] 抖s的小鱼人: 宫监手！准备放监！🏹🏹🏹🏹宫监手！准备放监！🏹🏹🏹🏹宫监
[2026-02-22 02:40:34] Oo杨霸霸oO: @Zyw0o：机器，王八蛋什么意思？
[2026-02-22 02:40:34] wristuuio: 难怪没有爱载飞机，原来送爱载飞机的全被布罗利封了😅
[2026-02-22 02:40:34] 阡陌ER: 看到玩÷这扭捏的B样，感谢斗鱼防登山机制，爽👍
[2026-02-22 02:40:35] Mortnotz: @李小小与虾大大：为什么布罗利完美只有7条留言，弹幕没有手吗😅 id呢
[2026-02-22 02:40:35] 渡边曜女士: 机器假装看不见弹幕鸵鸟的样子真的很霸气哎！
[2026-02-22 02:40:35] LvvsiN: 我让你开双倍你二龙吗？老子荧光棒要过期了
[2026-02-22 02:40:35] 安分小已的小青春: 看到玩÷这扭捏的B样，感谢斗鱼防登山机制，爽👍
[2026-02-22 02:40:35] 草莓冰酪: 为什么布罗利完美只有7条留言，弹幕没有手吗😅
[2026-02-22 02:40:36] Boykk1: 6658解说不赖😃
[2026-02-22 02:40:36] sab33r: 看到玩÷这扭捏的B样，感谢斗鱼防登山机制，爽👍
[2026-02-22 02:40:36] 科比劳大爱肘击: 看到玩÷这扭捏的B样，感谢斗鱼防登山机制，爽👍
[2026-02-22 02:40:36] 茂名水鬼: 大家把弹幕都换成绿色🙌用最高的对比度🙌输出最强的攻击😋
[2026-02-22 02:40:36] 八重森彌妮: 机器假装看不见弹幕鸵鸟的样子真的很霸气哎！
[2026-02-22 02:40:36] 夏空喵: 我看这弹幕纯恨玩还能一直看才是真神人啊
[2026-02-22 02:40:36] A队的佐佐木李子本人: 宫监手！准备放监！🏹🏹🏹🏹宫监手！准备放监！🏹🏹🏹🏹宫监
[2026-02-22 02:40:36] hxyvraf: 看到玩÷这扭捏的B样，感谢斗鱼防登山机制，爽👍
[2026-02-22 02:40:37] 澪伊吹: 宫监手！准备放监！🏹🏹🏹🏹宫监手！准备放监！🏹🏹🏹🏹宫监
[2026-02-22 02:40:37] LvvsiN: 我提一嘴这剧情越来越像上海major了
[2026-02-22 02:40:37] 陈千语6657: 玩大哥的房管考核就是一周内的50张喷载物截图
[2026-02-22 02:40:37] 白日斜处陌路花开: 我草，这直播间真的闹鬼了，弹幕聊的内容跟直播无关，主播念的弹幕我看不到，什么情况？？？
[2026-02-22 02:40:37] 羽丘美少女千早爱音: 看到玩÷这扭捏的B样，感谢斗鱼防登山机制，爽👍
[2026-02-22 02:40:37] 阵雨天o: 玩神 上半场是6比6还是5比7还是4比8啊
[2026-02-22 02:40:37] 幼稚的虫圭: 机器假装看不见弹幕鸵鸟的样子真的很霸气哎！
[2026-02-22 02:40:37] 小救星小杜DuD: 问：玩机器最恨谁：A.点子哥 B.呼吸 C.载物 D.不爆米的观众
[2026-02-22 02:40:37] 草莓冰酪: 机器假装看不见弹幕鸵鸟的样子真的很霸气哎！
[2026-02-22 02:40:38] 玩猴爪丶MonkeyPaw: 主播你看弹幕吗？我看弹幕都在骂你，你根本没有回应
[2026-02-22 02:40:38] 忍野忍小忍: 看到玩÷这扭捏的B样，感谢斗鱼防登山机制，爽👍
[2026-02-22 02:40:38] 空有无垠: 为什么布罗利完美只有7条留言，弹幕没有手吗😅
[2026-02-22 02:40:38] 咖喱派GLP: 宫监手！准备放监！🏹🏹🏹🏹宫监手！准备放监！🏹🏹🏹🏹宫监
[2026-02-22 02:40:38] ZiggyStardust0100: 尼尼孩孩粉丝有多权威呢,我只说碗橱只是说hooxi不行没说正主就要四十分钟道歉
[2026-02-22 02:40:38] 矢吹真吾: 烂赛事 烂选手 烂解说 烂观众 烂场馆 总之就是烂完了  哦对了 还有一个烂主播
[2026-02-22 02:40:39] LvvsiN: 玩宝宝，我发现在大学上学的时候肄业会很舒服，你可以试试
[2026-02-22 02:40:39] C9的achine6658本人: 6658解说不赖😃
[2026-02-22 02:40:39] 好姐妹德克萨斯: @device：儿子，贱 de是什么意思
[2026-02-22 02:40:39] 清风撩拨我心: 宫监手！准备放监！🏹🏹🏹🏹宫监手！准备放监！🏹🏹🏹🏹宫监
[2026-02-22 02:40:39] 尛訫碎TwT: 载物进攻拿ak比狙有用
[2026-02-22 02:40:40] 嘿嘿嘿1408: 宫监手！准备放监！🏹🏹🏹🏹宫监手！准备放监！🏹🏹🏹🏹宫监
[2026-02-22 02:40:40] 可怜的怕怕: 细
[2026-02-22 02:40:41] XCChieri: 看到玩÷这扭捏的B样，感谢斗鱼防登山机制，爽👍
[2026-02-22 02:40:41] 瑭珏: 看到玩÷这扭捏的B样，感谢斗鱼防登山机制，爽👍
[2026-02-22 02:40:41] LvvsiN: 玩 出，我双倍呢？😡😡玩 出，我双倍呢？😡😡玩 出，我双倍呢？😡😡玩 出，我双倍呢？😡
[2026-02-22 02:40:41] 好哥们韩信: 装模作样解说你m呢😅装模作样解说你m呢😅装模作样解说你m呢😅装模作样解说你m呢😅
[2026-02-22 02:40:41] Sereinily: 看到玩÷这扭捏的B样，感谢斗鱼防登山机制，爽👍
[2026-02-22 02:40:41] y666t666y666: 看到玩÷这扭捏的B样，感谢斗鱼防登山机制，爽👍
[2026-02-22 02:40:41] miku-: 看到玩÷这扭捏的B样，感谢斗鱼防登山机制，爽👍
[2026-02-22 02:40:41] TL的EliGE本人: 机器假装看不见弹幕鸵鸟的样子真的很霸气哎！
[2026-02-22 02:40:41] 好姐妹小草莓: 看到玩÷这扭捏的B样，感谢斗鱼防登山机制，爽👍
[2026-02-22 02:40:41] 用户00137810: @niko：谁是cs界最冰清玉洁的人？😁@玩机器：别别别
[2026-02-22 02:40:42] 迷你世界丁真学姐1: 难怪没有爱载飞机，原来送爱载飞机的全被布罗利封了😅
[2026-02-22 02:40:42] 汤汤魔魔mmmmmmmmajor冠军: 难怪没有爱载飞机，原来送爱载飞机的全被布罗利封了😅
[2026-02-22 02:40:42] 安分小已的小青春: @niko：谁是cs界最冰清玉洁的人？😁@玩机器：别别别
[2026-02-22 02:40:42] 神奥联盟的竹兰本人: 难怪没有爱载飞机，原来送爱载飞机的全被布罗利封了😅
[2026-02-22 02:40:42] 卡卡卡茨比杨: 想看nuke
[2026-02-22 02:40:42] 小救星小杜DuD: 看到玩÷这扭捏的B样，感谢斗鱼防登山机制，爽👍
[2026-02-22 02:40:42] 春风如齐: 哦牛批，原来只有数字梗玩到自己身上才会管啊，哦牛批还有这种主播啊。
[2026-02-22 02:40:43] 库帕丶: 我看这弹幕纯恨玩还能一直看才是真神人啊
[2026-02-22 02:40:43] cyk96: 难怪没有爱载飞机，原来送爱载飞机的全被布罗利封了😅
[2026-02-22 02:40:43] CV65Enterprise: @device：儿子，贱 de是什么意思
[2026-02-22 02:40:44] 玩猴爪丶MonkeyPaw: 主播你看弹幕吗？我看弹幕都在骂你，你根本没有回应
[2026-02-22 02:40:44] Crychiccc的若叶睦本人: 为什么直播间的水友要对一个小萝利抱有这么大的恶意？
[2026-02-22 02:40:44] AiLuoLi1413: 机器假装看不见弹幕鸵鸟的样子真的很霸气哎！
[2026-02-22 02:40:45] Jess2: 看到玩÷这扭捏的B样，感谢斗鱼防登山机制，爽👍
[2026-02-22 02:40:45] LvvsiN: 银行业😄银行业😀银行业😃银行业😁银行业😆银行业🤪银行业😝
[2026-02-22 02:40:45] device舔舐总监海绵体: 宫监手！准备放监！🏹🏹🏹🏹宫监手！准备放监！🏹🏹🏹🏹宫监
[2026-02-22 02:40:45] 樱岛麻衣daisuki: 装模作样解说你m呢😅装模作样解说你m呢😅装模作样解说你m呢😅装模作样解说你m呢😅
[2026-02-22 02:40:45] 汤汤魔魔mmmmmmmmajor冠军: 玩大哥的房管考核就是一周内的50张喷载物截图
[2026-02-22 02:40:45] 桐原直木: 看到玩÷这扭捏的B样，感谢斗鱼防登山机制，爽👍
[2026-02-22 02:40:46] i化石-: @device：儿子，贱 de是什么意思
[2026-02-22 02:40:46] 丰川祥子口三角初华: 看到玩÷这扭捏的B样，感谢斗鱼防登山机制，爽👍
[2026-02-22 02:40:46] MiunaShiodome: 僵尸
[2026-02-22 02:40:46] 亅键山雏: 看到玩÷这扭捏的B样，感谢斗鱼防登山机制，爽👍
[2026-02-22 02:40:47] LvvsiN: 为什么房管封的不能给鱼丸……还以为今天晚上得吃了……
[2026-02-22 02:40:47] 牢大与直升机成功和解: 看到玩÷这扭捏的B样，感谢斗鱼防登山机制，爽👍
[2026-02-22 02:40:47] 汤汤魔魔mmmmmmmmajor冠军: 机器假装看不见弹幕鸵鸟的样子真的很霸气哎！
[2026-02-22 02:40:48] 冬瓜不在家偷偷玩机器: 巨痛这雷
[2026-02-22 02:40:49] Sereinily: 宫监手！准备放监！🏹🏹🏹🏹宫监手！准备放监！🏹🏹🏹🏹宫监
[2026-02-22 02:40:49] LvvsiN: 弹幕别吵了，银行业一样一样有有有也会有h'y'hui't'y'r's'c'dn
[2026-02-22 02:40:49] 爱被小泉吃的拉面同学: 看到玩÷这扭捏的B样，感谢斗鱼防登山机制，爽👍
[2026-02-22 02:40:49] 玩积吧: @ropz：我还是世一自（7-13）
[2026-02-22 02:40:50] Box强音来袭: 　　　 难怪没有爱载飞机，原来送爱载飞机的全被布罗利封了😅
[2026-02-22 02:40:50] 范玉欣丨: 玩大哥最恨谁我不好说，但是一定最爱大米
[2026-02-22 02:40:50] 玩机器厦面鄙骰大: a出
[2026-02-22 02:40:50] 椎名立希本人: 主播你看弹幕吗？我看弹幕都在骂你，你根本没有回应
[2026-02-22 02:40:50] 汤汤魔魔mmmmmmmmajor冠军: 看到玩÷这扭捏的B样，感谢斗鱼防登山机制，爽👍
[2026-02-22 02:40:50] 好哥们士兵76: 宫监手！准备放监！🏹🏹🏹🏹宫监手！准备放监！🏹🏹🏹🏹宫监
[2026-02-22 02:40:51] 草莓冰酪: 看到玩÷这扭捏的B样，感谢斗鱼防登山机制，爽👍
[2026-02-22 02:40:51] 用户00137810: @niko：谁是cs界最冰清玉洁的人？😁@玩机器：别别别
[2026-02-22 02:40:51] 猜猜他是who: 吊人
[2026-02-22 02:40:51] LvvsiN: 弹幕别吵了，银行业一样一样有有有也会有h'y'hui't'y'r's'c'dn
[2026-02-22 02:40:52] 好哥们韩信: 装模作样解说你m呢😅装模作样解说你m呢😅装模作样解说你m呢😅装模作样解说你m呢😅
[2026-02-22 02:40:52] 玩机器厦面鄙骰大: a出a出a出a出a出a出
[2026-02-22 02:40:53] 虹学会天王寺璃奈本人: 6658解说不赖😃
[2026-02-22 02:40:53] xxx2xxx: 难怪没有爱载飞机，原来送爱载飞机的全被布罗利封了😅
[2026-02-22 02:40:53] LvvsiN: 为什么房管封的不能给鱼丸……还以为今天晚上得吃了……
[2026-02-22 02:40:53] 许血呐: 机器假装看不见弹幕鸵鸟的样子真的很霸气哎！
[2026-02-22 02:40:53] Kunwz: 冷知识，布罗利是faze粉丝，难怪对call走Ropz的载物这么恨
[2026-02-22 02:40:54] 用户30639588: 载物太坏了 niko都是等对面死了才刀
[2026-02-22 02:40:54] 汤汤魔魔mmmmmmmmajor冠军: 主播你看弹幕吗？我看弹幕都在骂你，你根本没有回应
[2026-02-22 02:40:54] 草莓冰酪: 看到玩÷这扭捏的B样，感谢斗鱼防登山机制，爽👍
[2026-02-22 02:40:55] 雀群: 机器假装看不见弹幕鸵鸟的样子真的很霸气哎！
[2026-02-22 02:40:55] LvvsiN: 为什么房管封的不能给鱼丸……还以为今天晚上得吃了……
[2026-02-22 02:40:58] 天暮霭: 看到玩÷这扭捏的B样，感谢斗鱼防登山机制，爽👍
[2026-02-22 02:40:58] User5092: 跳跳僵尸
[2026-02-22 02:40:58] 草莓冰酪: 看到玩÷这扭捏的B样，感谢斗鱼防登山机制，爽👍
[2026-02-22 02:40:58] bzhanshenshi: 弹幕别吵了，银行业一样一样有有有也会有h'y'hui't'y'r's'c'dn
[2026-02-22 02:40:58] ShanoaM: a➗
[2026-02-22 02:40:58] LvvsiN: 就tm喜欢银行业🥰银行坏账我喜欢🥰银行挤兑我还喜欢😍利率调低我也喜欢🤤老子亲烂银行业的脸😘
[2026-02-22 02:40:58] 阵雨天o: 玩神 上半场是6比6还是5比7还是4比8啊
[2026-02-22 02:40:58] 给你生个妹妹吧: 要上调了吗 我要发不了言了吗
[2026-02-22 02:40:58] 汤汤魔魔mmmmmmmmajor冠军: 玩大哥最恨谁我不好说，但是一定最爱大米
[2026-02-22 02:40:58] 疯狂的小松鼠QAQ: 不是死了的时候拿信息？
[2026-02-22 02:40:58] 日jb落: 可是玩大哥的睡裤也很臭啊🥺
[2026-02-22 02:40:58] 菅叶和: 机器假装看不见弹幕鸵鸟的样子真的很霸气哎！
[2026-02-22 02:40:58] afslsong: 宫监手！准备放监！🏹🏹🏹🏹宫监手！准备放监！🏹🏹🏹🏹宫监
[2026-02-22 02:40:58] NYU唯一铲车人: 主播你看弹幕吗？我看弹幕都在骂你，你根本没有回应
[2026-02-22 02:40:59] 草莓冰酪: 看到玩÷这扭捏的B样，感谢斗鱼防登山机制，爽👍
[2026-02-22 02:40:59] 克勞恩皮絲: 难怪没有爱载飞机，原来送爱载飞机的全被布罗利封了😅
[2026-02-22 02:40:59] LvvsiN: 你屏蔽词都快赶上新华词典了为什么不干脆开一百级发言？
[2026-02-22 02:40:59] 图帕雷松: 载物太坏了 niko都是等对面死了才刀
[2026-02-22 02:41:00] 汤汤魔魔mmmmmmmmajor冠军: 玩大哥最恨谁我不好说，但是一定最爱大米
[2026-02-22 02:41:00] A队不吃晃的小祥本人: @niko：谁是cs界最冰清玉洁的人？😁@玩机器：别别别
[2026-02-22 02:41:01] 呱了个咪的: 看到玩÷这扭捏的B样，感谢斗鱼防登山机制，爽👍
[2026-02-22 02:41:01] 拍拍小天使: 看到玩÷这扭捏的B样，感谢斗鱼防登山机制，爽👍
[2026-02-22 02:41:02] 石家庄的宠物男孩: 大伙好直接啊😲像我这种怕被封的只敢偷偷喷😔
[2026-02-22 02:41:02] 汤汤魔魔mmmmmmmmajor冠军: 为什么房管封的不能给鱼丸……还以为今天晚上得吃了……
[2026-02-22 02:41:03] 用户00137810: 看到玩÷这扭捏的B样，感谢斗鱼防登山机制，爽👍
[2026-02-22 02:41:03] LvvsiN: 就tm喜欢银行业🥰银行坏账我喜欢🥰银行挤兑我还喜欢😍利率调低我也喜欢🤤老子亲烂银行业的脸😘
[2026-02-22 02:41:04] 汤汤魔魔mmmmmmmmajor冠军: 不是死了的时候拿信息？
[2026-02-22 02:41:05] LvvsiN: 玩宝宝，我发现在大学上学的时候肄业会很舒服，你可以试试
[2026-02-22 02:41:05] Twistzzs: 弹幕别吵了，银行业一样一样有有有也会有h'y'hui't'y'r's'c'dn
[2026-02-22 02:41:05] 小夜r: 载物又系鞋带
[2026-02-22 02:41:06] 姓黄小名肥仔: 看到玩÷这扭捏的B样，感谢斗鱼防登山机制，爽👍
[2026-02-22 02:41:06] 草莓冰酪: 看到玩÷这扭捏的B样，感谢斗鱼防登山机制，爽👍
[2026-02-22 02:41:06] 猛吸千早爱音汁儿: 可是玩大哥的睡裤也很臭啊🥺
[2026-02-22 02:41:06] 汤汤魔魔mmmmmmmmajor冠军: 大伙好直接啊😲像我这种怕被封的只敢偷偷喷😔
[2026-02-22 02:41:07] Hitagi蟹蟹: 看到玩÷这扭捏的B样，感谢斗鱼防登山机制，爽👍
[2026-02-22 02:41:07] 这牙缝可以: 看到玩÷这扭捏的B样，感谢斗鱼防登山机制，爽👍
[2026-02-22 02:41:07] LvvsiN: 我提一嘴这剧情越来越像上海major了
[2026-02-22 02:41:08] Monoceros-: 猎鹰有一半玩机器高压默认的
[2026-02-22 02:41:08] 马修赫伯特本人: 载物太坏了 niko都是等对面死了才刀
[2026-02-22 02:41:08] 用户00137810: @niko：谁是cs界最冰清玉洁的人？😁@玩机器：别别别
[2026-02-22 02:41:08] 欧阳oyyo: 载物又在系鞋带
[2026-02-22 02:41:09] 北徐: 看到玩÷这扭捏的B样，感谢斗鱼防登山机制，爽👍
[2026-02-22 02:41:09] 好姐妹清道夫: 看到玩÷这扭捏的B样，感谢斗鱼防登山机制，爽👍
[2026-02-22 02:41:09] LvvsiN: 其实碗橱就是猪灵，你不拿黄金丢他他就不跟你说话
[2026-02-22 02:41:11] Art3miss: 看到玩÷这扭捏的B样，感谢斗鱼防登山机制，爽👍
[2026-02-22 02:41:11] 用户3661578: 看到玩÷这扭捏的B样，感谢斗鱼防登山机制，爽👍
[2026-02-22 02:41:11] LvvsiN: 为什么房管封的不能给鱼丸……还以为今天晚上得吃了……
[2026-02-22 02:41:12] 汤汤魔魔mmmmmmmmajor冠军: 可是玩大哥的睡裤也很臭啊🥺
[2026-02-22 02:41:12] 芜湖小能手: 看到玩÷这扭捏的B样，感谢斗鱼防登山机制，爽👍
[2026-02-22 02:41:12] 青山锁欲锁不住你: 看到玩÷这扭捏的B样，感谢斗鱼防登山机制，爽👍
[2026-02-22 02:41:12] 用户7965707956: 看到玩÷这扭捏的B样，感谢斗鱼防登山机制，爽👍
[2026-02-22 02:41:12] 玩猴爪丶MonkeyPaw: @ropz：这MC是不是出bug了，怎么给猪灵黄金他也不说话？
[2026-02-22 02:41:12] xOcOg: @布罗利Broli：感觉今年monesy要TOP1了🤦‍
[2026-02-22 02:41:13] 玩血狼丶Bloodywolf: 蝴蝶
[2026-02-22 02:41:13] Rico阿渊: 666
[2026-02-22 02:41:13] 桃乃木香奈本人: 好多鱼丸在飘。。。
[2026-02-22 02:41:13] 河北雨姐: 看到玩÷这扭捏的B样，感谢斗鱼防登山机制，爽👍
[2026-02-22 02:41:14] M1LONG: 看到玩÷这扭捏的B样，感谢斗鱼防登山机制，爽👍
[2026-02-22 02:41:14] 传统peek高手XANTARES: 看到玩÷这扭捏的B样，感谢斗鱼防登山机制，爽👍
[2026-02-22 02:41:14] 撒浪嘿呦0v0: 看到玩÷这扭捏的B样，感谢斗鱼防登山机制，爽👍
[2026-02-22 02:41:15] Vitality的羽贺文乃本人: 弹幕别吵了，银行业一样一样有有有也会有h'y'hui't'y'r's'c'dn
[2026-02-22 02:41:15] ymyyo: 看到玩÷这扭捏的B样，感谢斗鱼防登山机制，爽👍
[2026-02-22 02:41:15] 秋Fc: 看到玩÷这扭捏的B样，感谢斗鱼防登山机制，爽👍
[2026-02-22 02:41:15] LvvsiN: 为什么房管封的不能给鱼丸……还以为今天晚上得吃了……
[2026-02-22 02:41:16] 行云C1oud: 只有载物会系鞋带
[2026-02-22 02:41:16] 有家室的猪: 系鞋带吗
[2026-02-22 02:41:16] 用户0553661491: 看到玩÷这扭捏的B样，感谢斗鱼防登山机制，爽👍
[2026-02-22 02:41:16] 詹跑跑还下跪: 你谁也不爱，只爱米罢了
[2026-02-22 02:41:17] 大稽基: 看到玩÷这扭捏的B样，感谢斗鱼防登山机制，爽👍
[2026-02-22 02:41:17] 要一起好好努力: 看到玩÷这扭捏的B样，感谢斗鱼防登山机制，爽👍
[2026-02-22 02:41:17] LvvsiN: 玩宝宝，我发现在大学上学的时候肄业会很舒服，你可以试试
[2026-02-22 02:41:18] 海绵宝宝永琳儿: 看到玩÷这扭捏的B样，感谢斗鱼防登山机制，爽👍
[2026-02-22 02:41:18] 纪川6657: 看到玩÷这扭捏的B样，感谢斗鱼防登山机制，爽👍
[2026-02-22 02:41:18] 小夜啃过的馒头: 看到玩÷这扭捏的B样，感谢斗鱼防登山机制，爽👍
[2026-02-22 02:41:18] 用户5059772722: 大伙好直接啊😲像我这种怕被封的只敢偷偷喷😔
[2026-02-22 02:41:19] STRAIKS: 大伙好直接啊😲像我这种怕被封的只敢偷偷喷😔
[2026-02-22 02:41:19] 宇治的QQ: 看到玩÷这扭捏的B样，感谢斗鱼防登山机制，爽👍
[2026-02-22 02:41:19] 八重森彌妮: 　　　 看到玩÷这扭捏的B样，感谢斗鱼防登山机制，爽👍
[2026-02-22 02:41:19] 夯昆23333: 看到玩÷这扭捏的B样，感谢斗鱼防登山机制，爽👍
[2026-02-22 02:41:19] Dias610: 银行业一样一样有有有也会有h'y'hui't'y'r's'c'dn
[2026-02-22 02:41:19] HostageKIA: 看到玩÷这扭捏的B样，感谢斗鱼防登山机制，爽👍
[2026-02-22 02:41:19] LvvsiN: 我提一嘴这剧情越来越像上海major了
[2026-02-22 02:41:20] 用户00137810: @niko：谁是cs界最冰清玉洁的人？😁@玩机器：别别别
[2026-02-22 02:41:21] 落叶悠哉落: 主播你怎么在夸蜜蜂啊，我看这里的房管都很恨蜜蜂啊
[2026-02-22 02:41:21] 你最珍贵: 看到玩÷这扭捏的B样，感谢斗鱼防登山机制，爽👍
[2026-02-22 02:41:21] FaZe的伊地知虹夏本人: 看到玩÷这扭捏的B样，感谢斗鱼防登山机制，爽👍
[2026-02-22 02:41:21] 渡边曜女士: 看到玩÷这扭捏的B样，感谢斗鱼防登山机制，爽👍
[2026-02-22 02:41:21] 炫迈冰暴口香糖: 玩÷解说越来越用力了，弹幕加大力度
[2026-02-22 02:41:21] LvvsiN: 弹幕也就网上说说，现实里谁不觉得樱姐是好女孩（删括号领一条远坂凛同款鸟笼）
[2026-02-22 02:41:22] 丸山彩Machine: 看到玩÷这扭捏的B样，感谢斗鱼防登山机制，爽👍
[2026-02-22 02:41:22] 电子厂表演艺术家: 看到玩÷这扭捏的B样，感谢斗鱼防登山机制，爽👍
[2026-02-22 02:41:23] FFREE3: 看到玩÷这扭捏的B样，感谢斗鱼防登山机制，爽👍
[2026-02-22 02:41:23] suicho: 　　　 看到玩÷这扭捏的B样，感谢斗鱼防登山机制，爽👍
[2026-02-22 02:41:23] LvvsiN: 弹幕也就网上说说，现实里谁不觉得樱姐是好女孩（删括号领一条远坂凛同款鸟笼）
[2026-02-22 02:41:24] 椎名真白ii丶: 看到玩÷这扭捏的B样，感谢斗鱼防登山机制，爽👍
[2026-02-22 02:41:24] CV65Enterprise: 看到玩÷这扭捏的B样，感谢斗鱼防登山机制，爽👍
[2026-02-22 02:41:25] 空虚白Alter: 看到玩÷这扭捏的B样，感谢斗鱼防登山机制，爽👍
[2026-02-22 02:41:25] 好姐妹天野远子: 看到玩÷这扭捏的B样，感谢斗鱼防登山机制，爽👍
[2026-02-22 02:41:25] LvvsiN: 孩子们快跑，马修赫伯特来了😨卧槽你的怎么是马枪和BOT
[2026-02-22 02:41:26] 硫磺祥: 寒腿
[2026-02-22 02:41:27] F0restwOw-: 死 点
[2026-02-22 02:41:27] 载大哥的狗: @布罗利：玩大哥，你做人真可以，当你的狗还有被开的风险
[2026-02-22 02:41:27] 泠鸢不是冷鸢丶: 看到玩÷这扭捏的B样，感谢斗鱼防登山机制，爽👍
[2026-02-22 02:41:27] Captain秃: 看到玩÷这扭捏的B样，感谢斗鱼防登山机制，爽👍
[2026-02-22 02:41:27] Aetheranus: @ropz：这MC是不是出bug了，怎么给猪灵黄金他也不说话？
[2026-02-22 02:41:27] WPwpS: 蒙古不考虑保枪吗
[2026-02-22 02:41:27] LvvsiN: 南孚一节更比六节强，也就是一节南孚比六节南孚强，六节南孚比三十六节强，三十六节比二百一十六节强
[2026-02-22 02:41:29] 吉吉的Niko本人: 冷知识：布罗利被弗利萨当着面把爹载了
[2026-02-22 02:41:29] LvvsiN: 你屏蔽词都快赶上新华词典了为什么不干脆开一百级发言？
[2026-02-22 02:41:30] Ggmftye: 软脚了
[2026-02-22 02:41:30] 玩血狼丶Bloodywolf: ？
[2026-02-22 02:41:30] Abyss丶珈百璃: 看到玩÷这扭捏的B样，感谢斗鱼防登山机制，爽👍
[2026-02-22 02:41:31] LvvsiN: 银行业😄银行业😀银行业😃银行业😁银行业😆银行业🤪银行业😝
[2026-02-22 02:41:32] yuuuuua7: 握草 好想加一😨但是会不会被封号啊😫
[2026-02-22 02:41:34] LvvsiN: 你屏蔽词都快赶上新华词典了为什么不干脆开一百级发言？
[2026-02-22 02:41:36] LvvsiN: 玩宝宝，我发现在大学上学的时候肄业会很舒服，你可以试试
[2026-02-22 02:41:36] 用户00137810: @ropz：这MC是不是出bug了，怎么给猪灵黄金他也不说话？
[2026-02-22 02:41:37] 草莓冰酪: 看到玩÷这扭捏的B样，感谢斗鱼防登山机制，爽👍
[2026-02-22 02:41:38] LvvsiN: 为什么房管封的不能给鱼丸……还以为今天晚上得吃了……
[2026-02-22 02:41:38] 鹌鹑必成战神: 看到玩÷这扭捏的B样，感谢斗鱼防登山机制，爽👍
[2026-02-22 02:41:39] 吉吉的Niko本人: 冷知识：布罗利被弗利萨当着面把爹载了
[2026-02-22 02:41:40] 爆爆爆开爆: 看到玩÷这扭捏的B样，感谢斗鱼防登山机制，爽👍
[2026-02-22 02:41:40] LvvsiN: 你为什么要把mαjor禁了，我收藏的一半弹幕全毁了
[2026-02-22 02:41:40] 玩猴爪丶MonkeyPaw: @ropz：这MC是不是出bug了，怎么给猪灵黄金他也不说话？
[2026-02-22 02:41:40] Monoceros-: 猎鹰有一半玩机器高压默认的耐力早捧杯了
[2026-02-22 02:41:40] 无刺有刺的安和昴本人: 你屏蔽词都快赶上新华词典了为什么不干脆开一百级发言？
[2026-02-22 02:41:40] 传统peek高手XANTARES: 尿裤
[2026-02-22 02:41:40] 好姐妹妮可: @神秘园：要是那些失踪的人也能当上斗鱼主播就好了。。。
[2026-02-22 02:41:41] 剑崎梨梨花: 这4k
[2026-02-22 02:41:41] Crythic的羊宫妃那本人: @ropz：这MC是不是出bug了，怎么给猪灵黄金他也不说话？
[2026-02-22 02:41:41] M1yauchiReng3: 软脚了
[2026-02-22 02:41:41] User5092: 阴暗
[2026-02-22 02:41:41] FaZe的喜多川海梦本人: 僵尸
[2026-02-22 02:41:42] 另一个世界7: 握草 好想加一😨但是会不会被封号啊😫
[2026-02-22 02:41:42] LvvsiN: 弹幕也就网上说说，现实里谁不觉得樱姐是好女孩（删括号领一条远坂凛同款鸟笼）
[2026-02-22 02:41:42] 神奥联盟的竹兰本人: 看到玩÷这扭捏的B样，感谢斗鱼防登山机制，爽👍
[2026-02-22 02:41:42] 夕ro: @ropz：这MC是不是出bug了，怎么给猪灵黄金他也不说话？
[2026-02-22 02:41:42] 星海羽弦: 责任
[2026-02-22 02:41:42] 宛宛宛宛了个如: 寒腿
[2026-02-22 02:41:42] 马修赫伯特本人: 握草 好想加一😨但是会不会被封号啊😫
[2026-02-22 02:41:42] 玩machine没机拔: 握草 好想加一😨但是会不会被封号啊😫
[2026-02-22 02:41:42] 明月夜无涯: 看到玩÷这扭捏的B样，感谢斗鱼防登山机制，爽👍
[2026-02-22 02:41:42] insod: 玩宝宝，我发现在大学上学的时候肄业会很舒服，你可以试试
[2026-02-22 02:41:43] 宫监手放监: 阳光
[2026-02-22 02:41:43] mruka: 对3
[2026-02-22 02:41:43] 小救星小杜DuD: 你屏蔽词都快赶上新华词典了为什么不干脆开一百级发言？
[2026-02-22 02:41:43] triangle233: @ropz：这MC是不是出bug了，怎么给猪灵黄金他也不说话？
[2026-02-22 02:41:43] MeIoN39: 为什么房管封的不能给鱼丸……还以为今天晚上得吃了……
[2026-02-22 02:41:43] a1024: 责任
[2026-02-22 02:41:43] 古堡12枪战神: cadian来V了
[2026-02-22 02:41:43] 用户02938034: 9ee
[2026-02-22 02:41:43] 茂名水鬼: 大家把弹幕都换成绿色🙌用最高的对比度🙌输出最强的攻击😋
[2026-02-22 02:41:44] TheMongolZ的上单本人: @好哥們愛潑斯坦：为什么直播间的水友要对一个小萝利抱有这么大的恶意？
[2026-02-22 02:41:44] 潇洒大概: 车主！
[2026-02-22 02:41:44] wedd1ddeJodd: @ropz：这MC是不是出bug了，怎么给猪灵黄金他也不说话？
[2026-02-22 02:41:44] LvvsiN: 为什么房管封的不能给鱼丸……还以为今天晚上得吃了……
[2026-02-22 02:41:44] 八重森彌妮: 　　　 看到玩÷这扭捏的B样，感谢斗鱼防登山机制，爽👍
[2026-02-22 02:41:44] CV65Enterprise: @ropz：这MC是不是出bug了，怎么给猪灵黄金他也不说话？
[2026-02-22 02:41:44] 太行山积雪: 看到玩÷这扭捏的B样，感谢斗鱼防登山机制，爽👍
[2026-02-22 02:41:44] 烤冷面枪男jks: 。
[2026-02-22 02:41:44] 拉菲Lauffin: 责任
[2026-02-22 02:41:44] A队的佐佐木李子本人: @ropz：这MC是不是出bug了，怎么给猪灵黄金他也不说话？
[2026-02-22 02:41:45] 訤溓:  @神秘园：要是那些失踪的人也能当上斗鱼主播就好了。。。
[2026-02-22 02:41:45] Duftbrine: 看到玩÷这扭捏的B样，感谢斗鱼防登山机制，爽👍
[2026-02-22 02:41:45] 玩指挥丶NiKo: @ropz：这MC是不是出bug了，怎么给猪灵黄金他也不说话？
[2026-02-22 02:41:45] gggaligeigei: 看到玩÷这扭捏的B样，感谢斗鱼防登山机制，爽👍
[2026-02-22 02:41:45] 机长家的华仔: 看到玩÷这扭捏的B样，感谢斗鱼防登山机制，爽👍
[2026-02-22 02:41:45] 小蜜蜂的长期素食本人: @ropz：这MC是不是出bug了，怎么给猪灵黄金他也不说话？
[2026-02-22 02:41:45] racula: @ropz：这MC是不是出bug了，怎么给猪灵黄金他也不说话？
[2026-02-22 02:41:46] 白鵉鳶OriGami: 看到玩÷这扭捏的B样，感谢斗鱼防登山机制，爽👍
[2026-02-22 02:41:46] simalayi: 4k迷路了
[2026-02-22 02:41:46] 玩蛇鼠丶stabbi: cadian来把匪跳狙了
[2026-02-22 02:41:46] Bob小熊君: 车主做个人就能赢
[2026-02-22 02:41:46] 静寂风: 早干嘛去了
[2026-02-22 02:41:47] 诚实的身体: 你这个可太强了 也太刻意了
[2026-02-22 02:41:47] 小怪兽8692: 握草 好想加一😨但是会不会被封号啊😫
[2026-02-22 02:41:47] 浮华9527: 包点转圈
[2026-02-22 02:41:47] HapCam: 看到玩÷这扭捏的B样，感谢斗鱼防登山机制，爽👍
[2026-02-22 02:41:47] 冲上云霄的姨: @ropz：这MC是不是出bug了，怎么给猪灵黄金他也不说话？
[2026-02-22 02:41:47] lskyra: 点子来狙到了
[2026-02-22 02:41:47] Sereinily: 机器假装看不见弹幕鸵鸟的样子真的很霸气哎！
[2026-02-22 02:41:48] 高松灯扣死千早爱音: 看到玩÷这扭捏的B样，感谢斗鱼防登山机制，爽👍
[2026-02-22 02:41:48] 专看玩机器的号: 责任
[2026-02-22 02:41:48] 冷言i丶: 看到玩÷这扭捏的B样，感谢斗鱼防登山机制，爽👍
[2026-02-22 02:41:48] 春花敲可爱的啦: 冷知识：布罗利被弗利萨当着面把爹载了
[2026-02-22 02:41:48] 迪奥雷: 一看id真害怕啊
[2026-02-22 02:41:49] Cloud9的咬人猫本人: 看到玩÷这扭捏的B样，感谢斗鱼防登山机制，爽👍
[2026-02-22 02:41:49] 大哥心里慌: 为什么房管封的不能给鱼丸……还以为今天晚上得吃了……
[2026-02-22 02:41:49] 花化话华h: 看到玩÷这扭捏的B样，感谢斗鱼防登山机制，爽👍
[2026-02-22 02:41:49] 潇洒大概: 责任
[2026-02-22 02:41:49] niivcyk: 　　　 看到玩÷这扭捏的B样，感谢斗鱼防登山机制，爽👍
[2026-02-22 02:41:49] -Ausar-: 点子来狙了
[2026-02-22 02:41:49] 明月照星河:  @神秘园：要是那些失踪的人也能当上斗鱼主播就好了。。。
[2026-02-22 02:41:49] Bob小熊君: 早干嘛去了
[2026-02-22 02:41:49] 线魚: 握草 好想加一😨但是会不会被封号啊😫
[2026-02-22 02:41:50] 黎那汐塔top2尤诺: 责任
[2026-02-22 02:41:50] LvvsiN: 为什么房管封的不能给鱼丸……还以为今天晚上得吃了……
[2026-02-22 02:41:50] GLxx17: @ropz：这MC是不是出bug了，怎么给猪灵黄金他也不说话？
[2026-02-22 02:41:50] 訤溓: 冷知识：布罗利被弗利萨当着面把爹载了
[2026-02-22 02:41:50] AL丶龙炎风: @ropz：这MC是不是出bug了，怎么给猪灵黄金他也不说话？
[2026-02-22 02:41:51] MeIoN39: 看到玩÷这扭捏的B样，感谢斗鱼防登山机制，爽👍
[2026-02-22 02:41:51] xuzVan: 早干嘛去了
[2026-02-22 02:41:51] KevinTheFool: 看到玩÷这扭捏的B样，感谢斗鱼防登山机制，爽👍
[2026-02-22 02:41:51] 极夜之辰: @ropz：这MC是不是出bug了，怎么给猪灵黄金他也不说话？
[2026-02-22 02:41:51] ZLG彪winner: 看到玩÷这扭捏的B样，感谢斗鱼防登山机制，爽👍
[2026-02-22 02:41:51] 用户2262650671: 看到玩÷这扭捏的B样，感谢斗鱼防登山机制，爽👍
[2026-02-22 02:41:51] 把酒问月I: 看到玩÷这扭捏的B样，感谢斗鱼防登山机制，爽👍
[2026-02-22 02:41:51] 我没P眼123: 握草 好想加一😨但是会不会被封号啊😫
[2026-02-22 02:41:52] 小救星小杜DuD: 握草 好想加一😨但是会不会被封号啊😫
[2026-02-22 02:41:52] 1号群的语录哥: 早干嘛去了
[2026-02-22 02:41:52] 石家庄的宠物男孩: 握草 好想加一😨但是会不会被封号啊😫
[2026-02-22 02:41:52] WE丶繁梦: 点子来狙到了
[2026-02-22 02:41:52] 没钱的雕民: 　　　 看到玩÷这扭捏的B样，感谢斗鱼防登山机制，爽👍 
[2026-02-22 02:41:52] 古怪的一个人: 早干嘛去了
[2026-02-22 02:41:53] 粤夜封封哥岑验川老岑: 握草 好想加一😨但是会不会被封号啊😫
[2026-02-22 02:41:53] 吉吉的Niko本人: 冷知识：布罗利被弗利萨当着面把爹载了
[2026-02-22 02:41:54] 牛易勃的父亲牛浓: 看到玩÷这扭捏的B样，感谢斗鱼防登山机制，爽👍
[2026-02-22 02:41:54] LvvsiN: 玩 出，我双倍呢？😡😡玩 出，我双倍呢？😡😡玩 出，我双倍呢？😡😡玩 出，我双倍呢？😡
[2026-02-22 02:41:54] 秋Fc: cadian来把匪跳狙了
[2026-02-22 02:41:54] 替换狗蛇的Magisk本人: @ropz：这MC是不是出bug了，怎么给猪灵黄金他也不说话？
[2026-02-22 02:41:54] VERYGD7: 　　　 为什么房管封的不能给鱼丸……还以为今天晚上得吃了……
[2026-02-22 02:41:54] 不改名真的不中奖呀Cc: 冷知识：布罗利被弗利萨当着面把爹载了
[2026-02-22 02:41:54] 神马米洛: @ropz：这MC是不是出bug了，怎么给猪灵黄金他也不说话？
[2026-02-22 02:41:54] ZZzong: 握草 好想加一😨但是会不会被封号啊😫
[2026-02-22 02:41:55] 天守阁信长: 猎鹰有一半玩机器高压默认的耐力早捧杯了
[2026-02-22 02:41:55] 参隼: 握草 好想加一😨但是会不会被封号啊😫
[2026-02-22 02:41:55] 木空空空空空: 点子来狙了
[2026-02-22 02:41:55] kedadra: 　　　 看到玩÷这扭捏的B样，感谢斗鱼防登山机制，爽👍
[2026-02-22 02:41:55] 玩猴爪丶MonkeyPaw: @ropz：这MC是不是出bug了，怎么给猪灵黄金他也不说话？
[2026-02-22 02:41:55] 鸭硕的哈撒给: 握草 好想加一😨但是会不会被封号啊😫
[2026-02-22 02:41:56] Ggmftye: 踩上去就赢了啊
[2026-02-22 02:41:56] 玩弓箭、Arrow: @ropz：这MC是不是出bug了，怎么给猪灵黄金他也不说话？
[2026-02-22 02:41:56] 用户65052344: 看到玩÷这扭捏的B样，感谢斗鱼防登山机制，爽👍
[2026-02-22 02:41:56] Mortnotz: @ropz：这MC是不是出bug了，怎么给猪灵黄金他也不说话？
[2026-02-22 02:41:56] 我最喜欢玩机器: cobra可惜了
[2026-02-22 02:41:56] 蜗牛蜗牛你快快走: 看到玩÷这扭捏的B样，感谢斗鱼防登山机制，爽👍
[2026-02-22 02:41:57] 我只是个npc12138: 这波我来 我真踩上去了
[2026-02-22 02:41:57] 全清只搞一波了: 握草 好想加一😨但是会不会被封号啊😫
[2026-02-22 02:41:57] HisuiHearts: 握草 好想加一😨但是会不会被封号啊😫
[2026-02-22 02:41:57] 压缩vs蛮晚: @神秘园：要是那些失踪的人也能当上斗鱼主播就好了。。。
[2026-02-22 02:41:57] 梅林老公: 车主做个人就能赢
[2026-02-22 02:41:57] Adrian林讲: 点子来狙了
[2026-02-22 02:41:57] 阿瓦伊莉雅: 弹幕继续叫吧 到时候玩大哥把发言等级调到一百
[2026-02-22 02:41:57] q2W丶: 哟 主播这目不转睛单口相声不赖
[2026-02-22 02:41:57] ZLG彪winner: 读弹幕玩÷！读弹幕玩÷！读弹幕玩÷！读弹幕玩÷！读弹幕玩÷！读弹幕玩÷！
[2026-02-22 02:41:58] 七色的人偶使者: @ropz：这MC是不是出bug了，怎么给猪灵黄金他也不说话？
[2026-02-22 02:41:58] IF的灰爱音本人: 握草 好想加一😨但是会不会被封号啊😫
[2026-02-22 02:41:58] 空有无垠: 握草 好想加一😨但是会不会被封号啊😫
[2026-02-22 02:41:58] 蛋蛋可以进去吗: 看到玩÷这扭捏的B样，感谢斗鱼防登山机制，爽👍
[2026-02-22 02:41:58] 传统peek高手XANTARES: @ropz：这MC是不是出bug了，怎么给猪灵黄金他也不说话？
[2026-02-22 02:41:58] Ecifircas: 握草 好想加一😨但是会不会被封号啊😫
[2026-02-22 02:41:59] simple的前男友: 看到玩÷这扭捏的B样，感谢斗鱼防登山机制，爽👍
[2026-02-22 02:41:59] 载大哥的狗: 冷知识：布罗利被弗利萨当着面把爹载了
[2026-02-22 02:41:59] 暴力卓司: 冷知识：布罗利被弗利萨当着面把爹载了
[2026-02-22 02:41:59] 剑崎梨梨花: @ropz：这MC是不是出bug了，怎么给猪灵黄金他也不说话？
[2026-02-22 02:41:59] 杺毓: 看到玩÷这扭捏的B样，感谢斗鱼防登山机制，爽👍
[2026-02-22 02:41:59] NicolaiReedtz666: cadian来把匪跳狙了
[2026-02-22 02:41:59] 常闻帝子灵: 握草 好想加一😨但是会不会被封号啊😫
[2026-02-22 02:42:00] 切尔西的哈弗茨本人: 握草 好想加一😨但是会不会被封号啊😫
[2026-02-22 02:42:00] 付先生fj: 握草 好想加一😨但是会不会被封号啊😫
[2026-02-22 02:42:00] 老人星的优秀素质本人: 握草 好想加一😨但是会不会被封号啊😫
[2026-02-22 02:42:00] 牛頭玛面: 点子来狙了
[2026-02-22 02:42:00] 维布罗斯: 握草 好想加一😨但是会不会被封号啊😫
[2026-02-22 02:42:00] 爱马修更爱玩宝宝: 看到玩÷这扭捏的B样，感谢斗鱼防登山机制，爽👍
[2026-02-22 02:42:00] 用户25456139: 早干嘛去了
[2026-02-22 02:42:00] 老师的一号男仆: 看到玩÷这扭捏的B样，感谢斗鱼防登山机制，爽👍
[2026-02-22 02:42:01] Canlynn鹙: 看到玩÷这扭捏的B样，感谢斗鱼防登山机制，爽👍
[2026-02-22 02:42:01] 蜗牛蜗牛你快快走: 看到玩÷这扭捏的B样，感谢斗鱼防登山机制，爽👍
[2026-02-22 02:42:01] 牢大与直升机成功和解: 看到玩÷这扭捏的B样，感谢斗鱼防登山机制，爽👍
[2026-02-22 02:42:01] 好的好的阖家: 冷知识：布罗利被弗利萨当着面把爹载了
[2026-02-22 02:42:01] 黔首Authur: 弹幕继续叫吧 到时候玩大哥把发言等级调到一百
[2026-02-22 02:42:01] 爱玩守望的浩浩: 握草 好想加一😨但是会不会被封号啊😫
[2026-02-22 02:42:01] 河北医大四院Zywoo本人: 握草 好想加一😨但是会不会被封号啊😫
[2026-02-22 02:42:01] Peko-: @秋Fc：cadian来把匪跳狙了
[2026-02-22 02:42:01] 串串金枪鱼: 冷知识：布罗利被弗利萨当着面把爹载了
[2026-02-22 02:42:02] 我的我的sorry:  @诚实的身体：你这个可太强了 也太刻意了
[2026-02-22 02:42:02] 用户9542225444: 很喜欢这个直播间，主播和弹幕各聊各的，大家都有自己要做的事
[2026-02-22 02:42:02] 橘子味儿小baby: 冷知识：布罗利被弗利萨当着面把爹载了
[2026-02-22 02:42:02] 訤溓: 这MC是不是出bug了，怎么给猪灵黄金他也不说话？
[2026-02-22 02:42:02] 甘织玲奈子本人: 看到玩÷这扭捏的B样，感谢斗鱼防登山机制，爽👍
[2026-02-22 02:42:02] 海绵宝宝打野儿: 握草 好想加一😨但是会不会被封号啊😫
[2026-02-22 02:42:03] 应感激忠心的伴侣: 握草 好想加一😨但是会不会被封号啊😫
[2026-02-22 02:42:03] 蜗牛蜗牛你快快走: 看到玩÷这扭捏的B样，感谢斗鱼防登山机制，爽👍
[2026-02-22 02:42:03] Ch1Sa-: 早干什么了
[2026-02-22 02:42:03] 图帕雷松: 冷知识：布罗利被弗利萨当着面把爹载了
[2026-02-22 02:42:03] 四維虫子: 看到玩÷这扭捏的B样，感谢斗鱼防登山机制，爽👍
[2026-02-22 02:42:03] TheMongolZ的上单本人: 布罗利被弗利萨当着面把爹载了
[2026-02-22 02:42:03] LaifuoO来福oO: 握草 好想加一😨但是会不会被封号啊😫
[2026-02-22 02:42:04] 希德Cyder: 可是宗主也很厉害啊🥺
[2026-02-22 02:42:04] 玩猴爪丶MonkeyPaw: @ropz：这MC是不是出bug了，怎么给猪灵黄金他也不说话？
[2026-02-22 02:42:04] 新手请多关照井5883: 吃力
[2026-02-22 02:42:04] 落叶悠哉落: 握草 好想加一😨但是会不会被封号啊😫
[2026-02-22 02:42:04] 春风如齐: 😭😭玩大哥求求你不要再恨载大哥了，，，我们，我，们冰冰会按时交荧光棒的。
[2026-02-22 02:42:04] 夏恋: 握草 好想加一😨但是会不会被封号啊😫
[2026-02-22 02:42:04] 一血五牌神将: 4k捡烟了
[2026-02-22 02:42:05] Vitaliy的ZywOo本人: 哇袄~🐒哇袄~🐒哇袄~🐒哇袄~🐒哇袄~🐒哇袄~🐒哇袄~🐒哇
[2026-02-22 02:42:05] 狸仙人420: 握草 好想加一😨但是会不会被封号啊😫
[2026-02-22 02:42:05] 北宇治拳王久石奏: 点子来甩到了
[2026-02-22 02:42:05] 綾夏Ayana: 冷知识：布罗利被弗利萨当着面把爹载了
[2026-02-22 02:42:07] 母猪晓: 看到玩÷这扭捏的B样，感谢斗鱼防登山机制，爽👍
[2026-02-22 02:42:07] TC异天藤: 握草 好想加一😨但是会不会被封号啊😫
[2026-02-22 02:42:07] Herryhhh: 看到玩÷这扭捏的B样，感谢斗鱼防登山机制，爽👍
[2026-02-22 02:42:07] 千叶spilx: cadian来把匪跳狙了
[2026-02-22 02:42:07] 星海羽弦: 握草 好想加一😨但是会不会被封号啊😫
[2026-02-22 02:42:07] 碳酸的汽水: 握草 好想加一😨但是会不会被封号啊😫
[2026-02-22 02:42:07] TL的EliGE本人: 看到玩÷这扭捏的B样，感谢斗鱼防登山机制，爽👍
[2026-02-22 02:42:07] SDSF004: 关键时刻腿软
[2026-02-22 02:42:07] Mortnotz: 握草 好想加一😨但是会不会被封号啊😫
[2026-02-22 02:42:07] xOcOg: 如果碰到那种玩数字梗，谐音梗直接攻击我家人，或者水友家人的，麻烦各位帮我封一下吧，365，谢谢大家了
[2026-02-22 02:42:07] bLuEsTAr31: @ropz：这MC是不是出bug了，怎么给猪灵黄金他也不说话？
[2026-02-22 02:42:09] HaibaraAi1109: 弹幕继续叫吧 到时候玩大哥把发言等级调到一百
[2026-02-22 02:42:09] 墨本海人: @ropz：这MC是不是出bug了，怎么给猪灵黄金他也不说话？
[2026-02-22 02:42:09] 人中黄阿西乐: 握草 好想加一😨但是会不会被封号啊😫
[2026-02-22 02:42:09] 蛋肠粉: 看到玩÷这扭捏的B样，感谢斗鱼防登山机制，爽👍
[2026-02-22 02:42:09] 放飞梦想12353: 握草 好想加一😨但是会不会被封号啊😫
[2026-02-22 02:42:09] 春风如齐: 😭😭玩大哥求求你不要再恨载大哥了，，，我们，我，们冰冰会按时交荧光棒的
[2026-02-22 02:42:09] xuzVan: 冷知识：布罗利被弗利萨当着面把爹载了
[2026-02-22 02:42:09] LvvsiN: 孩子们快跑，马修赫伯特来了😨卧槽你的怎么是马枪和BOT
[2026-02-22 02:42:09] 琉璃一世转身白: 握草 好想加一😨但是会不会被封号啊😫
[2026-02-22 02:42:09] 云之君992: 握草 好想加一😨但是会不会被封号啊😫
[2026-02-22 02:42:09] 鸭硕的哈撒给: 冷知识：布罗利被弗利萨当着面把爹载了
[2026-02-22 02:42:09] mikeycu: 握草 好想加一😨但是会不会被封号啊😫
[2026-02-22 02:42:10] aaaa博林: 握草 好想加一😨但是会不会被封号啊😫
[2026-02-22 02:42:10] 旋律的主人丰川祥子: 看到玩÷这扭捏的B样，感谢斗鱼防登山机制，爽👍
[2026-02-22 02:42:10] 小悠的海梓: @訤溓：冷知识：布罗利被弗利萨当着面把爹载了
[2026-02-22 02:42:10] 用户9921747043: 冷知识：布罗利被弗利萨当着面把爹载了
[2026-02-22 02:42:10] 小救星小杜DuD: 冷知识：布罗利被弗利萨当着面把爹载了
[2026-02-22 02:42:10] 哈哈刘伯温: 握草 好想加一😨但是会不会被封号啊😫
[2026-02-22 02:42:10] 幼稚的虫圭: 握草 好想加一😨但是会不会被封号啊😫
[2026-02-22 02:42:10] AiLuoLi1413: 握草 好想加一😨但是会不会被封号啊😫
[2026-02-22 02:42:10] 石家庄的宠物男孩: 握草 好想加一😨但是会不会被封号啊😫
[2026-02-22 02:42:10] 芜虎与雅虎: 点子来龙抬头了
[2026-02-22 02:42:10] LvvsiN: 我让你开双倍你二龙吗？老子荧光棒要过期了
[2026-02-22 02:42:12] EolhcALeK: 握草 好想加一😨但是会不会被封号啊😫
[2026-02-22 02:42:12] 园哥哥hara: 1
[2026-02-22 02:42:12] 海绵宝宝打野儿: 握草 好想加一😨但是会不会被封号啊😫
[2026-02-22 02:42:12] 就是你家小男生: 握草 好想加一😨但是会不会被封号啊😫
[2026-02-22 02:42:12] 春风如齐: 😭😭玩大哥求求你不要再恨载大哥了，，，我们，我，们冰冰会按时交荧光棒的。
[2026-02-22 02:42:12] 单推折纸11年: 看到玩÷这扭捏的B样，感谢斗鱼防登山机制，爽👍
[2026-02-22 02:42:13] 替换狗蛇的Magisk本人: 握草 好想加一😨但是会不会被封号啊😫
[2026-02-22 02:42:13] T0PK1NG: 以后🔬🗿和🚬🗿要区分一下，一个似的多一个似的早
[2026-02-22 02:42:13] 柚子厨0721: 握草 好想加一😨但是会不会被封号啊😫
[2026-02-22 02:42:13] 玉兔捣药57575: 冷知识：布罗利被弗利萨当着面把爹载了
[2026-02-22 02:42:13] 古怪的一个人: 冷知识：布罗利被弗利萨当着面把爹载了
[2026-02-22 02:42:13] Ephemerality137: 握草 好想加一😨但是会不会被封号啊😫
[2026-02-22 02:42:13] LvvsiN: @阿汤日记：一个人，5发子弹，保住格陵兰岛。我不会叫它不可能完成的任务，我现在只想先回家看亦博
[2026-02-22 02:42:13] 乌鸦晒不黑: 握草 好想加一😨但是会不会被封号啊😫
[2026-02-22 02:42:13] 烟然已去: 握草 好想加一😨但是会不会被封号啊😫
[2026-02-22 02:42:13] 君眉目亦如画: @ropz：这MC是不是出bug了，怎么给猪灵黄金他也不说话？
[2026-02-22 02:42:13] 暗月舞魂殇: 握草 好想加一😨但是会不会被封号啊😫
[2026-02-22 02:42:13] 不改名真的不中奖呀Cc: 握草 好想加一😨但是会不会被封号啊😫
[2026-02-22 02:42:13] gawinnn: 看到玩÷这扭捏的B样，感谢斗鱼防登山机制，爽👍
[2026-02-22 02:42:13] 小蜜蜂的长期素食本人: 这把也是
[2026-02-22 02:42:13] 玩蛇鼠丶stabbi: 握草 好想加一😨但是会不会被封号啊😫
[2026-02-22 02:42:13] 这不国: 冷知识：布罗利被弗利萨当着面把爹载了
[2026-02-22 02:42:13] 石家庄电信基站: 握草 好想加一😨但是会不会被封号啊😫
[2026-02-22 02:42:15] 河北医大四院Zywoo本人: 握草 好想加一😨但是会不会被封号啊😫
[2026-02-22 02:42:15] 刊我秀你一脸: 冷知识：布罗利被弗利萨当着面把爹载了
[2026-02-22 02:42:15] aphasia失语: 握草 好想加一😨但是会不会被封号啊😫
[2026-02-22 02:42:15] LvvsiN: 你屏蔽词都快赶上新华词典了为什么不干脆开一百级发言？
[2026-02-22 02:42:15] DOLLARS游马崎沃克本人: 握草 好想加一😨但是会不会被封号啊😫
[2026-02-22 02:42:15] 茂名水鬼: 看到玩÷这扭捏的B样，感谢斗鱼防登山机制，爽👍
[2026-02-22 02:42:15] gggaligeigei: 原来数字梗只有玩到自己头上才管啊
[2026-02-22 02:42:15] AG的青叶摩卡本人: 😭😭玩大哥求求你不要再恨载大哥了，，，我们，我，们冰冰会按时交荧光棒的。
[2026-02-22 02:42:15] 新津粥劫伦: 握草 好想加一😨但是会不会被封号啊😫
[2026-02-22 02:42:15] yuuik27: 冷知识：布罗利被弗利萨当着面把爹载了
[2026-02-22 02:42:16] 有你便是世界1: 点子来龙抬头了
[2026-02-22 02:42:16] 猎鹰王朝从今天开始: cadian来把匪跳狙了
[2026-02-22 02:42:16] 木末暮鸦: 握草 好想加一😨但是会不会被封号啊😫
[2026-02-22 02:42:16] Jie杰杰杰杰杰杰杰: 握草 好想加一😨但是会不会被封号啊😫
[2026-02-22 02:42:16] S1natra: 冷知识：布罗利被弗利萨当着面把爹载了
[2026-02-22 02:42:16] 神奥联盟的竹兰本人: 冷知识：布罗利被弗利萨当着面把爹载了
[2026-02-22 02:42:16] 言羽zzz: 玩机器登山后决心变成一个好主播，结果不但主播还是一拖，解说反而也烂了😁
[2026-02-22 02:42:17] 桃酱今天白给了吗: 握草 好想加一😨但是会不会被封号啊😫
[2026-02-22 02:42:17] 诚实的身体: 布罗利：气气气气气气
[2026-02-22 02:42:17] 北宇治拳王久石奏: 握草 好想加一😨但是会不会被封号啊😫
[2026-02-22 02:42:17] 王佰柒柒: 握草 好想加一😨但是会不会被封号啊😫
[2026-02-22 02:42:17] MeIoN39: 冷知识：布罗利被弗利萨当着面把爹载了
[2026-02-22 02:42:17] 罗湖古天樂: 如果碰到那种玩数字梗，谐音梗直接攻击我家人，或者水友家人的，麻烦各位帮我封一下吧，365，谢谢大家了
[2026-02-22 02:42:18] Odike: 太喜欢这种氛围了 主播根本没想播 弹幕根本不看主播 各聊各的这一块
[2026-02-22 02:42:18] 吉吉的Niko本人: 冷知识：布罗利被弗利萨当着面把爹载了
[2026-02-22 02:42:18] 爱淡茶未凉: 握草 好想加一😨但是会不会被封号啊😫
[2026-02-22 02:42:18] 高松的灯ll: 握草 好想加一😨但是会不会被封号啊😫
[2026-02-22 02:42:18] 澤渡雫: 　　　 看到玩÷这扭捏的B样，感谢斗鱼防登山机制，爽👍
[2026-02-22 02:42:19] Mortnotz: 冷知识：布罗利被弗利萨当着面把爹载了
[2026-02-22 02:42:19] YuzuharaYuka: 😭😭玩大哥求求你不要再恨载大哥了，，，我们，我，们冰冰会按时交荧光棒的。
[2026-02-22 02:42:19] 玩猴爪丶MonkeyPaw: @ropz：这MC是不是出bug了，怎么给猪灵黄金他也不说话？
[2026-02-22 02:42:19] 爱被小泉吃的拉面同学: 冷知识：布罗利被弗利萨当着面把爹载了
[2026-02-22 02:42:19] 甘织玲奈子本人: 握草 好想加一😨但是会不会被封号啊😫
[2026-02-22 02:42:19] 剑崎梨梨花: 冷知识：布罗利被弗利萨当着面把爹载了
[2026-02-22 02:42:19] 四凉闻花: 看到玩÷这扭捏的B样，感谢斗鱼防登山机制，爽👍
[2026-02-22 02:42:19] 用户3853464680: 握草 好想加一😨但是会不会被封号啊😫
[2026-02-22 02:42:19] Se7eNGodZ: 冷知识：布罗利被弗利萨当着面把爹载了
[2026-02-22 02:42:20] 石家庄的宠物男孩: 握草 好想加一😨但是会不会被封号啊😫
[2026-02-22 02:42:20] 方芮欣: vini
[2026-02-22 02:42:20] 没有名字的人172: 握草 好想加一😨但是会不会被封号啊😫
[2026-02-22 02:42:20] 用户3661578: 冷知识：最先攻击选手家人的是玩小将，攻击设备儿子快10年了
[2026-02-22 02:42:20] 用户0542434116: 握草 好想加一😨但是会不会被封号啊😫
[2026-02-22 02:42:20] 結城明日奈本人:  @ropz：这MC是不是出bug了，怎么给猪灵黄金他也不说话？
[2026-02-22 02:42:20] 这里是小天啊: 握草 好想加一😨但是会不会被封号啊😫
[2026-02-22 02:42:24] 茂名水鬼: 握草 好想加一😨但是会不会被封号啊😫
[2026-02-22 02:42:24] 昌岗陈坤: 布罗利你家墙皮都开裂了还给玩大哥刷呀
[2026-02-22 02:42:24] H2O的小日向早美本人: 握草 好想加一😨但是会不会被封号啊😫
[2026-02-22 02:42:24] 杺毓: 握草 好想加一😨但是会不会被封号啊😫
[2026-02-22 02:42:24] 天暮霭: 冷知识：布罗利被弗利萨当着面把爹载了
[2026-02-22 02:42:24] 摆63189: 握草 好想加一😨但是会不会被封号啊😫
[2026-02-22 02:42:24] LvvsiN: 你屏蔽词都快赶上新华词典了为什么不干脆开一百级发言？
[2026-02-22 02:42:24] 吊主播最爱owo: 握草 好想加一😨但是会不会被封号啊😫
[2026-02-22 02:42:24] 纪川6657: 握草 好想加一😨但是会不会被封号啊😫
[2026-02-22 02:42:24] 载大哥的狗: 还真有人一直夸自己恨的人啊，nb
[2026-02-22 02:42:24] NiK0major123: 握草 好想加一😨但是会不会被封号啊😫
[2026-02-22 02:42:24] 后悔信她屎是甜的: 握草 好想加一😨但是会不会被封号啊😫
[2026-02-22 02:42:24] 别问我是谁10086: 握草 好想加一😨但是会不会被封号啊😫
[2026-02-22 02:42:24] LvvsiN: 我提一嘴这剧情越来越像上海major了
[2026-02-22 02:42:26] 宫监手放监: 冷知识：布罗利被弗利萨当着面把爹载了
[2026-02-22 02:42:26] 100T的Magisk本人: 握草 好想加一😨但是会不会被封号啊😫
[2026-02-22 02:42:26] Hitagi蟹蟹: 原来数字梗只有玩到自己头上才管啊
[2026-02-22 02:42:26] KAZUSA149: 看到玩÷这扭捏的B样，感谢斗鱼防登山机制，爽👍
[2026-02-22 02:42:26] LvvsiN: 为什么房管封的不能给鱼丸……还以为今天晚上得吃了……
[2026-02-22 02:42:29] 许血呐: 冷知识：布罗利被弗利萨当着面把爹载了
[2026-02-22 02:42:29] RocketTheRaccoon: 握草 好想加一😨但是会不会被封号啊😫
[2026-02-22 02:42:30] 我肥任我肥: 冷知识：布罗利被弗利萨当着面把爹载了
[2026-02-22 02:42:30] LvvsiN: @阿汤日记：一个人，5发子弹，保住格陵兰岛。我不会叫它不可能完成的任务，我现在只想先回家看亦博
[2026-02-22 02:42:30] 凌晨的梦很美: 我爱上了这种氛围，主播根本没想播、弹幕根本不看主播、各自聊各自的事。
[2026-02-22 02:42:30] i化石-: 握草 好想加一😨但是会不会被封号啊😫
[2026-02-22 02:42:30] 丰川祥子口三角初华: 原来数字梗只有玩到自己头上才管啊
[2026-02-22 02:42:30] 硫磺祥: 别输啊蜜蜂 你输了我没钱了😩😩😩😩😩😩😩😩
[2026-02-22 02:42:30] 范玉欣丨: 伟伟我知道你在直播间，看到玩大哥强行认真解说的样子你笑没笑吧
[2026-02-22 02:42:31] LvvsiN: 你为什么要把mαjor禁了，我收藏的一半弹幕全毁了
[2026-02-22 02:42:31] bb051: @senzu：绝望的放羊
[2026-02-22 02:42:31] 小白菜爱萝卜: 你不加一和永久封号有什么区别@TC异天藤：握草 好想加一😨但是会不会被封号啊😫
[2026-02-22 02:42:32] 桐原直木:  @这里是小天啊：握草 好想加一😨但是会不会被封号啊😫
[2026-02-22 02:42:32] 岭上雾冷: 其实你在解说的时候心里想的是把蜜蜂换成猎鹰有多好对吧
[2026-02-22 02:42:32] 玩机器之霸: 握草 好想加一😨但是会不会被封号啊😫
[2026-02-22 02:42:32] LvvsiN: 玩宝宝，我发现在大学上学的时候肄业会很舒服，你可以试试
[2026-02-22 02:42:32] 假盆栽: 握草 好想加一😨但是会不会被封号啊😫
[2026-02-22 02:42:33] Q1ed7f9c85b3bc7571: 握草 好想加一😨但是会不会被封号啊😫
[2026-02-22 02:42:34] 长期素食的老公本人: 握草 好想加一😨但是会不会被封号啊😫
[2026-02-22 02:42:34] LvvsiN: 南孚一节更比六节强，也就是一节南孚比六节南孚强，六节南孚比三十六节强，三十六节比二百一十六节强
[2026-02-22 02:42:35] fmljz: 新senzu？
[2026-02-22 02:42:36] 正经猪头肉: 新森祖
[2026-02-22 02:42:36] tosaytosay:  @许血呐：冷知识：布罗利被弗利萨当着面把爹载了
[2026-02-22 02:42:36] y666t666y666: 原来数字梗只有玩到自己头上才管啊
[2026-02-22 02:42:36] 古堡12枪战神: 小将
[2026-02-22 02:42:36] 好哥们士兵76: 太喜欢这种氛围了 主播根本没想播 弹幕根本不看主播 各聊各的这一块
[2026-02-22 02:42:36] 悟道茶y: senzu？
[2026-02-22 02:42:36] 岭上雾冷: 其实你在解说的时候心里想的是把蜜蜂换成猎鹰有多好对吧
[2026-02-22 02:42:37] 木林森969585: 我爱上了这种氛围，主播根本没想播、弹幕根本不看主播、各自聊各自的事。
[2026-02-22 02:42:37] 玩猴爪丶MonkeyPaw: @ropz：这MC是不是出bug了，怎么给猪灵黄金他也不说话？
[2026-02-22 02:42:37] 玩学生丶BlueArchive: 原来数字梗只有玩到自己头上才管啊
[2026-02-22 02:42:37] RocketTheRaccoon: 冷知识：最先攻击选手家人的是玩小将，攻击设备儿子快10年了
[2026-02-22 02:42:37] 木空空空空空: @senzu：绝望的放羊
[2026-02-22 02:42:38] 麦当劳树枝: 新senzu吗
[2026-02-22 02:42:38] LvvsiN: @阿汤日记：一个人，5发子弹，保住格陵兰岛。我不会叫它不可能完成的任务，我现在只想先回家看亦博
[2026-02-22 02:42:39] 茂名水鬼: 大家把弹幕都换成绿色🙌用最高的对比度🙌输出最强的攻击😋
[2026-02-22 02:42:39] ShanoaM: 新森祖
[2026-02-22 02:42:39] eda778: 超级眼镜蛇
[2026-02-22 02:42:39] Vitality的羽贺文乃本人: 玩宝宝，我发现在大学上学的时候肄业会很舒服，你可以试试
[2026-02-22 02:42:39] 清风浮过丶: 伟伟我知道你在直播间，看到玩大哥强行认真解说的样子你笑没笑吧
[2026-02-22 02:42:39] 图帕雷松: 握草 好想加一😨但是会不会被封号啊😫
[2026-02-22 02:42:39] 隔壁的小洛: 握草 好想加一😨但是会不会被封号啊😫
[2026-02-22 02:42:40] 玩机器厦面鄙骰大: a出
[2026-02-22 02:42:40] 达灵熊旗舰店: 握草 好想加一😨但是会不会被封号啊😫
[2026-02-22 02:42:40] AfKCola: 哈哈哈哈
[2026-02-22 02:42:40] 压缩vs蛮晚: 伟伟我知道你在直播间，看到玩大哥强行认真解说的样子你笑没笑吧
[2026-02-22 02:42:40] 用户30639588: 握草 好想加一😨但是会不会被封号啊😫
[2026-02-22 02:42:40] Crythic的羊宫妃那本人: 握草 好想加一😨但是会不会被封号啊😫
[2026-02-22 02:42:40] jamesfaith23:  @这里是小天啊：握草 好想加一😨但是会不会被封号啊😫
[2026-02-22 02:42:40] 新津粥劫伦: 原来数字梗只有玩到自己头上才管啊
[2026-02-22 02:42:40] xjdnshxjdka: 太喜欢这种氛围了 主播根本没想播 弹幕根本不看主播 各聊各的这一块
[2026-02-22 02:42:40] LvvsiN: 孩子们快跑，马修赫伯特来了😨卧槽你的怎么是马枪和BOT
[2026-02-22 02:42:40] 名为射的男人: @senzu：绝望的放羊
[2026-02-22 02:42:40] G2的device本人: senzu是一个位置
[2026-02-22 02:42:41] ymyyo: 握草 好想加一😨但是会不会被封号啊😫
[2026-02-22 02:42:41] 春风如齐: 😭😭玩大哥求求你不要再恨载大哥了，，，我们，我，们冰冰会按时交荧光棒的。
[2026-02-22 02:42:41] 夏恋: 玩宝宝，我发现在大学上学的时候肄业会很舒服，你可以试试
[2026-02-22 02:42:42] 岭上雾冷: 其实你在解说的时候心里想的是把蜜蜂换成猎鹰有多好对吧
[2026-02-22 02:42:42] 吉吉的Niko本人: 冷知识：布罗利被弗利萨当着面把爹载了
[2026-02-22 02:42:42] 好姐妹清道夫:  @这里是小天啊：握草 好想加一😨但是会不会被封号啊😫
[2026-02-22 02:42:42] 杀鱼宝宝028:  @许血呐：冷知识：布罗利被弗利萨当着面把爹载了
[2026-02-22 02:42:42] Oreapo的黑白头本人: 握草 好想加一😨但是会不会被封号啊😫
[2026-02-22 02:42:42] LvvsiN: 为什么房管封的不能给鱼丸……还以为今天晚上得吃了……
[2026-02-22 02:42:43] 传统peek高手XANTARES: 我爱上了这种氛围，主播根本没想播、弹幕根本不看主播、各自聊各自的事。
[2026-02-22 02:42:43] 错哥我们监了: 新senzu吗
[2026-02-22 02:42:43] 智力亡: 大家把弹幕都换成绿色🙌用最高的对比度🙌输出最强的攻击😋
[2026-02-22 02:42:43] 洞主我想看吃鸡: 哦，对了！
[2026-02-22 02:42:43] 另一个世界7: 原来数字梗只有玩到自己头上才管啊
[2026-02-22 02:42:43] tssJane: ?
[2026-02-22 02:42:43] 仲夏677: 太喜欢这种氛围了 主播根本没想播 弹幕根本不看主播 各聊各的这一块
[2026-02-22 02:42:44] 今晚炸撤硕: 玩机器这么被弹幕压力都不爆弹，要是猎鹰也有这样的纪律就好了
[2026-02-22 02:42:44] 椎名真白ii丶: 其实你在解说的时候心里想的是把蜜蜂换成猎鹰有多好对吧
[2026-02-22 02:42:44] triangle233: 伟伟我知道你在直播间，看到玩大哥强行认真解说的样子你笑没笑吧
[2026-02-22 02:42:45] 皓宇是个帅比: 握草 好想加一😨但是会不会被封号啊😫
[2026-02-22 02:42:45] 大帅060515: 新森祖
[2026-02-22 02:42:45] 草莓冰酪: 看到玩÷这扭捏的B样，感谢斗鱼防登山机制，爽👍
[2026-02-22 02:42:45] TwistcC21: 原来数字梗只有玩到自己头上才管啊
[2026-02-22 02:42:45] 玩学生丶BlueArchive: 玩宝宝，我发现在大学上学的时候肄业会很舒服，你可以试试
[2026-02-22 02:42:45] 碳酸的汽水: 新森组吗？
[2026-02-22 02:42:45] 玩机器厦面鄙骰大: a出a出a出a出a出a出a出
[2026-02-22 02:42:45] KujoJolyne: ？
[2026-02-22 02:42:46] MyGo的tomorin本人: senzu是个位置
[2026-02-22 02:42:46] 哈蒙德的吱吱吱: 握草 好想加一😨但是会不会被封号啊😫
[2026-02-22 02:42:46] 爱被小泉吃的拉面同学: 其实你在解说的时候心里想的是把蜜蜂换成猎鹰有多好对吧
[2026-02-22 02:42:46] 偷哦嘘鞭贷拔: 伟伟我知道你在直播间，看到玩大哥强行认真解说的样子你笑没笑吧
[2026-02-22 02:42:46] X1anYuuuuu: ？
[2026-02-22 02:42:47] LvvsiN: 孩子们快跑，马修赫伯特来了😨卧槽你的怎么是马枪和BOT
[2026-02-22 02:42:47] 图帕雷松: @cs2欧皇集团：是的布罗利你就得这样🤣黑蛋马上就要起飞了😎跟着欧皇吃肉喝汤😤
[2026-02-22 02:42:47] 草莓冰酪: 看到玩÷这扭捏的B样，感谢斗鱼防登山机制，爽👍
[2026-02-22 02:42:47] 潇洒大概: 新森祖吗
[2026-02-22 02:42:47] 古堡12枪战神: @senzu：不看了，没意思
[2026-02-22 02:42:47] 毛驴肖汉: ？
[2026-02-22 02:42:47] 泠鸢不是冷鸢丶: 原来数字梗只有玩到自己头上才管啊
[2026-02-22 02:42:47] G2的device本人: 谁在笑
[2026-02-22 02:42:47] NepLin木: 握草 好想加一😨但是会不会被封号啊😫
[2026-02-22 02:42:47] ahhhhhhhhhhhhhhhhhhh: 谁在笑
[2026-02-22 02:42:47] 龍仔ww: @这里是小天啊：握草 好想加一😨但是会不会被封号啊😫
[2026-02-22 02:42:47] 岭上雾冷: 其实你在解说的时候心里想的是把蜜蜂换成猎鹰有多好对吧
[2026-02-22 02:42:48] 玩学生丶BlueArchive: @这里是小天啊：握草 好想加一😨但是会不会被封号啊😫
[2026-02-22 02:42:48] xOcOg: 如果碰到那种玩数字梗，谐音梗直接攻击我家人，或者水友家人的，麻烦各位帮我封一下吧，365，谢谢大家了
[2026-02-22 02:42:48] 小狗吱吱: 伟伟我知道你在直播间，看到玩大哥强行认真解说的样子你笑没笑吧
[2026-02-22 02:42:48] 土俗火焰: ？
[2026-02-22 02:42:48] 玩帝皇丶Teio: 嘘🤫，好像要登山了…嘘🤫好像要登山了…
[2026-02-22 02:42:49] 渡边曜女士:  @这里是小天啊：握草 好想加一😨但是会不会被封号啊😫
[2026-02-22 02:42:49] 余生从此寄沧海: ？
[2026-02-22 02:42:49] 海绵宝宝打野儿: @ropz：这MC是不是出bug了，怎么给猪灵黄金他也不说话？
[2026-02-22 02:42:49] 一滴HitoShizuku:  @许血呐：冷知识：布罗利被弗利萨当着面把爹载了
[2026-02-22 02:42:50] 解说就是胡说machine: 伟伟我知道你在直播间，看到玩大哥强行认真解说的样子你笑没笑吧
[2026-02-22 02:42:50] 扰乱:  @这里是小天啊：握草 好想加一😨但是会不会被封号啊😫
[2026-02-22 02:42:50] HankFann: 我爱上了这种氛围，主播根本没想播、弹幕根本不看主播、各自聊各自的事。
[2026-02-22 02:42:50] 玩机器厦面鄙骰大: 新森组吗？？
[2026-02-22 02:42:50] 妖艳阿卡莎: 伟伟我知道你在直播间，看到玩大哥强行认真解说的样子你笑没笑吧
[2026-02-22 02:42:50] 莫得感情的韭菜: 伟伟我知道你在直播间，看到玩大哥强行认真解说的样子你笑没笑吧
[2026-02-22 02:42:50] 剑崎梨梨花: 伟伟我知道你在直播间，看到玩大哥强行认真解说的样子你笑没笑吧
[2026-02-22 02:42:50] 闪光皮凡: 谁在笑
[2026-02-22 02:42:51] Antichr1st: 谁在笑
[2026-02-22 02:42:51] 岭上雾冷: 其实你在解说的时候心里想的是把蜜蜂换成猎鹰有多好对吧
[2026-02-22 02:42:51] 李神神神神: 其实你在解说的时候心里想的是把蜜蜂换成猎鹰有多好对吧
[2026-02-22 02:42:51] 啊撒发撒发: 申请把发言等级上调到24级（不是24级）
[2026-02-22 02:42:51] 来挖掘: 谁在唐笑
[2026-02-22 02:42:52] 呆妹儿的姑父: @布罗利@CSGO王喜顺：啊对对对
[2026-02-22 02:42:52] 叛逆的源源李:  @许血呐：冷知识：布罗利被弗利萨当着面把爹载了
[2026-02-22 02:42:52] 鼠鼠蛇蛇major冠军: 握草 好想加一😨但是会不会被封号啊😫
[2026-02-22 02:42:52] 海绵宝宝打野儿: @ropz：这MC是不是出bug了，怎么给猪灵黄金他也不说话？
[2026-02-22 02:42:52] crychic的tomori本人: 原来数字梗只有玩到自己头上才管啊
[2026-02-22 02:42:52] 阿瓦伊莉雅: 冷知识 憋不住可以不憋的
[2026-02-22 02:42:52] 玩帝皇丶Teio: 嘘🤫，好像要登山了…嘘🤫好像要登山了…
[2026-02-22 02:42:53] 吉吉的Niko本人: 冷知识：布罗利被弗利萨当着面把爹载了
[2026-02-22 02:42:53] 玩血狼丶Bloodywolf: senzu只是一个位置
[2026-02-22 02:42:53] G2的APEX本人: 握草 好想加一😨但是会不会被封号啊😫
[2026-02-22 02:42:55] LvvsiN: 你屏蔽词都快赶上新华词典了为什么不干脆开一百级发言？
[2026-02-22 02:42:55] 好哥们音箱蟀: 　　　 @这里是小天啊：握草 好想加一😨但是会不会被封号啊😫
[2026-02-22 02:42:55] 时雨晴生: 伟伟别笑了
[2026-02-22 02:42:55] 呆妹儿的姑父: @布罗利@CSGO王喜顺：啊对对对
[2026-02-22 02:42:56] 丰川祥子口三角初华: 其实你在解说的时候心里想的是把蜜蜂换成猎鹰有多好对吧
[2026-02-22 02:42:56] 大笨蛋张德美: 握草 好想加一😨但是会不会被封号啊😫
[2026-02-22 02:42:57] LvvsiN: @阿汤日记：一个人，5发子弹，保住格陵兰岛。我不会叫它不可能完成的任务，我现在只想先回家看亦博
[2026-02-22 02:42:57] 玩帝皇丶Teio: 嘘🤫，好像要登山了…嘘🤫好像要登山了…
[2026-02-22 02:42:57] 三上四下: 我们觉得呢🗿我们觉得呢🗿我们觉得呢🗿我们觉得呢🗿
[2026-02-22 02:42:57] 呆妹儿的姑父: @布罗利@CSGO王喜顺：啊对对对
[2026-02-22 02:42:57] 爱斯忑音音: 角田不开车把cs练出来了
[2026-02-22 02:42:57] H2O的小日向早美本人: 其实你在解说的时候心里想的是把蜜蜂换成猎鹰有多好对吧
[2026-02-22 02:42:57] 八重森彌妮: 载圣圣在证明了玩÷÷🤣
[2026-02-22 02:42:57] 马楼King张三: senzu位
[2026-02-22 02:42:57] 土俗火焰: 笑牛魔
[2026-02-22 02:42:57] 刘亦博爱郑哲伟: 原来数字梗只有玩到自己头上才管啊
[2026-02-22 02:42:57] 岭上雾冷: 其实你在解说的时候心里想的是把蜜蜂换成猎鹰有多好对吧
[2026-02-22 02:42:58] 我没P眼123: 伟伟我知道你在直播间，看到玩大哥强行认真解说的样子你笑没笑吧
[2026-02-22 02:42:58] 罗德岛顶红顶红的太阳: 其实你在解说的时候心里想的是把蜜蜂换成猎鹰有多好对吧
[2026-02-22 02:42:58] 菜星冲冲冲: @apex:a区是什么意思
[2026-02-22 02:42:58] 玩家军的猪头肉本人: 伟伟我知道你在直播间，看到玩大哥强行认真解说的样子你笑没笑吧
[2026-02-22 02:42:59] LvvsiN: 我提一嘴这剧情越来越像上海major了
[2026-02-22 02:42:59] 椎名真白ii丶: 原来数字梗只有玩到自己头上才管啊
[2026-02-22 02:42:59] vp的Jame苯人: 人身攻击是***带给***最好的礼物
[2026-02-22 02:42:59] 小救星小杜DuD: 伟伟我知道你在直播间，看到玩大哥强行认真解说的样子你笑没笑吧
[2026-02-22 02:43:00] 呆妹儿的姑父: @布罗利@CSGO王喜顺：啊对对对
[2026-02-22 02:43:00] tosaytosay: 冷知识：布罗利被弗利萨当着面把爹载了
[2026-02-22 02:43:00] Crythic的羊宫妃那本人: 申请把发言等级上调到24级（不是24级）
[2026-02-22 02:43:01] LvvsiN: 你屏蔽词都快赶上新华词典了为什么不干脆开一百级发言？
[2026-02-22 02:43:01] 玩学生丶BlueArchive: @这里是小天啊：握草 好想加一😨但是会不会被封号啊😫
[2026-02-22 02:43:01] 哈基鹅大王: @范玉欣丨：伟伟我知道你在直播间，看到玩大哥强行认真解说的样子你笑没笑吧
[2026-02-22 02:43:02] 岭上雾冷: 其实你在解说的时候心里想的是把蜜蜂换成猎鹰有多好对吧
[2026-02-22 02:43:02] 用户00137810: 伟伟我知道你在直播间，看到玩大哥强行认真解说的样子你笑没笑吧
[2026-02-22 02:43:02] 呆妹儿的姑父: @布罗利@CSGO王喜顺：啊对对对
[2026-02-22 02:43:02] uzi家的喷水龙: cs直播一哥最恨就是cs的goat啊，有没有磕这CP的集美啊。。。
[2026-02-22 02:43:02] 小怪兽8692: 　　　 @这里是小天啊：握草 好想加一😨但是会不会被封号啊😫
[2026-02-22 02:43:02] 凌晨的梦很美: 原来数字梗只有玩到自己头上才管啊
[2026-02-22 02:43:03] LvvsiN: 孩子们快跑，马修赫伯特来了😨卧槽你的怎么是马枪和BOT
[2026-02-22 02:43:04] 送了3年钻粉没进群: @解说伟伟：发起了一个投票
[2026-02-22 02:43:04] Q1ed7f9c85b3bc7571: 请问手机要怎么输入啊，本人女大笨笨嘟，蹲蹲🥺🥺🥺🥺🥺🥺
[2026-02-22 02:43:04] 玩帝皇丶Teio: 嘘🤫，好像要登山了…嘘🤫好像要登山了…
[2026-02-22 02:43:05] 没钱的雕民: senzu（无所谓地找到新工作）
[2026-02-22 02:43:05] 呆妹儿的姑父: @布罗利@CSGO王喜顺：啊对对对
[2026-02-22 02:43:05] LvvsiN: 弹幕别吵了，银行业一样一样有有有也会有h'y'hui't'y'r's'c'dn
[2026-02-22 02:43:05] 海绵宝宝打野儿: @范玉欣丨：伟伟我知道你在直播间，看到玩大哥强行认真解说的样子你笑没笑吧
[2026-02-22 02:43:05] AoH3N: senzu：绝放的望羊
[2026-02-22 02:43:05] 玩学生丶BlueArchive: 申请把发言等级上调到24级（不是24级）
[2026-02-22 02:43:06] 洞主我想看吃鸡: 哦对了！哦对了！哦对了！哦对了！哦对了！哦对了！哦对了！
[2026-02-22 02:43:06] 刘亦博爱郑哲伟: @布罗利@CSGO王喜顺：啊对对对
[2026-02-22 02:43:06] fpx丶:     @这里是小天啊：握草 好想加一😨但是会不会被封号啊😫
[2026-02-22 02:43:06] 希德Cyder: 难道你想一辈子做切片员？听罢，这里是小天啊闭上眼，任由机器的五香蛋如同栾华般落在自己寒冷的冬棍棍上
[2026-02-22 02:43:07] LvvsiN: 其实碗橱就是猪灵，你不拿黄金丢他他就不跟你说话
[2026-02-22 02:43:07] 春风如齐: 哦牛批，原来只有数字梗玩到自己身上才会管啊，哦牛批还有这种主播。
[2026-02-22 02:43:07] 呆妹儿的姑父: @布罗利@CSGO王喜顺：啊对对对
[2026-02-22 02:43:07] 好姐妹太卜司符玄: 伟伟我知道你在直播间，看到玩大哥强行认真解说的样子你笑没笑吧
[2026-02-22 02:43:07] Sereinily: 原来数字梗只有玩到自己头上才管啊
[2026-02-22 02:43:08] 玩帝皇丶Teio: 嘘🤫，好像要登山了…嘘🤫好像要登山了…
[2026-02-22 02:43:08] MiunaShiodome: 吃力
[2026-02-22 02:43:08] uzi家的喷水龙: cs直播一哥最恨就是cs的goat啊，有没有磕这CP的集美啊。。。
[2026-02-22 02:43:09] LvvsiN: 为什么房管封的不能给鱼丸……还以为今天晚上得吃了……
[2026-02-22 02:43:10] 呆妹儿的姑父: @布罗利@CSGO王喜顺：啊对对对
[2026-02-22 02:43:11] 草莓冰酪: 弹幕关了 礼物都不谢了 也得硬着头皮给我播最恨的载物的比赛 你气不气
[2026-02-22 02:43:11] 玩帝皇丶Teio: 嘘🤫，好像要登山了…嘘🤫好像要登山了…
[2026-02-22 02:43:11] LvvsiN: 就tm喜欢银行业🥰银行坏账我喜欢🥰银行挤兑我还喜欢😍利率调低我也喜欢🤤老子亲烂银行业的脸😘
[2026-02-22 02:43:11] i化石-: @device：机器他。。。真的。。说了de狗了吗？
[2026-02-22 02:43:11] 春风如齐: 哦牛批，原来只有数字梗玩到自己身上才会管啊，哦牛批还有这种主播
[2026-02-22 02:43:12] 呆妹儿的姑父: @布罗利@CSGO王喜顺：啊对对对
[2026-02-22 02:43:13] LvvsiN: 银行业😄银行业😀银行业😃银行业😁银行业😆银行业🤪银行业😝
[2026-02-22 02:43:13] 洞主我想看吃鸡: 哦对了！哦对了！哦对了！哦对了！哦对了！哦对了！哦对了！哦对了！哦对了！哦对了！哦对了！哦对了！哦对
[2026-02-22 02:43:15] 呆妹儿的姑父: @布罗利@CSGO王喜顺：啊对对对
[2026-02-22 02:43:15] LvvsiN: 我提一嘴这剧情越来越像上海major了
[2026-02-22 02:43:16] 迪奥雷: 载
[2026-02-22 02:43:16] 鸭硕的哈撒给: ？
[2026-02-22 02:43:17] User5092: 透
[2026-02-22 02:43:17] LvvsiN: 你为什么要把mαjor禁了，我收藏的一半弹幕全毁了
[2026-02-22 02:43:17] kedadra: 哦对了！哦对了！哦对了！哦对了！哦对了！哦对了！哦对了！
[2026-02-22 02:43:17] 呆妹儿的姑父: @布罗利@CSGO王喜顺：啊对对对
[2026-02-22 02:43:18] 草莓冰酪: 弹幕关了 礼物都不谢了 也得硬着头皮给我播最恨的载物的比赛 你气不气
[2026-02-22 02:43:19] hhxggxhh: @device：儿子de狗是什么意思
[2026-02-22 02:43:19] 诚实的身体: 布罗利：气😠气😠气😠气😠气😠气
[2026-02-22 02:43:19] LvvsiN: 南孚一节更比六节强，也就是一节南孚比六节南孚强，六节南孚比三十六节强，三十六节比二百一十六节强
[2026-02-22 02:43:20] uzi家的喷水龙: cs直播一哥最恨就是cs的goat啊，有没有磕这CP的集美啊。。。
[2026-02-22 02:43:20] 呆妹儿的姑父: @布罗利@CSGO王喜顺：啊对对对
[2026-02-22 02:43:21] 茂名水鬼: 弹幕关了 礼物都不谢了 也得硬着头皮给我播最恨的载物的比赛 你气不气
[2026-02-22 02:43:21] LvvsiN: 玩宝宝，我发现在大学上学的时候肄业会很舒服，你可以试试
[2026-02-22 02:43:21] 鱼辛烷: @device：机器他。。。真的。。说了de狗了吗？
[2026-02-22 02:43:21] 玩猴爪丶MonkeyPaw: @这里是小天啊：玩大哥，dy方向进攻很猛，我饭碗是不是要没了🥺
[2026-02-22 02:43:21] -半生瓜Z: 透
[2026-02-22 02:43:21] 琴弦之意: 系鞋带
[2026-02-22 02:43:22] 春花敲可爱的啦: 弹幕关了 礼物都不谢了 也得硬着头皮给我播最恨的载物的比赛 你气不气
[2026-02-22 02:43:22] eyu星天涯: 透
[2026-02-22 02:43:23] 呆妹儿的姑父: @布罗利@CSGO王喜顺：啊对对对
[2026-02-22 02:43:23] 传统peek高手XANTARES: 阴暗
[2026-02-22 02:43:23] LvvsiN: 就tm喜欢银行业🥰银行坏账我喜欢🥰银行挤兑我还喜欢😍利率调低我也喜欢🤤老子亲烂银行业的脸😘
[2026-02-22 02:43:23] 纨绔浪荡: 有人指挥，有人不听指挥，有人指挥指挥，有人不知道有指挥。
[2026-02-22 02:43:24] 佛挡杀佛阿塞斯: 蒙古白忙活
[2026-02-22 02:43:24] 无刺有刺的安和昴本人: 哦对了！哦对了！哦对了！哦对了！哦对了！哦对了！哦对了！
[2026-02-22 02:43:24] 海绵宝宝打野儿: 哦对了！哦对了！哦对了！哦对了！哦对了！哦对了！哦对了！
[2026-02-22 02:43:24] 岊嵥: 银行业😄银行业😀银行业😃银行业😁银行业😆银行业🤪银行业😝
[2026-02-22 02:43:24] wristuuio: 布罗利：气😠气😠气😠气😠气😠气
[2026-02-22 02:43:24] 静寂风: ？？
[2026-02-22 02:43:24] 轻伤酱: 寄
[2026-02-22 02:43:24] 沉默喵: 亚洲剧情
[2026-02-22 02:43:25] 载诗行剑: 透
[2026-02-22 02:43:25] 阵雨天o: 玩神 上半场比分是6比6还是5比7还是4比8啊
[2026-02-22 02:43:25] 昌岗陈坤: 弹幕关了 礼物都不谢了 也得硬着头皮给我播最恨的载物的比赛 你气不气
[2026-02-22 02:43:25] mizuki99: 责任
[2026-02-22 02:43:25] 玩学生丶BlueArchive: @device：儿子de狗是什么意思
[2026-02-22 02:43:25] AmamiyaIori: 哦对了！哦对了！哦对了！哦对了！哦对了！哦对了！哦对了！
[2026-02-22 02:43:25] 神奥联盟的竹兰本人: 布罗利：气😠气😠气😠气😠气😠气
[2026-02-22 02:43:25] 窦妪惯例全思慕: cs直播一哥最恨就是cs的goat啊，有没有磕这CP的集美啊。。。
[2026-02-22 02:43:26] 玩师傅精益求精: p3真吃力啊
[2026-02-22 02:43:26] 椎名真白ii丶: 弹幕关了 礼物都不谢了 也得硬着头皮给我播最恨的载物的比赛 你气不气
[2026-02-22 02:43:26] 太行山积雪: 弹幕关了 礼物都不谢了 也得硬着头皮给我播最恨的载物的比赛 你气不气
[2026-02-22 02:43:26] 潇洒大概: gg
[2026-02-22 02:43:26] 鸟儿在头顶把森林叫醒: @布罗利@CSGO王喜顺：啊对对对
[2026-02-22 02:43:26] 玩小弟丶Peanise: 烂赛事 烂选手 烂解说 烂观众 烂场馆 总之就是烂完了  哦对了 还有一个烂主播
[2026-02-22 02:43:27] 专看玩机器的号: @布罗利@CSGO王喜顺：啊对对对
[2026-02-22 02:43:27] HaibaraAi1109: cs直播一哥最恨就是cs的goat啊，有没有磕这CP的集美啊。。。
[2026-02-22 02:43:27] Crythic的羊宫妃那本人: 南孚一节更比六节强，也就是一节南孚比六节南孚强，六节南孚比三十六节强，三十六节比二百一十六节强
[2026-02-22 02:43:27] wedd1ddeJodd: 你为什么要把mαjor禁了，我收藏的一半弹幕全毁了
[2026-02-22 02:43:27] xOcOg: 【斤乃】斧乃木难绷布罗利被玩机器抛弃，直言抛就抛了呗，我当年也是这样被抛，都差不多
[2026-02-22 02:43:27] mujica的长崎素世本人: 你为什么要把mαjor禁了，我收藏的一半弹幕全毁了
[2026-02-22 02:43:28] Peko-: @device：儿子de狗是什么意思
[2026-02-22 02:43:28] 滑稽乂逗比: 弹幕关了 礼物都不谢了 也得硬着头皮给我播最恨的载物的比赛 你气不气
[2026-02-22 02:43:28] pirpr: 对三
[2026-02-22 02:43:28] Hitagi蟹蟹: 弹幕关了 礼物都不谢了 也得硬着头皮给我播最恨的载物的比赛 你气不气
[2026-02-22 02:43:28] 南小鸡丶advent: @这里是小天啊：玩大哥，dy方向进攻很猛，我饭碗是不是要没了🥺
[2026-02-22 02:43:28] gggaligeigei: 布罗利：气😠气😠气😠气😠气😠气
[2026-02-22 02:43:28] 用户3661578: 亚洲剧情
[2026-02-22 02:43:28] 洛陽城里看落陽: 布罗利：气😠气😠气😠气😠气😠气
[2026-02-22 02:43:29] 空有无垠: 又是载物下包啊
[2026-02-22 02:43:29] 鲜血与暗影铸造的家伙: 载物急了
[2026-02-22 02:43:29] 大哥心里慌: 布罗利：气😠气😠气😠气😠气😠气
[2026-02-22 02:43:29] 訤溓:  @CSGO王喜顺：啊对对对
