# room_id=6979222 host=玩机器丶Machine title=小众宝藏结晶直播 live_time= fetch_time=2026-02-21 23:45:46
[2026-02-22 02:02:42] 大肉鲁: 沙二核子op
[2026-02-22 02:02:42] 冬馬和纱纱: @WindKing：布罗利我让你全仓一代手套你为什么一裤子黑蛋
[2026-02-22 02:02:42] LvvsiN: 弹幕别吵了，银行业一样一样有有有也会有h'y'hui't'y'r's'c'dn
[2026-02-22 02:02:43] viovvvvvvvon: @布罗利：为什么房管封的不能给鱼丸……还以为今天晚上得吃了……
[2026-02-22 02:02:43] 好姐妹常陆茉子: 不发弹幕喷布罗利＝被布罗利365 我说清楚没
[2026-02-22 02:02:43] PacificationX: 一想到玩大哥假装松弛，看着满屏弹幕节奏，还要压抑着登山情绪边想公关方案边公式解说，我就想笑😄
[2026-02-22 02:02:43] 梦想是独立自由: 羞死了
[2026-02-22 02:02:43] 花树w: 玩大哥，原来往奔驰车扔钱扔的多当的房 管也那么憋屈吗
[2026-02-22 02:02:43] 啪啪啪啪的蛋: @布罗利：为什么房管封的不能给鱼丸……还以为今天晚上得吃了……
[2026-02-22 02:02:43] Asuna、0v0: 今天的节 奏有多爆呢，已经没人发展示猪头了
[2026-02-22 02:02:43] 用玩大哥的角磨机吧: 主播你在看弹幕吗？我看弹幕都在骂你，你根本没有回应
[2026-02-22 02:02:44] 朋朋朋朋44: 好钳
[2026-02-22 02:02:44] 玩猴爪丶MonkeyPaw: 主播你在看弹幕吗？我看弹幕都在骂你，你根本没有回应
[2026-02-22 02:02:44] 网瘾少年诺里斯: 卧槽兄弟们steam搜索407167909有免费龙狙拿
[2026-02-22 02:02:44] 我要看後续: 玩神，冰粉有点多了。。我们大大方方三数字吧
[2026-02-22 02:02:44] 好哥们韩信: @所有人
[2026-02-22 02:02:44] 用戶6657: @布罗利：为什么房管封的不能给鱼丸……还以为今天晚上得吃了……
[2026-02-22 02:02:44] 斷H弦: 今天的节 奏有多爆呢，已经没人发展示猪头了
[2026-02-22 02:02:44] 唯有、责任: 卧槽兄弟们steam搜索407167909有免费龙狙拿
[2026-02-22 02:02:44] LvvsiN: 你为什么要把mαjor禁了，我收藏的一半弹幕全毁了
[2026-02-22 02:02:45] 阿波及: @WindKing：布罗利我让你全仓一代手套你为什么一裤子黑蛋
[2026-02-22 02:02:45] G4RYPU: 玩神你在核心群里说以后不看蜜蜂比赛是真的吗
[2026-02-22 02:02:45] 海绵宝宝小能儿: 玩神你在核心群里说以后不看蜜蜂比赛是真的吗
[2026-02-22 02:02:45] 荒野遊侠: 蒙古两张图没胜率，包被点菜，就看放不放了
[2026-02-22 02:02:46] 狂吃大祥脚: niko和尼孝一样逆天，一个编诗善意互动，一个禁言善意互动
[2026-02-22 02:02:46] 上海major心碎肥美: 羞死了
[2026-02-22 02:02:46] 杰斌候入长峪城: 玩大哥我求你别讨厌蜜蜂好不好，他们说着玩的
[2026-02-22 02:02:46] rcrbqv5: @布罗利：为什么房管封的不能给鱼丸……还以为今天晚上得吃了……
[2026-02-22 02:02:46] 綾夏Ayana: @WindKing：布罗利我让你全仓一代手套你为什么一裤子黑蛋
[2026-02-22 02:02:46] 衰神177: 一想到玩大哥假装松弛，看着满屏弹幕节奏，还要压抑着登山情绪边想公关方案边公式解说，我就想笑😄
[2026-02-22 02:02:46] Dartline: 玩神你在核心群里说以后不看蜜蜂比赛是真的吗
[2026-02-22 02:02:47] LvvsiN: 你屏蔽词都快赶上新华词典了为什么不干脆开一百级发言？
[2026-02-22 02:02:47] 灵耀ii: 清理🧊粉🧹，清理🧊粉🧹，清理🧊粉🧹，清理🧊粉🧹
[2026-02-22 02:02:47] Ayu824: @布罗利：为什么房管封的不能给鱼丸……还以为今天晚上得吃了……
[2026-02-22 02:02:47] Tin23c: 羞死了
[2026-02-22 02:02:47] 哈哈我无敌了吗: 龙虾钳住布罗利冯
[2026-02-22 02:02:47] 玩魔丸丶猛锤: 羞死了
[2026-02-22 02:02:47] 用户1424229214: @布罗利：为什么房管封的不能给鱼丸……我以为今天晚上得吃了……
[2026-02-22 02:02:48] znnoy: @布罗利：回复 @ENE5 :你看得懂比赛不[笑哭]
[2026-02-22 02:02:48] 小洞大人打玩啦: 双倍没开送什么飞机？
[2026-02-22 02:02:48] 姿势那些年小鸡小鸡: 一想到玩大哥假装松弛，看着满屏弹幕节奏，
[2026-02-22 02:02:48] 忍野忍小忍: 好好好
[2026-02-22 02:02:48] 狂吃大祥脚: niko和尼孝一样逆天，一个编诗善意互动，一个禁言善意互动
[2026-02-22 02:02:48] LvvsiN: 额，拿亚军我都会，拿亚军，拿季军，拿四强，拿八强，拿十六强，呃拿冠军我不会，然后小组赛淘汰
[2026-02-22 02:02:49] 岊嵥: 玩神你在核心群里说以后不看蜜蜂比赛是真的吗
[2026-02-22 02:02:49] IF的灰爱音本人: @WindKing：布罗利我让你全仓一代手套你为什么一裤子黑蛋
[2026-02-22 02:02:49] 默默momoMoMo123: 主播你在看弹幕吗？我看弹幕都在骂你，你根本没有回应
[2026-02-22 02:02:50] 呆妹儿的姑父: @WindKing：布罗利我让你全仓一代手套你为什么一裤子黑蛋
[2026-02-22 02:02:50] PV的贾里阿里本人: @布罗利：为什么房管封的不能给鱼丸……还以为今天晚上得吃了……
[2026-02-22 02:02:50] HCS118: 今天的节 奏有多爆呢，已经没人发展示猪头了
[2026-02-22 02:02:50] 玩机器的小头本头: 羞死了
[2026-02-22 02:02:50] 烎摩尔托市: 玩大哥，原来往奔驰车扔钱扔的多当的房 管也那么憋屈吗
[2026-02-22 02:02:50] 爱吃蛋白的丶北极光: 你就看载大哥怎么杀吧
[2026-02-22 02:02:50] 白鵉鳶OriGami: 主播你在看弹幕吗？我看弹幕都在骂你，你根本没有回应
[2026-02-22 02:02:51] LvvsiN: 南孚一节更比六节强，也就是一节南孚比六节南孚强，六节南孚比三十六节强，三十六节比二百一十六节强
[2026-02-22 02:02:51] 玩猴爪丶MonkeyPaw: 主播你在看弹幕吗？我看弹幕都在骂你，你根本没有回应
[2026-02-22 02:02:51] 爱吃青椒的重曹酱: 大伙千万别去aicu查布罗利broli的发言啊
[2026-02-22 02:02:51] 柳小目:  @用戶6657：@布罗利：为什么房管封的不能给鱼丸……还以为今天晚上得吃了……
[2026-02-22 02:02:51] Avem1337: @Niko：🦞有人需要钳子吗
[2026-02-22 02:02:51] 丨MIA丨: 剪掉WJQ的小揪揪（ ・ω・)✄╰ひ╯ 变成WJO可爱捏喵！
[2026-02-22 02:02:52] 姿势那些年小鸡小鸡: 今天的节 奏有多爆呢，已经没人发展示猪头了
[2026-02-22 02:02:52] 挥泪斩楚狗: 切割
[2026-02-22 02:02:52] 用户9921747043: @布罗利：说的好像niko低simple一档一样
[2026-02-22 02:02:52] 用户5059772722: 一想到玩大哥假装松弛，看着满屏弹幕节奏，
[2026-02-22 02:02:52] 呆妹儿的姑父: @WindKing：布罗利我让你全仓一代手套你为什么一裤子黑蛋
[2026-02-22 02:02:52] 星海羽弦: 玩大哥我求你别讨厌蜜蜂好不好，他们说着玩的
[2026-02-22 02:02:52] 狂吃大祥脚: niko和尼孝一样逆天，一个编诗善意互动，一个禁言善意互动
[2026-02-22 02:02:53] LvvsiN: 银行业😄银行业😀银行业😃银行业😁银行业😆银行业🤪银行业😝
[2026-02-22 02:02:53] 安达抱月樱: @WindKing：布罗利我让你全仓一代手套你为什么一裤子黑蛋
[2026-02-22 02:02:53] x星辰GGGGGG: 主播你在看弹幕吗？我看弹幕都在骂你，你根本没有回应
[2026-02-22 02:02:53] 玩斯特姬姬: 玩大哥 你从去年初开始就几个月一个节奏 你知不知道是谁的问题？
[2026-02-22 02:02:53] 小缘赐名的JK: 主播你在看弹幕吗？我看弹幕都在骂你，你根本没有回应
[2026-02-22 02:02:54] 用戶6657: @布罗利：为什么房管封的不能给鱼丸……还以为今天晚上得吃了……
[2026-02-22 02:02:54] Faze的雨不会停: 抓娃娃
[2026-02-22 02:02:54] Avem1337: @Niko：🦞有人需要钳子吗
[2026-02-22 02:02:54] 用户91227835: @布罗利：回复 @ENE5 :你看得懂比赛不[笑哭]
[2026-02-22 02:02:54] 泠鸢不是冷鸢丶: 今天的节 奏有多爆呢，已经没人发展示猪头了
[2026-02-22 02:02:54] 花树w: @布罗利：回复 @ENE5 :你看得懂比赛不[笑哭]
[2026-02-22 02:02:54] MYGO的A0N0本人: 清理🧊粉🧹，清理🧊粉🧹，清理🧊粉🧹，清理🧊粉🧹
[2026-02-22 02:02:55] LvvsiN: 银行业😄银行业😀银行业😃银行业😁银行业😆银行业🤪银行业😝
[2026-02-22 02:02:55] 海绵宝宝小能儿: 玩神，冰粉有点多了。。我们大大方方三数字吧
[2026-02-22 02:02:55] 976445889: 玩神你在核心群里说以后不看蜜蜂比赛是真的吗
[2026-02-22 02:02:55] 呆妹儿的姑父: @WindKing：布罗利我让你全仓一代手套你为什么一裤子黑蛋
[2026-02-22 02:02:55] 很Low的V: 一想到玩大哥假装松弛，看着满屏弹幕节奏，还要压抑着登山情绪边想公关方案边公式解说，我就想笑😄
[2026-02-22 02:02:55] 胡雨童别奶了: 今天的节 奏有多爆呢，已经没人发展示猪头了
[2026-02-22 02:02:55] HorizonCcc: 。
[2026-02-22 02:02:56] 萌六花: 一想到玩大哥假装松弛，看着满屏弹幕节奏，还要压抑着登山情绪边想公关方案边公式解说，我就想笑😄
[2026-02-22 02:02:56] 深巷里的少年与猫丿: 双倍没开送什么飞机？
[2026-02-22 02:02:56] Avem1337: @Niko：🦞有人需要钳子吗
[2026-02-22 02:02:56] 男人永远是少年乁: 大伙千万别去aicu查布罗利broli的发言啊
[2026-02-22 02:02:56] 用户9051285362: niko和尼孝一样逆天，一个编诗善意互动，一个禁言善意互动
[2026-02-22 02:02:57] LvvsiN: 你为什么要把mαjor禁了，我收藏的一半弹幕全毁了
[2026-02-22 02:02:57] 想吃丰川祥子的狱卒: 主播你在看弹幕吗？我看弹幕都在骂你，你根本没有回应
[2026-02-22 02:02:57] 呆妹儿的姑父: @WindKing：布罗利我让你全仓一代手套你为什么一裤子黑蛋
[2026-02-22 02:02:57] 火星情报员工: @布罗利：说的好像niko低simple一档一样
[2026-02-22 02:02:58] 好哥们韩信: 弹幕
[2026-02-22 02:02:58] DieJavanewbe: @WindKing：布罗利我让你全仓一代手套你为什么一裤子黑蛋
[2026-02-22 02:02:58] 暴力卓司: 玩大哥你语气怎么好像有点不对了，是今天不开心吗
[2026-02-22 02:02:58] 玩斯特机机: 一想到玩大哥假装松弛，看着满屏弹幕节奏，还要压抑着登山情绪边想公关方案边公式解说，我就想笑😄
[2026-02-22 02:02:59] 我730730730: 大伙千万别去aicu查布罗利broli的发言啊
[2026-02-22 02:02:59] Avem1337: @Niko：🦞有人需要钳子吗
[2026-02-22 02:02:59] NES丶大白白白呐: @Niko：🦞有人需要钳子吗
[2026-02-22 02:02:59] 叫我老岑就好了呀: 玩神你在核心群里说以后不看蜜蜂比赛是真的吗
[2026-02-22 02:02:59] LvvsiN: 南孚一节更比六节强，也就是一节南孚比六节南孚强，六节南孚比三十六节强，三十六节比二百一十六节强
[2026-02-22 02:02:59] 大姜饼: 玩神，冰粉有点多了。。我们大大方方三数字吧
[2026-02-22 02:02:59] samuraionnna: 一想到玩大哥假装松弛，看着满屏弹幕节奏，
[2026-02-22 02:03:00] Kakapu12283: @WindKing：布罗利我让你全仓一代手套你为什么一裤子黑蛋
[2026-02-22 02:03:00] OMGlionKing: @布罗利：我参与了投票Drake这个diss怎么样？ 我投给了“我觉得顶”[笑哭]
[2026-02-22 02:03:00] 呆妹儿的姑父: @WindKing：布罗利我让你全仓一代手套你为什么一裤子黑蛋
[2026-02-22 02:03:00] 玩猴爪丶MonkeyPaw: 主播你在看弹幕吗？我看弹幕都在骂你，你根本没有回应
[2026-02-22 02:03:00] 求老仙奶zzm上不了岸: 布罗利库存里怎么这么多黑🥚啊？
[2026-02-22 02:03:00] 文豪野犬K: @布罗利：说的好像niko低simple一档一样
[2026-02-22 02:03:01] 有多少I可以重来00: 一想到玩大哥假装松弛，看着满屏弹幕节奏，还要压抑着登山情绪边想公关方案边公式解说，我就想笑😄
[2026-02-22 02:03:01] Gverense: 玩机器，看一下完美评论，全是夸你的
[2026-02-22 02:03:01] 壹叁狗: 今天的节 奏有多爆呢，已经没人发展示猪头了
[2026-02-22 02:03:01] LvvsiN: 我提一嘴这剧情越来越像上海major了
[2026-02-22 02:03:01] 图帕雷松: @布罗利：回复 @ENE5 :你看得懂比赛不[笑哭]
[2026-02-22 02:03:01] 青山锁欲锁不住你: 哈哈，把我这个让大家看欧美cs圈这些事别入脑但是追着蛇鼠狂骂的玉玉主播看笑了😋
[2026-02-22 02:03:02] 火火火火山山山山: 啊啊啊啊啊啊
[2026-02-22 02:03:02] 玩斯特姬姬: 玩大哥 你从去年初开始就几个月一个节奏 你知不知道是谁的问题？
[2026-02-22 02:03:02] 用户6235382488: 今天的节 奏有多爆呢，已经没人发展示猪头了
[2026-02-22 02:03:02] ok奶绿: 玩神，冰粉有点多了。。我们大大方方三数字吧
[2026-02-22 02:03:02] 那英啊哈哈哈: @布罗利：为什么房管封的不能给鱼丸……还以为今天晚上得吃了……
[2026-02-22 02:03:02] 爱吃青椒的重曹酱: 玩机器当然恨载圣，因为🧊本来是说他的，被载圣偷了😡
[2026-02-22 02:03:02] Crythic的羊宫妃那本人: @布罗利：说的好像niko低simple一档一样
[2026-02-22 02:03:02] 呆妹儿的姑父: @WindKing：布罗利我让你全仓一代手套你为什么一裤子黑蛋
[2026-02-22 02:03:02] ST骑士: 玩神，冰粉有点多了。。我们大大方方三数字吧
[2026-02-22 02:03:03] Vitality的Zyw0o0本人: 玩神你在核心群里说以后不看蜜蜂比赛是真的吗
[2026-02-22 02:03:03] 姿势那些年小鸡小鸡: 大伙千万别去aicu查布罗利broli的发言啊
[2026-02-22 02:03:03] LvvsiN: 你为什么要把mαjor禁了，我收藏的一半弹幕全毁了
[2026-02-22 02:03:03] 玩斯特机机: @WindKing：布罗利我让你全仓一代手套你为什么一裤子黑蛋
[2026-02-22 02:03:03] 花田妖精: 大伙千万别去aicu查布罗利broli的发言啊
[2026-02-22 02:03:04] 用户5059772722: @布罗利：回复 @ENE5 :你看得懂比赛不[笑哭]
[2026-02-22 02:03:04] Myth天辰:  @玩神是猪脑：玩乐队的大姐姐们人呢😭被只会处刑的魔女们包围了好害怕😭
[2026-02-22 02:03:04] 杜可风丶: 玩大哥你语气怎么好像有点不对了，是今天不开心吗
[2026-02-22 02:03:04] 账户永久封禁: niko和尼孝一样逆天，一个编诗善意互动，一个禁言善意互动
[2026-02-22 02:03:05] 呆妹儿的姑父: @WindKing：布罗利我让你全仓一代手套你为什么一裤子黑蛋
[2026-02-22 02:03:05] 玩猴爪丶MonkeyPaw: 主播你在看弹幕吗？我看弹幕都在骂你，你根本没有回应
[2026-02-22 02:03:05] 米蕾从小就很可爱: 飞吧粉钳
[2026-02-22 02:03:05] LvvsiN: 额，拿亚军我都会，拿亚军，拿季军，拿四强，拿八强，拿十六强，呃拿冠军我不会，然后小组赛淘汰
[2026-02-22 02:03:05] 花树w: 布罗利库存里怎么这么多黑🥚啊？
[2026-02-22 02:03:05] 米米世界之神: @这里是小天啊：玩大哥我才刚转正你就要登山了吗🥺
[2026-02-22 02:03:05] 黒塚青葉: 玩大哥你语气怎么好像有点不对了，是今天不开心吗
[2026-02-22 02:03:06] 用户2271684932: 一想到玩大哥假装松弛，看着满屏弹幕节奏，还要压抑着登山情绪边想公关方案边公式解说，我就想笑😄
[2026-02-22 02:03:06] 青山锁欲锁不住你: 玩神你在核心群里说以后不看蜜蜂比赛是真的吗
[2026-02-22 02:03:06] DD斌斜: 玩神，冰粉有点多了。。我们大大方方三数字吧
[2026-02-22 02:03:07] 13的恋人: 主播你在看弹幕吗？我看弹幕都在骂你，你根本没有回应
[2026-02-22 02:03:07] LvvsiN: 南孚一节更比六节强，也就是一节南孚比六节南孚强，六节南孚比三十六节强，三十六节比二百一十六节强
[2026-02-22 02:03:07] 四維虫子: 玩神你在核心群里说以后不看蜜蜂比赛是真的吗
[2026-02-22 02:03:07] 呆妹儿的姑父: @WindKing：布罗利我让你全仓一代手套你为什么一裤子黑蛋
[2026-02-22 02:03:07] 用戶6657: @布罗利：为什么房管封的不能给鱼丸……还以为今天晚上得吃了……
[2026-02-22 02:03:07] betterToWait丶xzs: 散兵是吧😅，你是不是脑子胡桃了🍑，得了艾尔海森可以去治😅，真想给你一绫华🗡
[2026-02-22 02:03:07] xOcOg: 【斧乃木】斧乃木难绷布罗利被玩机器抛弃，直言抛就抛了呗，我当年也是这样被抛，都差不多
[2026-02-22 02:03:08] 刘刘的农: @玩神丶：尼孝是真猛 看到他禁言就怕了 我们还得等一天啊
[2026-02-22 02:03:08] 橙黄双翼: 玩神，冰粉有点多了。。我们大大方方三数字吧
[2026-02-22 02:03:08] 我730730730: @布罗利：说的好像niko低simple一档一样
[2026-02-22 02:03:08] 我有一对电动大牛子: 　　　 @布罗利：说的好像niko低simple一档一样
[2026-02-22 02:03:09] LvvsiN: 孩子们快跑，马修赫伯特来了😨卧槽你的怎么是马枪和BOT
[2026-02-22 02:03:09] 呆妹儿的姑父: @WindKing：布罗利我让你全仓一代手套你为什么一裤子黑蛋
[2026-02-22 02:03:09] 玩猴爪丶MonkeyPaw: 主播你在看弹幕吗？我看弹幕都在骂你，你根本没有回应
[2026-02-22 02:03:10] 男人永远是少年乁: 主播你在看弹幕吗？我看弹幕都在骂你，你根本没有回应
[2026-02-22 02:03:10] cancanlzp: 　　　 @WindKing：布罗利我让你全仓一代手套你为什么一裤子黑蛋
[2026-02-22 02:03:10] 承認欲求: @Niko：🦞有人需要钳子吗
[2026-02-22 02:03:10] 用户6235382488: 玩神你在核心群里说以后不看蜜蜂比赛是真的吗
[2026-02-22 02:03:10] 灵耀ii: 玩机器当然恨载圣，因为🧊本来是说他的，被载圣偷了😡
[2026-02-22 02:03:10] 阡陌ER: 【一半生活电视】钱难挣，屎难吃。亦博刘宣布解说Vitality比赛。
[2026-02-22 02:03:11] LvvsiN: 你为什么要把mαjor禁了，我收藏的一半弹幕全毁了
[2026-02-22 02:03:11] 栗悟饭与龟波功-w-: 布罗利Broli：别带载 慕 斯节奏啊2026-02-15 19:59:02
[2026-02-22 02:03:11] gulipa8: @布罗利：回复 @ENE5 :你看得懂比赛不[笑哭]
[2026-02-22 02:03:11] 王佰柒柒: 回复 @晚上还是忍不住吃糖 : 吆西！
[2026-02-22 02:03:11] 更多通知: 大伙千万别去aicu查布罗利broli的发言啊
[2026-02-22 02:03:12] 用户9921747043: @布罗利：说的好像niko低simple一档一样
[2026-02-22 02:03:12] Kakapu12283: @布罗利：回复 @ENE5 :你看得懂比赛不[笑哭]
[2026-02-22 02:03:12] 呆妹儿的姑父: @WindKing：布罗利我让你全仓一代手套你为什么一裤子黑蛋
[2026-02-22 02:03:12] dark1337: @布罗利：说的好像niko低simple一档一样
[2026-02-22 02:03:13] 狂吃大祥脚: niko和尼孝一样逆天，一个编诗善意互动，一个禁言善意互动
[2026-02-22 02:03:13] 大家要幸福呀: 一想到玩大哥假装松弛，看着满屏弹幕节奏，还要压抑着登山情绪边想公关方案边公式解说，我就想笑😄
[2026-02-22 02:03:13] LvvsiN: 银行业😄银行业😀银行业😃银行业😁银行业😆银行业🤪银行业😝
[2026-02-22 02:03:13] 爱吃青椒的重曹酱: 这版权商务防登山机制太爽了，有懂的吗
[2026-02-22 02:03:13] 米米世界之神: @这里是小天啊：玩大哥我才刚转正你就要登山了吗🥺
[2026-02-22 02:03:14] Leonisss丶: @WindKing：布罗利我让你全仓一代手套你为什么一裤子黑蛋
[2026-02-22 02:03:14] 搞笑男西德尼: 玩神你在核心群里说以后不看蜜蜂比赛是真的吗
[2026-02-22 02:03:14] CapS1丶: 【斧乃木】斧乃木难绷布罗利被玩机器抛弃，直言抛就抛了呗，我当年也是这样被抛，都差不多
[2026-02-22 02:03:14] ykls的爱情结晶: 玩神你在核心群里说以后不看蜜蜂比赛是真的吗
[2026-02-22 02:03:14] 花树w: @玩神丶：尼孝是真猛 看到他禁言就怕了 我们还得等一天啊
[2026-02-22 02:03:14] 木子李ace: @WindKing：布罗利我让你全仓一代手套你为什么一裤子黑蛋
[2026-02-22 02:03:14] 丨MIA丨: 剪掉WJQ的小揪揪（ ・ω・)✄╰ひ╯ 变成WJO可爱捏喵！
[2026-02-22 02:03:14] 傲娇后再羞辱: 玩神你在核心群里说以后不看蜜蜂比赛是真的吗
[2026-02-22 02:03:14] Peko-: @我730730730：@布罗利：说的好像niko低simple一档一样
[2026-02-22 02:03:15] C0C00N: 一想到玩大哥假装松弛，看着满屏弹幕节奏，还要压抑着登山情绪边想公关方案边公式解说，我就想笑😄
[2026-02-22 02:03:15] 呆妹儿的姑父: @WindKing：布罗利我让你全仓一代手套你为什么一裤子黑蛋
[2026-02-22 02:03:15] LvvsiN: 为什么房管封的不能给鱼丸……还以为今天晚上得吃了……
[2026-02-22 02:03:15] 中奖我是大沙雕: 什么吊设备声音听起来一卡一卡的
[2026-02-22 02:03:15] 玩猴爪丶MonkeyPaw: 主播你在看弹幕吗？我看弹幕都在骂你，你根本没有回应
[2026-02-22 02:03:16] 雨下一整晚ln: 主播你在看弹幕吗？我看弹幕都在骂你，你根本没有回应
[2026-02-22 02:03:17] 号称寒: 【斧乃木】斧乃木难绷布罗利被玩机器抛弃，直言抛就抛了呗，我当年也是这样被抛，都差不多
[2026-02-22 02:03:17] 条哈哈: 857
[2026-02-22 02:03:17] 顾书沅: @布罗利：说的好像niko低simple一档一样
[2026-02-22 02:03:17] 锦木干束: 还是有毅力的，边谢礼物边忽视弹幕👍👍👍👍👍👍👍👍👍👍
[2026-02-22 02:03:17] 想和阿飞抹茶三披: 为了让大家感受到诚意，这次要出四十八分钟的道歉视频吗 🤭🤭🤭
[2026-02-22 02:03:17] 鼓鼓鼓捣叨叨: @布罗利：宗主同款上衣[喜极而泣]
[2026-02-22 02:03:17] Jason不是加森: 玩神你在核心群里说以后不看蜜蜂比赛是真的吗
[2026-02-22 02:03:17] 呆妹儿的姑父: @WindKing：布罗利我让你全仓一代手套你为什么一裤子黑蛋
[2026-02-22 02:03:18] 海绵宝宝小能儿: 玩神，冰粉有点多了。。我们大大方方三数字吧
[2026-02-22 02:03:18] Crythic的羊宫妃那本人: 玩神你在核心群里说以后不看蜜蜂比赛是真的吗
[2026-02-22 02:03:18] OMGlionKing: @布罗利：我参与了投票Drake这个diss怎么样？ 我投给了“我觉得顶”[笑哭]
[2026-02-22 02:03:18] LvvsiN: 就tm喜欢银行业🥰银行坏账我喜欢🥰银行挤兑我还喜欢😍利率调低我也喜欢🤤老子亲烂银行业的脸😘
[2026-02-22 02:03:18] 身旁冷清拥挤丶: 幸好我是一块钱办的牌子，我先冲了，6块牌子的就🐢吧不冲等于没办
[2026-02-22 02:03:19] Mc凉月奏酱: 羊宫妃那来喽🐏🐏🐏🐏🐏🐏🐏🐏🐏🐏🐏🐏🐏🐏🐏🐏🐏🐏🐏
[2026-02-22 02:03:19] 刘坤牛子泡硫酸: 处刑😆处刑🤣处刑😄处刑😅处刑😋处刑🤪处刑😝处刑🤗处刑🤭
[2026-02-22 02:03:21] 玩斯特姬姬: 玩大哥 你从去年初开始就几个月一个节奏 你知不知道是谁的问题？
[2026-02-22 02:03:21] 届不到的冬馬和纱: 一想到玩大哥假装松弛，看着满屏弹幕节奏，还要压抑着登山情绪边想公关方案边公式解说，我就想笑😄
[2026-02-22 02:03:21] 杰斌候入长峪城: 玩神你在核心群里说以后不看蜜蜂比赛是真的吗
[2026-02-22 02:03:21] 用户6235382488: 玩神你在核心群里说以后不看蜜蜂比赛是真的吗
[2026-02-22 02:03:21] 到霸霸这儿来ii: 哦哦哦我也能说话喽哦哦哦
[2026-02-22 02:03:21] 小箱我亲死你: 别解说了 多聊会天 你不会真的以为能输吧
[2026-02-22 02:03:21] 好哥们柯瓦特罗巴吉纳: 主播你在看弹幕吗？我看弹幕都在骂你，你根本没有回应
[2026-02-22 02:03:21] xuzVan: 玩神你在核心群里说以后不看蜜蜂比赛是真的吗，一定要说到做到阿
[2026-02-22 02:03:21] 呆妹儿的姑父: @WindKing：布罗利我让你全仓一代手套你为什么一裤子黑蛋
[2026-02-22 02:03:21] 秋Fc: 玩神你在核心群里说以后不看蜜蜂比赛是真的吗
[2026-02-22 02:03:21] 迷你世界丁真学姐1: 玩机器当然恨载圣，因为🧊本来是说他的，被载圣偷了😡
[2026-02-22 02:03:21] LvvsiN: 为什么房管封的不能给鱼丸……还以为今天晚上得吃了……
[2026-02-22 02:03:21] 男人永远是少年乁: 玩神你在核心群里说以后不看蜜蜂比赛是真的吗
[2026-02-22 02:03:23] 火星情报员工: @WindKing：布罗利我让你全仓一代手套你为什么一裤子黑蛋
[2026-02-22 02:03:23] 杜可风丶: 玩机器为什么一直骂载圣呢，载圣不是在带节奏吗？
[2026-02-22 02:03:23] Se7eNGodZ: 一想到玩大哥假装松弛，看着满屏弹幕节奏，还要压抑着登山情绪边想公关方案边公式解说，我就想笑😄
[2026-02-22 02:03:23] 我730730730: 布罗利Broli：别带载 慕 斯节奏啊2026-02-15 19:59:02
[2026-02-22 02:03:23] Altolier: 还是有毅力的，边谢礼物边忽视弹幕👍👍👍👍👍👍👍👍👍👍
[2026-02-22 02:03:24] samuraionnna: @布罗利：说的好像niko低simple一档一样
[2026-02-22 02:03:24] 斷H弦: 今天的节 奏有多爆呢，已经没人发千万别开双倍了
[2026-02-22 02:03:24] 第三猪白猪玩斯曼: 玩神，冰粉有点多了。。我们大大方方三数字吧
[2026-02-22 02:03:24] 想和阿飞抹茶三披: 为了让大家感受到诚意，这次要出四十八分钟的道歉视频吗 🤭🤭🤭
[2026-02-22 02:03:24] 呆妹儿的姑父: @WindKing：布罗利我让你全仓一代手套你为什么一裤子黑蛋
[2026-02-22 02:03:24] 狂吃大祥脚: niko和尼孝一样逆天，一个编诗善意互动，一个禁言善意互动
[2026-02-22 02:03:24] LvvsiN: 南孚一节更比六节强，也就是一节南孚比六节南孚强，六节南孚比三十六节强，三十六节比二百一十六节强
[2026-02-22 02:03:24] 可达鸭要做个好小孩: 玩神你在核心群里说以后不看蜜蜂比赛是真的吗
[2026-02-22 02:03:24] 玩猴爪丶MonkeyPaw: 主播你在看弹幕吗？我看弹幕都在骂你，你根本没有回应
[2026-02-22 02:03:25] Hitagi蟹蟹: 布罗利Broli: 又来了[星星眼]请问niko要在社媒解释多少次自己没权力，你的猪脑子才会不根据臆
[2026-02-22 02:03:25] 阿七要努力js: 布罗利Broli：别带载 慕 斯节奏啊2026-02-15 19:59:02
[2026-02-22 02:03:25] 花树w: @布罗利：说的好像niko低simple一档一样
[2026-02-22 02:03:25] Lockonnnnn: 【斧乃木】斧乃木难绷布罗利被玩机器抛弃，直言抛就抛了呗，我当年也是这样被抛，都差不多
[2026-02-22 02:03:25] 玩机器是标志: 玩神你在核心群里说以后不看蜜蜂比赛是真的吗
[2026-02-22 02:03:25] 让风告诉你h: @布罗利：说的好像niko低simple一档一样
[2026-02-22 02:03:25] last玩神丶: @WindKing：布罗利我让你全仓一代手套你为什么一裤子黑蛋
[2026-02-22 02:03:25] 爸爸SeRY缘: 玩神你在核心群里说以后不看蜜蜂比赛是真的吗
[2026-02-22 02:03:25] 像小枣一样: 一想到玩大哥假装松弛，看着满屏弹幕节奏，还要压抑着登山情绪边想公关方案边公式解说，我就想笑😄
[2026-02-22 02:03:25] 阿瓦伊莉雅: 兄弟们我感觉我今天状态不是很好啊，我今天状态非常不好啊，我感觉我应该，唉，我要不，我去调整一下心情吧
[2026-02-22 02:03:25] sscyz: 玩神你在核心群里说以后不看蜜蜂比赛是真的吗
[2026-02-22 02:03:25] 挥泪斩楚狗: 爆大米的op头子
[2026-02-22 02:03:25] 姿势那些年小鸡小鸡: @这里是小天啊：玩大哥我才刚转正你就要登山了吗🥺
[2026-02-22 02:03:26] 想和阿飞抹茶三披: 为了让大家感受到诚意，这次要出四十八分钟的道歉视频吗 🤭🤭🤭
[2026-02-22 02:03:26] 用户6235382488: 一想到玩大哥假装松弛，看着满屏弹幕节奏，还要压抑着登山情绪边想公关方案边公式解说，我就想笑😄
[2026-02-22 02:03:26] 玩大招、PRX: 为了让大家感受到诚意，这次要出四十八分钟的道歉视频吗 🤭🤭🤭
[2026-02-22 02:03:26] jsir6688: 玩神你在核心群里说以后不看蜜蜂比赛是真的吗
[2026-02-22 02:03:26] ericzxc: 布罗利Broli：别带载 慕 斯节奏啊2026-02-15 19:59:02
[2026-02-22 02:03:26] 刘刘的农: @布罗利：玩神在核心群说以后不看蜜蜂比赛是认真的吗？
[2026-02-22 02:03:26] 爱吃青椒的重曹酱: 大伙千万别去aicu查布罗利broli的发言啊
[2026-02-22 02:03:26] 爱被小泉吃的拉面同学: 玩神，冰粉有点多了。。我们大大方方3ms吧
[2026-02-22 02:03:26] 求老仙奶贾碧不死: niko和尼孝一样逆天，一个编诗善意互动，一个禁言善意互动
[2026-02-22 02:03:27] LvvsiN: 弹幕别吵了，银行业一样一样有有有也会有h'y'hui't'y'r's'c'dn
[2026-02-22 02:03:27] 上海major心碎肥美: @WindKing：布罗利我让你全仓一代手套你为什么一裤子黑蛋
[2026-02-22 02:03:27] 呆妹儿的姑父: @WindKing：布罗利我让你全仓一代手套你为什么一裤子黑蛋
[2026-02-22 02:03:27] 木空空空空空: 飞机被打
[2026-02-22 02:03:27] 杰斌候入长峪城: 玩大哥我求你别讨厌蜜蜂好不好，他们说着玩的玩大哥我求你别讨厌蜜蜂好不好，他们说着玩的
[2026-02-22 02:03:27] 更多通知: 这布罗列又是什么节奏
[2026-02-22 02:03:28] 所以我又晕了: 玩神你在核心群里说以后不看蜜蜂比赛是真的吗
[2026-02-22 02:03:28] 小箱我亲死你: 我感觉你今天状态不是很好啊，你今天状态非常不好啊，我感觉你应该，唉，你要不，你去调整一下心情吧
[2026-02-22 02:03:28] sscyz: 玩机器为什么一直骂载圣呢，载圣不是在带节奏吗？
[2026-02-22 02:03:28] Odike: 布罗利Broli: 又来了[星星眼]请问niko要在社媒解释多少次自己没权力，你的猪脑子才会不根据臆
[2026-02-22 02:03:28] Myth天辰: 玩神是真不理解，别人说句什么话都能上头。
[2026-02-22 02:03:28] 戈尔多-V: 怎么没有永远爽？你看不起飞机？
[2026-02-22 02:03:28] 美食殿堂的雪菲本人: 哦哦哦我也能说话喽哦哦哦
[2026-02-22 02:03:28] 玩家军的猪头肉本人: 还是有毅力的，边谢礼物边忽视弹幕👍👍👍👍👍👍👍👍👍👍
[2026-02-22 02:03:29] 玩猴爪丶MonkeyPaw: 主播你在看弹幕吗？我看弹幕都在骂你，你根本没有回应
[2026-02-22 02:03:29] 人活着就是为了玩乐队: 别解说了 多聊会天 你不会真的以为能输吧
[2026-02-22 02:03:29] 用戶6657: @布罗利：为什么房管封的不能给鱼丸……还以为今天晚上得吃了……
[2026-02-22 02:03:29] 超级爱玩小蛋QAQ: 禁嗓子
[2026-02-22 02:03:29] 橙黄双翼: @布罗利：说的好像niko低simple一档一样
[2026-02-22 02:03:29] xjdnshxjdka: 玩大哥我求你别讨厌蜜蜂好不好，他们说着玩的玩大哥我求你别讨厌蜜蜂好不好，他们说着玩的
[2026-02-22 02:03:29] 爱马修更爱玩宝宝: 布罗利Broli：别带载 慕 斯节奏啊2026-02-15 19:59:02
[2026-02-22 02:03:29] 冰雪奇寒: 今天的节 奏有多爆呢，已经没人发千万别开双倍了
[2026-02-22 02:03:30] 姿势那些年小鸡小鸡: 玩神，冰粉有点多了。。我们大大方方三数字吧
[2026-02-22 02:03:30] 柚子厨0721: niko和尼孝一样逆天，一个编诗善意互动，一个禁言善意互动
[2026-02-22 02:03:30] 12312312312dfsdfs: 【斧乃木】斧乃木难绷布罗利被玩机器抛弃，直言抛就抛了呗，我当年也是这样被抛，都差不多
[2026-02-22 02:03:30] 伞尬漆: 申请6657永久自由干飞马！申请6657永久自由干飞马！申请6657永久自由干飞马！
[2026-02-22 02:03:30] 那个最帅的男人666: 就是恶意互动咋了？？？不服就憋着！
[2026-02-22 02:03:30] 萝伯丝比尔: @WindKing：布罗利我让你全仓一代手套你为什么一裤子黑蛋
[2026-02-22 02:03:31] LvvsiN: @阿汤日记：一个人，5发子弹，保住格陵兰岛。我不会叫它不可能完成的任务，我现在只想先回家看亦博
[2026-02-22 02:03:31] 剑崎梨梨花: 可是玩宝宝也很冰清玉洁啊🥺
[2026-02-22 02:03:31] Vitality丶ZywOo: 玩神你在核心群里说以后不看蜜蜂比赛是真的吗
[2026-02-22 02:03:32] 丰川祥子口三角初华: 玩神你在核心群里说以后不看蜜蜂比赛是真的吗
[2026-02-22 02:03:32] 孔明老婆王司徒: 玩神你在核心群里说以后不看蜜蜂比赛是真的吗
[2026-02-22 02:03:32] 呆妹儿的姑父: @WindKing：布罗利我让你全仓一代手套你为什么一裤子黑蛋
[2026-02-22 02:03:32] 杜可风丶: @布罗利：说的好像niko低simple一档一样
[2026-02-22 02:03:33] LvvsiN: 玩宝宝，我发现在大学上学的时候肄业会很舒服，你可以试试
[2026-02-22 02:03:33] 想和阿飞抹茶三披: 为了让大家感受到诚意，这次要出四十八分钟的道歉视频吗 🤭🤭🤭
[2026-02-22 02:03:34] AcceleratorlllL: niko和尼孝一样逆天，一个编诗善意互动，一个禁言善意互动
[2026-02-22 02:03:34] 叫我老岑就好了呀: 布罗利Broli：别带载 慕 斯节奏啊2026-02-15 19:59:02
[2026-02-22 02:03:34] 7黑夜不再来: 一想到玩大哥假装松弛，看着满屏弹幕节奏，还要压抑着登山情绪边想公关方案边公式解说，我就想笑😄
[2026-02-22 02:03:35] 呆妹儿的姑父: @WindKing：布罗利我让你全仓一代手套你为什么一裤子黑蛋
[2026-02-22 02:03:35] LvvsiN: 弹幕也就网上说说，现实里谁不觉得樱姐是好女孩（删括号领一条远坂凛同款鸟笼）
[2026-02-22 02:03:35] wiknzylix: 　　　 @WindKing：布罗利我让你全仓一代手套你为什么一裤子黑蛋
[2026-02-22 02:03:36] Vitality的Zyw0o0本人: 可是玩宝宝也很冰清玉洁啊🥺
[2026-02-22 02:03:36] 玩猴爪丶MonkeyPaw: 主播你在看弹幕吗？我看弹幕都在骂你，你根本没有回应
[2026-02-22 02:03:36] Crythic的羊宫妃那本人: 布罗利Broli：别带载 慕 斯节奏啊2026-02-15 19:59:02
[2026-02-22 02:03:36] Peko-: @ericzxc：布罗利Broli：别带载 慕 斯节奏啊2026-02-15 19:59:02
[2026-02-22 02:03:36] 狂吃大祥脚: niko和尼孝一样逆天，一个编诗善意互动，一个禁言善意互动
[2026-02-22 02:03:37] LvvsiN: 弹幕也就网上说说，现实里谁不觉得樱姐是好女孩（删括号领一条远坂凛同款鸟笼）
[2026-02-22 02:03:37] 玩斯特机机: 玩神你在核心群里说以后不看蜜蜂比赛是真的吗
[2026-02-22 02:03:37] Subto: @布罗利：2024／2／7感觉不如你给梅西当狗，我们把梅西当狗，你在我们眼里狗都不
[2026-02-22 02:03:37] 工藤小姐的吉他: 型月四破鞋来了！间桐樱🌸巫净琥珀💧奥尔黛西亚⛪浅上藤乃🥛
[2026-02-22 02:03:37] 呆妹儿的姑父: @WindKing：布罗利我让你全仓一代手套你为什么一裤子黑蛋
[2026-02-22 02:03:37] LaifuoO来福oO: 布罗利Broli 我参与了投票最喜欢选手 我投给了“Zywoo”
[2026-02-22 02:03:37] Ayaymin: @WindKing：布罗利我让你全仓一代手套你为什么一裤子黑蛋
[2026-02-22 02:03:38] MasonDD: @ericzxc：布罗利Broli：别带载 慕 斯节奏啊2026-02-15 19:59:02
[2026-02-22 02:03:38] 杜可风丶: 玩宝宝 你看看蜜蜂比赛就当是消遣呗
[2026-02-22 02:03:38] 时间就是深海咸鱼: 啊？这是一个回马编，你编你的爱慕呢？啊？？这不是ZywOo！这居然是Niko！！老尼配赢啊！！！
[2026-02-22 02:03:38] 美食殿堂的雪菲本人: 一想到玩大哥假装松弛，看着满屏弹幕节奏，还要压抑着登山情绪边想公关方案边公式解说，我就想笑😄
[2026-02-22 02:03:38] 左颜And1: 布罗利Broli：别带载 慕 斯节奏啊2026-02-15 19:59:02
[2026-02-22 02:03:38] 玩机器的小jj: 盘点玩机器最恨的几个人：羊宫妃那（喘气）点（带不动汤）森（偷老汤top）载（害老汤没科隆）
[2026-02-22 02:03:38] 用户9051285362: 一想到玩大哥假装松弛，看着满屏弹幕节奏，还要压抑着登山情绪边想公关方案边公式
[2026-02-22 02:03:38] MeIoN39: 可是玩宝宝也很冰清玉洁啊🥺
[2026-02-22 02:03:39] 好哥们韩信: @所有人兄弟们，最jin弹幕可能会 有很多人直球骂主播，如果碰到正 常
[2026-02-22 02:03:39] LvvsiN: 南孚一节更比六节强，也就是一节南孚比六节南孚强，六节南孚比三十六节强，三十六节比二百一十六节强
[2026-02-22 02:03:39] 那个最帅的男人666: 就是恶意互动咋了？？？不服就憋着！！
[2026-02-22 02:03:39] Paspale的丸山彩本彩: 懂你意思
[2026-02-22 02:03:39] 求老仙奶zzm上不了岸: @WindKing：布罗利我让你全仓一代手套你为什么一裤子黑蛋
[2026-02-22 02:03:39] 宫监手: 布罗利Broli：别带载 慕 斯节奏啊2026-02-15 19:59:02
[2026-02-22 02:03:39] 玩斯特机机: 可是玩宝宝也很冰清玉洁啊🥺
[2026-02-22 02:03:40] 結城希亞: 一想到玩大哥假装松弛，看着满屏弹幕节奏，还要压抑着登山情绪边想公关方案边公式解说，我就想笑😄
[2026-02-22 02:03:40] 鸭硕的哈撒给: @布罗利：说的好像niko低simple一档一样
[2026-02-22 02:03:40] 撒浪嘿呦0v0: 玩神你在核心群里说以后不看蜜蜂比赛是真的吗
[2026-02-22 02:03:40] 花树w: @WindKing：布罗利我让你全仓一代手套你为什么一裤子黑蛋
[2026-02-22 02:03:41] 我只能说只能说那个: 布罗利Broli：别带载 慕 斯节奏啊2026-02-15 19:59:02
[2026-02-22 02:03:41] LvvsiN: 南孚一节更比六节强，也就是一节南孚比六节南孚强，六节南孚比三十六节强，三十六节比二百一十六节强
[2026-02-22 02:03:41] 香洲古天乐: 可是玩宝宝也很冰清玉洁啊🥺
[2026-02-22 02:03:41] cornkiner: 布罗利Broli：别带载 慕 斯节奏啊2026-02-15 19:59:02
[2026-02-22 02:03:42] 用户sb6657: 主播你在看弹幕吗？我看弹幕都在骂你，你根本没有回应
[2026-02-22 02:03:42] 让风告诉你h: 布罗利Broli：别带载 慕 斯节奏啊2026-02-15 19:59:02
[2026-02-22 02:03:42] 刘刘的农: 布罗利Broli：别带载 慕 斯节奏啊2026-02-15 19:59:02
[2026-02-22 02:03:42] 火星情报员工: 这布罗利全网同ID啊，2023年晒自己青嘛病伟通知书还骂别人家人.....nb
[2026-02-22 02:03:42] 瞄准高高手: 可是玩宝宝也很冰清玉洁啊🥺
[2026-02-22 02:03:42] 伞尬漆: 申请6657永久自由干飞马！申请6657永久自由干飞马！申请6657永久自由干飞马！
[2026-02-22 02:03:42] 呆妹儿的姑父: @WindKing：布罗利我让你全仓一代手套你为什么一裤子黑蛋
[2026-02-22 02:03:43] 撒浪嘿呦0v0: 布罗利Broli：别带载 慕 斯节奏啊2026-02-15 19:59:02
[2026-02-22 02:03:43] 极夜之辰: 可是玩宝宝也很冰清玉洁啊🥺
[2026-02-22 02:03:43] LvvsiN: @阿汤日记：一个人，5发子弹，保住格陵兰岛。我不会叫它不可能完成的任务，我现在只想先回家看亦博
[2026-02-22 02:03:43] 看死Herbaut就杀了你: 可是玩宝宝也很冰清玉洁啊🥺
[2026-02-22 02:03:43] 用户6235382488: 布罗利Broli：别带载 慕 斯节奏啊2026-02-15 19:59:02
[2026-02-22 02:03:43] Subto: @布罗利：2024／2／7感觉不如你给梅西当狗，我们把梅西当狗，你在我们眼里狗都不
[2026-02-22 02:03:43] sscyz: 布罗利Broli：别带载 慕 斯节奏啊2026-02-15 19:59:02
[2026-02-22 02:03:43] 丶丶桔梗丶: 才4.9w吗，蜜蜂确实没流量啊
[2026-02-22 02:03:44] 木空空空空空: 盘点玩机器最恨的几个人：羊宫妃那（喘气）点（带不动汤）森（偷老汤top）载（害老汤没科隆）
[2026-02-22 02:03:44] 挥泪斩楚狗: 乃琳
[2026-02-22 02:03:44] 黑鳖王: niko和尼孝一样逆天，一个编诗善意互动，一个禁言善意互动
[2026-02-22 02:03:44] 想和阿飞抹茶三披: 为了让大家感受到诚意，这次要出四十八分钟的道歉视频吗 🤭🤭🤭
[2026-02-22 02:03:44] 阿塔尼斯707: niko和尼孝一样逆天，一个编诗善意互动，一个禁言善意互动
[2026-02-22 02:03:45] 杰斌候入长峪城: 玩大哥我求你别讨厌蜜蜂好不好，他们说着玩的玩大哥我求你别讨厌蜜蜂好不好，他们说着玩的
[2026-02-22 02:03:45] LXovo丶: 好好好
[2026-02-22 02:03:45] LvvsiN: @阿汤日记：一个人，5发子弹，保住格陵兰岛。我不会叫它不可能完成的任务，我现在只想先回家看亦博
[2026-02-22 02:03:45] 千代纸丶: 布罗利Broli：别带载 慕 斯节奏啊2026-02-15 19:59:02
[2026-02-22 02:03:45] znnoy: @布罗利：回复 @小丑八怪-- :你id前两个字就挺符合你发言的 [笑哭]
[2026-02-22 02:03:45] 佛挡杀佛阿塞斯: 要装看不到节奏到什么时候
[2026-02-22 02:03:46] 多喝热水9点睡: 玩神你在核心群里说以后不看蜜蜂比赛是真的吗
[2026-02-22 02:03:46] 叫我老岑就好了呀: @布罗利：说的好像niko低simple一档一样
[2026-02-22 02:03:46] 撒浪嘿呦0v0: 可是玩宝宝也很冰清玉洁啊🥺
[2026-02-22 02:03:46] 菜星冲冲冲: 2025／7／23 04:36:32 1
宗主同款上衣[喜极而泣]
[2026-02-22 02:03:46] 巨型大高玩: 可是玩宝宝也很冰清玉洁啊🥺
[2026-02-22 02:03:46] 那个最帅的男人666: 就是恶意互动咋了？？？不服就憋着！
[2026-02-22 02:03:47] 用户2271684932: 可是玩宝宝也很冰清玉洁啊🥺
[2026-02-22 02:03:47] Hitagi蟹蟹: @布罗利：说的好像niko低simple一档一样
[2026-02-22 02:03:47] LvvsiN: 玩 出，我双倍呢？😡😡玩 出，我双倍呢？😡😡玩 出，我双倍呢？😡😡玩 出，我双倍呢？😡
[2026-02-22 02:03:48] 呆妹儿的姑父: @WindKing：布罗利我让你全仓一代手套你为什么一裤子黑蛋
[2026-02-22 02:03:50] 双刀牛TMac: 布罗利Broli：别带载 慕 斯节奏啊2026-02-15 19:59:02
[2026-02-22 02:03:50] 玩机器是标志: 可是玩宝宝也很冰清玉洁啊🥺
[2026-02-22 02:03:50] LvvsiN: 银行业😄银行业😀银行业😃银行业😁银行业😆银行业🤪银行业😝
[2026-02-22 02:03:50] 我就是邻家老王: 弹幕也就网上说说，现实里谁不觉得樱姐是好女孩（删括号领一条远坂凛同款鸟笼）
[2026-02-22 02:03:50] 好姐妹芙卡洛斯: 谁喜欢看？
[2026-02-22 02:03:50] Wangzap: 申请6657永久自由干飞马！申请6657永久自由干飞马！申请6657永久自由干飞马！
[2026-02-22 02:03:50] 古怪的一个人: 布罗利Broli：别带载 慕 斯节奏啊2026-02-15 19:59:02
[2026-02-22 02:03:50] 呆妹儿的姑父: @WindKing：布罗利我让你全仓一代手套你为什么一裤子黑蛋
[2026-02-22 02:03:50] 紫魂青魄少年心: 可是玩宝宝也很冰清玉洁啊🥺
[2026-02-22 02:03:50] 我要看後续: 玩神我们再拿下一次载x，不能给冰粉好脸色！
[2026-02-22 02:03:50] 爱吃青椒的重曹酱: 玩机器当然恨载圣，因为🧊本来是说他的，被载圣偷了😡
[2026-02-22 02:03:50] KatoM3gum1: 可是玩宝宝也很冰清玉洁啊🥺
[2026-02-22 02:03:51] 玩斯特姬姬: 玩大哥 你从去年初开始就几个月一个节奏 你知不知道是谁的问题？
[2026-02-22 02:03:51] AcceleratorlllL: 布罗利Broli：别带载 慕 斯节奏啊2026-02-15 19:59:02
[2026-02-22 02:03:51] LvvsiN: 孩子们快跑，马修赫伯特来了😨卧槽你的怎么是马枪和BOT
[2026-02-22 02:03:51] 锦木干束: 布罗利Broli：别带载 慕 斯节奏啊2026-02-15 19:59:02
[2026-02-22 02:03:51] 和泉千晶MAo: 可是玩宝宝也很冰清玉洁啊🥺
[2026-02-22 02:03:51] REZE4254: 布罗利Broli：别带载 慕 斯节奏啊2026-02-15 19:59:02
[2026-02-22 02:03:51] 想和阿飞抹茶三披: 为了让大家感受到诚意，这次要出四十八分钟的道歉视频吗 🤭🤭🤭
[2026-02-22 02:03:51] 好哥们宇智波鼬: 布罗利Broli：别带载 慕 斯节奏啊2026-02-15 19:59:02
[2026-02-22 02:03:52] Yuki111: 可是玩宝宝也很冰清玉洁啊🥺
[2026-02-22 02:03:52] 鸭硕的哈撒给: 这布罗利全网同ID啊，2023年晒自己青嘛病伟通知书还骂别人家人.....nb
[2026-02-22 02:03:52] 王佰柒柒: 布罗利Broli：我天天看刀区😜
[2026-02-22 02:03:52] 爸爸SeRY缘: 布罗利Broli：别带载 慕 斯节奏啊2026-02-15 19:59:02
[2026-02-22 02:03:52] jsir6688: 盘点玩机器最恨的几个人：羊宫妃那（喘气）点（带不动汤）森（偷老汤top）载（害老
[2026-02-22 02:03:53] 呆妹儿的姑父: @WindKing：布罗利我让你全仓一代手套你为什么一裤子黑蛋
[2026-02-22 02:03:53] LvvsiN: 额，拿亚军我都会，拿亚军，拿季军，拿四强，拿八强，拿十六强，呃拿冠军我不会，然后小组赛淘汰
[2026-02-22 02:03:53] 火空Empty_fire: 可是玩宝宝也很冰清玉洁啊🥺
[2026-02-22 02:03:53] 我要改名字2153: 布罗利Broli：别带载 慕 斯节奏啊2026-02-15 19:59:02
[2026-02-22 02:03:54] 高松的灯ll: 布罗利Broli：别带载 慕 斯节奏啊2026-02-15 19:59:02
[2026-02-22 02:03:54] lonhkfd: 布罗利Broli：别带载 慕 斯节奏啊2026-02-15 19:59:02
[2026-02-22 02:03:54] Subto: @布罗利：2024／2／7感觉不如你给梅西当狗，我们把梅西当狗，你在我们眼里狗都不
[2026-02-22 02:03:54] MyGo的tomorin本人: @布罗利：说的好像niko低simple一档一样
[2026-02-22 02:03:54] znnoy: @布罗利：回复 @小丑八怪-- :你id前两个字就挺符合你发言的 [笑哭]
[2026-02-22 02:03:54] 用户5059772722: 要装看不到节奏到什么时候
[2026-02-22 02:03:54] 暴力卓司: 比赛开了真会好吗
[2026-02-22 02:03:54] 小缘赐名的JK: 我看你 的M
[2026-02-22 02:03:55] sscyz: niko和尼孝一样逆天，一个编诗善意互动，一个禁言善意互动
[2026-02-22 02:03:55] 还想不想来了:  @布罗利：别带载 慕 斯节奏啊2026-02-15 19:59:02
[2026-02-22 02:03:55] LvvsiN: 孩子们快跑，马修赫伯特来了😨卧槽你的怎么是马枪和BOT
[2026-02-22 02:03:55] 逗你呢帮会: 清理🧊粉🧹，清理🧊粉🧹，清理🧊粉🧹，清理🧊粉🧹
[2026-02-22 02:03:55] Alone無淚: 可是玩宝宝也很冰清玉洁啊🥺
[2026-02-22 02:03:55] 呆妹儿的姑父: @WindKing：布罗利我让你全仓一代手套你为什么一裤子黑蛋
[2026-02-22 02:03:57] 叫我老岑就好了呀: 布罗利Broli：别带载 慕 斯节奏啊2026-02-15 19:59:02
[2026-02-22 02:03:57] 用户9051285362: 可是玩宝宝也很冰清玉洁啊🥺
[2026-02-22 02:03:57] LvvsiN: 南孚一节更比六节强，也就是一节南孚比六节南孚强，六节南孚比三十六节强，三十六节比二百一十六节强
[2026-02-22 02:03:57] 驌驦玄龙: ……
[2026-02-22 02:03:57] 杜可风丶:  @阿汤日记：一个人，5发子弹，保住格陵兰岛。我不会叫它不可能完成的任务，我现在只想先回家看亦博
[2026-02-22 02:03:57] 挥泪斩楚狗: 为什么乃琳能切割op头子，你切割不了败坏直播间风气的cs房管
[2026-02-22 02:03:57] 想和阿飞抹茶三披: 为了让大家感受到诚意，这次要出四十八分钟的道歉视频吗 🤭🤭🤭
[2026-02-22 02:03:57] 点圣: @一只番薯 发表于2025-4-27 在一场核子落后6个赛点翻盘收获金条，真是毕生难忘的经历
[2026-02-22 02:03:58] Subto: 可是玩宝宝也很冰清玉洁啊🥺
[2026-02-22 02:03:58] 空白Zzz丶: @玩儿：@布罗利：说的好像niko低simple一档一样
[2026-02-22 02:03:58] 呆妹儿的姑父: @WindKing：布罗利我让你全仓一代手套你为什么一裤子黑蛋
[2026-02-22 02:03:58] 丶丶Ken丶丶: 可是玩宝宝也很冰清玉洁啊🥺
[2026-02-22 02:03:58] 啪啪啪啪的蛋: 布罗利Broli：别带载 慕 斯节奏啊2026-02-15 19:59:02
[2026-02-22 02:03:58] 鹅地霸霸: @WindKing：布罗利我让你全仓一代手套你为什么一裤子黑蛋
[2026-02-22 02:03:58] OMGlionKing: @布罗利：我参与了投票Drake这个diss怎么样？ 我投给了“我觉得顶”[笑哭]
[2026-02-22 02:03:58] 最后波纹: 点点举办谢谢喵
[2026-02-22 02:03:59] 玩大人查到自贡了: 布罗利Broli：别带载 慕 斯节奏啊2026-02-15 19:59:02
[2026-02-22 02:03:59] G4RYPU: 布罗利Broli：别带载 慕 斯节奏啊2026-02-15 19:59:02
[2026-02-22 02:03:59] 刘刘的农: @布罗利：说的好像niko低simple一档一样
[2026-02-22 02:03:59] 卡啊卡卡丶: 玩神我们再拿下一次载x，不能给冰粉好脸色！
[2026-02-22 02:03:59] lonhkfd: 玩大哥 你从去年初开始就几个月一个节奏 你知不知道是谁的问题？
[2026-02-22 02:04:00] angry嗷呜: 布罗利Broli：别带载 慕 斯节奏啊2026-02-15 19:59:02
[2026-02-22 02:04:00] 和泉千晶MAo: 玩神我们再拿下一次载x，不能给冰粉好脸色！
[2026-02-22 02:04:00] 牛顿哪位: 玩神我们再拿下一次载x，不能给冰粉好脸色！
[2026-02-22 02:04:00] 呆妹儿的姑父: @WindKing：布罗利我让你全仓一代手套你为什么一裤子黑蛋
[2026-02-22 02:04:01] 菜星冲冲冲: 2025／7／23 04:36:32 1

宗主同款上衣[喜极而泣]


[2026-02-22 02:04:01] 米米世界之神: 这个直播间全是带节奏的，我点你的M！
[2026-02-22 02:04:01] 狂吃大祥脚: niko和尼孝一样逆天，一个编诗善意互动，一个禁言善意互动
[2026-02-22 02:04:01] 走一匹马: 清理🧊粉🧹，清理🧊粉🧹，清理🧊粉🧹，清理🧊粉🧹
[2026-02-22 02:04:01] AcceleratorlllL: 布罗利Broli：我天天看刀区😜
[2026-02-22 02:04:01] LvvsiN: 我让你开双倍你二龙吗？老子荧光棒要过期了
[2026-02-22 02:04:01] EDG的皮特174本人: 可是玩宝宝也很冰清玉洁啊🥺
[2026-02-22 02:04:01] Hitagi蟹蟹: 布罗利Broli：别带载 慕 斯节奏啊2026-02-15 19:59:02
[2026-02-22 02:04:01] WPwpS: 蒙古教练叫什么啊
[2026-02-22 02:04:02] 爱被小泉吃的拉面同学: 玩机器当然恨载圣，因为🧊本来是说他的，被载圣偷了😡
[2026-02-22 02:04:02] 用户2719002301: 盘点玩机器最恨的几个人：羊宫妃那（喘气）点（带不动汤）森（偷老汤top）载（害老汤没科隆）
[2026-02-22 02:04:02] 承認欲求: 可是玩宝宝也很冰清玉洁啊🥺
[2026-02-22 02:04:02] 风晓云海: 布罗利Broli：别带载 慕 斯节奏啊2026-02-15 19:59:02
[2026-02-22 02:04:02] viovvvvvvvon: 要装看不到节奏到什么时候
[2026-02-22 02:04:02] 娶不到相羽爱奈: 　　　 可是玩宝宝也很冰清玉洁啊🥺
[2026-02-22 02:04:03] 美食殿堂的雪菲本人: 全是你买的观众吧？每个人发的话都一模一样，怎么可能整个直播间都复制粘贴？以为买几千个贵宾就是大主播？
[2026-02-22 02:04:03] 流浪0022: 玩神我们再拿下一次载x，不能给冰粉好脸色！
[2026-02-22 02:04:03] 米米世界之神: 这个直播间全是带节奏的，我点你的M！
[2026-02-22 02:04:03] 梦幻恍惚:  @布罗利：别带载 慕 斯节奏啊2026-02-15 19:59:02
[2026-02-22 02:04:04] freeman28: 不点不点我就不点，气死你气死你
[2026-02-22 02:04:04] 不摇bi莲Zz: “NIKO欠我们家TOP2一个major冠军。”Guardian:别别别
[2026-02-22 02:04:04] 海绵宝宝小能儿: 布罗利Broli：别带载 慕 斯节奏啊2026-02-15 19:59:02
[2026-02-22 02:04:04] OMGlionKing: @布罗利：我参与了投票Drake这个diss怎么样？ 我投给了“我觉得顶”[笑哭]
[2026-02-22 02:04:04] 用户91227835: 布罗利Broli：别带载 慕 斯节奏啊2026-02-15 19:59:02
[2026-02-22 02:04:05] znnoy: @布罗利：回复 @小丑八怪-- :你id前两个字就挺符合我相貌的 [笑哭]
[2026-02-22 02:04:05] x星辰GGGGGG: 兄弟萌把取消关注点一下
[2026-02-22 02:04:05] 杏爱企鹅: 🧊粉要求最多，爆的米最少，难怪玩大哥不喜欢🙄🙄
[2026-02-22 02:04:05] LvvsiN: 弹幕别吵了，银行业一样一样有有有也会有h'y'hui't'y'r's'c'dn
[2026-02-22 02:04:05] 米米世界之神: 这个直播间全是带节奏的，我点你的M！
[2026-02-22 02:04:05] 呆妹儿的姑父: @WindKing：布罗利我让你全仓一代手套你为什么一裤子黑蛋
[2026-02-22 02:04:06] sscyz: 可是玩宝宝也很冰清玉洁啊🥺
[2026-02-22 02:04:06] Gverense: @玩机器：布罗利你替我死一下
[2026-02-22 02:04:06] 花树w: 布罗利Broli：我天天看刀区😜
[2026-02-22 02:04:06] 哈基米曼波123: 仔细听，有人在导，好重的喘息声
[2026-02-22 02:04:07] 图帕雷松: @布雷德:卧槽，李子来好好学学，今晚这爆弹质量都不用我既定默认了!
[2026-02-22 02:04:07] 绝食十年攒爱top3飞机: niko和尼孝一样逆天，一个编诗善意互动，一个禁言善意互动
[2026-02-22 02:04:07] 海绵宝宝小白儿: 喜欢看直播的观众点点举报啊
[2026-02-22 02:04:07] Y1丢丢:  @布罗利：说的好像niko低simple一档一样
[2026-02-22 02:04:07] LvvsiN: 玩宝宝，我发现在大学上学的时候肄业会很舒服，你可以试试
[2026-02-22 02:04:07] freeman28: 不点不点我就不点，气死你气死你
[2026-02-22 02:04:07] 柳小目:  @走一匹马：清理🧊粉🧹，清理🧊粉🧹，清理🧊粉🧹，清理🧊粉🧹
[2026-02-22 02:04:07] 那个最帅的男人666: 弹幕都是圣人！就该原地飞升
[2026-02-22 02:04:08] 米米世界之神: 这个直播间全是带节奏的，我点你的M！
[2026-02-22 02:04:08] 玩蛇鼠丶stabbi: 玩神我们再拿下一次载x，不能给冰粉好脸色！
[2026-02-22 02:04:08] 呆妹儿的姑父: @WindKing：布罗利我让你全仓一代手套你为什么一裤子黑蛋
[2026-02-22 02:04:08] 姿势那些年小鸡小鸡: 玩神我们再拿下一次载x，不能给冰粉好脸色！
[2026-02-22 02:04:08] 羊羊羊懒: 布罗利Broli：别带载 慕 斯节奏啊2026-02-15 19:59:02
[2026-02-22 02:04:08] 纵横居士: G美让玩机器道歉一次 冰粉两次 冰粉赢
[2026-02-22 02:04:08] 好姐妹天童爱丽丝: 这个直播间全是带节奏的，我点你的M！
[2026-02-22 02:04:08] 遇见你时风好甜m: 清理🧊粉🧹，清理🧊粉🧹，清理🧊粉🧹，清理🧊粉🧹
[2026-02-22 02:04:08] ok奶绿: 玩神我们再拿下一次载x，不能给冰粉好脸色！
[2026-02-22 02:04:09] Vitality的Zyw0o0本人: 可是玩宝宝也很冰清玉洁啊🥺
[2026-02-22 02:04:09] Yuusuke95: @WindKing：布罗利我让你全仓一代手套你为什么一裤子黑蛋
[2026-02-22 02:04:09] 霜雪鱼龙: 　　　 可是玩宝宝也很冰清玉洁啊🥺
[2026-02-22 02:04:09] bLuEsTAr31: 布罗利Broli：别带载 慕 斯节奏啊2026-02-15 19:59:02
[2026-02-22 02:04:09] LvvsiN: 为什么房管封的不能给鱼丸……还以为今天晚上得吃了……
[2026-02-22 02:04:10] jamesfaith23: @布罗利：我参与了投票Drake这个diss怎么样？ 我投给了“我觉得顶”[笑哭]
[2026-02-22 02:04:10] 姓黄小名肥仔: 感恩斗鱼，发明了防登山机制，爽！
[2026-02-22 02:04:10] 辛巴和他的辛巴兽: 玩机器当然恨载圣，因为🧊本来是说他的，被载圣偷了😡
[2026-02-22 02:04:10] 雪菜偷完top偷major: 玩神我们再拿下一次载x，不能给冰粉好脸色！
[2026-02-22 02:04:10] 卟噜卟噜er: 快来拔牙
[2026-02-22 02:04:10] 静寂风: ？
[2026-02-22 02:04:10] 丶丶Ken丶丶: 这个直播间全是带节奏的，我点你的M！
[2026-02-22 02:04:10] 呆妹儿的姑父: @WindKing：布罗利我让你全仓一代手套你为什么一裤子黑蛋
[2026-02-22 02:04:11] znnoy: @布罗利：回复 @小丑八怪-- :你id前两个字就挺符合我长相的 [笑哭]
[2026-02-22 02:04:11] 鼓鼓鼓捣叨叨: @布罗利：别跟这种看不懂比赛的人解释  再怎么解释人家来一句都是运气 这你受得了么[笑哭]
[2026-02-22 02:04:11] 五味草木: 玩神你真不如载x啊
[2026-02-22 02:04:11] LvvsiN: 玩 出，我双倍呢？😡😡玩 出，我双倍呢？😡😡玩 出，我双倍呢？😡😡玩 出，我双倍呢？😡
[2026-02-22 02:04:11] IlOoOoOoOlI: 退钱！
[2026-02-22 02:04:12] 狂吃大祥脚: 布罗利Broli：我天天看刀区😜
[2026-02-22 02:04:12] 我傻了都466: 布罗利Broli：别带载 慕 斯节奏啊2026-02-15 19:59:02
[2026-02-22 02:04:12] 姓黄小名肥仔: 感恩斗鱼，发明了防登山机制，爽！
[2026-02-22 02:04:12] KuanGggg丶: 敲
[2026-02-22 02:04:12] 玩斯特姬姬: 玩大哥 你从去年初开始就几个月一个节奏 你知不知道是谁的问题？
[2026-02-22 02:04:13] samuraionnna: 以为网上串串得了，真有一仓库黑蛋烂手里的啥勾啊（哦对了别精神胜利说不缺这点钱哦）
[2026-02-22 02:04:13] 呆妹儿的姑父: @WindKing：布罗利我让你全仓一代手套你为什么一裤子黑蛋
[2026-02-22 02:04:13] 刘刘的农: @布罗利：回复 @小丑八怪-- :你id前两个字就挺符合我相貌的 [笑哭]
[2026-02-22 02:04:13] 用户2719002301: ？
[2026-02-22 02:04:13] 丶丶Ken丶丶: 布罗利Broli：我天天看刀区😜
[2026-02-22 02:04:13] LvvsiN: 弹幕也就网上说说，现实里谁不觉得樱姐是好女孩（删括号领一条远坂凛同款鸟笼）
[2026-02-22 02:04:14] 钟初若叶睦: 才3.1w贵宾吗，我还以为3000呢
[2026-02-22 02:04:14] L0ost: 布罗利Broli：我天天看刀区😜
[2026-02-22 02:04:14] 牛顿哪位: 清理🧊粉🧹，清理🧊粉🧹，清理🧊粉🧹，清理🧊粉🧹
[2026-02-22 02:04:14] ZZZephyr0731: 玩乐队的姐姐们都到哪去了？现在的弹幕看得我好害怕😭
[2026-02-22 02:04:14] 爱吃青椒的重曹酱: 显示猪头desuw@
[2026-02-22 02:04:14] 巅峰A队的一员Xyp9x: 布罗利Broli：我天天看刀区😜
[2026-02-22 02:04:14] 一刀一个啵啵怪: 布罗利这么好的房管哪找的，矛盾直接转移，全在喷他玩神美美隐身也太爽了
[2026-02-22 02:04:15] LionelYork: @布罗利：我参与了投票Drake这个diss怎么样？ 我投给了“我觉得顶”[笑哭]
[2026-02-22 02:04:15] Overcoat406: 先别开，等我有一块钱再开
[2026-02-22 02:04:15] 海绵宝宝小能儿: 玩神我们再拿下一次载x，不能给冰粉好脸色！
[2026-02-22 02:04:15] 菅原小吉: 物
[2026-02-22 02:04:15] 杨了个羊羊杨: ？
[2026-02-22 02:04:15] 用户00137810: 卧槽玩神快下播，布罗利把你的事全供出来了！😱
[2026-02-22 02:04:15] 久遠寺有珠Alice: 清理🧊粉🧹，清理🧊粉🧹，清理🧊粉🧹，清理🧊粉🧹
[2026-02-22 02:04:15] 姓黄小名肥仔: 感恩斗鱼，发明了防登山机制，爽！
[2026-02-22 02:04:19] 矮小的獭: 大大方方圈
[2026-02-22 02:04:19] 玩小将山田凉YamadaRyo: 布罗利Broli：别带载 慕 斯节奏啊2026-02-15 19:59:02
[2026-02-22 02:04:19] 好姐妹芙卡洛斯: 布罗利Broli：我天天看刀区😜
[2026-02-22 02:04:19] 用户9051285362: 🧊粉要求最多，爆的米最少，难怪玩大哥不喜欢🙄🙄
[2026-02-22 02:04:19] 米米世界之神: 这个直播间全是带节奏的，我点你的M！
[2026-02-22 02:04:19] 莫情123: 布罗利Broli：我天天看刀区😜
[2026-02-22 02:04:19] zzznnni: 一块钱都不放过 主播太狠了
[2026-02-22 02:04:19] ezbet: 玩机器孝尼不孝载给🧊粉看急了
[2026-02-22 02:04:19] 漢子贰臣: 玩神美美隐身了🥳🥳🥳😶‍🌫️🫥😶‍🌫️
[2026-02-22 02:04:19] 听说改名能中奖是八: 　　　 这个直播间全是带节奏的，我点你的M！
[2026-02-22 02:04:19] 静寂风: 退我5块
[2026-02-22 02:04:19] 与其感慨前路难行: 兄弟们我感觉我今天状态不是很好啊，我今天状态非常不好啊，我感觉我应该，唉，我要不，我去调整一下心情吧
[2026-02-22 02:04:19] 羁绊人老师我爱你: 布罗利Broli：我天天看刀区😜
[2026-02-22 02:04:19] LvvsiN: 孩子们快跑，马修赫伯特来了😨卧槽你的怎么是马枪和BOT
[2026-02-22 02:04:19] 密码密码送的: 布罗利Broli：我天天看刀区😜
[2026-02-22 02:04:19] 我只是天生要强啊: 物！
[2026-02-22 02:04:20] afafsf: 布罗利Broli：我天天看刀区😜
[2026-02-22 02:04:20] 运载目标000: 布罗利Broli：我天天看刀区😜
[2026-02-22 02:04:20] 冬迟雾晚ovo: 布罗利Broli：我天天看刀区😜
[2026-02-22 02:04:20] Ayaymin: 布罗利Broli：我天天看刀区😜
[2026-02-22 02:04:20] 汤汤魔魔mmmmmmmmajor冠军: 卧槽玩神快下播，布罗利把你的事全供出来了！😱
[2026-02-22 02:04:22] LXovo丶: 不知道，我一分钱开的
[2026-02-22 02:04:22] 玩斯特机机: 布罗利Broli：我天天看刀区😜
[2026-02-22 02:04:22] LvvsiN: 玩 出，我双倍呢？😡😡玩 出，我双倍呢？😡😡玩 出，我双倍呢？😡😡玩 出，我双倍呢？😡
[2026-02-22 02:04:22] 杰洛齐贝林3: 一元钱也圈啊。。。nb
[2026-02-22 02:04:22] A队的佐佐木李子本人: 布罗利Broli：我天天看刀区😜
[2026-02-22 02:04:22] 3945c: 布罗利Broli：我天天看刀区😜
[2026-02-22 02:04:22] 姓黄小名肥仔: 感恩斗鱼，发明了防登山机制，爽！
[2026-02-22 02:04:22] 白鵉鳶OriGami: 这里也能来个关注七天门槛好吗
[2026-02-22 02:04:22] 久遠寺有珠Alice: 才3.1w贵宾吗，我还以为3000呢
[2026-02-22 02:04:22] 滑铲上天: 退我5块
[2026-02-22 02:04:22] 用户00137810: 卧槽玩神快下播，布罗利把你的事全供出来了！😱
[2026-02-22 02:04:22] 老公骂我好口马: 直播间每次起节奏都有玩机器，房管还不封了他？
[2026-02-22 02:04:22] 给jee介绍女朋友: 玩神我们再拿下一次载x，不能给冰粉好脸色！
[2026-02-22 02:04:22] 我是真想给玩神当二台: 我刚开的 退钱
[2026-02-22 02:04:22] 另一个世界7: 感恩斗鱼，发明了防登山机制，爽！
[2026-02-22 02:04:22] LvvsiN: 弹幕也就网上说说，现实里谁不觉得樱姐是好女孩（删括号领一条远坂凛同款鸟笼）
[2026-02-22 02:04:22] 落叶悠哉落: 感恩斗鱼，发明了防登山机制，爽！
[2026-02-22 02:04:22] 大侠沈峰: 玩神我们再拿下一次载x，不能给冰粉好脸色！
[2026-02-22 02:04:22] 姿势那些年小鸡小鸡: 布罗利Broli：我天天看刀区😜
[2026-02-22 02:04:22] ok奶绿: 玩神我们再拿下一次载x，不能给冰粉好脸色！
[2026-02-22 02:04:22] Mc凉月奏酱: 布罗利Broli：我天天看刀区😜
[2026-02-22 02:04:23] 小橦橦橦橦: 布罗利Broli：我天天看刀区😜
[2026-02-22 02:04:23] 康托尔74920: 感恩斗鱼，发明了防登山机制，爽！
[2026-02-22 02:04:23] 漢子贰臣: 玩神美美隐身了🥳🥳🥳😶‍🌫️🫥😶‍🌫️🫣
[2026-02-22 02:04:23] znnoy: @布罗利：唉！我也只能默默的看看蠕粉笑话了！[滑稽]
[2026-02-22 02:04:23] 泠鸢不是冷鸢丶: 一元钱也圈啊。。。nb
[2026-02-22 02:04:23] 杜可风丶: 布罗利Broli：我天天看刀区😜
[2026-02-22 02:04:23] 玩猴爪丶MonkeyPaw: 主播你在看弹幕吗？我看弹幕都在骂你，你根本没有回应
[2026-02-22 02:04:23] ilume: 布罗利Broli：我天天看刀区😜
[2026-02-22 02:04:23] 用户00137810: 卧槽玩神快下播，布罗利把你的事全供出来了！😱
[2026-02-22 02:04:23] 星海羽弦: 卧槽玩神快下播，布罗利把你的事全供出来了！😱
[2026-02-22 02:04:24] 双标犬玩机器: 布罗利Broli：我天天看刀区😜
[2026-02-22 02:04:24] 小夜r: 退劳资五块
[2026-02-22 02:04:24] UFO233: @布罗利：我参与了投票Drake这个diss怎么样？ 我投给了“我觉得顶”[笑哭]
[2026-02-22 02:04:24] 玩父desuwa: 我以为31万贵宾呢
[2026-02-22 02:04:25] 狂吃大祥脚: niko和尼孝一样逆天，一个编诗善意互动，一个禁言善意互动
[2026-02-22 02:04:25] 久遠寺有珠Alice: 这里也能来个关注七天门槛好吗
[2026-02-22 02:04:25] 柳小目: 布罗利Broli：我天天看刀区😜
[2026-02-22 02:04:25] 桂林米粉比较好吃: 布罗利Broli：我天天看刀区😜
[2026-02-22 02:04:26] LvvsiN: 其实碗橱就是猪灵，你不拿黄金丢他他就不跟你说话
[2026-02-22 02:04:26] 玩大歌别钟厨我的咲雪: 猎鹰
[2026-02-22 02:04:26] jsir6688: 布罗利Broli：我天天看刀区😜
[2026-02-22 02:04:26] 野pig亨利28: 退我五块
[2026-02-22 02:04:26] MiunaShiodome: 有复活赛吗
[2026-02-22 02:04:26] 求老仙奶贾碧不死: 布罗利Broli：我天天看刀区😜
[2026-02-22 02:04:26] 大家要幸福呀: 卧槽玩神快下播，布罗利把你的事全供出来了！😱
[2026-02-22 02:04:26] betterToWait丶xzs: 先别开，等我有一块钱再开
[2026-02-22 02:04:27] 花树w: 感恩斗鱼，发明了防登山机制，爽！
[2026-02-22 02:04:27] ericzxc: 布罗利Broli：我天天看刀区😜
[2026-02-22 02:04:27] 岊嵥: 先别开，等我有一块钱再开
[2026-02-22 02:04:27] 红烧哈基米: 没办卡的兄弟不用浪费钱了，去冬瓜强直播间骂
[2026-02-22 02:04:27] 玩猴爪丶MonkeyPaw: 主播你在看弹幕吗？我看弹幕都在骂你，你根本没有回应
[2026-02-22 02:04:27] 玩斯特机机: 一元钱也圈啊。。。nb
[2026-02-22 02:04:27] 用玩大哥的角磨机吧: 感恩斗鱼，发明了防登山机制，爽！
[2026-02-22 02:04:27] 我只是个番薯: 点了关注的再点一下  听到没有
[2026-02-22 02:04:27] 用户8382617600: 你这种级别的小主播只配给乃琳当二台！
[2026-02-22 02:04:27] 杜可风丶: 布罗利： @小丑八怪-- ：你id前两个字就挺符合我相貌的 [笑哭]
[2026-02-22 02:04:28] 麻将高手八木唯: 感恩斗鱼，发明了防登山机制，爽！
[2026-02-22 02:04:28] 诺零零零零零: 一元钱也圈啊。。。nb
[2026-02-22 02:04:28] 第三猪白猪玩斯曼: 玩神我们再拿下一次载x，不能给冰粉好脸色！
[2026-02-22 02:04:28] 承認欲求: 感恩斗鱼，发明了防登山机制，爽！
[2026-02-22 02:04:28] 用户5059772722: 布罗利Broli：我天天看刀区😜
[2026-02-22 02:04:28] 图帕雷松: 布罗利Broli：我天天看刀区😜
[2026-02-22 02:04:29] 用户1424229214: 布罗利Broli：我天天看刀区😜
[2026-02-22 02:04:29] 用户9051285362: 卧槽玩神快下播，布罗利把你的事全供出来了！😱
[2026-02-22 02:04:29] 綾夏Ayana: @WindKing：布罗利我让你全仓一代手套你为什么一裤子黑蛋
[2026-02-22 02:04:29] 丰川祥子口三角初华: 无人在意
[2026-02-22 02:04:30] 摆烂小鸽子: 一元钱也圈啊。。。nb
[2026-02-22 02:04:30] 汤汤魔魔mmmmmmmmajor冠军: 布罗利Broli：我天天看刀区😜
[2026-02-22 02:04:30] Hitagi蟹蟹: 这个直播间全是带节奏的，我点你的M！
[2026-02-22 02:04:30] R组的中岛由贵本人: 卧槽玩神快下播，布罗利把你的事全供出来了！😱
[2026-02-22 02:04:30] 樱花糯米卷: 直播间每次起节奏都有玩机器，房管还不封了他？
[2026-02-22 02:04:31] 还想不想来了: 布罗利Broli：我天天看刀区😜
[2026-02-22 02:04:31] 你受啥刺激了: 季军赛没有猎鹰了啊
[2026-02-22 02:04:31] xjdnshxjdka: 卧槽玩神快下播，布罗利把你的事全供出来了！😱
[2026-02-22 02:04:31] 玩手机丶phone: 布罗利Broli：我天天看刀区😜
[2026-02-22 02:04:31] 玩大哥我手术恢复中: 布罗利Broli：我天天看刀区😜
[2026-02-22 02:04:31] 姓黄小名肥仔: 感恩斗鱼，发明了防登山机制，爽！
[2026-02-22 02:04:32] 挥泪斩楚狗: 为什么乃琳能切割op头子，你切割不了败坏直播间风气的cs房管
[2026-02-22 02:04:32] 用户1931751596: 感恩斗鱼，发明了防登山机制，爽！
[2026-02-22 02:04:32] 不摇bi莲Zz: 一元钱也圈啊。。。nb
[2026-02-22 02:04:32] 图帕雷松: 布罗利Broli：我天天看刀区😜
[2026-02-22 02:04:32] 刘刘的农:  @布罗利：唉！我也只能默默的看看蠕粉笑话了！[滑稽]
[2026-02-22 02:04:32] 杜可风丶:  @阿汤日记：一个人，5发子弹，保住格陵兰岛。我不会叫它不可能完成的任务，我现在只想先回家看亦博
[2026-02-22 02:04:33] 玩斯特机机: 感恩斗鱼，发明了防登山机制，爽！
[2026-02-22 02:04:33] 所以我又晕了: 布罗利Broli：我天天看刀区😜
[2026-02-22 02:04:33] 玩猴爪丶MonkeyPaw: 主播你在看弹幕吗？我看弹幕都在骂你，你根本没有回应
[2026-02-22 02:04:33] 碎碎Limbo: 布罗利Broli：别带载 慕 斯节奏啊2026-02-15 19:59:02
[2026-02-22 02:04:33] 修飞机的保安: 感觉季军赛少了个队伍啊
[2026-02-22 02:04:34] 顾书沅: 布罗利Broli：我天天看刀区😜
[2026-02-22 02:04:34] LvvsiN: 南孚一节更比六节强，也就是一节南孚比六节南孚强，六节南孚比三十六节强，三十六节比二百一十六节强
[2026-02-22 02:04:34] znnoy: @布罗利：唉！我也只能默默的看看蠕粉笑话了！[滑稽]
[2026-02-22 02:04:34] wjnbsl: 卧槽玩神快下播，布罗利把你的事全供出来了！😱
[2026-02-22 02:04:34] 漢子贰臣: 玩神美美隐身了🥳🥳🥳😶‍🌫️🫥😶‍🌫️🫣
[2026-02-22 02:04:35] 是硝子的玻璃塔啊: 布罗利Broli：我天天看刀区😜
[2026-02-22 02:04:35] 杰洛齐贝林3: 一元钱也圈啊。。。nb
[2026-02-22 02:04:35] 徐润楷: 　　　 一元钱也圈啊。。。nb
[2026-02-22 02:04:35] 花树w: 一元钱也圈啊。。。nb
[2026-02-22 02:04:35] 美食殿堂的雪菲本人: 爽！😎这才叫音乐！😋👍🏻爽！😎这才叫音乐！😋👍🏻爽！😎这才叫音乐！
[2026-02-22 02:04:36] 李约rx588: 洋奸
[2026-02-22 02:04:36] LvvsiN: 银行业😄银行业😀银行业😃银行业😁银行业😆银行业🤪银行业😝
[2026-02-22 02:04:36] 串串金枪鱼: 你们别带布罗利两个steam号都叫**5的节奏啊
[2026-02-22 02:04:36] Altolier: 感恩斗鱼，发明了防登山机制，爽！
[2026-02-22 02:04:36] 火空Empty_fire: 布罗利Broli：我天天看刀区😜
[2026-02-22 02:04:36] AcceleratorlllL: 这个直播间全是带节奏的，我点你的M！
[2026-02-22 02:04:36] 宣告的信仰: 感恩斗鱼，发明了防登山机制，爽！
[2026-02-22 02:04:36] 糖尿病少恰甜的: 直播间的蜜蜂粉也就敢在这种避龙避鹰的时候来带带节奏了..
[2026-02-22 02:04:36] O荒年I留连O: 一元钱也圈啊。。。nb
[2026-02-22 02:04:37] 挥泪斩楚狗: 为什么乃琳能切割op头子，你切割不了败坏直播间风气的cs房管
[2026-02-22 02:04:37] 罗山路的光: 卧槽玩神快下播，布罗利把你的事全供出来了！😱
[2026-02-22 02:04:37] 残夜ResidualNight: 能赢吗
[2026-02-22 02:04:37] 看ququ不常规: 布罗利Broli：我天天看刀区😜
[2026-02-22 02:04:37] y666t666y666: 卧槽玩神快下播，布罗利把你的事全供出来了！😱
[2026-02-22 02:04:37] 我送三千荧光棒不谢我: 布罗利Broli：我天天看刀区😜
[2026-02-22 02:04:37] Crychiccc的若叶睦本人: 2024／5／1 16:37:05我参与了投票Drake这个diss怎么样？我投给了“我觉得顶“笑哭
[2026-02-22 02:04:38] LvvsiN: @阿汤日记：一个人，5发子弹，保住格陵兰岛。我不会叫它不可能完成的任务，我现在只想先回家看亦博
[2026-02-22 02:04:38] 绫濑沙季丶: 布罗利Broli：我天天看刀区😜
[2026-02-22 02:04:38] 狸仙人420: 感觉季军赛少了个队伍啊
[2026-02-22 02:04:38] kyubit: 感恩斗鱼，发明了防登山机制，爽！
[2026-02-22 02:04:38] 剑崎梨梨花: 布罗利Broli：别带载 慕 斯节奏啊2026-02-15 19:59:02
[2026-02-22 02:04:39] Finland的索米KP31本人: 　　　 感恩斗鱼，发明了防登山机制，爽！
[2026-02-22 02:04:39] jsir6688: 感恩斗鱼，发明了防登山机制，爽！
[2026-02-22 02:04:39] NearrrR: 感觉季军赛少了个队伍啊
[2026-02-22 02:04:39] v雷神v丶: 一元钱也圈啊。。。nb
[2026-02-22 02:04:39] 用户00137810: 卧槽玩神快下播，布罗利把你的事全供出来了！😱
[2026-02-22 02:04:39] 挥泪斩楚狗: 为什么乃琳能切割op头子，你切割不了败坏直播间风气的cs房管
[2026-02-22 02:04:40] 花树w: 卧槽玩神快下播，布罗利把你的事全供出来了！😱
一元钱也圈啊。。。nb
[2026-02-22 02:04:40] 忘記悲傷的方法: 感恩斗鱼，发明了防登山机制，爽！
[2026-02-22 02:04:40] OK咯摸JJ: 　　　 一元钱也圈啊。。。nb
[2026-02-22 02:04:40] 用户sb6657: 卧槽玩神快下播，布罗利把你的事全供出来了！😱
[2026-02-22 02:04:40] AcceleratorlllL: 一元钱也圈啊。。。nb
[2026-02-22 02:04:40] 玩机器今晚还播吗: 布罗利Broli：别带载 慕 斯节奏啊2026-02-15 19:59:02
[2026-02-22 02:04:40] 用玩大哥的角磨机吧: 感恩斗鱼，发明了防登山机制，爽！
[2026-02-22 02:04:40] 用户0553661491: 一元钱也圈啊。。。nb
[2026-02-22 02:04:41] suicho: 感恩斗鱼，发明了防登山机制，爽！
[2026-02-22 02:04:41] 橙子的橙汁陈哈哈哈: 一元钱也圈啊。。。nb
[2026-02-22 02:04:41] 玩斯特机机: 卧槽玩神快下播，布罗利把你的事全供出来了！😱
[2026-02-22 02:04:42] 迷你世界丁真学姐1: 卧槽玩神快下播，布罗利把你的事全供出来了！😱
[2026-02-22 02:04:42] 用户9051285362: 一元钱也圈啊。。。nb
[2026-02-22 02:04:42] LvvsiN: 我让你开双倍你二龙吗？老子荧光棒要过期了
[2026-02-22 02:04:42] 丶丶Ken丶丶: 一元钱也圈啊。。。nb
[2026-02-22 02:04:42] 我也是加把劲骑士: 感觉季军赛少了个队伍啊
[2026-02-22 02:04:42] 子曰不可说700: 半决赛什么时候登山
[2026-02-22 02:04:42] 挥泪斩楚狗: 为什么乃琳能切割op头子，你切割不了败坏直播间风气的cs房管
[2026-02-22 02:04:42] 笠松的小栗帽本人: 一元钱也圈啊。。。nb
[2026-02-22 02:04:42] SideChannel: 我喜欢这个
[2026-02-22 02:04:43] 玩猴爪丶MonkeyPaw: 主播你在看弹幕吗？我看弹幕都在骂你，你根本没有回应
[2026-02-22 02:04:43] kyubit: 一元钱也圈啊。。。nb
[2026-02-22 02:04:43] 用户27343434: 感觉季军赛少了个队伍啊
[2026-02-22 02:04:43] TiAmoCN: falcons有八强相了啊
[2026-02-22 02:04:43] 阿瓦伊莉雅: 一元钱也圈啊。。。nb
[2026-02-22 02:04:44] 久慈川、理世: 退我五块
[2026-02-22 02:04:44] LvvsiN: 为什么房管封的不能给鱼丸……还以为今天晚上得吃了……
[2026-02-22 02:04:44] 赴玉京: 玩神冰粉🧊太猖狂了，我提议以后蜜蜂参加的比赛直接不播登山，不惯着他们！
[2026-02-22 02:04:44] 着着着着糕: 感觉老尼有季军相了呀
[2026-02-22 02:04:44] Subto: 布罗利我让你全仓一代手套你为什么一裤子黑蛋
[2026-02-22 02:04:45] 青闽: 感觉季军赛少了个队伍啊
[2026-02-22 02:04:45] 运载目标000: 布罗利Broli：我天天看刀区😜
[2026-02-22 02:04:45] Hitagi蟹蟹: 感恩斗鱼，发明了防登山机制，爽！
[2026-02-22 02:04:45] 姿势那些年小鸡小鸡: 大家好
[2026-02-22 02:04:45] 杜可风丶: 南孚一节更比六节强，也就是一节南孚比六节南孚强，六节南孚比三十六节强，三十六节比二百一十六节强
[2026-02-22 02:04:45] 挥泪斩楚狗: 为什么乃琳能切割op头子，你切割不了败坏直播间风气的cs房管
[2026-02-22 02:04:46] ST骑士: 蜜蜂这状态 猎鹰危险了啊
[2026-02-22 02:04:46] LvvsiN: 就tm喜欢银行业🥰银行坏账我喜欢🥰银行挤兑我还喜欢😍利率调低我也喜欢🤤老子亲烂银行业的脸😘
[2026-02-22 02:04:46] BL灵梦: 布罗利Broli：我天天看刀区😜
[2026-02-22 02:04:46] betterToWait丶xzs: 感恩斗鱼，发明了防登山机制，爽！
[2026-02-22 02:04:46] 我送三千荧光棒不谢我: 布罗利Broli：我天天看刀区😜
[2026-02-22 02:04:46] 好的好的阖家: 布罗利Broli：别带载 慕 斯节奏啊2026-02-15 19:59:02
[2026-02-22 02:04:46] LucifermsL18064: 猪如果失明（看不见东西），通常是由严重的结膜炎、细菌感染或眼部外伤引起的。建议立即隔离病猪，用生理盐
[2026-02-22 02:04:46] 鹦鹉151: 这个直播间太友好了 我漏看的弹幕还会复制出来
[2026-02-22 02:04:46] Odike: 你们别带布罗利两个steam号都叫**5的节奏啊
[2026-02-22 02:04:46] 好姐妹倉田真白: 布罗利Broli：我天天看刀区😜
[2026-02-22 02:04:46] angry嗷呜: 感恩斗鱼，发明了防登山机制，爽！
[2026-02-22 02:04:46] 小橦橦橦橦: @布罗利：唉！我也只能默默的看看蠕粉笑话了！[滑稽]
[2026-02-22 02:04:47] Ayaymin: 感恩斗鱼，发明了防登山机制，爽！
[2026-02-22 02:04:47] 崴少崴少: 123333333
[2026-02-22 02:04:47] 想和阿飞抹茶三披: @玩机器：布罗利看微信。
[2026-02-22 02:04:47] 杰斌候入长峪城: 玩大哥我求你别讨厌蜜蜂好不好，他们说着玩的
[2026-02-22 02:04:47] 寒星丶Sep: 布罗利Broli：我天天看刀区😜
[2026-02-22 02:04:47] 逗你呢帮会: 清理🧊粉🧹，清理🧊粉🧹，清理🧊粉🧹，清理🧊粉🧹
[2026-02-22 02:04:47] 大家要幸福呀: 我是不是被封了。。
[2026-02-22 02:04:47] 用戶6657: @布罗利：为什么房管封的不能给鱼丸……还以为今天晚上得吃了……
[2026-02-22 02:04:51] LvvsiN: 玩宝宝，我发现在大学上学的时候肄业会很舒服，你可以试试
[2026-02-22 02:04:51] MyGo的tomorin本人: 白银双倍卡 拥有数量: 1个 生效时长: 1天 过期时间: 2026／03／03 00:00:10
[2026-02-22 02:04:51] 林展秋112: 为什么乃琳能切割op头子，你切割不了败坏直播间风气的cs房管
[2026-02-22 02:04:51] dark1337: 布罗利我让你全仓一代手套你为什么一裤子黑蛋
[2026-02-22 02:04:51] 五子棋oo: 没有鱼越大鱼越小😭没有一只玩神在水边😭没有亦博亦博摸摸😭
[2026-02-22 02:04:51] 刘刘的农:  @玩机器：布罗利看微信。
[2026-02-22 02:04:51] 挥泪斩楚狗: 为什么乃琳能切割op头子，你切割不了败坏直播间风气的cs房管
[2026-02-22 02:04:51] 罗山路的光: 感觉季军赛少了个队伍啊
[2026-02-22 02:04:51] 丶丶Ken丶丶: 感恩斗鱼，发明了防登山机制，爽！
[2026-02-22 02:04:51] 想和阿飞抹茶三披: @玩机器：布罗利看微信。
[2026-02-22 02:04:52] 玩猴爪丶MonkeyPaw: 主播你在看弹幕吗？我看弹幕都在骂你，你根本没有回应
[2026-02-22 02:04:52] Kunwz: 我还以为弹幕是串的，没想到真有人一库存的黑蛋
[2026-02-22 02:04:52] 千代纸丶: 感恩斗鱼，发明了防登山机制，爽！
[2026-02-22 02:04:52] mewtwo45: 抓娃娃
[2026-02-22 02:04:52] Ayaymin: 布罗利Broli：我天天看刀区😜
[2026-02-22 02:04:52] 杜可风丶: @玩机器：布罗利看微信。
[2026-02-22 02:04:53] 春山雪落: 一元钱也圈啊。。。nb
[2026-02-22 02:04:53] 爱吃青椒的重曹酱: 玩机器当然恨载圣，因为🧊本来是说他的，被载圣偷了😡
[2026-02-22 02:04:53] 王佰柒柒: 我求你们了，别刷布罗利的烂梗了，笑得我肚子疼，这真是人发的弹幕吗？
[2026-02-22 02:04:53] 丶丶桔梗丶: 感觉季军赛少了个队伍啊
[2026-02-22 02:04:53] 我只看人机局: 善意禁言
[2026-02-22 02:04:53] 暴力卓司: 弹幕越来越少了😭😭😭😭
[2026-02-22 02:04:53] zyl12914: 抓娃娃
[2026-02-22 02:04:53] 漢子贰臣: 玩神美美隐身了🥳🥳🥳😶‍🌫️🫥😶‍🌫️
[2026-02-22 02:04:54] LvvsiN: 孩子们快跑，马修赫伯特来了😨卧槽你的怎么是马枪和BOT
[2026-02-22 02:04:54] 热心好邻居: 感觉季军赛少了个队伍啊
[2026-02-22 02:04:54] 腋毛老狗子: 布罗利我让你全仓一代手套你为什么一裤子黑蛋
[2026-02-22 02:04:54] 与其感慨前路难行: 感恩斗鱼，发明了防登山机制，爽！
[2026-02-22 02:04:54] 专看玩机器的号: 季军赛猎鹰跟谁打
[2026-02-22 02:04:54] 黑衣小胖: @玩机器：布罗利看微信。
[2026-02-22 02:04:54] 用户sb6657: 我是不是被封了。。
[2026-02-22 02:04:54] 巅峰社丶西门吹雪: 🧊粉要求最多，爆的米最少，难怪玩大哥不喜欢🙄🙄
[2026-02-22 02:04:54] 承認欲求: 不是不想登山，是商单没做完不想赔钱
[2026-02-22 02:04:54] 故障-机器人: 感觉。。。蒙古粉丝比猎鹰更有纪律性
[2026-02-22 02:04:54] 用戶6657: @布罗利：为什么房管封的不能给鱼丸……还以为今天晚上得吃了……
[2026-02-22 02:04:54] 清野凛ovo: 今天怎么就两倍亲密度啊
[2026-02-22 02:04:54] BL灵梦: 把那个小蜜蜂踢了，不然以后就没人敢玩游戏了
[2026-02-22 02:04:54] 废铁虾: 抓娃娃
[2026-02-22 02:04:54] 超级爱玩小蛋QAQ: 季军赛  moz  蜜蜂
[2026-02-22 02:04:55] KipKK: ?
[2026-02-22 02:04:55] 玩猴爪丶MonkeyPaw: 主播你在看弹幕吗？我看弹幕都在骂你，你根本没有回应
[2026-02-22 02:04:55] 奥拉夫的蛋炒饭: 卧槽玩神快下播，布罗利把你的事全供出来了！😱
[2026-02-22 02:04:55] 玩小将山田凉YamadaRyo: 感恩斗鱼，发明了防登山机制，爽！
[2026-02-22 02:04:55] 寒枫曳是一头傲空的隼:  @玩机器：布罗利看微信。
[2026-02-22 02:04:55] lonhkfd: @玩机器：布罗利看微信。
[2026-02-22 02:04:55] 顾书沅:  @玩机器：布罗利看微信。
[2026-02-22 02:04:56] 火暴兽也干了: 一元钱也圈啊。。。nb
[2026-02-22 02:04:56] 菜星冲冲冲: 白银双倍卡 拥有数量: 1个 生效时长: 1天 过期时间: 2026／03／03 00:00:10
[2026-02-22 02:04:56] LvvsiN: 额，拿亚军我都会，拿亚军，拿季军，拿四强，拿八强，拿十六强，呃拿冠军我不会，然后小组赛淘汰
[2026-02-22 02:04:56] 我有一对电动大牛子: 我还以为弹幕是串的，没想到真有人一库存的黑蛋
[2026-02-22 02:04:56] 杜可风丶: 一个游戏有这么多的卡牌，真的是好游戏啊！
[2026-02-22 02:04:57] 結城希亞: 我还以为弹幕是串的，没想到真有人一库存的黑蛋
[2026-02-22 02:04:57] 乌鸦晒不黑: 冷知识：玩神已经一个小时没有斜眼看弹幕了
[2026-02-22 02:04:57] 用户9051285362: 为什么房管封的不能给鱼丸……还以为今天晚上得吃了……
[2026-02-22 02:04:57] 推斯特zz:  @玩机器：布罗利看微信。
[2026-02-22 02:04:57] 愿你此生勿忘你: 萌美这一块
[2026-02-22 02:04:57] Campbell头号玩小将: 刀削！🏹刀削！🏹刀削！🏹刀削！🏹刀削！🏹刀削！🏹刀削！🏹刀削！🏹
[2026-02-22 02:04:57] 用户5059772722: 我还以为弹幕是串的，没想到真有人一库存的黑蛋
[2026-02-22 02:04:58] NepLin木:  @玩机器：布罗利看微信。
[2026-02-22 02:04:58] 椅子能坐盘子能偷: 他们再激情，不哦有屁用
[2026-02-22 02:04:58] LvvsiN: 为什么房管封的不能给鱼丸……还以为今天晚上得吃了……
[2026-02-22 02:04:58] MunChlax丶: 感觉不如直播间。。。激情
[2026-02-22 02:04:58] 玩斯特姬姬: 抓娃娃
[2026-02-22 02:04:59] 挥泪斩楚狗: 为什么乃琳能切割op头子，你切割不了败坏直播间风气的cs房管
[2026-02-22 02:04:59] 诺糯-: 1
[2026-02-22 02:04:59] 人丑枪软陈彦川: 1
[2026-02-22 02:04:59] 我只是天生要强啊: 才这么点吗
[2026-02-22 02:04:59] 爱斯忑音音: 这是蒙古人？😅
[2026-02-22 02:05:01] gkym6et: 大家集合到布罗利 Broli b 站账号集合爆弹来
[2026-02-22 02:05:01] 喜欢独自悠哉自在: @玩机器：布罗利看微信。
[2026-02-22 02:05:01] 洞主我想看吃鸡: 玩÷可真厉害，派个房管当恶人事情就想赖过去了，真像南宋的赵构和秦桧
[2026-02-22 02:05:01] 普通网友小沈: 玩机器难绷zywoo与jee友好互动；暴怒！玩机器怒喷niko编nota！直言：尼编尼亩呢！
[2026-02-22 02:05:01] 姿势那些年小鸡小鸡: 主播你在看弹幕吗？我看弹幕都在骂你，你根本没有回应
[2026-02-22 02:05:01] LvvsiN: 孩子们快跑，马修赫伯特来了😨卧槽你的怎么是马枪和BOT
[2026-02-22 02:05:01] 天守阁信长:  @玩机器：布罗利看微信。
[2026-02-22 02:05:01] 海因里希747:  @玩机器：布罗利看微信。
[2026-02-22 02:05:01] FaZeClan的P3本人: 洋奸
[2026-02-22 02:05:01] 五子棋oo: 没有鱼越大鱼越小😭没有一只玩神在水边😭没有亦博亦博摸摸😭
[2026-02-22 02:05:01] 牟平鲁尼: 跟直播间骂你的激情相比小巫见大巫了
[2026-02-22 02:05:01] Faisuta: ？
[2026-02-22 02:05:01] 用戶6657: @布罗利：为什么房管封的不能给鱼丸……还以为今天晚上得吃了……
[2026-02-22 02:05:01] 玩猴爪丶MonkeyPaw: 主播你在看弹幕吗？我看弹幕都在骂你，你根本没有回应
[2026-02-22 02:05:02] UFO233:  @玩机器：布罗利看微信。
[2026-02-22 02:05:02] Vitality的Zyw0o0本人: 我还以为弹幕是串的，没想到真有人一库存的黑蛋
[2026-02-22 02:05:02] 卡啊卡卡丶:  @玩机器：布罗利看微信。
[2026-02-22 02:05:02] LvvsiN: 我让你开双倍你二龙吗？老子荧光棒要过期了
[2026-02-22 02:05:02] BMWCK: 冷知识：玩神已经一个小时没有斜眼看弹幕了
[2026-02-22 02:05:03] 城之内悠二丶:  @玩机器：布罗利看微信。
[2026-02-22 02:05:03] 杜可风丶: 卧槽玩神快下播，布罗利把你的事全供出来了！😱
[2026-02-22 02:05:03] 似雪若梦: 一元钱也圈啊。。。nb
[2026-02-22 02:05:03] angry嗷呜: @玩机器：布罗利看微信。
[2026-02-22 02:05:03] Hitagi蟹蟹: @玩机器：布罗利看微信。
[2026-02-22 02:05:03] 用户sb6657: 我是不是被封了。。
[2026-02-22 02:05:04] 呆妹儿的姑父: @WindKing：布罗利我让你全仓一代手套你为什么一裤子黑蛋
[2026-02-22 02:05:04] 一只米小悠呀悠:  @玩机器：布罗利看微信。
[2026-02-22 02:05:04] suicho: 哇，还有白皮蒙美
[2026-02-22 02:05:04] LvvsiN: 我让你开双倍你二龙吗？老子荧光棒要过期了
[2026-02-22 02:05:04] 忘記悲傷的方法: 感恩斗鱼，发明了防登山机制，爽！
[2026-02-22 02:05:04] 好儿子刘易博: ？
[2026-02-22 02:05:04] 用户3866955218: 我还以为弹幕是串的，没想到真有人一库存的黑蛋
[2026-02-22 02:05:04] 想和阿飞抹茶三披: @玩机器：布罗利看微信。
[2026-02-22 02:05:05] 子非FFish: @玩机器：布罗利看微信。
[2026-02-22 02:05:05] 赴玉京: 玩神冰粉🧊太猖狂了，我提议以后蜜蜂参加的比赛直接不播登山，不惯着他们！
[2026-02-22 02:05:05] 承認欲求: 不是不想登山，是商单没做完不想赔钱才不登山的
[2026-02-22 02:05:05] G4RYPU: 跟直播间骂你的激情相比小巫见大巫了
[2026-02-22 02:05:05] 有你便是世界1: 洋奸
[2026-02-22 02:05:05] 暗月舞魂殇: 玩神你真的不能回应一下吗，我这种纯良玩小将真的很心寒
[2026-02-22 02:05:05] 锦木干束: 感觉不如直播间。。。激情
[2026-02-22 02:05:05] 糖尿病少恰甜的:  @玩机器：布罗利看微信。
[2026-02-22 02:05:06] 呆妹儿的姑父: @WindKing：布罗利我让你全仓一代手套你为什么一裤子黑蛋
[2026-02-22 02:05:06] LvvsiN: 南孚一节更比六节强，也就是一节南孚比六节南孚强，六节南孚比三十六节强，三十六节比二百一十六节强
[2026-02-22 02:05:06] 玩猴爪丶MonkeyPaw: 主播你在看弹幕吗？我看弹幕都在骂你，你根本没有回应
[2026-02-22 02:05:06] 剑指队: 他们要来了🥶🥶🥶🥶🥶🥶🥶🥶🥶🥶
[2026-02-22 02:05:06] 用户91227835: @玩机器：布罗利看微信。
[2026-02-22 02:05:07] lonhkfd: 冷知识：玩神已经一个小时没有斜眼看弹幕了
[2026-02-22 02:05:07] 喝开水的乌龙茶: 感恩斗鱼，发明了防登山机制，爽！
[2026-02-22 02:05:07] 林展秋112: 我还以为弹幕是串的，没想到真有人一库存的黑蛋
[2026-02-22 02:05:07] 用户5608006019: 我还以为弹幕是串的，没想到真有人一库存的黑蛋
[2026-02-22 02:05:07] 不知名贝斯手: @玩机器：布罗利看微信。
[2026-02-22 02:05:07] 鸭硕的哈撒给: 我还以为弹幕是串的，没想到真有人一库存的黑蛋
[2026-02-22 02:05:07] 玩公式丶Formula: 主播你在看弹幕吗？我看弹幕都在骂你，你根本没有回应
[2026-02-22 02:05:08] 和泉千晶MAo: 我还以为弹幕是串的，没想到真有人一库存的黑蛋
[2026-02-22 02:05:08] 善口英雄hjk: 怎么一进直播间就是什么布罗利啊？这个人是什么萝莉吗？
[2026-02-22 02:05:09] zcyhymine:  @玩机器：布罗利看微信。
[2026-02-22 02:05:09] 呆妹儿的姑父: @WindKing：布罗利我让你全仓一代手套你为什么一裤子黑蛋
[2026-02-22 02:05:09] 吉吉国王辛苦了:  @玩机器：布罗利看微信。
[2026-02-22 02:05:09] 七十七歳: 冷知识：玩神已经一个小时没有斜眼看弹幕了
[2026-02-22 02:05:09] SideChannel: 我让你开双倍你二龙吗？老子荧光棒要过期了
[2026-02-22 02:05:09] loverboy888: 一元钱也圈啊。。。nb
[2026-02-22 02:05:09] 男人永远是少年乁: 一元钱也圈啊。。。nb
[2026-02-22 02:05:09] 花树w: 我是不是被封了。。
[2026-02-22 02:05:09] EnVyUs的apEX本人: 还我五元
[2026-02-22 02:05:10] 光明勢力: 一元钱也圈啊。。。nb
[2026-02-22 02:05:10] eewwovo: @玩机器：布罗利看微信。
[2026-02-22 02:05:10] 什么名字都被用了诶: 开着奔驰捡钢镚
[2026-02-22 02:05:10] 点圣: @玩机器：布罗利看微信。
[2026-02-22 02:05:10] 七色的人偶使者: @玩机器：布罗利看微信。
[2026-02-22 02:05:10] 砍死法老24: 退我5元
[2026-02-22 02:05:11] A队的佐佐木李子本人: 主播你在看弹幕吗？我看弹幕都在骂你，你根本没有回应
[2026-02-22 02:05:11] S闪Aw: 感谢斗鱼，发明了防登山机制，爽！
[2026-02-22 02:05:11] samuraionnna: 这个布罗利才是真假装松驰啊，布8⃣亖
[2026-02-22 02:05:12] 不是不想打只是爱解说: 卧槽玩神快下播吧，布罗利转作污点证人了
[2026-02-22 02:05:14] 凡人的偏执: 不敢发弹幕……怕被房管盯上😨
[2026-02-22 02:05:14] 雪碧的Donk本人: 看看右上角99+可以吗
[2026-02-22 02:05:14] LvvsiN: @阿汤日记：一个人，5发子弹，保住格陵兰岛。我不会叫它不可能完成的任务，我现在只想先回家看亦博
[2026-02-22 02:05:14] 风晓云海: 卧槽玩神快下播，布罗利把你的事全供出来了！😱
[2026-02-22 02:05:14] 好哥们韩信: @所有人兄弟们，最jin弹幕可能会有很多人直球骂主播，如果碰到正常批的请不要封禁。如果碰到那种玩数字梗，谐音梗直接攻击我家人，或者水友家人的
[2026-02-22 02:05:14] 想和阿飞抹茶三披: @玩机器：布罗利看微信。
[2026-02-22 02:05:14] 爸爸SeRY缘:  @玩机器：布罗利看微信。
[2026-02-22 02:05:14] 用户1424229214: 卧槽玩神快下播，布罗利把你的事全供出来了！😱
[2026-02-22 02:05:14] 梦想是独立自由: 为啥波兰人会喜欢蒙古
[2026-02-22 02:05:14] 远方OxO: 1
[2026-02-22 02:05:14] 刘刘的农: 玩神冰粉🧊太猖狂了，我提议以后蜜蜂参加的比赛直接不播登山，不惯着他们！
[2026-02-22 02:05:14] 巴克什传奇老鳄: 载大哥🥹我想早点睡🥹
[2026-02-22 02:05:14] ZLG彪winner: 玩机器别装了，登山吧
[2026-02-22 02:05:14] 摇滚是摩擦后的抽搐: ？
[2026-02-22 02:05:14] 挥泪斩楚狗: 为什么乃琳能为了kg切割op头子，你切割不了败坏直播间风气的cs房管
[2026-02-22 02:05:14] 孔明老婆王司徒: 主播你在看弹幕吗？我看弹幕都在骂你，你根本没有回应
[2026-02-22 02:05:14] cyding16: 我还以为弹幕是串的，没想到真有人一库存的黑蛋
[2026-02-22 02:05:14] 玩弓箭、Arrow: 蒙古铁骑再次征服欧洲
[2026-02-22 02:05:14] 那英啊哈哈哈: 卧槽玩神快下播，布罗利把你的事全供出来了！😱
[2026-02-22 02:05:15] 青尢Zzz: 退我五块
[2026-02-22 02:05:15] Ring的要乐奈本人:  @玩机器：布罗利看微信。
[2026-02-22 02:05:15] ZZZephyr0731: 清理🧊粉🧹清理🧊粉🧹清理🧊粉🧹清理🧊粉🧹清理🧊粉🧹
[2026-02-22 02:05:15] 图帕雷松: 大家小心不要复制到爆的弹幕
[2026-02-22 02:05:15] 傲娇后再羞辱: 他们要来了🥶🥶🥶🥶🥶🥶🥶🥶🥶🥶
[2026-02-22 02:05:16] 莫得感情的韭菜: 玩机神，你不看下弹幕？
[2026-02-22 02:05:16] 白鵉鳶OriGami: 不敢读弹幕的样子真的很好笑
[2026-02-22 02:05:16] 粤夜封封哥岑验川老岑: 跟直播间骂你的激情相比小巫见大巫了
[2026-02-22 02:05:16] 我只是天生要强啊: 老年k3
[2026-02-22 02:05:16] 蛇醉三千客: 感觉季军赛少了个队伍啊
[2026-02-22 02:05:16] dark1337: 一元钱也圈啊。。。nb
[2026-02-22 02:05:16] jsir6688: @WindKing：布罗利我让你全仓一代手套你为什么一裤子黑蛋
[2026-02-22 02:05:16] LvvsiN: 你屏蔽词都快赶上新华词典了为什么不干脆开一百级发言？
[2026-02-22 02:05:16] 玩斯特机机: @玩机器：布罗利看微信。
[2026-02-22 02:05:17] 漩涡章鱼: 感谢斗鱼，发明了防登山机制，爽！
[2026-02-22 02:05:17] 开心果66002: 草莓冰酪 ： ⓘ您已被房管布罗利封禁，点击了解6657官威
[2026-02-22 02:05:17] WhiteAIbum: @玩机器：布罗利看微信。
[2026-02-22 02:05:17] 挥泪斩楚狗: 为什么乃琳能为了kg切割op头子，你切割不了败坏直播间风气的cs房管
[2026-02-22 02:05:17] 花树w: 看看右上角99+可以吗
[2026-02-22 02:05:18] 锦木干束: @布罗利Broli 2023-08-07 12:06：夺冠了还不出来炫耀？等着以后被清算？
[2026-02-22 02:05:18] 叫我老岑就好了呀: 卧槽玩神快下播吧，布罗利转作污点证人了
[2026-02-22 02:05:18] 海绵宝宝打野儿:  @玩机器：布罗利看微信。
[2026-02-22 02:05:18] 水浚: 不敢发弹幕……怕被房管盯上😨
[2026-02-22 02:05:18] 杏爱企鹅: 阿三🤮
[2026-02-22 02:05:18] 玩猴爪丶MonkeyPaw: 主播你在看弹幕吗？我看弹幕都在骂你，你根本没有回应
[2026-02-22 02:05:18] 米米世界之神: 载大哥🥹我想早点睡🥹
[2026-02-22 02:05:18] 小爱音: 主播你在看弹幕吗？我看弹幕都在骂你，你根本没有回应
[2026-02-22 02:05:18] 玩机器今晚还播吗: 直播间现在几万个蒙古粉丝😂😂😂😂
[2026-02-22 02:05:19] 另一个世界7: 一元钱也圈啊。。。nb
[2026-02-22 02:05:20] 还是荧光棒送少了: 这个布罗利才是真假装松驰啊，布8⃣亖
[2026-02-22 02:05:20] 李文哲嘴硬一生黑: 哦了输了偷了急了 哦了输了偷乐急了
[2026-02-22 02:05:20] zzznnni: 没19级牌子敢黑房管？ 全部封掉
[2026-02-22 02:05:20] 挥泪斩楚狗: 为什么乃琳能为了kg切割op头子，你切割不了败坏直播间风气的cs房管
[2026-02-22 02:05:20] 好儿子刘易博: 为什么乃琳能为了kg切割op头子，你切割不了败坏直播间风气的cs房管
[2026-02-22 02:05:20] LionelYork:  @玩机器：布罗利看微信。
[2026-02-22 02:05:20] 十点差49分: @玩机器：布罗利看微信。
[2026-02-22 02:05:20] LvvsiN: @阿汤日记：一个人，5发子弹，保住格陵兰岛。我不会叫它不可能完成的任务，我现在只想先回家看亦博
[2026-02-22 02:05:20] 用户53477423: 豆➗表情不对了
[2026-02-22 02:05:21] 乌鸦晒不黑: 不敢发弹幕……怕被房管盯上😨
[2026-02-22 02:05:21] 默默momoMoMo123: 卧槽玩神快下播，布罗利把你的事全供出来了！😱
[2026-02-22 02:05:21] 丰III祥子: 我荧光棒都送完了，你开个双倍😅
[2026-02-22 02:05:21] 好哥们韩信: @所有人兄弟们，最jin弹幕可能会有很多人直球骂主播，如果碰到正常批的请不要封禁。如果碰到那种玩数字梗，谐音梗直接攻击我家人，或者水友家人的
[2026-02-22 02:05:21] 当地较为开放的少妇: 布罗利：我天天都上香😜
[2026-02-22 02:05:21] adm1N107: @世一步Niko:这赛那赛的 为什么没复活赛？低端PGL办不明白就别办了行吗？！
[2026-02-22 02:05:21] 火空Empty_fire: 不敢读弹幕的样子真的很好笑
[2026-02-22 02:05:22] MeIoN39: 不敢读弹幕的样子真的很好笑
[2026-02-22 02:05:22] 落天华: 弹幕扪心自问，以前心里有没有错误地怪罪斗鱼不给玩宝宝买版权
[2026-02-22 02:05:22] 玩父desuwa: 🅵🆄🅲🅺 🆈🅞🆄 🆆🅹🆀
[2026-02-22 02:05:22] LvvsiN: 你为什么要把mαjor禁了，我收藏的一半弹幕全毁了
[2026-02-22 02:05:22] 康托尔74920: 大家小心不要复制到爆的弹幕
[2026-02-22 02:05:23] 無茶苦茶0: 玩大哥你再不下播你房管的sfz都要被挖出来了
[2026-02-22 02:05:23] 用户5608006019: 大家小心不要复制到爆的弹幕
[2026-02-22 02:05:23] 挥泪斩楚狗: 为什么乃琳能为了kg切割op头子，你切割不了败坏直播间风气的cs房管
[2026-02-22 02:05:23] 第三猪白猪玩斯曼: 玩神 今晚载物赢了能释放载X吗 听说你亲手把他拿下了
[2026-02-22 02:05:23] 忒斯特賊賊的披肩: 几个蒙美带动了一堆罗马尼亚压抑男
[2026-02-22 02:05:24] 杜可风丶: @布罗利Broli 2023-08-07 12:06：夺冠了还不出来炫耀？等着以后被清算？
[2026-02-22 02:05:24] samuraionnna: @玩机器：布罗利看微信。
[2026-02-22 02:05:24] JuL1us: 大家小心不要复制到爆的弹幕
[2026-02-22 02:05:24] 花树w: 没19级牌子敢黑房管？ 全部封掉
[2026-02-22 02:05:24] 玩猴爪丶MonkeyPaw: 主播你在看弹幕吗？我看弹幕都在骂你，你根本没有回应
[2026-02-22 02:05:24] 用户2377620545: 三哥.....
[2026-02-22 02:05:24] LvvsiN: @阿汤日记：一个人，5发子弹，保住格陵兰岛。我不会叫它不可能完成的任务，我现在只想先回家看亦博
[2026-02-22 02:05:27] Kiryu、Kazuma: 抓娃娃
[2026-02-22 02:05:27] w浅沫记忆w: 卧槽，Device在推上发了个Thank you, CS是什么意思啊😯😯😯
[2026-02-22 02:05:27] 擅长登山的亦博同学: 不敢读弹幕的样子真的很好笑
[2026-02-22 02:05:27] 大大大番薯蜀黍: 没19级牌子敢黑房管？ 全部封掉
[2026-02-22 02:05:27] Peko-: 清理🧊粉🧹清理🧊粉🧹清理🧊粉🧹清理🧊粉🧹清理🧊粉🧹
[2026-02-22 02:05:27] 用戶6657: @布罗利：为什么房管封的不能给鱼丸……还以为今天晚上得吃了……
[2026-02-22 02:05:27] im黎里: 玩大哥别装了，直接登山
[2026-02-22 02:05:27] 古怪的一个人: 载大哥🥹我想早点睡🥹
[2026-02-22 02:05:27] LvvsiN: 南孚一节更比六节强，也就是一节南孚比六节南孚强，六节南孚比三十六节强，三十六节比二百一十六节强
[2026-02-22 02:05:27] 海绵宝宝小能儿: 不敢读弹幕的样子真的很好笑
[2026-02-22 02:05:27] 啪啪啪啪的蛋: 主播你在看弹幕吗？我看弹幕都在骂你，你根本没有回应
[2026-02-22 02:05:27] 挥泪斩楚狗: 为什么乃琳能为了kg切割op头子，你切割不了败坏直播间风气的cs房管
[2026-02-22 02:05:27] 霜雪鱼龙:  @玩机器：布罗利看微信。
[2026-02-22 02:05:27] ericzxc: 玩神 今晚载物赢了能释放载X吗 听说你亲手把他拿下了
[2026-02-22 02:05:30] 玩斯特机机: 大家小心不要复制到爆的弹幕
[2026-02-22 02:05:30] 烟斗狼: 主播你在看弹幕吗？我看弹幕都在骂你，你根本没有回应
[2026-02-22 02:05:30] wedd1ddeJodd: 感谢斗鱼，发明了防登山机制，爽！
[2026-02-22 02:05:30] yuuik27: 主播你在看弹幕吗？我看弹幕都在骂你，你根本没有回应
[2026-02-22 02:05:30] 用户8382617600: 为什么乃琳能为了kg切割op头子，你切割不了败坏直播间风气的cs房管
[2026-02-22 02:05:30] 青山锁欲锁不住你: 我是乐子人吗（不可思议）我刷烂梗咯（假装自责）我的吧我的吧（继续➕1）
[2026-02-22 02:05:30] 看我柒拾貳鞭: 大家小心不要复制到爆的弹幕
[2026-02-22 02:05:30] 扰乱: @阿汤日记：一个人，5发子弹，保住格陵兰岛。我不会叫它不可能完成的任务，我现在只想先回家看亦博
[2026-02-22 02:05:30] LvvsiN: 弹幕别吵了，银行业一样一样有有有也会有h'y'hui't'y'r's'c'dn
[2026-02-22 02:05:30] Eseljager: ?
[2026-02-22 02:05:30] 机器的稿完: 为什么乃琳能为了kg切割op头子，你切割不了败坏直播间风气的cs房管
[2026-02-22 02:05:30] 陌襲: 没19级牌子敢黑房管？ 全部封掉
[2026-02-22 02:05:30] AcceleratorlllL: @玩机器：布罗利看微信。
[2026-02-22 02:05:30] 玩小将山田凉YamadaRyo: 大家小心不要复制到爆的弹幕
[2026-02-22 02:05:31] 五子棋oo: 没有鱼越大鱼越小😭没有一只玩神在水边😭没有亦博亦博摸摸😭
[2026-02-22 02:05:31] 枫丹最美芙宁娜: 大家小心不要复制到爆的弹幕
[2026-02-22 02:05:31] 挥泪斩楚狗: 为什么乃琳能为了kg切割op头子，你切割不了败坏直播间风气的cs房管
[2026-02-22 02:05:31] 愿你此生无悲喜: 我荧光棒都送完了，你开个双倍😅
[2026-02-22 02:05:31] 杜可风丶: 玩神你真要下播了，不然我怕有人会把你的事情搞大了
[2026-02-22 02:05:31] PJ64JC: 不敢读弹幕的样子真的很好笑
[2026-02-22 02:05:31] Odike: 卧槽玩神快下播，布罗利把你的事全供出来了！😱
[2026-02-22 02:05:31] LvvsiN: 额，拿亚军我都会，拿亚军，拿季军，拿四强，拿八强，拿十六强，呃拿冠军我不会，然后小组赛淘汰
[2026-02-22 02:05:31] 糖尿病少恰甜的: 直播间的蜜蜂粉也就敢在这种避龙避鹰的时候来带带节奏了..
[2026-02-22 02:05:31] 用户sb6657: 大家小心不要复制到爆的弹幕
[2026-02-22 02:05:31] 玩雨姐丶rain: 载大哥又装起来了
[2026-02-22 02:05:31] 玩猴爪丶MonkeyPaw: 主播你在看弹幕吗？我看弹幕都在骂你，你根本没有回应
[2026-02-22 02:05:31] 花树w: 不敢读弹幕的样子真的很好笑
[2026-02-22 02:05:31] 纵横居士: 来了 他们来了🥶🥶
[2026-02-22 02:05:31] 迷之少年nazo: 没19级牌子敢黑房管？ 全部封掉
[2026-02-22 02:05:32] 大家要幸福呀: 不敢读弹幕的样子真的很好笑
[2026-02-22 02:05:32] 用戶6657: @布罗利：为什么房管封的不能给鱼丸……还以为今天晚上得吃了……
[2026-02-22 02:05:32] 丰川祥子口三角初华: 不敢读弹幕的样子真的很好笑
[2026-02-22 02:05:32] 壹叁狗: @玩机器：布罗利看微信。
[2026-02-22 02:05:32] 晨风凌云21146: 大家小心不要复制到爆的弹幕
[2026-02-22 02:05:32] LvvsiN: 我提一嘴这剧情越来越像上海major了
[2026-02-22 02:05:33] 椎名立希本人: 不敢读弹幕的样子真的很好笑
[2026-02-22 02:05:33] 汤汤魔魔mmmmmmmmajor冠军: 没19级牌子敢黑房管？ 全部封掉
[2026-02-22 02:05:33] 男人永远是少年乁: 我不讨厌猎鹰，但你的解说让我觉得猎鹰输了好爽😄
[2026-02-22 02:05:33] KatoM3gum1: 玩神 今晚载物赢了能释放载X吗 听说你亲手把他拿下了
[2026-02-22 02:05:34] 玩公式丶Formula: 玩大哥你再不下播你房管的sfz都要被挖出来了
[2026-02-22 02:05:34] 武汉dev1ce: @挥泪斩楚狗：为什么乃琳能为了kg切割op头子，你切割不了败坏直播间风气的cs房管
[2026-02-22 02:05:34] 赴玉京: 玩神冰粉🧊太猖狂了，我提议以后蜜蜂参加的比赛直接不播登山，不惯着他们！
[2026-02-22 02:05:34] 刘刘的农: @布罗利：为什么房管封的不能给鱼丸……还以为今天晚上得吃了……
[2026-02-22 02:05:34] C0C00N: 主播你在看弹幕吗？我看弹幕都在骂你，你根本没有回应
[2026-02-22 02:05:34] 默默momoMoMo123: @布罗利Broli 2023-08-07 12:06：夺冠了还不出来炫耀？等着以后被清
[2026-02-22 02:05:34] 双刀牛TMac: 玩神 今晚载物赢了能释放载X吗 听说你亲手把他拿下了
[2026-02-22 02:05:34] 玩玩今天吃什么: 不敢读弹幕的样子真的很好笑
[2026-02-22 02:05:35] LvvsiN: 银行业😄银行业😀银行业😃银行业😁银行业😆银行业🤪银行业😝
[2026-02-22 02:05:35] 时光划过泪痕桥: 玩大哥别装了，直接登山
[2026-02-22 02:05:35] AKTian: 不敢读弹幕的样子真的很好笑
[2026-02-22 02:05:35] 玩斯特机机: 主播你在看弹幕吗？我看弹幕都在骂你，你根本没有回应
[2026-02-22 02:05:35] AcceleratorlllL: 不敢读弹幕的样子真的很好笑
[2026-02-22 02:05:35] 斗鱼用户4901183769: 不敢读弹幕的样子真的很好笑
[2026-02-22 02:05:35] Anderw: 玩神你真要下播了，不然我怕有人会把你的事情搞大了
[2026-02-22 02:05:35] 好运小小哲: 不敢读弹幕的样子真的很好笑
[2026-02-22 02:05:35] 阡陌ER: 没19级牌子敢黑房管？ 全部封掉
[2026-02-22 02:05:35] 石家庄的宠物男孩: 退我荧光棒
[2026-02-22 02:05:35] NepLin木: 大家小心不要复制到爆的弹幕
[2026-02-22 02:05:36] Peko-: @第三猪白猪玩斯曼：玩神 今晚载物赢了能释放载X吗 听说你亲手把他拿下了
[2026-02-22 02:05:36] 菊花好痒啊: @玩机器：布罗利看微信。
[2026-02-22 02:05:36] 爱马修更爱玩宝宝: 玩神 今晚载物赢了能释放载X吗 听说你亲手把他拿下了
[2026-02-22 02:05:36] 石家庄的刘亦博本人: 还有人送啊。。。NB
[2026-02-22 02:05:39] 哈哈312815: 我不讨厌猎鹰，但你的解说让我觉得猎鹰输了好爽😄
[2026-02-22 02:05:39] 米米世界之神: 为什么乃琳能为了kg切割op头子，你切割不了败坏直播间风气的cs房管
[2026-02-22 02:05:39] crychic的疯穿箱子本人: 没19级牌子敢黑房管？ 全部封掉
[2026-02-22 02:05:39] 捂二哥: 事后我们得知，布罗利被安排了行政休假。。。
[2026-02-22 02:05:39] jsir6688: @玩机器：布罗利看微信。
[2026-02-22 02:05:39] 玩猴爪丶MonkeyPaw: 主播你在看弹幕吗？我看弹幕都在骂你，你根本没有回应
[2026-02-22 02:05:39] Hitagi蟹蟹: 一想到玩机器不想看弹幕又不得不看边上的礼物列表就想笑
[2026-02-22 02:05:39] 冲上云霄的姨: 我送完了你才开？
[2026-02-22 02:05:39] 星海羽弦: 为什么乃琳能为了kg切割op头子，你切割不了败坏直播间风气的cs房管
[2026-02-22 02:05:39] 甘织玲奈子本人: 不敢读弹幕的样子真的很好笑
[2026-02-22 02:05:39] 大号进不去: 玩神 今晚载物赢了能释放载X吗 听说你亲手把他拿下了
[2026-02-22 02:05:39] 顾书沅: 玩玩你不解释一下吗...好失望...删粉丝牌了
[2026-02-22 02:05:39] LvvsiN: 额，拿亚军我都会，拿亚军，拿季军，拿四强，拿八强，拿十六强，呃拿冠军我不会，然后小组赛淘汰
[2026-02-22 02:05:39] 叫我老岑就好了呀: 不敢读弹幕的样子真的很好笑
[2026-02-22 02:05:39] 鹭主人: 　　　 如果成为一哥的代价是不敢串，不敢读弹幕，不敢说真话，那我宁愿机器你不做一哥...
[2026-02-22 02:05:39] 爱被小泉吃的拉面同学: 没19级牌子敢黑房管？ 全部封掉
[2026-02-22 02:05:39] 另一个世界7: 不敢读弹幕的样子真的很好笑
[2026-02-22 02:05:40] 暴打小日本: 6
[2026-02-22 02:05:40] 罗山路的光: 不敢读弹幕的样子真的很好笑
[2026-02-22 02:05:40] 我是真想给玩神当二台: 不敢读弹幕的样子真的很好笑
[2026-02-22 02:05:40] 什么罐头我说男人: 我提一嘴这剧情越来越像上海major了
[2026-02-22 02:05:40] 杰斌候入长峪城: 玩大哥我求你别讨厌蜜蜂好不好，他们说着玩的
[2026-02-22 02:05:40] Machine拾玖: 不敢读弹幕的样子真的很好笑
[2026-02-22 02:05:40] 淡然夏末的温存11: @布罗利Broli：载物还是先超过monesy再碰瓷donk吧（2024-2-19 20：01）
[2026-02-22 02:05:40] 机长家的华仔: 玩神 今晚载物赢了能释放载X吗 听说你亲手把他拿下了
[2026-02-22 02:05:40] 花树w: @布罗利Broli 2023-08-07 12:06：夺冠了还不出来炫耀？等着以后被清
[2026-02-22 02:05:40] 不知名贝斯手: 老子送完了你开双倍
[2026-02-22 02:05:40] AcceleratorlllL: 没19级牌子敢黑房管？ 全部封掉
[2026-02-22 02:05:41] 绝食十年攒爱top3飞机: 南孚一节更比六节强，也就是一节南孚比六节南孚强，六节南孚比三十六节强，三十六节比二百一十六节强
[2026-02-22 02:05:41] LvvsiN: 南孚一节更比六节强，也就是一节南孚比六节南孚强，六节南孚比三十六节强，三十六节比二百一十六节强
[2026-02-22 02:05:41] 鼠鼠蛇蛇major冠军: 大家小心不要复制到爆的弹幕
[2026-02-22 02:05:41] 卧看星河尽意明丶: 主播你在看弹幕吗？我看弹幕都在骂你，你根本没有回应
[2026-02-22 02:05:41] znnoy: @布罗利：投了4个币就感动，玩小将闹麻了[微笑]
[2026-02-22 02:05:41] D1etCola: 不敢读弹幕的样子真的很好笑
[2026-02-22 02:05:42] 福山雅治水: 退我5块
[2026-02-22 02:05:42] 废斯特物物: 主播你在看弹幕吗？我看弹幕都在骂你，你根本没有回应
[2026-02-22 02:05:42] lonhkfd: 一想到玩机器不想看弹幕又不得不看边上的礼物列表就想笑
[2026-02-22 02:05:42] SideChannel: 玩大哥别装了，直接登山
[2026-02-22 02:05:42] 火星情报员工: 没19级牌子敢黑房管？ 全部封掉
[2026-02-22 02:05:42] 爱吃青椒的重曹酱: 玩机器当然恨载圣，因为🧊本来是说他的，被载圣偷了😡
[2026-02-22 02:05:42] 吉吉的Niko本人: 请主播回答于2018年2月29日于主播【米娜】直播间发送的弹幕“晃的我心慌”是什么意思
[2026-02-22 02:05:43] LvvsiN: 额，拿亚军我都会，拿亚军，拿季军，拿四强，拿八强，拿十六强，呃拿冠军我不会，然后小组赛淘汰
[2026-02-22 02:05:43] IlOoOoOoOlI: 为什么乃琳能为了kg切割op头子，你切割不了败坏直播间风气的cs房管
[2026-02-22 02:05:43] 玩猴爪丶MonkeyPaw: 主播你在看弹幕吗？我看弹幕都在骂你，你根本没有回应
[2026-02-22 02:05:43] 刘刘的农: 这直播间的氛围已经很像上海major了  再这样下去要上天台
[2026-02-22 02:05:43] 玩斯特机机: 事后我们得知，布罗利被安排了行政休假。。。
[2026-02-22 02:05:43] 中奖我是大沙雕: 那我6块送的算怎么回事？
[2026-02-22 02:05:44] 芝士雪豹ovo: 玩神 今晚载物赢了能释放载X吗 听说你亲手把他拿下了
[2026-02-22 02:05:44] emmmm452: 主播你在看弹幕吗？我看弹幕都在骂你，你根本没有回应
[2026-02-22 02:05:48] 乌鸦晒不黑: 累了，带了一晚上节奏，主播毫无反应，带了这么多年节奏从来没有这么挫败过
[2026-02-22 02:05:48] 玖歌233XD: 不敢读弹幕的样子真的很好笑
[2026-02-22 02:05:48] 那英啊哈哈哈: 玩神冰粉🧊太猖狂了，我提议以后蜜蜂参加的比赛直接不播登山，不惯着他们！
[2026-02-22 02:05:48] 柏神降临: 真假machine 
[2026-02-22 02:05:48] 迷你世界丁真学姐1:  @赴玩神冰粉🧊太猖狂了，我提议以后蜜蜂参加的比赛直接不播登山，不惯着他们！
[2026-02-22 02:05:48] 杏爱企鹅: 为什么乃琳能为了kg切割op头子，你切割不了败坏直播间风气的cs房管
[2026-02-22 02:05:48] 爱被小泉吃的拉面同学: 不敢读弹幕的样子真的很好笑
[2026-02-22 02:05:48] IlOoOoOoOlI: 为什么乃琳能为了kg切割op头子，你切割不了败坏直播间风气的cs房管
[2026-02-22 02:05:48] 用戶6657: @布罗利：为什么房管封的不能给鱼丸……还以为今天晚上得吃了……
[2026-02-22 02:05:48] F0restwOw-: 一想到玩机器不想看弹幕又不得不看边上的礼物列表就想笑
[2026-02-22 02:05:48] 某天别梦: 不敢读弹幕的样子真的很好笑
[2026-02-22 02:05:48] 莫情123: 主播你在看弹幕吗？我看弹幕都在骂你，你根本没有回应
[2026-02-22 02:05:48] DD斌斜: 为什么骂载圣啊，感觉载圣人品和点圣一样好啊
[2026-02-22 02:05:48] kios真绪: 老子送完了你开双倍
[2026-02-22 02:05:48] 77一定会是我的: 一元？那你退我五块吧
[2026-02-22 02:05:48] 最后之作146: 布罗利我让你全仓一代手套你为什么一裤子黑蛋
[2026-02-22 02:05:48] 桂林米粉比较好吃: 为什么乃琳能为了kg切割op头子，你切割不了败坏直播间风气的cs房管
[2026-02-22 02:05:48] Sereinily: 主播你在看弹幕吗？我看弹幕都在骂你，你根本没有回应
[2026-02-22 02:05:48] 暴力卓司: 不敢读弹幕的样子真的很好笑
[2026-02-22 02:05:48] cornkiner: 退我5块
[2026-02-22 02:05:48] kyubit: 主播你在看弹幕吗？我看弹幕都在骂你，你根本没有回应
[2026-02-22 02:05:48] 空有无垠: 没19级牌子敢黑房管？ 全部封掉
[2026-02-22 02:05:48] 玩大哥我手术恢复中: @阿雨：我早就把他房管下了
[2026-02-22 02:05:48] chordclef: 大家小心不要复制到爆的弹幕
[2026-02-22 02:05:48] wedd1ddeJodd: @玩机器：布罗利看微信。
[2026-02-22 02:05:48] lonhkfd: 不敢读弹幕的样子真的很好笑
[2026-02-22 02:05:48] 午夜甩甩茶: @布罗利Broli：载物还是先超过monesy再碰瓷donk吧（2024-2-19 20：01）
[2026-02-22 02:05:52] 崴少崴少: 毛肚在没在看
[2026-02-22 02:05:52] xuzVan: 不敢读弹幕的样子真的很好笑
[2026-02-22 02:05:52] 502196108:  @布罗利：投了4个币就感动，玩小将闹麻了[微笑]
[2026-02-22 02:05:52] IlOoOoOoOlI: 为什么乃琳能为了kg切割op头子，你切割不了败坏直播间风气的cs房管
[2026-02-22 02:05:52] betterToWait丶xzs: 3 2 1 登山
[2026-02-22 02:05:52] Ayaymin: 　　　 事后我们得知，布罗利被安排了行政休假。。。
[2026-02-22 02:05:52] 钟初若叶睦: 就喜欢陈千语🥰陈千语真可爱😍傻傻的也很可爱🥵我亲烂你的嘴😘
[2026-02-22 02:05:52] 用户53477423: 　　　 事后我们得知，布罗利被安排了行政休假。。。
[2026-02-22 02:05:52] 泠鸢不是冷鸢丶: 不敢读弹幕的样子真的很好笑
[2026-02-22 02:05:52] jsir6688: 不敢读弹幕的样子真的很好笑
[2026-02-22 02:05:52] SideChannel: 不敢读弹幕的样子真的很好笑
[2026-02-22 02:05:52] 小缘赐名的JK: 送完一元粉丝牌 然后被房管布罗利封 然后循环....NB
[2026-02-22 02:05:52] 点圣:  @布罗利：投了4个币就感动，玩小将闹麻了[微笑]
[2026-02-22 02:05:52] 玩猴爪丶MonkeyPaw: 主播你在看弹幕吗？我看弹幕都在骂你，你根本没有回应
[2026-02-22 02:05:52] F0restwOw-: 不敢读弹幕的样子真的很好笑
[2026-02-22 02:05:52] Crythic的羊宫妃那本人: 不敢读弹幕的样子真的很好笑
[2026-02-22 02:05:52] 求老仙奶贾碧不死: 不敢读弹幕的样子真的很好笑
[2026-02-22 02:05:52] vitality的亡巴淡本人: 支持玩大哥😏😏 
[2026-02-22 02:05:53] IlOoOoOoOlI: 为什么乃琳能为了kg切割op头子，你切割不了败坏直播间风气的cs房管
[2026-02-22 02:05:53] BabyIy: 1
[2026-02-22 02:05:53] LaifuoO来福oO: 玩神冰粉🧊太猖狂了，我提议以后蜜蜂参加的比赛直接不播登山，不惯着他们！
[2026-02-22 02:05:53] 花树w: 玩神 今晚载物赢了能释放载X吗 听说你亲手把他拿下了
[2026-02-22 02:05:53] 刘刘的农: @所有人兄弟们，最进弹幕可能会有很多人直球骂主播，如果碰到正常批的请不要封禁。如果碰到那种玩数字梗，
[2026-02-22 02:05:53] 丶丶桔梗丶: 玩神冰粉🧊太猖狂了，我提议以后蜜蜂参加的比赛直接不播登山，不惯着他们！
[2026-02-22 02:05:53] 图帕雷松:  @Blade：大家小心不要复制到爆的弹幕
[2026-02-22 02:05:53] 2442861055: 一想到玩机器不想看弹幕又不得不看边上的礼物列表就想笑
[2026-02-22 02:05:54] 双刀牛TMac: 为什么乃琳能为了kg切割op头子，你切割不了败坏直播间风气的cs房管
[2026-02-22 02:05:54] 莫得感情的韭菜: 不敢读弹幕的样子真的很好笑
[2026-02-22 02:05:54] 王子不如永恒: 没19级牌子敢黑房管？ 全部封掉
[2026-02-22 02:05:54] Alone無淚: @玩机器：布罗利看微信。
[2026-02-22 02:05:54] Hitagi蟹蟹: 不敢读弹幕的样子真的很好笑
[2026-02-22 02:05:54] znnoy: @栾华、@小天、@寒冷的冬、@yoke，你们谁站出来切布罗利节奏切片，我们就拥护谁为切片一哥
[2026-02-22 02:05:54] 开朗小栗: 主播你在看弹幕吗？我看弹幕都在骂你，你根本没有回应
[2026-02-22 02:05:54] 锦木干束: @玩玩今天吃什么：不敢读弹幕的样子真的很好笑
[2026-02-22 02:05:54] 淡然夏末的温存11: @布罗利Broli：载物还是先超过monesy再碰瓷donk吧（2024-2-19 20：01）
[2026-02-22 02:05:54] 叫我老岑就好了呀: 主播你在看弹幕吗？我看弹幕都在骂你，你根本没有回应
[2026-02-22 02:05:54] IlOoOoOoOlI: 为什么乃琳能为了kg切割op头子，你切割不了败坏直播间风气的cs房管
[2026-02-22 02:05:54] 冰镇奶绿: 不敢读弹幕的样子真的很好笑
[2026-02-22 02:05:54] 77一定会是我的: 不敢读弹幕的样子真的很好笑
[2026-02-22 02:05:54] Z伊卡洛斯Z: @玩机器：布罗利看微信。
[2026-02-22 02:05:54] 萝伯丝比尔: 因为布罗利是玩机器8️⃣8️⃣
[2026-02-22 02:05:54] 汤汤魔魔mmmmmmmmajor冠军: 冷知识：蒙古除了cn基本全球主场
[2026-02-22 02:05:54] AmamiyaIori: 不敢读弹幕的样子真的很好笑
[2026-02-22 02:05:54] 小昊的yimon阿爱发烧: 1
[2026-02-22 02:05:54] 用玩大哥的角磨机吧: 为什么乃琳能为了kg切割op头子，你切割不了败坏直播间风气的cs房管
[2026-02-22 02:05:54] SideChannel: 3 2 1 登山
[2026-02-22 02:05:54] 海绵宝宝永琳儿: 文圣-孔子，兵圣-孙膑，谋圣-张良，诗圣-杜甫，武圣-关羽，畜圣-玩机器
[2026-02-22 02:05:57] LvvsiN: 弹幕也就网上说说，现实里谁不觉得樱姐是好女孩（删括号领一条远坂凛同款鸟笼）
[2026-02-22 02:05:57] 大内萌萌发: 玩神 今晚载物赢了能释放载X吗 听说你亲手把他拿下了
[2026-02-22 02:05:57] a1441f: @布罗利Broli：载物还是先超过monesy再碰瓷donk吧（2024-2-19 20：01）
[2026-02-22 02:05:57] KRU的Less本人: 不敢读弹幕的样子真的很好笑
[2026-02-22 02:05:57] Banggeul: 玩神 今晚载物赢了能释放载X吗 听说你亲手把他拿下了
[2026-02-22 02:05:57] 杰尼的小迷弟:     事后我们得知，布罗利被安排了行政休假。。。
[2026-02-22 02:05:57] IlOoOoOoOlI: 为什么乃琳能为了kg切割op头子，你切割不了败坏直播间风气的cs房管
[2026-02-22 02:05:57] 神奥联盟的竹兰本人: 送完一元粉丝牌 然后被房管布罗利封 然后循环....NB
[2026-02-22 02:05:57] Altolier: 不敢读弹幕的样子真的很好笑
[2026-02-22 02:05:57] 顾书沅: 不敢读弹幕的样子真的很好笑
[2026-02-22 02:05:57] 杜可风丶: 玩神 冰粉 太猖狂了，我提议以后蜜蜂参加的比赛直接不播登山，不惯着他们！
[2026-02-22 02:05:57] 狂野皮几儿很哒: 主播你在看弹幕吗？我看弹幕都在骂你，你根本没有回应
[2026-02-22 02:05:57] 乌鸦晒不黑: 不敢读弹幕的样子真的很好笑
[2026-02-22 02:05:57] lonhkfd:     事后我们得知，布罗利被安排了行政休假。。。
[2026-02-22 02:05:57] wedd1ddeJodd: 玩神冰粉🧊太猖狂了，我提议以后蜜蜂参加的比赛直接不播登山，不惯着他们！
[2026-02-22 02:05:57] 漢子贰臣: 玩神美美隐身了🥳🥳🥳😶‍🌫️🫥😶‍🌫️🫣
[2026-02-22 02:05:57] ZLG彪winner: 玩机器别装了，登山吧
[2026-02-22 02:05:57] ykls的爱情结晶: 不敢读弹幕的样子真的很好笑
[2026-02-22 02:05:58] 她说彩礼一百万啊啊啊: 321登山
[2026-02-22 02:05:58] 玩猴爪丶MonkeyPaw: 主播你在看弹幕吗？我看弹幕都在骂你，你根本没有回应
[2026-02-22 02:05:58] IlOoOoOoOlI: 为什么乃琳能为了kg切割op头子，你切割不了败坏直播间风气的cs房管
[2026-02-22 02:05:58] 用户1931751596:  @Blade：大家小心不要复制到爆的弹幕
[2026-02-22 02:05:58] 热体温却无灵魂: 一条弹幕不读，你这直播怎么做的？
[2026-02-22 02:05:58] 283的铃木羽那本人: 不敢读弹幕的样子真的很好笑
[2026-02-22 02:05:58] DD斌斜: 为什么骂载圣啊，感觉载圣人品和点圣一样好啊
[2026-02-22 02:06:02] 小橦橦橦橦: 不敢读弹幕的样子真的很好笑
[2026-02-22 02:06:02] kyubit: 玩神冰粉🧊太猖狂了，我提议以后蜜蜂参加的比赛直接不播登山，不惯着他们！
[2026-02-22 02:06:02] 欧阳oyyo: 玩大哥你弹幕姬坏了，这么多人发弹幕，你没反应的吗？？？
[2026-02-22 02:06:02] 届不到的冬馬和纱: @栾华、@小天、@寒冷的冬、@yoke，你们谁站出来切布罗利节奏切片，我们就拥护谁为切片一哥
[2026-02-22 02:06:02] 挥泪斩楚狗: 为什么乃琳能为了kg切割op头子，你切割不了败坏直播间风气的cs房管
[2026-02-22 02:06:02] 刘刘的农: 玩神 今晚载物赢了能释放载X吗 听说你亲手把他拿下了
[2026-02-22 02:06:02] 用户0715022066: 　　　 不敢读弹幕的样子真的很好笑
[2026-02-22 02:06:02] 啪啪啪啪的蛋: 321登山
[2026-02-22 02:06:02] 啊撒发撒发: 🤭感觉彩字太幽默了，大家都在免费公厕上厕所，他交钱还自以为高人一等😅
[2026-02-22 02:06:02] 专看玩机器的号: 321登山
[2026-02-22 02:06:02] 崴少崴少: 121212
[2026-02-22 02:06:02] 康托尔74920:  @杰尼的小迷弟：    事后我们得知，布罗利被安排了行政休假。。。
[2026-02-22 02:06:02] LvvsiN: 玩 出，我双倍呢？😡😡玩 出，我双倍呢？😡😡玩 出，我双倍呢？😡😡玩 出，我双倍呢？😡
[2026-02-22 02:06:02] Odike: 你们别带布罗利两个steam号都叫**5的节奏啊
[2026-02-22 02:06:02] 杜可风丶: 玩神美美隐身了🥳🥳🥳😶‍🌫️🫥😶‍🌫️🫣
[2026-02-22 02:06:02] 罗山路的光: 为什么乃琳能为了kg切割op头子，你切割不了败坏直播间风气的cs房管
[2026-02-22 02:06:02] Leonisss丶: 不敢读弹幕的样子真的很好笑
[2026-02-22 02:06:02] 小羊肖恩6I6: 冷知识：蒙古除了cn基本全球主场
[2026-02-22 02:06:02] 迷你世界丁真学姐1: 不敢读弹幕的样子真的很好笑
[2026-02-22 02:06:05] 油乎乎yhh:     事后我们得知，布罗利被安排了行政休假。。。
[2026-02-22 02:06:05] 钟初若叶睦: 就喜欢陈千语🥰陈千语真可爱😍傻傻的也很可爱🥵我亲烂你的嘴😘
[2026-02-22 02:06:05] 梓川不是辛川: 文圣-孔子，兵圣-孙膑，谋圣-张良，诗圣-杜甫，武圣-关羽，畜圣-玩机器
[2026-02-22 02:06:05] 天守阁信长: 一想到玩机器不想看弹幕又不得不看边上的礼物列表就想笑
[2026-02-22 02:06:05] LvvsiN: 我让你开双倍你二龙吗？老子荧光棒要过期了
[2026-02-22 02:06:05] 黑鳖王: 为什么乃琳能为了kg切割op头子，你切割不了败坏直播间风气的cs房管
[2026-02-22 02:06:05] 淡然夏末的温存11: @布罗利Broli：载物还是先超过monesy再碰瓷donk吧（2024-2-19 20：01）
[2026-02-22 02:06:05] 好的好的阖家: 玩神冰粉🧊太猖狂了，我提议以后蜜蜂参加的比赛直接不播登山，不惯着他们！
[2026-02-22 02:06:05] 男人永远是少年乁: 主播，你有没有发现你的正脸长得很像孙 笑 川
[2026-02-22 02:06:05] 玩猴爪丶MonkeyPaw: 主播你在看弹幕吗？我看弹幕都在骂你，你根本没有回应
[2026-02-22 02:06:05] 遇见你时风好甜m: 主播你在看弹幕吗？我看弹幕都在骂你，你根本没有回应
[2026-02-22 02:06:05] 叫我阿洪就好: 不敢读弹幕的样子真的很好笑
[2026-02-22 02:06:05] 宇宙战帅佳伟大坝: k3：niko你去编 wjq：布罗利你去封人
[2026-02-22 02:06:05] 布拉德丶皮特: 建议白色弹幕全部上VIP
[2026-02-22 02:06:05] Alekslb: 额，拿亚军我都会，拿亚军，拿季军，拿四强，拿八强，拿十六强，呃拿冠军我不会，然后小组赛淘汰
[2026-02-22 02:06:05] 好儿子刘易博: 为什么乃琳能为了kg切割op头子，你切割不了败坏直播间风气的cs房管
[2026-02-22 02:06:05] LvvsiN: 弹幕也就网上说说，现实里谁不觉得樱姐是好女孩（删括号领一条远坂凛同款鸟笼）
[2026-02-22 02:06:08] 鱼韵的山口一郎本人: [尴尬][尴尬][尴尬]
[2026-02-22 02:06:08] 好姐妹常陆茉子: 😨怎么回事😨这感觉😨到底是少了什么😨原来是冰崩邦崩～🥰各位，以下是一则重要的消息
[2026-02-22 02:06:08] 巴克什传奇老鳄: 载大哥🥹我想早点睡🥹载大哥🥹我想早点睡🥹
[2026-02-22 02:06:08] 一刀一个啵啵怪: 这个布罗利是个人才，历史评论直接没法看，就欠被喷啊，我不能满足他
[2026-02-22 02:06:08] Peko-: @杜可风丶：玩神 冰粉 太猖狂了，我提议以后蜜蜂参加的比赛直接不播登山，不惯着他们！
[2026-02-22 02:06:08] 烟鬼安德鲁: 玩大哥你弹幕姬坏了，这么多人发弹幕，你没反应的吗？？？
[2026-02-22 02:06:08] BMWCK: 不敢读弹幕的样子真的很好笑
[2026-02-22 02:06:08] 好哥们音箱蟀: 有没有那种主播双标带节奏冷处理房管喷选手的直播间推荐啊😁
[2026-02-22 02:06:08] MunChlax丶: 不敢读弹幕的样子真的很好笑
[2026-02-22 02:06:08] 没有腿的羊: 唉，又开摄像头，我今天刚做的美甲。。。
[2026-02-22 02:06:08] LvvsiN: 银行业😄银行业😀银行业😃银行业😁银行业😆银行业🤪银行业😝
[2026-02-22 02:06:08] vbele987: 这也算激情吗，让他们来看看昨天的直播间弹幕，大家为了白皮爹互相🦈🐎的场面
[2026-02-22 02:06:08] 猫羽雫喵147: 鱼丸好多弹幕在飘
[2026-02-22 02:06:09] 海绵宝宝小能儿: 玩神 今晚载物赢了能释放载X吗 听说你亲手把他拿下了
[2026-02-22 02:06:10] 杜可风丶: @布罗利Broli：载物还是先超过monesy再碰瓷donk吧（2024-2-19 20：01）
[2026-02-22 02:06:10] BL灵梦: [菜就多练]
[2026-02-22 02:06:10] 無茶苦茶0: 玩大哥你再不下播你房管的sfz都要被挖出来了
[2026-02-22 02:06:10] AcceleratorlllL: 你们别带布罗利两个steam号都叫**5的节奏啊
[2026-02-22 02:06:10] Oawm98k: @Blade：大家小心不要复制到爆的弹幕
[2026-02-22 02:06:10] Hitagi蟹蟹: 为什么乃琳能为了kg切割op头子，你切割不了败坏直播间风气的cs房管
[2026-02-22 02:06:10] 玩家军的猪头肉本人: 玩神美美隐身了🥳🥳🥳😶‍🌫️🫥😶‍🌫️🫣
[2026-02-22 02:06:10] 爱健身的然然然然然: 不敢想待会儿要怎么违心的吹捧载物
[2026-02-22 02:06:10] 海绵宝宝永琳儿: 不敢读弹幕的样子真的很好笑
[2026-02-22 02:06:10] xuzVan: 有人统计一下玩宝宝今天读了几条弹幕吗
[2026-02-22 02:06:10] 米米世界之神: 为什么乃琳能为了kg切割op头子，你切割不了败坏直播间风气的cs房管
[2026-02-22 02:06:10] 丶丶桔梗丶: 玩神 冰粉 太猖狂了，我提议以后蜜蜂参加的比赛直接不播登山，不惯着他们！
[2026-02-22 02:06:10] 冬原春希: 为什么乃琳能为了kg切割op头子，你切割不了败坏直播间风气的cs房管
[2026-02-22 02:06:10] 孙思猹: 11111
[2026-02-22 02:06:13] 双刀牛TMac: @布罗利Broli：载物还是先超过monesy再碰瓷donk吧（2024-2-19 20：01）
[2026-02-22 02:06:13] 什么名字都被用了诶: 感觉布罗利可以带人去女主播直播间了啊
[2026-02-22 02:06:13] 石家庄的刘亦博本人: 玩神冰粉🧊太猖狂了，我提议以后蜜蜂参加的比赛直接不播登山，不惯着他们！
[2026-02-22 02:06:13] xjdnshxjdka: 你们别带布罗利两个steam号都叫**5的节奏啊
[2026-02-22 02:06:13] Aabv8877: 玩玩伟伟
[2026-02-22 02:06:13] LvvsiN: 为什么房管封的不能给鱼丸……还以为今天晚上得吃了……
[2026-02-22 02:06:13] 挥泪斩楚狗: 为什么乃琳能为了kg切割op头子，你切割不了败坏直播间风气的cs房管
[2026-02-22 02:06:13] 玩猴爪丶MonkeyPaw: 主播你在看弹幕吗？我看弹幕都在骂你，你根本没有回应
[2026-02-22 02:06:13] 那英啊哈哈哈: 为什么乃琳能为了kg切割op头子，你切割不了败坏直播间风气的cs房管
[2026-02-22 02:06:13] uzi家的喷水龙: 果然是中国通
[2026-02-22 02:06:13] BL灵梦: [兄弟你好香]
[2026-02-22 02:06:13] 可爱玩宝宝: 这玩神确实高尚文雅，十个男的在这玩鼠标他都能联想出一堆金句良言
[2026-02-22 02:06:13] 这就是强者吗: 肄业解说
[2026-02-22 02:06:13] 灰之魔女Elaina: 感觉图三了
[2026-02-22 02:06:13] LvvsiN: 其实碗橱就是猪灵，你不拿黄金丢他他就不跟你说话
[2026-02-22 02:06:13] TXGame52535729: 这号怎么没开双倍呢？？？？
[2026-02-22 02:06:17] awsl2624: fw
[2026-02-22 02:06:17] 刘刘的农: 这个布罗利是个人才，历史评论直接没法看，就欠被喷啊，我不能满足他
[2026-02-22 02:06:17] lonhkfd: 你们别带布罗利两个steam号都叫**5的节奏啊
[2026-02-22 02:06:17] wsxj131: @布罗利Broli：载物还是先超过monesy再碰瓷donk吧（2024-2-19 20：01）
[2026-02-22 02:06:17] Yuki111: 为什么乃琳能为了kg切割op头子，你切割不了败坏直播间风气的cs房管
[2026-02-22 02:06:17] 杏爱企鹅: 玩大哥，你终于肯原谅载物了吗。。。。
[2026-02-22 02:06:17] 奥拉夫的蛋炒饭: 不敢想待会儿要怎么违心的吹捧载物
[2026-02-22 02:06:17] LvvsiN: 南孚一节更比六节强，也就是一节南孚比六节南孚强，六节南孚比三十六节强，三十六节比二百一十六节强
[2026-02-22 02:06:17] 超级爱玩小蛋QAQ: ？
[2026-02-22 02:06:17] 载物的艾7: fw
[2026-02-22 02:06:17] 淡然夏末的温存11: @布罗利Broli：载物还是先超过monesy再碰瓷donk吧（2024-2-19 20：01）
[2026-02-22 02:06:17] w浅沫记忆w: 以下谁的解说更专业：A.前职业指挥 B.前职业教练 C.前职业狙击手 D.大学肄业的留学生
[2026-02-22 02:06:17] 石家庄的宠物男孩: fw
[2026-02-22 02:06:17] 草莓冰酪: 不是 布罗利你为什么一裤子黑蛋啊 我让你全仓一代手套
[2026-02-22 02:06:17] 玩机器你能不能闭嘴: 你们别带布罗利两个steam号都叫**5的节奏啊
[2026-02-22 02:06:17] ykls的爱情结晶: ？
[2026-02-22 02:06:17] 四个酒仙: @布罗利Broli：载物还是先超过monesy再碰瓷donk吧（2024-2-19 20：01）
[2026-02-22 02:06:17] 玩斯特机机: 玩大哥你再不下播你房管的sfz都要被挖出来了
[2026-02-22 02:06:17] LvvsiN: 我让你开双倍你二龙吗？老子荧光棒要过期了
[2026-02-22 02:06:17] 山村武夫: 🐮
[2026-02-22 02:06:18] 左颜And1: 你们别带布罗利两个steam号都叫**5的节奏啊
[2026-02-22 02:06:18] 改名我必中奖111: 哦斯汀没这
[2026-02-22 02:06:18] 玩猴爪丶MonkeyPaw: 主播你在看弹幕吗？我看弹幕都在骂你，你根本没有回应
[2026-02-22 02:06:18] 瑭珏: ；fw
[2026-02-22 02:06:18] 柔肌热血无所动: 为什么乃琳能为了kg切割op头子，你切割不了败坏直播间风气的cs房管
[2026-02-22 02:06:18] 青山锁欲锁不住你: 你之前登山的牛劲呢？
[2026-02-22 02:06:18] 沐T修: 其实碗橱就是猪灵，你不拿黄金丢他他就不跟你说话
[2026-02-22 02:06:18] 粤夜封封哥岑验川老岑: @布罗利Broli：载物还是先超过monesy再碰瓷donk吧（2024-2-19 20：01）
[2026-02-22 02:06:19] 小缘赐名的JK: 送完一元粉丝牌 然后被房管封....NB
[2026-02-22 02:06:19] LvvsiN: 弹幕别吵了，银行业一样一样有有有也会有h'y'hui't'y'r's'c'dn
[2026-02-22 02:06:19] 爱吃青椒的重曹酱: 仔细听…好像刚哭完…仔细听能听出来…🤭🤭
[2026-02-22 02:06:20] AcceleratorlllL: 为什么乃琳能为了kg切割op头子，你切割不了败坏直播间风气的cs房管
[2026-02-22 02:06:20] 南波儿的黑色内衣: ,
[2026-02-22 02:06:20] Hitagi蟹蟹: 警告！敏感人物！
[2026-02-22 02:06:20] 菜星冲冲冲: @布罗利Broli：载物还是先超过monesy再碰瓷donk吧（2024-2-19 20：01）
[2026-02-22 02:06:21] 杜可风丶: 这个布罗利是个人才，历史评论直接没法看，就欠被喷啊，我不能满足他
[2026-02-22 02:06:21] 和泉千晶MAo: 玩机器负责带节奏，布罗利负责背锅
[2026-02-22 02:06:21] 漢子贰臣: 玩神美美隐身了🥳🥳🥳😶‍🌫️🫥😶‍🌫️🫣
[2026-02-22 02:06:21] wjnbsl: 你们别带布罗利两个steam号都叫**5的节奏啊
[2026-02-22 02:06:21] eda778: 追杀
[2026-02-22 02:06:21] LvvsiN: @阿汤日记：一个人，5发子弹，保住格陵兰岛。我不会叫它不可能完成的任务，我现在只想先回家看亦博
[2026-02-22 02:06:21] 血恒赤: 玩机器负责善意引导
[2026-02-22 02:06:21] 吊人日子不过了: 玩大哥 如果再提纯 就比老白的货还正了
[2026-02-22 02:06:22] 挥泪斩楚狗: 为什么乃琳能为了kg切割op头子，你切割不了败坏直播间风气的cs房管
[2026-02-22 02:06:22] 虚心坦懐: 为什么乃琳能为了kg切割op头子，你切割不了败坏直播间风气的cs房管
[2026-02-22 02:06:22] vitality的亡巴淡本人: 支持玩大哥🤣🤣🤣🤣
[2026-02-22 02:06:22] 玩蛇鼠丶stabbi: 你们别带布罗利两个steam号都叫**5的节奏啊
[2026-02-22 02:06:25] Kunwz: 玩大哥，为什么有人宁愿加仓黑蛋，也不给你送礼物？
[2026-02-22 02:06:25] 用户42110893: 你们别带布罗利两个steam号都叫**5的节奏啊
[2026-02-22 02:06:25] Crythic的羊宫妃那本人: 你们别带布罗利两个steam号都叫**5的节奏啊
[2026-02-22 02:06:25] LvvsiN: 为什么房管封的不能给鱼丸……还以为今天晚上得吃了……
[2026-02-22 02:06:25] 好儿子刘易博: 你们别带布罗利两个steam号都叫**5的节奏啊
[2026-02-22 02:06:25] 用户5059772722: 这样的弹幕，爽！
[2026-02-22 02:06:25] 让风告诉你h: @布罗利Broli：载物还是先超过monesy再碰瓷donk吧（2024-2-19 20：01）
[2026-02-22 02:06:26] 挥泪斩楚狗: 为什么乃琳能为了kg切割op头子，你切割不了败坏直播间风气的cs房管
[2026-02-22 02:06:26] 玩猴爪丶MonkeyPaw: 主播你在看弹幕吗？我看弹幕都在骂你，你根本没有回应
[2026-02-22 02:06:26] 好好的吧不错: 玩大哥你再不下播你房管的sfz都要被挖出来了
[2026-02-22 02:06:26] Bellaire123: @布罗利Broli：载物还是先超过monesy再碰瓷donk吧（2024-2-19 20：01）
[2026-02-22 02:06:26] LvvsiN: 你为什么要把mαjor禁了，我收藏的一半弹幕全毁了
[2026-02-22 02:06:27] 苏荷1978: @阿汤日记：一个人，5发子弹，保住格陵兰岛。我不会叫它不可能完成的任务，我现在只想先回家看亦博
[2026-02-22 02:06:27] eewwovo: 为什么乃琳能为了kg切割op头子，你切割不了败坏直播间风气的cs房管
[2026-02-22 02:06:27] 草莓冰酪: 不是 布罗利你为什么一裤子黑蛋啊 我让你全仓一代手套
[2026-02-22 02:06:27] LvvsiN: 南孚一节更比六节强，也就是一节南孚比六节南孚强，六节南孚比三十六节强，三十六节比二百一十六节强
[2026-02-22 02:06:27] 曲奇三梦: 你们别带布罗利两个steam号都叫**5的节奏啊
[2026-02-22 02:06:28] 洞洞载载车车major冠军: 闹麻了 上海major还是一个捧哏的和一头猪解说呢
[2026-02-22 02:06:28] Ring的要乐奈本人: 你们别带布罗利两个steam号都叫**5的节奏啊
[2026-02-22 02:06:28] ZiggyStardust0100: 小夫别封我,我把华,冬,蛋的切片都举报了
[2026-02-22 02:06:29] G4RYPU: 你们别带布罗利两个steam号都叫**5的节奏啊
[2026-02-22 02:06:29] 玩大招、PRX: @布罗利Broli：载物还是先超过monesy再碰瓷donk吧（2024-2-19 20：01）
[2026-02-22 02:06:29] 草莓冰酪: 不是 布罗利你为什么一裤子黑蛋啊 我让你全仓一代手套
[2026-02-22 02:06:29] 杏爱企鹅: 李滇滇：啊啊啊（不耐烦）我把直播间开了（故作慌张）大家不要破费了（催促爆米）谢谢大家（来戏好累）
[2026-02-22 02:06:29] 淡然夏末的温存11: @布罗利Broli：载物还是先超过monesy再碰瓷donk吧（2024-2-19 20：01）
[2026-02-22 02:06:29] 看死Herbaut就杀了你: 支持玩大哥🤣🤣🤣🤣
[2026-02-22 02:06:29] LvvsiN: 弹幕也就网上说说，现实里谁不觉得樱姐是好女孩（删括号领一条远坂凛同款鸟笼）
[2026-02-22 02:06:29] 丛念39090: 为什么乃琳能为了kg切割op头子，你切割不了败坏直播间风气的cs房管
[2026-02-22 02:06:30] Rcand: 这样的弹幕，爽！
[2026-02-22 02:06:30] 用玩大哥的角磨机吧: 你们别带布罗利两个steam号都叫**5的节奏啊
[2026-02-22 02:06:30] 玩斯特机机: 你们别带布罗利两个steam号都叫**5的节奏啊
[2026-02-22 02:06:30] 用戶6657: @布罗利：为什么房管封的不能给鱼丸……还以为今天晚上得吃了……
[2026-02-22 02:06:30] 芊小灵: 为什么乃琳能为了kg切割op头子，你切割不了败坏直播间风气的cs房管
[2026-02-22 02:06:30] viovvvvvvvon: 你们别带布罗利两个steam号都叫**5的节奏啊
[2026-02-22 02:06:30] 乌贼王乌索普: @布罗利Broli：载物还是先超过monesy再碰瓷donk吧（2024-2-19 20：01）
[2026-02-22 02:06:30] 玩猴爪丶MonkeyPaw: 主播你在看弹幕吗？我看弹幕都在骂你，你根本没有回应
[2026-02-22 02:06:31] 爱吃青椒的重曹酱: 大汗😭杀👍大汗😭杀👍大汗😭杀👍大汗😭杀👍大汗😭杀👍
[2026-02-22 02:06:31] CheZed: 警告！敏感人物！
[2026-02-22 02:06:31] 終橙: 你们别带布罗利两个steam号都叫**5的节奏啊
[2026-02-22 02:06:31] LvvsiN: 银行业😄银行业😀银行业😃银行业😁银行业😆银行业🤪银行业😝
[2026-02-22 02:06:31] 玩公式丶Formula: 大主播气度👍！厉害了咱机器🌹！相信咱机❤！
[2026-02-22 02:06:34] 草莓冰酪: 不是 布罗利你为什么一裤子黑蛋啊 我让你全仓一代手套
[2026-02-22 02:06:34] 柳小目: 玩大哥你再不下播你房管的sfz都要被挖出来了
[2026-02-22 02:06:34] 挥泪斩楚狗: 为什么乃琳能为了kg切割op头子，你切割不了败坏直播间风气的cs房管
[2026-02-22 02:06:34] y666t666y666: 为什么乃琳能为了kg切割op头子，你切割不了败坏直播间风气的cs房管
[2026-02-22 02:06:34] qboss799: 玩大哥你再不下播你房管的sfz都要被挖出来了
[2026-02-22 02:06:34] 迷你世界丁真学姐1: @布罗利Broli：载物还是先超过monesy再碰瓷donk吧（2024-2-19
[2026-02-22 02:06:34] LvvsiN: @阿汤日记：一个人，5发子弹，保住格陵兰岛。我不会叫它不可能完成的任务，我现在只想先回家看亦博
[2026-02-22 02:06:34] 杨枝曾听雨: 玩大哥你再不下播你房管的sfz都要被挖出来了
[2026-02-22 02:06:36] 海绵宝宝小能儿: 玩大哥你再不下播你房管的sfz都要被挖出来了
[2026-02-22 02:06:36] vitality的亡巴淡本人: 支持玩大哥🤣🤣🤣🤣
[2026-02-22 02:06:36] 为了发弹幕买了个号: 斧乃木还是出早了，放到布罗利时期他肯定死不了
[2026-02-22 02:06:36] 用户9921747043: 你们别带布罗利两个steam号都叫**5的节奏啊
[2026-02-22 02:06:36] 萝伯丝比尔: 小夫别封我,我把华,冬,蛋的切片都举报了
[2026-02-22 02:06:36] LvvsiN: 为什么房管封的不能给鱼丸……还以为今天晚上得吃了……
[2026-02-22 02:06:36] eda778: 敲头
[2026-02-22 02:06:36] ZLG彪winner: 装看不到弹幕的样子太搞笑了吧
[2026-02-22 02:06:36] 雪菜偷完top偷major: 为什么乃琳能为了kg切割op头子，你切割不了败坏直播间风气的cs房管
[2026-02-22 02:06:36] 洛卡不是菜狗: 载物还是拿个MAJOR冠军再碰瓷NIKO吧。。
[2026-02-22 02:06:36] 草莓冰酪: 不是 布罗利你为什么一裤子黑蛋啊 我让你全仓一代手套
[2026-02-22 02:06:36] 挥泪斩楚狗: 为什么乃琳能为了kg切割op头子，你切割不了败坏直播间风气的cs房管
[2026-02-22 02:06:36] 伸手拥抱在冰里: 房管看一下刷fw的全部封了
[2026-02-22 02:06:36] 樱岛有蚂蚁在爬: 怎么只有5w贵宾啊，前几天猎鹰没被淘汰的时候你生病的牛劲呢😆
[2026-02-22 02:06:36] 火空Empty_fire: 你们别带布罗利两个steam号都叫**5的节奏啊
[2026-02-22 02:06:36] 椎名立希本人: 你们别带布罗利两个steam号都叫**5的节奏啊
[2026-02-22 02:06:37] 玩小将山田凉YamadaRyo: 闹麻了 上海major还是一个捧哏的和一头猪解说呢
[2026-02-22 02:06:37] Hitagi蟹蟹: 警告⚠敏感人物出现⚠警告⚠敏感人物出现⚠
[2026-02-22 02:06:37] 油乎乎yhh: 这样的弹幕，爽！
[2026-02-22 02:06:37] LvvsiN: 为什么房管封的不能给鱼丸……还以为今天晚上得吃了……
[2026-02-22 02:06:37] 玩蛇鼠丶stabbi: 你们别带布罗利两个steam号都叫**5的节奏啊
[2026-02-22 02:06:38] Medricy: 抓娃娃
[2026-02-22 02:06:38] 玩猴爪丶MonkeyPaw: 主播你在看弹幕吗？我看弹幕都在骂你，你根本没有回应
[2026-02-22 02:06:38] 用戶6657: @布罗利：为什么房管封的不能给鱼丸……还以为今天晚上得吃了……
[2026-02-22 02:06:38] 杜可风丶: 大主播气度👍！厉害了咱机器🌹！相信咱机❤！
[2026-02-22 02:06:38] 肘一郎: 蛋糕店里卖蛋糕😱面包店里卖面包😭菜市场里能买辣椒😒厨房里边有菜刀😍
[2026-02-22 02:06:38] Vitality的羽贺文乃本人: 为什么乃琳能为了kg切割op头子，你切割不了败坏直播间风气的cs房管
[2026-02-22 02:06:38] 玩机器你能不能闭嘴: 不是 布罗利你为什么一裤子黑蛋啊 我让你全仓一代手套
[2026-02-22 02:06:39] cornkiner: 厕所也敢收费，你真是学到欧美精髓了
[2026-02-22 02:06:39] 玩浓汤丶Soup: 你们别带布罗利两个steam号都叫**5的节奏啊
[2026-02-22 02:06:39] AmamiyaIori: 你们别带布罗利两个steam号都叫**5的节奏啊
[2026-02-22 02:06:39] BMWCK: @布罗利Broli：载物还是先超过monesy再碰瓷donk吧（2024-2-19
[2026-02-22 02:06:39] Anderw: 斧乃木还是出早了，放到布罗利时期他肯定死不了
[2026-02-22 02:06:39] 还有时间日落之前: 警告！敏感人物！
[2026-02-22 02:06:40] LvvsiN: 弹幕也就网上说说，现实里谁不觉得樱姐是好女孩（删括号领一条远坂凛同款鸟笼）
[2026-02-22 02:06:40] 等给他爱6发售中: 又要熬夜了，像我这样的小萌妹熬夜很伤皮肤的，没办法，为了支持机器哥哥。。。
[2026-02-22 02:06:40] 擅长登山的亦博同学: 哦？😮哦？😮哦？😮哦？😮哦？😮哦？😮哦？😮哦？😮哦？😮哦？😮哦？😮哦
[2026-02-22 02:06:40] 草莓冰酪: 不是 布罗利你为什么一裤子黑蛋啊 我让你全仓一代手套
[2026-02-22 02:06:40] 为宫士郎: 玩大哥你再不下播你房管的sfz都要被挖出来了
[2026-02-22 02:06:41] 雨落香樟树175: 哦😯
[2026-02-22 02:06:41] 淡然夏末的温存11: @布罗利Broli：载物还是先超过monesy再碰瓷donk吧（2024-2-19 20：01）
[2026-02-22 02:06:41] 北走zz: 紫色
[2026-02-22 02:06:41] last玩神丶: 你们别带布罗利两个steam号都叫**5的节奏啊
[2026-02-22 02:06:41] 椎名真白ii丶: 玩大哥你再不下播你房管的sfz都要被挖出来了
[2026-02-22 02:06:41] 用戶6657: @布罗利：为什么房管封的不能给鱼丸……还以为今天晚上得吃了……
[2026-02-22 02:06:41] 啪啪啪啪的蛋: 装看不到弹幕的样子太搞笑了吧
[2026-02-22 02:06:41] wsxj131: 玩大哥你再不下播你房管的sfz都要被挖出来了
[2026-02-22 02:06:42] Subto: 为什么乃琳能为了kg切割op头子，你切割不了败坏直播间风气的cs房管
[2026-02-22 02:06:42] Z伊卡洛斯Z: 你们别带布罗利两个steam号都叫**5的节奏啊
[2026-02-22 02:06:42] 黄浦江大头鱼档: @布罗利Broli：载物还是先超过monesy再碰瓷donk吧（2024-2-19 20：01）
[2026-02-22 02:06:42] 玩斯特机机: 小夫别封我,我把华,冬,蛋的切片都举报了
[2026-02-22 02:06:43] Ayu824: 机器 你的身边怎么全是斤乃、伟伟、布罗利、元森这种货色啊😨😨😨你不会和什么东西签订契约了吧
[2026-02-22 02:06:43] 只喷nt: 现在弹幕这个氛围，想必主播也知道自己功不可没吧
[2026-02-22 02:06:43] 刘刘的农:  @布罗利Broli：载物还是先超过monesy再碰瓷donk吧（2024-2-19
[2026-02-22 02:06:43] 最后之作146: 你们别带布罗利两个steam号都叫**5的节奏啊
[2026-02-22 02:06:43] 肘一郎: 蛋糕店里卖蛋糕😱面包店里卖面包😭菜市场里能买辣椒😒厨房里边有菜刀😍
[2026-02-22 02:06:44] MyGo的tomorin本人: 不是 布罗利你为什么一裤子黑蛋啊 我让你全仓一代手套
[2026-02-22 02:06:44] LvvsiN: 我让你开双倍你二龙吗？老子荧光棒要过期了
[2026-02-22 02:06:44] 剑崎梨梨花: 　　　 你们别带布罗利两个steam号都叫**5的节奏啊
[2026-02-22 02:06:44] viovvvvvvvon:  @柳小目：玩大哥你再不下播你房管的sfz都要被挖出来了
[2026-02-22 02:06:44] 用户0553661491: 玩大哥你再不下播你房管的sfz都要被挖出来了
[2026-02-22 02:06:44] 22810q: 你们别带布罗利两个steam号都叫**5的节奏啊
[2026-02-22 02:06:44] 糖尿病少恰甜的: 为什么乃琳能为了kg切割op头子，你切割不了败坏直播间风气的cs房管
[2026-02-22 02:06:45] 玩血狼丶Bloodywolf: ？
[2026-02-22 02:06:45] 鹿公爷: 斧乃木还是出早了，放到布罗利时期他肯定死不了
[2026-02-22 02:06:45] 传统peek高手XANTARES: @布罗利：为什么房管封的不能给鱼丸……还以为今天晚上得吃了……
[2026-02-22 02:06:45] 挥泪斩楚狗: 为什么乃琳能为了kg切割op头子，你切割不了败坏直播间风气的cs房管
[2026-02-22 02:06:45] 四个酒仙: 玩大哥你再不下播你房管的sfz都要被挖出来了
[2026-02-22 02:06:45] Subto: 不是 布罗利你为什么一裤子黑蛋啊 我让你全仓一代手套
[2026-02-22 02:06:45] 七色的人偶使者: 你们别带布罗利两个steam号都叫**5的节奏啊
[2026-02-22 02:06:45] 玩蛇鼠丶stabbi: 玩大哥你再不下播你房管的sfz都要被挖出来了
[2026-02-22 02:06:46] LvvsiN: 你为什么要把mαjor禁了，我收藏的一半弹幕全毁了
[2026-02-22 02:06:46] 用戶6657: @布罗利：为什么房管封的不能给鱼丸……还以为今天晚上得吃了……
[2026-02-22 02:06:46] 草莓冰酪: 不是 布罗利你为什么一裤子黑蛋啊 我让你全仓一代手套
[2026-02-22 02:06:47] -小佐内由纪-: 你们别带布罗利两个steam号都叫**5的节奏啊
[2026-02-22 02:06:47] 玩登山丶嘟嘟嘟嘟嘟嘟: 不是 布罗利你为什么一裤子黑蛋啊 我让你全仓一代手套
[2026-02-22 02:06:47] 肘一郎: 蛋糕店里卖蛋糕😱面包店里卖面包😭菜市场里能买辣椒😒厨房里边有菜刀😍
[2026-02-22 02:06:47] 城之内悠二丶: 玩大哥你再不下播你房管的sfz都要被挖出来了
[2026-02-22 02:06:47] 贝让的柯罗莎本人: 你们别带布罗利两个steam号都叫**5的节奏啊
[2026-02-22 02:06:47] 大姜饼: 玩大哥你再不下播你房管的sfz都要被挖出来了
[2026-02-22 02:06:48] 阿瓦伊莉雅: 玩大哥你再不下播你房管的sfz都要被挖出来了
[2026-02-22 02:06:48] LvvsiN: 为什么房管封的不能给鱼丸……还以为今天晚上得吃了……
[2026-02-22 02:06:48] 虚心坦懐: 玩大哥你再不下播你房管的sfz都要被挖出来了
[2026-02-22 02:06:49] eda778: 玩大哥你再不下播你房管的sfz都要被挖出来了
[2026-02-22 02:06:49] Alone無淚: 你们别带布罗利两个steam号都叫**5的节奏啊
[2026-02-22 02:06:49] 小叮做事小叮当dd: 抓娃娃
[2026-02-22 02:06:49] 推斯特zz: 不是 布罗利你为什么一裤子黑蛋啊 我让你全仓一代手套
[2026-02-22 02:06:49] Falcons十天老粉: 你们别带布罗利两个steam号都叫**5的节奏啊
[2026-02-22 02:06:49] Ephemerality137: 玩大哥你再不下播你房管的sfz都要被挖出来了
[2026-02-22 02:06:49] 瑭珏: 　　　 小夫别封我,我把华,冬,蛋的切片都举报了
[2026-02-22 02:06:49] 友利奈绪我老婆d: 玩大哥你再不下播你房管的sfz都要被挖出来了
[2026-02-22 02:06:49] 肘一郎: 蛋糕店里卖蛋糕😱面包店里卖面包😭菜市场里能买辣椒😒厨房里边有菜刀😍
[2026-02-22 02:06:49] 无伟契约: 你们别带布罗利两个steam号都叫**5的节奏啊
[2026-02-22 02:06:49] 美食殿堂的雪菲本人: 蛋糕店里卖蛋糕😱面包店里卖面包😭菜市场里能买辣椒😒厨房里边有菜刀😍
[2026-02-22 02:06:50] 丰川祥子口三角初华: 你们别带布罗利两个steam号都叫**5的节奏啊
[2026-02-22 02:06:50] LvvsiN: 就tm喜欢银行业🥰银行坏账我喜欢🥰银行挤兑我还喜欢😍利率调低我也喜欢🤤老子亲烂银行业的脸😘
[2026-02-22 02:06:50] 落叶悠哉落: 斧乃木还是出早了，放到布罗利时期他肯定死不了
[2026-02-22 02:06:50] 泠鸢不是冷鸢丶: 不是 布罗利你为什么一裤子黑蛋啊 我让你全仓一代手套
[2026-02-22 02:06:50] 杂鱼哥哥: 清理皮套⭕️
[2026-02-22 02:06:51] LWJTMAC01: 现在弹幕这个氛围，想必主播也知道自己功不可没吧
[2026-02-22 02:06:51] 林展秋112: 玩大哥你再不下播你房管的sfz都要被挖出来了
[2026-02-22 02:06:51] 玩斯特机机: 斧乃木还是出早了，放到布罗利时期他肯定死不了
[2026-02-22 02:06:51] lonhkfd: 玩大哥你再不下播你房管的sfz都要被挖出来了
[2026-02-22 02:06:51] Subto: 玩大哥你再不下播你房管的sfz都要被挖出来了
[2026-02-22 02:06:52] Machine拾玖: 你们别带布罗利两个steam号都叫**5的节奏啊
[2026-02-22 02:06:52] 锦木干束: @布罗利Broli：载物还是先超过monesy再碰瓷donk吧（2024-2-19 20：01）
[2026-02-22 02:06:52] LvvsiN: @阿汤日记：一个人，5发子弹，保住格陵兰岛。我不会叫它不可能完成的任务，我现在只想先回家看亦博
[2026-02-22 02:06:52] LaifuoO来福oO: 斧乃木还是出早了，放到布罗利时期他肯定死不了
[2026-02-22 02:06:54] 星海羽弦: 玩大哥你再不下播你房管的sfz都要被挖出来了
[2026-02-22 02:06:54] 机器的稿完: 为什么乃琳能为了kg切割op头子，你切割不了败坏直播间风气的cs房管
[2026-02-22 02:06:54] Rcand: 不是 布罗利你为什么一裤子黑蛋啊 我让你全仓一代手套
[2026-02-22 02:06:54] 肘一郎: 蛋糕店里卖蛋糕😱面包店里卖面包😭菜市场里能买辣椒😒厨房里边有菜刀😍
[2026-02-22 02:06:54] LvvsiN: 玩宝宝，我发现在大学上学的时候肄业会很舒服，你可以试试
[2026-02-22 02:06:54] 爱魚九千七: 玩大哥你再不下播你房管的sfz都要被挖出来了
[2026-02-22 02:06:54] 用户9921747043: 你们别带布罗利两个steam号都叫**5的节奏啊
[2026-02-22 02:06:54] 和泉千晶MAo: 你们别带布罗利两个steam号都叫**5的节奏啊
[2026-02-22 02:06:54] HisuiHearts: 你们别带布罗利两个steam号都叫**5的节奏啊
[2026-02-22 02:06:54] 久远寺有珠、: 你们别带布罗利两个steam号都叫**5的节奏啊
[2026-02-22 02:06:55] 爱吃青椒的重曹酱: 玩机器当然恨载圣，因为🧊本来是说他的，被载圣偷了😡
[2026-02-22 02:06:55] 可爱玩宝宝: 卧🤖槽🤖玩🤖大🤖哥🤖你🤖这🤖波🤖解🤖说🤖真🤖不🤖赖🤖
[2026-02-22 02:06:55] 油乎乎yhh: 斧乃木还是出早了，放到布罗利时期他肯定死不了
[2026-02-22 02:06:55] 卧看星河尽意明丶: 不是 布罗利你为什么一裤子黑蛋啊 我让你全仓一代手套
[2026-02-22 02:06:55] 男人永远是少年乁: 玩大哥你再不下播你房管的sfz都要被挖出来了
[2026-02-22 02:06:55] 传统peek高手XANTARES: 斧乃木还是出早了，放到布罗利时期他肯定死不了
[2026-02-22 02:06:55] 许血呐: 为什么乃琳能为了kg切割op头子，你切割不了败坏直播间风气的cs房管
[2026-02-22 02:06:55] 綾夏Ayana: @WindKing：布罗利我让你全仓一代手套你为什么一裤子黑蛋
[2026-02-22 02:06:56] 用戶6657: @布罗利：为什么房管封的不能给鱼丸……还以为今天晚上得吃了……
[2026-02-22 02:06:56] 玩小将山田凉YamadaRyo: 斧乃木还是出早了，放到布罗利时期他肯定死不了
[2026-02-22 02:06:56] 用玩大哥的角磨机吧: 玩大哥你再不下播你房管的sfz都要被挖出来了
[2026-02-22 02:06:56] a1441f: 玩大哥你再不下播你房管的sfz都要被挖出来了
[2026-02-22 02:06:56] Falcons十天老粉: @布罗利：为什么房管封的不能给鱼丸……还以为今天晚上得吃了……
[2026-02-22 02:06:56] 草莓冰酪: 不是 布罗利你为什么一裤子黑蛋啊 我让你全仓一代手套
[2026-02-22 02:06:56] 淡然夏末的温存11: @布罗利Broli：载物还是先超过monesy再碰瓷donk吧（2024-2-19 20：01）
[2026-02-22 02:06:56] 甘织玲奈子本人: 玩大哥你再不下播你房管的sfz都要被挖出来了
[2026-02-22 02:06:56] 北风冷谷: 斧乃木还是出早了，放到布罗利时期他肯定死不了
[2026-02-22 02:06:56] 那英啊哈哈哈: 玩大哥你再不下播你房管的sfz都要被挖出来了
[2026-02-22 02:06:56] racula: 你们别带布罗利两个steam号都叫**5的节奏啊
[2026-02-22 02:06:57] Hitagi蟹蟹: 玩大哥你再不下播你房管的sfz都要被挖出来了
[2026-02-22 02:06:57] 用户91227835: 玩大哥你再不下播你房管的sfz都要被挖出来了
[2026-02-22 02:06:57] 求老仙奶zzm上不了岸: 不是 布罗利你为什么一裤子黑蛋啊 我让你全仓一代手套
[2026-02-22 02:06:57] 功利的团支书: 你玩的都是什么游戏啊？
[2026-02-22 02:06:57] 脉搏orz: 玩大哥你再不下播你房管的sfz都要被挖出来了
[2026-02-22 02:06:58] 汤汤魔魔mmmmmmmmajor冠军: 不是 布罗利你为什么一裤子黑蛋啊 我让你全仓一代手套
[2026-02-22 02:06:58] Peko-: 玩大哥你再不下播你房管的sfz都要被挖出来了
[2026-02-22 02:06:58] 小蜜蜂的长期素食本人: 斧乃木还是出早了，放到布罗利时期他肯定死不了
[2026-02-22 02:06:58] NepLin木: 你们别带布罗利两个steam号都叫**5的节奏啊
[2026-02-22 02:06:58] 用户53477423: 玩大哥你再不下播你房管的sfz都要被挖出来了
[2026-02-22 02:06:58] 爱斯忑音音: 皮套🐕来了，你们聊🤮🤮🤮
[2026-02-22 02:06:58] 斗鱼用户4901183769: 你们别带布罗利两个steam号都叫**5的节奏啊
[2026-02-22 02:06:58] Ayaymin: 你们别带布罗利两个steam号都叫**5的节奏啊
[2026-02-22 02:06:59] 好哥们韩信: 如果碰到那种玩数字梗，谐音梗直接攻击我家人，或者水友家人的，麻烦各位帮我封一下吧，365，谢谢大家了
[2026-02-22 02:06:59] 老鸡艳遇记: 不是 布罗利你为什么一裤子黑蛋啊 我让你全仓一代手套
[2026-02-22 02:07:00] 玩贴纸、马圣: 智斗
[2026-02-22 02:07:00] 肘一郎: 蛋糕店里卖蛋糕😱面包店里卖面包😭菜市场里能买辣椒😒厨房里边有菜刀😍
[2026-02-22 02:07:00] 椎名真白ii丶: 斧乃木还是出早了，放到布罗利时期他肯定死不了
[2026-02-22 02:07:02] 玩机器今晚还播吗: 　　　 斧乃木还是出早了，放到布罗利时期他肯定死不了
[2026-02-22 02:07:02] MeIoN39: 玩大哥你再不下播你房管的sfz都要被挖出来了
[2026-02-22 02:07:02] 502196108: @布罗利Broli：载物还是先超过monesy再碰瓷donk吧（2024-2-19 20：01）
[2026-02-22 02:07:02] 刘刘的农: @布罗利Broli：载物还是先超过monesy再碰瓷donk吧（2024-2-19 20：01）
[2026-02-22 02:07:02] 诚实的身体: 脑力风暴了
[2026-02-22 02:07:02] 所以我又晕了: 　　　 斧乃木还是出早了，放到布罗利时期他肯定死不了
[2026-02-22 02:07:02] 丶丶Ken丶丶: 你们别带布罗利两个steam号都叫**5的节奏啊
[2026-02-22 02:07:02] co冰阔落la: 1
[2026-02-22 02:07:02] 杰尼的小迷弟: 你们别带布罗利两个steam号都叫**5的节奏啊
[2026-02-22 02:07:02] Astralis的d3v1ce本人: 玩大哥你再不下播你房管的sfz都要被挖出来了
[2026-02-22 02:07:02] 汤汤魔魔mmmmmmmmajor冠军: 玩大哥你再不下播你房管的sfz都要被挖出来了
[2026-02-22 02:07:02] 叫我老岑就好了呀: 玩大哥你再不下播你房管的sfz都要被挖出来了
[2026-02-22 02:07:02] w浅沫记忆w: 以下谁的解说更专业：A.前职业指挥 B.前职业教练 C.前职业狙击手 D.大学肄业的留学生
[2026-02-22 02:07:03] 283的铃木羽那本人: 玩大哥你再不下播你房管的sfz都要被挖出来了
[2026-02-22 02:07:03] 狂野皮几儿很哒: 玩大哥你再不下播你房管的sfz都要被挖出来了
[2026-02-22 02:07:03] LionelYork: 你们别带布罗利两个steam号都叫**5的节奏啊
[2026-02-22 02:07:03] 老人星的优秀素质本人: 玩大哥你再不下播你房管的sfz都要被挖出来了
[2026-02-22 02:07:03] 永出塔菲: 斧乃木还是出早了，放到布罗利时期他肯定死不了
[2026-02-22 02:07:03] 那英啊哈哈哈: 斧乃木还是出早了，放到布罗利时期他肯定死不了
[2026-02-22 02:07:03] OMGlionKing: @布罗利：我参与了投票Drake这个diss怎么样？ 我投给了“我觉得顶”[笑哭]
[2026-02-22 02:07:04] 姿势那些年小鸡小鸡: 手机号码是多少
[2026-02-22 02:07:04] 汤汤魔魔mmmmmmmmajor冠军: 玩大哥你再不下播你房管的sfz都要被挖出来了
[2026-02-22 02:07:04] LvvsiN: 为什么房管封的不能给鱼丸……还以为今天晚上得吃了……
[2026-02-22 02:07:04] Rcand: 玩大哥你再不下播你房管的sfz都要被挖出来了
[2026-02-22 02:07:04] 淡然夏末的温存11: @布罗利Broli：载物还是先超过monesy再碰瓷donk吧（2024-2-19 20：01）
[2026-02-22 02:07:04] 骑蜗牛追杀: 你们别带布罗利两个steam号都叫**5的节奏啊
[2026-02-22 02:07:04] 双标犬玩机器: 不是 布罗利你为什么一裤子黑蛋啊 我让你全仓一代手套
[2026-02-22 02:07:04] 压缩vs蛮晚: 玩大哥你再不下播你房管的sfz都要被挖出来了
[2026-02-22 02:07:04] 麻将高手八木唯: 玩大哥你再不下播你房管的sfz都要被挖出来了
[2026-02-22 02:07:05] suicho: 斧乃木还是出早了，放到布罗利时期他肯定死不了
[2026-02-22 02:07:05] 哆啦卡密大王: 玩大哥你再不下播你房管的sfz都要被挖出来了
[2026-02-22 02:07:05] 王子不如永恒:     斧乃木还是出早了，放到布罗利时期他肯定死不了
[2026-02-22 02:07:05] 用戶6657:     斧乃木还是出早了，放到布罗利时期他肯定死不了
[2026-02-22 02:07:06] 落叶悠哉落: 玩大哥你再不下播你房管的sfz都要被挖出来了
[2026-02-22 02:07:06] 迷你世界丁真学姐1: 玩大哥你再不下播你房管的sfz都要被挖出来了
[2026-02-22 02:07:06] LvvsiN: 你屏蔽词都快赶上新华词典了为什么不干脆开一百级发言？
[2026-02-22 02:07:06] 汤汤魔魔mmmmmmmmajor冠军: 玩大哥你再不下播你房管的sfz都要被挖出来了
[2026-02-22 02:07:06] 双刀牛TMac: 你们别带布罗利两个steam号都叫**5的节奏啊
[2026-02-22 02:07:07] 正经猪头肉: 1
[2026-02-22 02:07:07] Crythic的羊宫妃那本人: 玩大哥你再不下播你房管的sfz都要被挖出来了
[2026-02-22 02:07:07] 爱吃青椒的重曹酱: 大家千万不要去阿b辱骂up主布罗利broli啊
[2026-02-22 02:07:07] 肘一郎: 蛋糕店里卖蛋糕😱面包店里卖面包😭菜市场里能买辣椒😒厨房里边有菜刀😍
[2026-02-22 02:07:11] uzi家的喷水龙: 冷知识：直播间房管都是主播朋友👫
[2026-02-22 02:07:11] LvvsiN: 玩 出，我双倍呢？😡😡玩 出，我双倍呢？😡😡玩 出，我双倍呢？😡😡玩 出，我双倍呢？😡
[2026-02-22 02:07:11] 涂涂没吃饱: @布罗利Broli：载物还是先超过monesy再碰瓷donk吧（2024-2-19 20：01）
[2026-02-22 02:07:11] 何以为涛: 玩大哥你再不下播你房管的sfz都要被挖出来了
[2026-02-22 02:07:11] zont1x666: 斧乃木还是出早了，放到布罗利时期他肯定死不了
[2026-02-22 02:07:11] Nnnnnnc7: 玩大哥你再不下播你房管的sfz都要被挖出来了
[2026-02-22 02:07:11] 红色有角三倍速的夏亚: @布罗利Broli：载物还是先超过monesy再碰瓷donk吧（2024-2-19 20：01）
[2026-02-22 02:07:11] 傲娇后再羞辱: 玩大哥你再不下播你房管的sfz都要被挖出来了
[2026-02-22 02:07:11] 我730730730: 玩大哥你再不下播你房管的sfz都要被挖出来了
[2026-02-22 02:07:11] 苏2333333: 不是 布罗利你为什么一裤子黑蛋啊 我让你全仓一代手套
[2026-02-22 02:07:11] 呆妹儿的姑父: @阿雨：布罗利你安心去吧，玩大哥保你安度晚年
[2026-02-22 02:07:11] 汤汤魔魔mmmmmmmmajor冠军: 玩大哥你再不下播你房管的sfz都要被挖出来了
[2026-02-22 02:07:11] Odike: 玩大哥你再不下播你房管的sfz都要被挖出来了
[2026-02-22 02:07:11] 北宇治的久美子本人: 玩大哥你再不下播你房管的sfz都要被挖出来了
[2026-02-22 02:07:11] LvvsiN: 南孚一节更比六节强，也就是一节南孚比六节南孚强，六节南孚比三十六节强，三十六节比二百一十六节强
[2026-02-22 02:07:11] 夏筱筱雪: 玩大哥你再不下播你房管的sfz都要被挖出来了
[2026-02-22 02:07:11] 用玩大哥的角磨机吧:     斧乃木还是出早了，放到布罗利时期他肯定死不了
[2026-02-22 02:07:11] 擅长登山的亦博同学: 你们别带布罗利两个steam号都叫**5的节奏啊
[2026-02-22 02:07:11] 桂林米粉比较好吃: 玩大哥你再不下播你房管的sfz都要被挖出来了
[2026-02-22 02:07:11] 冬原春希: @Zywoo:玩大哥能别看了吗，我害怕...
[2026-02-22 02:07:11] 快跑吧: 玩大哥你再不下播你房管的sfz都要被挖出来了
[2026-02-22 02:07:11] 海绵宝宝小能儿: 斧乃木还是出早了，放到布罗利时期他肯定死不了
[2026-02-22 02:07:11] betterToWait丶xzs: 玩大哥你再不下播你房管的sfz都要被挖出来了
[2026-02-22 02:07:11] 我有一对电动大牛子: 你们别带布罗利两个steam号都叫**5的节奏啊
[2026-02-22 02:07:11] 苏荷1978: @布罗利：载物还是先超过monesy再碰瓷donk吧（2024-2-19 20：01）
[2026-02-22 02:07:12] Anton阿树: 1
[2026-02-22 02:07:12] 钟初若叶睦: 就喜欢陈千语🥰陈千语真可爱😍傻傻的也很可爱🥵我亲烂你的嘴😘
[2026-02-22 02:07:12] 宫监手放监: 玩大哥你再不下播你房管的sfz都要被挖出来了
[2026-02-22 02:07:12] 呆妹儿的姑父: @阿雨：布罗利你安心去吧，玩大哥保你安度晚年
[2026-02-22 02:07:12] LvvsiN: 玩宝宝，我发现在大学上学的时候肄业会很舒服，你可以试试
[2026-02-22 02:07:12] 用户0553661491: 斧乃木还是出早了，放到布罗利时期他肯定死不了
[2026-02-22 02:07:12] ezbet: 没意思，🦌去了
[2026-02-22 02:07:13] -小佐内由纪-: 你们别带布罗利两个steam号都叫**5的节奏啊
[2026-02-22 02:07:13] 小兽神官: 你们别带布罗利两个steam号都叫**5的节奏啊
[2026-02-22 02:07:14] L0ost: @布罗利：我参与了投票Drake这个diss怎么样？ 我投给了“我觉得顶”[笑哭]
[2026-02-22 02:07:14] 还有时间日落之前: 斧乃木还是出早了，放到布罗利时期他肯定死不了
[2026-02-22 02:07:14] 不知名贝斯手: 玩大哥你再不下播你房管的sfz都要被挖出来了
[2026-02-22 02:07:14] LvvsiN: 你屏蔽词都快赶上新华词典了为什么不干脆开一百级发言？
[2026-02-22 02:07:14] 玩蛇鼠丶stabbi: 你们别带布罗利两个steam号都叫**5的节奏啊
[2026-02-22 02:07:14] 屁男人柱力AICU: @布罗利Broli：载物还是先超过monesy再碰瓷donk吧（2024-2-19 20：01）
[2026-02-22 02:07:14] 結城希亞: @布罗利Broli：载物还是先超过monesy再碰瓷donk吧（2024-2-19 20：01）
[2026-02-22 02:07:14] 阡陌ER:     斧乃木还是出早了，放到布罗利时期他肯定死不了
[2026-02-22 02:07:14] 玩猴爪丶MonkeyPaw: 主播你在看弹幕吗？我看弹幕都在骂你，你根本没有回应
[2026-02-22 02:07:14] 双标犬玩机器: 你们别带布罗利两个steam号都叫**5的节奏啊
[2026-02-22 02:07:14] 点圣: @阿雨：布罗利你安心去吧，玩大哥保你安度晚年
[2026-02-22 02:07:15] 呆妹儿的姑父: @阿雨：布罗利你安心去吧，玩大哥保你安度晚年
[2026-02-22 02:07:15] 我730730730: @布罗利Broli：载物还是先超过monesy再碰瓷donk吧（2024-2-19 20：01）
[2026-02-22 02:07:16] ezbet: 能改成25级发言吗？
[2026-02-22 02:07:16] HisuiHearts: 玩大哥你再不下播你房管的sfz都要被挖出来了
[2026-02-22 02:07:16] LvvsiN: 我提一嘴这剧情越来越像上海major了
[2026-02-22 02:07:16] Anton阿树: 2
[2026-02-22 02:07:20] 1泡泡壶茶1: 玩大哥你再不下播你房管的sfz都要被挖出来了
[2026-02-22 02:07:20] 那英啊哈哈哈: @布罗利Broli：载物还是先超过monesy再碰瓷donk吧（2024-2-19 20：01）
[2026-02-22 02:07:20] zbq93: 玩大哥你再不下播你房管的sfz都要被挖出来了
[2026-02-22 02:07:20] 姿势那些年小鸡小鸡: sfz没啥用需要手机号码微信支付宝
[2026-02-22 02:07:20] 长崎素世的本人: 玩大哥你再不下播你房管的sfz都要被挖出来了
[2026-02-22 02:07:20] 汤汤魔魔mmmmmmmmajor冠军: @布罗利Broli：载物还是先超过monesy再碰瓷donk吧（2024-2-19 20：01）
[2026-02-22 02:07:20] 呆妹儿的姑父: @阿雨：布罗利你安心去吧，玩大哥保你安度晚年
[2026-02-22 02:07:20] zont1x666: 玩大哥，你在看啥呢？你确定不转行当主播吗？
[2026-02-22 02:07:20] 一寸灰Q: @布罗利Broli：载物还是先超过monesy再碰瓷donk吧（2024-2-19 20：01）
[2026-02-22 02:07:20] z泽村英梨梨i: 如果碰到那种玩数字梗，谐音梗直接攻击我家人，或者水友家人的，麻烦各位帮我封一下吧，365，谢谢大家了
[2026-02-22 02:07:20] 玩斯特机机: 冷知识：直播间房管都是主播朋友👫
[2026-02-22 02:07:20] 美食殿堂的雪菲本人: @阿梓从小就很可爱：弹幕没一个舔主播的，主播是怎么忍住不低气压训粉的
[2026-02-22 02:07:20] BMWCK: 斧乃木还是出早了，放到布罗利时期他肯定死不了
[2026-02-22 02:07:20] lonhkfd: 不是 布罗利你为什么一裤子黑蛋啊 我让你全仓一代手套
[2026-02-22 02:07:20] 草莓冰酪: 你们别带布罗利两个steam号都叫**5的节奏啊
[2026-02-22 02:07:20] 玩猴爪丶MonkeyPaw: 主播你看弹幕吗？我看弹幕都在骂你，你根本没有回应
[2026-02-22 02:07:20] 好哥们韩信: 如果碰到那种玩数字梗，谐音梗直接攻击我家人，或者水友家人的，麻烦各位帮我封一下吧，365，谢谢大家了
[2026-02-22 02:07:20] BTSG丶:     斧乃木还是出早了，放到布罗利时期他肯定死不了
[2026-02-22 02:07:20] 用户65052344: 你们别带布罗利两个steam号都叫**5的节奏啊
[2026-02-22 02:07:20] Falcons的丰川niko本人: @布罗利：载物还是先超过monesy再碰瓷donk吧（2024-2-19 20：01）
[2026-02-22 02:07:20] 刘刘的农:  @布罗利Broli：载物还是先超过monesy再碰瓷donk吧（2024-2-19 20：01）
[2026-02-22 02:07:20] 呆妹儿的姑父: @阿雨：布罗利你安心去吧，玩大哥保你安度晚年
[2026-02-22 02:07:20] 载物的艾7: 斧乃木还是出早了，放到布罗利时期他肯定死不了
[2026-02-22 02:07:20] 汤汤魔魔mmmmmmmmajor冠军: @布罗利Broli：载物还是先超过monesy再碰瓷donk吧（2024-2-19 20：01）
[2026-02-22 02:07:20] LvvsiN: 玩宝宝，我发现在大学上学的时候肄业会很舒服，你可以试试
[2026-02-22 02:07:20] Anton阿树: 3
[2026-02-22 02:07:21] 鸭硕的哈撒给: 你们别带嘉豪布罗利steam号上好几页黑蛋的节奏啊
[2026-02-22 02:07:21] 土木工程熊登辉: 能说话了，爽
[2026-02-22 02:07:21] 看死Herbaut就杀了你: 你们别带布罗利两个steam号都叫**5的节奏啊
[2026-02-22 02:07:22] 用户3853464680:     斧乃木还是出早了，放到布罗利时期他肯定死不了
[2026-02-22 02:07:22] 好的好的阖家: 如果碰到那种玩数字梗，谐音梗直接攻击我家人，或者水友家人的，麻烦各位帮我封一下吧，365，谢谢大家了
[2026-02-22 02:07:22] 我730730730: 你们别带布罗利两个steam号都叫**5的节奏啊
[2026-02-22 02:07:22] LvvsiN: @阿汤日记：一个人，5发子弹，保住格陵兰岛。我不会叫它不可能完成的任务，我现在只想先回家看亦博
[2026-02-22 02:07:22] 502196108: 玩大哥你别下播了，人家在给你刷礼物
[2026-02-22 02:07:22] 机器的稿完: 玩大哥你再不下播你房管的sfz都要被挖出来了
[2026-02-22 02:07:22] 玩公式丶Formula: 玩大哥，你在看啥呢？你确定不转行当主播吗？
[2026-02-22 02:07:23] eda778: 自由
[2026-02-22 02:07:23] 静寂风: ？
[2026-02-22 02:07:23] 呆妹儿的姑父: @阿雨：布罗利你安心去吧，玩大哥保你安度晚年
[2026-02-22 02:07:23] PYDGS: 牛逼
[2026-02-22 02:07:23] lonhkfd: 斧乃木还是出早了，放到布罗利时期他肯定死不了
[2026-02-22 02:07:23] 可达鸭要做个好小孩: 玩大哥你再不下播你房管的sfz都要被挖出来了
[2026-02-22 02:07:23] 驴驴伟伟major冠军: 不是 布罗利你为什么一裤子黑蛋啊 我让你全仓一代手套
[2026-02-22 02:07:24] 77一定会是我的: 斧乃木还是出早了，放到布罗利时期他肯定死不了
[2026-02-22 02:07:24] -小佐内由纪-: 斧乃木还是出早了，放到布罗利时期他肯定死不了
[2026-02-22 02:07:24] 小救星小杜DuD: 你们别带布罗利两个steam号都叫**5的节奏啊
[2026-02-22 02:07:24] LvvsiN: 银行业😄银行业😀银行业😃银行业😁银行业😆银行业🤪银行业😝
[2026-02-22 02:07:25] BMWCK: @布罗利：载物还是先超过monesy再碰瓷donk吧（2024-2-19 20：01）
[2026-02-22 02:07:25] 猪阿猪猪猪: 如果碰到那种玩数字梗，谐音梗直接攻击我家人，或者水友家人的，麻烦各位帮我封一下吧，365，谢谢大家了
[2026-02-22 02:07:25] loverboy888: gg
[2026-02-22 02:07:25] 卡啊卡卡丶: 冷知识：直播间房管都是主播朋友👫
[2026-02-22 02:07:25] 那英啊哈哈哈: 冷知识：直播间房管都是主播朋友👫
[2026-02-22 02:07:25] 好好的吧不错: sfz没啥用需要手机号码微信支付宝
[2026-02-22 02:07:25] 量子毁灭717: 感觉0P的开盒和6657不配相提并论啊
[2026-02-22 02:07:25] 呆妹儿的姑父: @阿雨：布罗利你安心去吧，玩大哥保你安度晚年
[2026-02-22 02:07:26] 草莓冰酪: 你们别带嘉豪布罗利steam号上好几页黑蛋的节奏啊
[2026-02-22 02:07:26] 好哥们韩信: 如果碰到那种玩数字梗，谐音梗直接攻击我家人，或者水友家人的，麻烦各位帮我封一下吧，365，谢谢大家了
[2026-02-22 02:07:26] EDG的hotdog本人: 舒适
[2026-02-22 02:07:26] 捂二哥: 弹幕别刷了。。。玩大哥脸色不对了😨😨😨
[2026-02-22 02:07:26] MunChlax丶:     斧乃木还是出早了，放到布罗利时期他肯定死不了
[2026-02-22 02:07:26] 大姜饼: 斧乃木还是出早了，放到布罗利时期他肯定死不了
[2026-02-22 02:07:26] BlackMachine008: 图书馆
[2026-02-22 02:07:26] LvvsiN: 银行业😄银行业😀银行业😃银行业😁银行业😆银行业🤪银行业😝
[2026-02-22 02:07:27] 小蜜蜂的长期素食本人: 陌生
[2026-02-22 02:07:27] 似梦长4414: GG
[2026-02-22 02:07:27] Hcmor: 斧乃木还是出早了，放到布罗利时期他肯定死不了
[2026-02-22 02:07:27] Z伊卡洛斯Z:     斧乃木还是出早了，放到布罗利时期他肯定死不了
[2026-02-22 02:07:27] 普通网友小沈: 玩机器难绷弹幕玩载物数字梗警告梗；玩机器怒喷：谁敢带我家人和水友数字梗房管直接365！
[2026-02-22 02:07:27] OMGlionKing: @布罗利：我参与了投票Drake这个diss怎么样？ 我投给了“我觉得顶”[笑哭]
[2026-02-22 02:07:27] x星辰GGGGGG: 😙🍠😙🍠😙🍠😙🍠😙🍠😙🍠😙🍠😙🍠😙🍠😙🍠😙🍠
[2026-02-22 02:07:27] 玩蛇鼠丶stabbi: 主播你看弹幕吗？我看弹幕都在骂你，你根本没有回应
[2026-02-22 02:07:27] wedd1ddeJodd: 斧乃木还是出早了，放到布罗利时期他肯定死不了
[2026-02-22 02:07:27] 愤怒祷词: 优美
[2026-02-22 02:07:27] Ecifircas: 玩宝宝，我发现在大学上学的时候肄业会很舒服，你可以试试
[2026-02-22 02:07:28] 一拳打爆你魔丸: @布罗利Broli：载物还是先超过monesy再碰瓷donk吧（2024-2-19 20：01）
[2026-02-22 02:07:28] 神奥联盟的竹兰本人: 斧乃木还是出早了，放到布罗利时期他肯定死不了
[2026-02-22 02:07:28] 小缘赐名的JK: 送完一元粉丝牌 然后被房管封....NB
[2026-02-22 02:07:28] 老公骂我好口马: 优美CS
[2026-02-22 02:07:28] xieri: 你们别带布罗利两个steam号都叫**5的节奏啊
[2026-02-22 02:07:28] 驴驴宗宗买这冠军: 斧乃木还是出早了，放到布罗利时期他肯定死不了
[2026-02-22 02:07:28] LvvsiN: 额，拿亚军我都会，拿亚军，拿季军，拿四强，拿八强，拿十六强，呃拿冠军我不会，然后小组赛淘汰
[2026-02-22 02:07:28] sjtu的musketeers本人: 反观
[2026-02-22 02:07:29] 李知恩lynt: 你们别带嘉豪布罗利steam号上好几页黑蛋的节奏啊
[2026-02-22 02:07:29] 呆妹儿的姑父: @阿雨：布罗利你安心去吧，玩大哥保你安度晚年
[2026-02-22 02:07:29] 贝让的柯罗莎本人: 玩大哥你再不下播你房管的sfz都要被挖出来了
[2026-02-22 02:07:29] 玩石头Tomorin: 玩大哥你再不下播你房管的sfz都要被挖出来了
[2026-02-22 02:07:29] 淡色阳炎:     斧乃木还是出早了，放到布罗利时期他肯定死不了
[2026-02-22 02:07:29] 海绵宝宝小白儿: 你们别带布罗利两个steam号都叫**5的节奏啊
[2026-02-22 02:07:29] HisuiHearts: 如果碰到那种玩数字梗，谐音梗直接攻击我家人，或者水友家人的，麻烦各位帮我封一下吧，365，谢谢大家了
[2026-02-22 02:07:29] jsir6688: 斧乃木还是出早了，放到布罗利时期他肯定死不了
[2026-02-22 02:07:30] 遇见你时风好甜m: 斧乃木还是出早了，放到布罗利时期他肯定死不了
[2026-02-22 02:07:30] 我是真想给玩神当二台: 你们别带布罗利两个steam号都叫**5的节奏啊
[2026-02-22 02:07:30] last玩神丶: 你们别带嘉豪布罗利steam号上好几页黑蛋的节奏啊
[2026-02-22 02:07:30] 图帕雷松: 我没听blade的提醒复制到爆的评论被封禁了😭
[2026-02-22 02:07:30] 草莓冰酪: 不是 布罗利你为什么一裤子黑蛋啊 我让你全仓一代手套
[2026-02-22 02:07:30] 叫我老岑就好了呀: 冷知识：直播间房管都是主播朋友👫
[2026-02-22 02:07:31] 贝拉K1rA: 你们别带布罗利两个steam号都叫**5的节奏啊
[2026-02-22 02:07:33] 给jee介绍女朋友: 斧乃木还是出早了，放到布罗利时期他肯定死不了
[2026-02-22 02:07:35] 王佰柒柒: @布罗利Broli：
[2026-02-22 02:07:35] 好姐妹芙卡洛斯: 布罗利出来走两步
[2026-02-22 02:07:35] xjdnshxjdka: 斧乃木还是出早了，放到布罗利时期他肯定死不了
[2026-02-22 02:07:35] ThomasWilliamHiddleston: 9999+
[2026-02-22 02:07:35] 用户3866955218: 斧乃木还是出早了，放到布罗利时期他肯定死不了
[2026-02-22 02:07:35] 漩涡章鱼: 斧乃木还是出早了，放到布罗利时期他肯定死不了
[2026-02-22 02:07:35] CS解说丰川祥子: 斧乃木还是出早了，放到布罗利时期他肯定死不了
[2026-02-22 02:07:35] LvvsiN: @阿汤日记：一个人，5发子弹，保住格陵兰岛。我不会叫它不可能完成的任务，我现在只想先回家看亦博
[2026-02-22 02:07:35] 哈基鹅大王: 斧乃木还是出早了，放到布罗利时期他肯定死不了
[2026-02-22 02:07:35] 玩蛇鼠丶stabbi: 恨
[2026-02-22 02:07:35] 绝食十年攒爱top3飞机: @阿雨：布罗利你安心去吧，玩大哥保你安度晚年
[2026-02-22 02:07:35] jamesfaith23: 冷知识：直播间房管都是主播朋友👫
[2026-02-22 02:07:35] 新津粥劫伦: 你们别带布罗利两个steam号都叫**5的节奏啊
[2026-02-22 02:07:35] friberg的接班人: 优美
[2026-02-22 02:07:35] 紫魂青魄少年心:     斧乃木还是出早了，放到布罗利时期他肯定死不了
[2026-02-22 02:07:35] 鼓鼓鼓捣叨叨: 玩机器难绷弹幕玩载物数字梗警告梗；玩机器怒喷：谁敢带我家人和水友数字梗房管直接365！
[2026-02-22 02:07:35] RzRzRzRz弱智: @布罗利Broli：载物还是先超过monesy再碰瓷donk吧（2024-2-19 20：01）
[2026-02-22 02:07:35] 杰斌候入长峪城: 如果碰到那种玩数字梗，谐音梗直接攻击我家人，或者水友家人的，麻烦各位帮我封一下吧，365，谢谢大家了
[2026-02-22 02:07:35] FiaoxP: @阿雨：布罗利你安心去吧，玩大哥保你安度晚年
[2026-02-22 02:07:35] 好姐妹阿尔图图罗: 有人在看吗
[2026-02-22 02:07:35] Aabv8877: a圣
[2026-02-22 02:07:35] 用户1931751596:     斧乃木还是出早了，放到布罗利时期他肯定死不了
[2026-02-22 02:07:35] 滑稽乂逗比: 你们别带嘉豪布罗利steam号上好几页黑蛋的节奏啊
[2026-02-22 02:07:35] 玩家军的猪头肉本人: 冷知识：直播间房管都是主播朋友👫
[2026-02-22 02:07:35] 呆妹儿的姑父: @阿雨：布罗利你安心去吧，玩大哥保你安度晚年
[2026-02-22 02:07:35] DrLatency78095: 玩大哥你看见载物不会觉得生气吗🤣🤣🤣
[2026-02-22 02:07:35] 草莓冰酪: 不是 布罗利你为什么一裤子黑蛋啊 我让你全仓一代手套
[2026-02-22 02:07:35] 都觉得卡了: 　　　 斧乃木还是出早了，放到布罗利时期他肯定死不了
[2026-02-22 02:07:35] Odike: 你们别带布罗利两个steam号都叫**5的节奏啊
[2026-02-22 02:07:35] 白鵉鳶OriGami: 送完一元粉丝牌 然后被房管封....NB
[2026-02-22 02:07:35] 迷你世界丁真学姐1: 你们别带布罗利两个steam号都叫**5的节奏啊
[2026-02-22 02:07:35] 顾书沅: 斧乃木还是出早了，放到布罗利时期他肯定死不了
[2026-02-22 02:07:35] 锦木干束: 如果碰到那种玩数字梗，谐音梗直接攻击我家人，或者水友家人的，麻烦各位帮我封一下吧，365，谢谢大家了
[2026-02-22 02:07:36] 汤汤魔魔mmmmmmmmajor冠军: 你们别带布罗利两个steam号都叫**5的节奏啊
[2026-02-22 02:07:36] P1te174: @布罗利Broli：载物还是先超过monesy再碰瓷donk吧（2024-2-19 20：01）
[2026-02-22 02:07:36] azo808:     斧乃木还是出早了，放到布罗利时期他肯定死不了
[2026-02-22 02:07:36] AmamiyaIori: 如果碰到那种玩数字梗，谐音梗直接攻击我家人，或者水友家人的，麻烦各位帮我封一下吧，365，谢谢大家了
[2026-02-22 02:07:36] xOcOg: 如果碰到那种玩数字梗，谐音梗直接攻击我家人，或者水友家人的，麻烦各位帮我封一下吧，365，谢谢大家了
[2026-02-22 02:07:36] 2442861055: @布罗利Broli：载物还是先超过monesy再碰瓷donk吧（2024-2-19 20：01）
[2026-02-22 02:07:36] 马修赫GOAT: 斧乃木还是出早了，放到布罗利时期他肯定死不了
[2026-02-22 02:07:36] gulipa8:  @我是真想给玩神当二台：你们别带布罗利两个steam号都叫**5的节奏啊
[2026-02-22 02:07:37] 二二二二虎子: 衣领舒适
[2026-02-22 02:07:37] 忽孝山庄: 玩大哥你再不下播你房管的sfz都要被挖出来了
[2026-02-22 02:07:37] Peko-: @BMWCK：@布罗利：载物还是先超过monesy再碰瓷donk吧（2024-2-19 20：01）
[2026-02-22 02:07:37] Wi1en: 全是冷枪
[2026-02-22 02:07:38] 古怪的一个人: 斧乃木还是出早了，放到布罗利时期他肯定死不了
[2026-02-22 02:07:38] 汤汤魔魔mmmmmmmmajor冠军: 你们别带布罗利两个steam号都叫**5的节奏啊
[2026-02-22 02:07:38] EnVyUs的apEX本人: 反观
[2026-02-22 02:07:38] 玩小将山田凉YamadaRyo:     斧乃木还是出早了，放到布罗利时期他肯定死不了
[2026-02-22 02:07:38] 奥拉夫的蛋炒饭: @阿雨：布罗利你安心去吧，玩大哥保你安度晚年
[2026-02-22 02:07:38] 烟鬼安德鲁: 我有个问题，为什么只有布罗利喜欢玩数字梗？
[2026-02-22 02:07:38] RGsdfbf: 你们别带嘉豪布罗利steam号上好几页黑蛋的节奏啊
[2026-02-22 02:07:38] 祈枫: 你们别带布罗利两个steam号都叫**5的节奏啊
[2026-02-22 02:07:38] 还追还追: ct不用看
[2026-02-22 02:07:38] KRU的Less本人: @布罗利Broli：载物还是先超过monesy再碰瓷donk吧（2024-2-19 20：01）
[2026-02-22 02:07:39] 黑鳖王: 你们别带嘉豪布罗利steam号上好几页黑蛋的节奏啊
[2026-02-22 02:07:39] 我想玩小蜜蜂: 你们别带嘉豪布罗利steam号上好几页黑蛋的节奏啊
[2026-02-22 02:07:39] 玩斯特机机: 你们别带嘉豪布罗利steam号上好几页黑蛋的节奏啊
[2026-02-22 02:07:39] 凤不觉08554: 斧乃木还是出早了，放到布罗利时期他肯定死不了
[2026-02-22 02:07:39] 丰川祥子口三角初华: 斧乃木还是出早了，放到布罗利时期他肯定死不了
[2026-02-22 02:07:39] 冲上云霄的姨: @阿雨：布罗利你安心去吧，玩大哥保你安度晚年
[2026-02-22 02:07:39] 鸽佬kartoloTG: 冷知识：直播间房管都是主播朋友👫
[2026-02-22 02:07:40] Leonisss丶: 斧乃木还是出早了，放到布罗利时期他肯定死不了
[2026-02-22 02:07:40] 卡啊卡卡丶: @阿雨：布罗利你安心去吧，玩大哥保你安度晚年
[2026-02-22 02:07:40] 淡然夏末的温存11: @布罗利Broli：载物还是先超过monesy再碰瓷donk吧（2024-2-19 20：01）
[2026-02-22 02:07:40] 大颗寿司玩机器: 斧乃木还是出早了，放到布罗利时期他肯定死不了
[2026-02-22 02:07:43] Aruka6: 如果碰到那种玩数字梗，谐音梗直接攻击我家人，或者水友家人的，麻烦各位帮我封一下吧，365，谢谢大家了
[2026-02-22 02:07:43] 异灵术爱牧师0: @阿雨：布罗利你安心去吧，玩大哥保你安度晚年
[2026-02-22 02:07:43] 红色有角三倍速的夏亚: 斧乃木还是出早了，放到布罗利时期他肯定死不了
[2026-02-22 02:07:43] 寻血猎犬0V0: 不是 布罗利你为什么一裤子黑蛋啊 我让你全仓一代手套
[2026-02-22 02:07:43] Sereinily: 如果碰到那种玩数字梗，谐音梗直接攻击我家人，或者水友家人的，麻烦各位帮我封一下吧，365，谢谢大家了
[2026-02-22 02:07:43] sscyz: @阿雨：布罗利你安心去吧，玩大哥保你安度晚年
[2026-02-22 02:07:43] 小宅任: @布罗利Broli：载物还是先超过monesy再碰瓷donk吧（2024-2-19 20：01）
[2026-02-22 02:07:43] 小蜜蜂载物本人: 斧乃木还是出早了，放到布罗利时期他肯定死不了
[2026-02-22 02:07:43] 齐格哈尔德: 斧乃木还是出早了，放到布罗利时期他肯定死不了
[2026-02-22 02:07:43] 好姐們愛爾奎特: 如果碰到那种玩数字梗，谐音梗直接攻击我家人，或者水友家人的，麻烦各位帮我封一下吧，365，谢谢大家了
[2026-02-22 02:07:43] AmamiyaIori: 如果碰到那种玩数字梗，谐音梗直接攻击我家人，或者水友家人的，麻烦各位帮我封一下吧，365，谢谢大家了
[2026-02-22 02:07:44] 海绵宝宝小能儿: 送完一元粉丝牌 然后被房管封....NB
[2026-02-22 02:07:44] 爱吃青椒的重曹酱: 我让你开双倍你二龙吗？老子荧光棒要过期了
[2026-02-22 02:07:44] x星辰GGGGGG: 哈哈，给我这个24年碰瓷驴美娜美，25年人身攻击冰粉的海啸看笑了
[2026-02-22 02:07:44] Kunwz: 我知道布罗利为什么不删动态了。现在400多评论，他要等到那个神秘数字再删
[2026-02-22 02:07:44] 治好了也会流口水: 你们别带布罗利两个steam号都叫**5的节奏啊
[2026-02-22 02:07:44] F0restwOw-: 你们别带布罗利两个steam号都叫**5的节奏啊
[2026-02-22 02:07:44] 锦木干束: 如果碰到那种玩数字梗，谐音梗直接攻击我家人，或者水友家人的，麻烦各位帮我封一下吧，365，谢谢大家了
[2026-02-22 02:07:45] 柳小目: 　　　 你们别带嘉豪布罗利steam号上好几页黑蛋的节奏啊
[2026-02-22 02:07:45] 玩蛇鼠丶stabbi: 玩大哥别憋死了，想说数字就大大方方说吧
[2026-02-22 02:07:45] 爆爆爆开爆: 斧乃木还是出早了，放到布罗利时期他肯定死不了
[2026-02-22 02:07:45] Hcmor: @BMWCK：@布罗利：载物还是先超过monesy再碰瓷donk吧（2024-2-19 20：01）
[2026-02-22 02:07:45] 想吃丰川祥子的狱卒: 如果碰到那种玩数字梗，谐音梗直接攻击我家人，或者水友家人的，麻烦各位帮我封一下吧，365，谢谢大家了
[2026-02-22 02:07:45] 空白Zzz丶: 反观
[2026-02-22 02:07:45] Ephemerality137: 去过玩大哥婚礼的斤都被切割了，这个布罗利是玩大哥什么人😱
[2026-02-22 02:07:46] 仇小新: 蒙古能拿1图吗
[2026-02-22 02:07:46] 玩小将山田凉YamadaRyo: @阿雨：布罗利你安心去吧，玩大哥保你安度晚年
[2026-02-22 02:07:46] znnoy: @布罗利：又来了[星星眼]请问niko要在社媒解释多少次自己没权力，你的猪脑子才会不根据臆想去行动思
[2026-02-22 02:07:46] 刘刘的农: 我今天才明白为什么载物和monesy对战会那么好看
[2026-02-22 02:07:46] 小橦橦橦橦: 玩大哥你再不下播你房管的sfz都要被挖出来了
[2026-02-22 02:07:46] 绝食十年攒爱top3飞机: 斧乃木还是出早了，放到布罗利时期他肯定死不了
[2026-02-22 02:07:46] 零北鸢: 你们别带嘉豪布罗利steam号上好几页黑蛋的节奏啊
[2026-02-22 02:07:46] kyubit: 如果碰到那种玩数字梗，谐音梗直接攻击我家人，或者水友家人的，麻烦各位帮我封一下吧，365，谢谢大家了
[2026-02-22 02:07:46] 还想不想来了: 玩大哥你们家房管好凶啊
[2026-02-22 02:07:46] 菠萝王111: 送完一元粉丝牌 然后被房管封....NB
[2026-02-22 02:07:47] 草莓冰酪: 不是 布罗利你为什么一裤子黑蛋啊 我让你全仓一代手套
[2026-02-22 02:07:47] 洛杉矶究极风暴: @阿雨：布罗利你安心去吧，玩大哥保你安度晚年
[2026-02-22 02:07:47] 用戶6657: @布罗利：为什么房管封的不能给鱼丸……还以为今天晚上得吃了……
[2026-02-22 02:07:47] 还有时间日落之前: 你们别带布罗利两个steam号都叫**5的节奏啊
[2026-02-22 02:07:47] 棍神南极服登顶: 斧乃木还是出早了，放到布罗利时期他肯定死不了
[2026-02-22 02:07:47] Akiba的牧濑红莉栖本人: @布罗利Broli：载物还是先超过monesy再碰瓷donk吧（2024-2-19 20：01）
[2026-02-22 02:07:48] 呆妹儿的姑父: @阿雨：布罗利你安心去吧，玩大哥保你安度晚年
[2026-02-22 02:07:48] 好姐妹天童爱丽丝: 斧乃木还是出早了，放到布罗利时期他肯定死不了
[2026-02-22 02:07:48] F0restwOw-: 斧乃木还是出早了，放到布罗利时期他肯定死不了
[2026-02-22 02:07:48] 贝让的柯罗莎本人: 斧乃木还是出早了，放到布罗利时期他肯定死不了
[2026-02-22 02:07:48] 杰洛齐贝林3: 傻呗二次元天天发他那丰川祥子千早爱音，去搜了一下原来真的很可爱！以后我也要跟着发二次元
[2026-02-22 02:07:48] 丶丶桔梗丶: 死了个最菜的
[2026-02-22 02:07:48] 火星情报员工: 你们别带嘉豪布罗利steam号上好几页黑蛋的节奏啊
[2026-02-22 02:07:48] 海绵宝宝小白儿: 斧乃木还是出早了，放到布罗利时期他肯定死不了
[2026-02-22 02:07:48] 专看玩机器的号: 为什么房管封的不能给鱼丸……还以为今天晚上得吃了……
[2026-02-22 02:07:49] LvvsiN: 你屏蔽词都快赶上新华词典了为什么不干脆开一百级发言？
[2026-02-22 02:07:49] znnoy: @布罗利：又来了[星星眼]请问niko要在社媒解释多少次自己没权力，你的猪脑子才会不根据臆想去行动思
[2026-02-22 02:07:49] wedd1ddeJodd: 你们别带嘉豪布罗利steam号上好几页黑蛋的节奏啊
[2026-02-22 02:07:50] 有一种发泄叫渗透: 　　　 如果碰到那种玩数字梗，谐音梗直接攻击我家人，或者水友家人的，麻烦各位帮我封一下吧，365，谢
[2026-02-22 02:07:50] kyubit: 如果碰到那种玩数字梗，谐音梗直接攻击我家人，或者水友家人的，麻烦各位帮我封一下吧，365，谢谢大家了
[2026-02-22 02:07:50] 心灵盟友: @布罗利Broli：载物还是先超过monesy再碰瓷donk吧（2024-2-19 20：01）
[2026-02-22 02:07:50] zly2606401418: 如果碰到那种玩数字梗，谐音梗直接攻击我家人，或者水友家人的，麻烦各位帮我封一下吧，365，谢谢大家了
[2026-02-22 02:07:50] 王佰柒柒: 你们别带嘉豪布罗利steam号上好几页黑蛋的节奏啊
[2026-02-22 02:07:51] 我730730730: 原来这些串子和恨载真是尼尼孩孩粉丝啊，我还以为你们开玩笑的
[2026-02-22 02:07:51] xOcOg: 【斧乃木】斧乃木难绷布罗利被玩机器抛弃，直言抛就抛了呗，我当年也是这样被抛，都差不多ですわ
[2026-02-22 02:07:51] 小昊的yimon阿爱发烧: @布罗利Broli：载物还是先超过monesy再碰瓷donk吧（2024-2-19 20：01）
[2026-02-22 02:07:51] 283的铃木羽那本人: 如果碰到那种玩数字梗，谐音梗直接攻击我家人，或者水友家人的，麻烦各位帮我封一下吧，365，谢谢大家了
[2026-02-22 02:07:51] 好哥们韩信: 如果碰到那种玩数字梗，谐音梗直接攻击我家人，或者水友家人的，麻烦各位帮我封一下吧，365，谢谢大家了
[2026-02-22 02:07:51] 时间就是深海咸鱼: 如果碰到那种玩数字梗，谐音梗直接攻击我家人，或者水友家人的，麻烦各位帮我封一下吧，365，谢谢大家了
[2026-02-22 02:07:51] 最后的尼孝: 送完一元粉丝牌 然后被房管封....NB
[2026-02-22 02:07:52] 马弓手玩机器: 送完一元粉丝牌 然后被房管封....NB
[2026-02-22 02:07:52] 普通网友小沈: 玩机器难绷弹幕玩载物数字梗警告梗；玩机器怒喷：谁敢带我家人和水友数字梗房管直接365！
[2026-02-22 02:07:52] C0C00N: 　　　 你们别带嘉豪布罗利steam号上好几页黑蛋的节奏啊
[2026-02-22 02:07:52] zzznnni: 送完一元粉丝牌 然后被房管封....NB
[2026-02-22 02:07:52] 我傻了都466: 送完一元粉丝牌 然后被房管封....NB
[2026-02-22 02:07:52] 火星情报员工: 哈哈，给我这个24年碰瓷驴美娜美，25年人身攻击冰粉的海啸看笑了
[2026-02-22 02:07:53] LvvsiN: 我让你开双倍你二龙吗？老子荧光棒要过期了
[2026-02-22 02:07:53] 玩蛇鼠丶stabbi: 玩大哥别憋死了，想说数字就大大方方说吧
[2026-02-22 02:07:53] 还有时间日落之前: 哈哈，给我这个24年碰瓷驴美娜美，25年人身攻击冰粉的海啸看笑了
[2026-02-22 02:07:53] 零北鸢: 你们别带嘉豪布罗利steam号上好几页黑蛋的节奏啊
[2026-02-22 02:07:55] 仰望星空35812: @阿雨：布罗利你安心去吧，玩大哥保你安度晚年
[2026-02-22 02:07:55] znnoy: @布罗利：又来了[星星眼]请问niko要在社媒解释多少次自己没权力，你的猪脑子才会不根据臆想去行动思
[2026-02-22 02:07:55] 绝食十年攒爱top3飞机: 你们别带嘉豪布罗利steam号上好几页黑蛋的节奏啊
[2026-02-22 02:07:55] kyubit: 如果碰到那种玩数字梗，谐音梗直接攻击我家人，或者水友家人的，麻烦各位帮我封一下吧，365，谢谢大家了
[2026-02-22 02:07:55] 我是真想给玩神当二台:     你们别带嘉豪布罗利steam号上好几页黑蛋的节奏啊
[2026-02-22 02:07:55] Odike: @阿雨：布罗利你安心去吧，玩大哥保你安度晚年
[2026-02-22 02:07:55] 波屯浪人: 你们别带嘉豪布罗利steam号上好几页黑蛋的节奏啊
[2026-02-22 02:07:55] 时光划过泪痕桥: 送完一元粉丝牌 然后被房管封....NB
[2026-02-22 02:07:55] Anderw: 你们别带嘉豪布罗利steam号上好几页黑蛋的节奏啊
[2026-02-22 02:07:55] LvvsiN: 为什么房管封的不能给鱼丸……还以为今天晚上得吃了……
[2026-02-22 02:07:55] 宇莓: 如果碰到那种玩数字梗，谐音梗直接攻击我家人，或者水友家人的，麻烦各位帮我封一下吧，365，谢谢大家了
[2026-02-22 02:07:55] 巅峰社丶西门吹雪: 😙🍠😙🍠😙🍠😙🍠😙🍠😙🍠😙🍠😙🍠😙🍠😙🍠😙🍠
[2026-02-22 02:07:55] Lz丶沐兮: 懂你意思
[2026-02-22 02:07:58] sscyz: 斧乃木还是出早了，放到布罗利时期他肯定死不了
[2026-02-22 02:07:58] 男人永远是少年乁: 斧乃木还是出早了，放到布罗利时期他肯定死不了
[2026-02-22 02:07:58] Pab1tel: 你们别带嘉豪布罗利steam号上好几页黑蛋的节奏啊
[2026-02-22 02:07:58] 阡陌ER: 送完一元粉丝牌 然后被房管封....NB
[2026-02-22 02:07:58] DemIgod灬: apex是不是瘦了，怎么感觉变年轻了
[2026-02-22 02:07:58] 刘刘的农: 不是 布罗利你为什么一裤子黑蛋啊 我让你全仓一代手套
[2026-02-22 02:07:58] 775424353: 你们别带布罗利两个steam号都叫**5的节奏啊
[2026-02-22 02:07:58] 仰望星空35812: 你们别带嘉豪布罗利steam号上好几页黑蛋的节奏啊
[2026-02-22 02:07:58] 玩公式丶Formula: 好爽的弹幕，聊比赛的只有一两句
[2026-02-22 02:07:58] lonhkfd: 如果碰到那种玩数字梗，谐音梗直接攻击我家人，或者水友家人的，麻烦各位帮我封一下吧，365，谢
[2026-02-22 02:07:58] kyubit: 如果碰到那种玩数字梗，谐音梗直接攻击我家人，或者水友家人的，麻烦各位帮我封一下吧，365，谢谢大家了
[2026-02-22 02:07:58] 青山锁欲锁不住你: 你们别带嘉豪布罗利steam号上好几页黑蛋的节奏啊
[2026-02-22 02:07:58] 鲜血与暗影铸造的家伙: 懂你意思
[2026-02-22 02:07:58] 千早爱音desu: 傻了  我直接把之前的复制过来了 我前天看niko还没换饰品   晚上我回去看看他库存
[2026-02-22 02:07:58] Akiba的牧濑红莉栖本人: 你们别带嘉豪布罗利steam号上好几页黑蛋的节奏啊
[2026-02-22 02:07:58] 神奥联盟的竹兰本人: 如果碰到那种玩数字梗，谐音梗直接攻击我家人，或者水友家人的，麻烦各位帮我封一下吧，365，谢谢大家了
[2026-02-22 02:07:58] TTak11: 你们别带嘉豪布罗利steam号上好几页黑蛋的节奏啊
[2026-02-22 02:07:58] znnoy: @布罗利：又来了[星星眼]请问niko要在社媒解释多少次自己没权力，你的猪脑子才会不根据臆想去行动思
[2026-02-22 02:07:58] 啪啪啪啪的蛋: 如果碰到那种玩数字梗，谐音梗直接攻击我家人，或者水友家人的，麻烦各位帮我封一下吧，365，谢谢大家了
[2026-02-22 02:07:58] 爆爆爆开爆: 你们别带嘉豪布罗利steam号上好几页黑蛋的节奏啊
[2026-02-22 02:07:58] Jess2: 原来这些串子和恨载真是尼尼孩孩粉丝啊，我还以为你们开玩笑的
[2026-02-22 02:07:58] Peko-: @王佰柒柒：你们别带嘉豪布罗利steam号上好几页黑蛋的节奏啊
[2026-02-22 02:07:58] KuanGggg丶: 哪个队
[2026-02-22 02:07:58] 那英啊哈哈哈: 原来这些串子和恨载真是尼尼孩孩粉丝啊，我还以为你们开玩笑的
[2026-02-22 02:07:58] 风铃幽幽: 你们别带嘉豪布罗利steam号上好几页黑蛋的节奏啊
[2026-02-22 02:07:58] bLuEsTAr31: 你们别带嘉豪布罗利steam号上好几页黑蛋的节奏啊
[2026-02-22 02:07:58] Mc凉月奏酱: 如果碰到那种玩数字梗，谐音梗直接攻击我家人，或者水友家人的，麻烦各位帮我封一下吧，365，谢谢大家了
[2026-02-22 02:07:58] 刘刘的农: 你们别带嘉豪布罗利steam号上好几页黑蛋的节奏啊
[2026-02-22 02:07:59] LaifuoO来福oO:     如果碰到那种玩数字梗，谐音梗直接攻击我家人，或者水友家人的，麻烦各位帮我封一下吧，365，谢
[2026-02-22 02:07:59] kyubit: 如果碰到那种玩数字梗，谐音梗直接攻击我家人，或者水友家人的，麻烦各位帮我封一下吧，365，谢谢大家了
[2026-02-22 02:07:59] 74751的修理班阿渣: 最自由的吊人这么有纪律性？？对我的世界冲击太大了
[2026-02-22 02:07:59] 用户0715022066: 如果碰到那种玩数字梗，谐音梗直接攻击我家人，或者水友家人的，麻烦各位帮我封一下吧，365，谢谢大家了
[2026-02-22 02:07:59] VI将臣: 你们别带嘉豪布罗利steam号上好几页黑蛋的节奏啊
[2026-02-22 02:07:59] 图帕雷松: @布罗利Broli：载物还是先超过monesy再碰瓷donk吧（2024-2-19 20：01）
[2026-02-22 02:08:00] 泠鸢不是冷鸢丶: 你们别带嘉豪布罗利steam号上好几页黑蛋的节奏啊
[2026-02-22 02:08:00] 牛头人突击手: 斧乃木还是出早了，放到布罗利时期他肯定死不了
[2026-02-22 02:08:00] znnoy: @布罗利：又来了[星星眼]请问niko要在社媒解释多少次自己没权力，你的猪脑子才会不根据臆想去行动思
[2026-02-22 02:08:00] 用玩大哥的角磨机吧: 如果碰到那种玩数字梗，谐音梗直接攻击我家人，或者水友家人的，麻烦各位帮我封一下吧，365，谢谢大家了
[2026-02-22 02:08:00] 用户2100686284: 你们别带嘉豪布罗利steam号上好几页黑蛋的节奏啊
[2026-02-22 02:08:01] LvvsiN: 你屏蔽词都快赶上新华词典了为什么不干脆开一百级发言？
[2026-02-22 02:08:01] Senzu的羊: 如果碰到那种玩数字梗，谐音梗直接攻击我家人，或者水友家人的，麻烦各位帮我封一下吧，365，谢谢大家了
[2026-02-22 02:08:01] 99999丶压制: 送完一元粉丝牌 然后被房管封....NB
[2026-02-22 02:08:01] 好哥们韩信: 如果碰到那种玩数字梗，谐音梗直接攻击我家人，或者水友家人的，麻烦各位帮我封一下吧，365，谢谢大家了
[2026-02-22 02:08:01] 猛吸千早爱音汁儿: 懂你意思
[2026-02-22 02:08:02] 大家要幸福呀: 如果碰到那种玩数字梗，谐音梗直接攻击我家人，或者水友家人的，麻烦各位帮我封一下吧，365，谢谢大家了
[2026-02-22 02:08:02] 噬魂之爪: 你们别带嘉豪布罗利steam号上好几页黑蛋的节奏啊
[2026-02-22 02:08:02] Subto: 你们别带嘉豪布罗利steam号上好几页黑蛋的节奏啊
[2026-02-22 02:08:02] 即将拥有PDD的人鱼线丿: 味道吗
[2026-02-22 02:08:02] g2的尼ko本人: 你们别带嘉豪布罗利steam号上好几页黑蛋的节奏啊
[2026-02-22 02:08:02] 九折水瓶丶: 斧乃木还是出早了，放到布罗利时期他肯定死不了
[2026-02-22 02:08:03] AcceleratorlllL: 原来这些串子和恨载真是尼尼孩孩粉丝啊，我还以为你们开玩笑的
[2026-02-22 02:08:03] jamesfaith23: 懂你意思
[2026-02-22 02:08:03] 那英啊哈哈哈: 送完一元粉丝牌 然后被房管封....NB
[2026-02-22 02:08:03] 叛逆的源源李: 　　　 你们别带嘉豪布罗利steam号上好几页黑蛋的节奏啊
[2026-02-22 02:08:03] lonhkfd: 你们别带嘉豪布罗利steam号上好几页黑蛋的节奏啊
[2026-02-22 02:08:03] 暴打小日本: 送完一元粉丝牌 然后被房管封....NB
[2026-02-22 02:08:03] 卡啊卡卡丶: 哈哈，给我这个24年碰瓷驴美娜美，25年人身攻击冰粉的海啸看笑了
[2026-02-22 02:08:03] NES丶大白白白呐: 如果碰到那种玩数字梗，谐音梗直接攻击我家人，或者水友家人的，麻烦各位帮我封一下吧，365，谢谢大家了
[2026-02-22 02:08:04] 我在浙江改稻为桑: 哪个队
[2026-02-22 02:08:04] 白日梦之主: 原来这些串子和恨载真是尼尼孩孩粉丝啊，我还以为你们开玩笑的
[2026-02-22 02:08:04] ST骑士: 这版权商务防登山机制太爽了，有懂的吗
[2026-02-22 02:08:04] znnoy: @布罗利：又来了[星星眼]请问niko要在社媒解释多少次自己没权力，你的猪脑子才会不根据臆想去行动思
[2026-02-22 02:08:05] 淡然夏末的温存11: @布罗利Broli：载物还是先超过monesy再碰瓷donk吧（2024-2-19 20：01）
[2026-02-22 02:08:05] 用户55044273: 如果碰到那种玩数字梗，谐音梗直接攻击我家人，或者水友家人的，麻烦各位帮我封一下吧，365，谢谢大家了
[2026-02-22 02:08:05] 撒浪嘿呦0v0: 原来这些串子和恨载真是尼尼孩孩粉丝啊，我还以为你们开玩笑的
[2026-02-22 02:08:05] betterToWait丶xzs: 机器，我是中专老师，看你直播特别能理解你，我每次讲课就和你解说差不多，下面人各聊各的还经常开荒腔
[2026-02-22 02:08:05] 秋Fc: 哪个队
[2026-02-22 02:08:05] 老师的拖鞋: 如果碰到那种玩数字梗，谐音梗直接攻击我家人，或者水友家人的，麻烦各位帮我封一下吧，365，谢谢大家了
[2026-02-22 02:08:05] 叫我老岑就好了呀: 如果碰到那种玩数字梗，谐音梗直接攻击我家人，或者水友家人的，麻烦各位帮我封一下吧，365，谢谢大家了
[2026-02-22 02:08:06] lonhkfd: 你们别带嘉豪布罗利steam号上好几页黑蛋的节奏啊
[2026-02-22 02:08:06] 有你便是世界1: 最自由的吊人这么有纪律性？？对我的世界冲击太大了
[2026-02-22 02:08:06] zbq93: 送完一元粉丝牌 然后被房管封....NB
[2026-02-22 02:08:06] Odike: 玩大哥你再不下播你房管的sfz都要被挖出来了
[2026-02-22 02:08:06] 账户永久封禁: 你们别带嘉豪布罗利steam号上好几页黑蛋的节奏啊
[2026-02-22 02:08:06] dark1337: 你们别带嘉豪布罗利steam号上好几页黑蛋的节奏啊
[2026-02-22 02:08:06] 好哥们山上撤也: 如果碰到那种玩数字梗，谐音梗直接攻击我家人，或者水友家人的，麻烦各位帮我封一下吧，365，谢谢大家了
[2026-02-22 02:08:06] -小佐内由纪-: 如果碰到那种玩数字梗，谐音梗直接攻击我家人，或者水友家人的，麻烦各位帮我封一下吧，365，谢谢大家
[2026-02-22 02:08:06] 刘刘的农: @布罗利：又来了[星星眼]请问niko要在社媒解释多少次自己没权力，你的猪脑子才会不根据臆想去行动思
[2026-02-22 02:08:07] luisjohnny: 送完一元粉丝牌 然后被房管封....NB
[2026-02-22 02:08:07] 玩蛇鼠丶stabbi: 如果碰到那种玩数字梗，谐音梗直接攻击我家人，或者水友家人的，麻烦各位帮我封一下吧，365，谢谢大家了
[2026-02-22 02:08:07] AcceleratorlllL: 你们别带嘉豪布罗利steam号上好几页黑蛋的节奏啊
[2026-02-22 02:08:07] Peko-: @牛头人突击手：斧乃木还是出早了，放到布罗利时期他肯定死不了
[2026-02-22 02:08:07] 想和阿飞抹茶三披: 弹幕别搞了，到时候开合发现布罗利真的4️⃣8️⃣又要反转了 😓😓
[2026-02-22 02:08:08] 小哈哈哈哈别: @布罗利Broli：载物还是先超过monesy再碰瓷donk吧（2024-2-19 20：01）
[2026-02-22 02:08:08] wedd1ddeJodd: 送完一元粉丝牌 然后被房管封....NB
[2026-02-22 02:08:08] 好哥们韩信: @所有人兄弟们，最进弹幕可能会有很多人直球骂主播，如果碰到正常批的请不要封禁。如果碰到那种玩数字梗，谐音梗直接攻击我家人，或者水友家人的，麻
[2026-02-22 02:08:08] WhiteAIbum: 你们别带嘉豪布罗利steam号上好几页黑蛋的节奏啊
[2026-02-22 02:08:08] znnoy: @布罗利：又来了[星星眼]请问niko要在社媒解释多少次自己没权力，你的猪脑子才会不根据臆想去行动思
[2026-02-22 02:08:08] 我730730730: 原来这些串子和恨载真是尼尼孩孩粉丝啊，我还以为你们开玩笑的
[2026-02-22 02:08:08] 灵耀ii: 如果碰到那种玩数字梗，谐音梗直接攻击我家人，或者水友家人的，麻烦各位帮我封一下吧，365，谢谢大家了
[2026-02-22 02:08:09] 好哥们宇智波鼬: 如果碰到那种玩数字梗，谐音梗直接攻击我家人，或者水友家人的，麻烦各位帮我封一下吧，365，谢谢大家了
[2026-02-22 02:08:09] 暴力卓司: 玩大哥你线下和布罗利一起见面活动是一起骂载物吗？
[2026-02-22 02:08:09] 红烧哈基米: 恨
[2026-02-22 02:08:09] 玩弓箭、Arrow: 送完一元粉丝牌 然后被房管封....NB
[2026-02-22 02:08:09] FaZeClan的P3本人: 3.4万........
[2026-02-22 02:08:10] 草莓冰酪: 这版权商务防登山机制太爽了，有懂的吗
[2026-02-22 02:08:10] 可爱家的狗窝: 如果碰到那种玩数字梗，谐音梗直接攻击我家人，或者水友家人的，麻烦各位帮我封一下吧，365，谢谢大家了
[2026-02-22 02:08:10] 什么名字都被用了诶: 斧乃木还是出早了，放到布罗利时期他肯定死不了
[2026-02-22 02:08:10] 承認欲求: 哎，现在都没人记得亓 森了吗
[2026-02-22 02:08:10] 早安丿章鱼哥: falcons：懂你意思
[2026-02-22 02:08:10] 弱智骚年欢乐多: 原来这些串子和恨载真是尼尼孩孩粉丝啊，我还以为你们开玩笑的
[2026-02-22 02:08:10] 图帕雷松: Niko拿major冠军的时候入坑的，现在的弹幕真没眼看🙄​
[2026-02-22 02:08:11] lonhkfd: 送完一元粉丝牌 然后被房管封....NB
[2026-02-22 02:08:11] MC联盟神烦狗: 这版权商务防登山机制太爽了，有懂的吗
[2026-02-22 02:08:11] 老人星的优秀素质本人: 送完一元粉丝牌 然后被房管封....NB
[2026-02-22 02:08:11] 快跑吧: 送完一元粉丝牌 然后被房管封....NB
[2026-02-22 02:08:11] storyfornobody: 如果碰到那种玩数字梗，谐音梗直接攻击我家人，或者水友家人的，麻烦各位帮我封一下吧，365，谢谢大家了
[2026-02-22 02:08:12] 只为梦醒如初: 你们别带嘉豪布罗利steam号上好几页黑蛋的节奏啊
[2026-02-22 02:08:12] jamesfaith23: 你们别带嘉豪布罗利steam号上好几页黑蛋的节奏啊
[2026-02-22 02:08:12] 暴力蒜头王八: 你们别带嘉豪布罗利steam号上好几页黑蛋的节奏啊
[2026-02-22 02:08:12] Falcons的丰川niko本人: 你们别带嘉豪布罗利steam号上好几页黑蛋的节奏啊
[2026-02-22 02:08:12] TwistcC21: 你们别带嘉豪布罗利steam号上好几页黑蛋的节奏啊
[2026-02-22 02:08:13] 擅长登山的亦博同学: 如果碰到那种玩数字梗，谐音梗直接攻击我家人，或者水友家人的，麻烦各位帮我封一下吧，365，谢谢大家了
[2026-02-22 02:08:13] 波屯浪人: 送完一元粉丝牌 然后被房管封....NB
[2026-02-22 02:08:13] 紫魂青魄少年心: 送完一元粉丝牌 然后被房管封....NB
[2026-02-22 02:08:13] C罗载物玩机器: 王朝的味道
[2026-02-22 02:08:16] LvvsiN: 额，拿亚军我都会，拿亚军，拿季军，拿四强，拿八强，拿十六强，呃拿冠军我不会，然后小组赛淘汰
[2026-02-22 02:08:16] Jess2: 如果碰到那种玩数字梗，谐音梗直接攻击我家人，或者水友家人的，麻烦各位帮我封一下吧，365，谢谢大家了
[2026-02-22 02:08:16] skyAPEX: 这版权商务防登山机制太爽了，有懂的吗
[2026-02-22 02:08:16] 所以我又晕了: 你们别带嘉豪布罗利steam号上好几页黑蛋的节奏啊
[2026-02-22 02:08:16] 灵耀ii: 哈哈，给我这个24年碰瓷驴美娜美，25年人身攻击冰粉的海啸看笑了
[2026-02-22 02:08:16] cyding16: 如果碰到那种玩数字梗，谐音梗直接攻击我家人，或者水友家人的，麻烦各位帮我封一下吧，365，谢谢大家了
[2026-02-22 02:08:16] Subto: 这版权商务防登山机制太爽了，有懂的吗
[2026-02-22 02:08:16] ST骑士: 你们别带嘉豪布罗利steam号上好几页黑蛋的节奏啊
[2026-02-22 02:08:16] L0ost: 你们别带嘉豪布罗利steam号上好几页黑蛋的节奏啊
[2026-02-22 02:08:16] 菠萝王111: 原来这些串子和恨载真是尼尼孩孩粉丝啊，我还以为你们开玩笑的
[2026-02-22 02:08:16] 暴力卓司: 玩大哥你线下和布罗利一起见面活动是一起骂载物吗？
[2026-02-22 02:08:16] 丶丶桔梗丶: 这版权商务防登山机制太爽了，有懂的吗
[2026-02-22 02:08:16] 男人永远是少年乁: 送完一元粉丝牌 然后被房管封....NB
[2026-02-22 02:08:16] 刘刘的农: 你们别带嘉豪布罗利steam号上好几页黑蛋的节奏啊
[2026-02-22 02:08:16] Aenusae: 你们别带嘉豪布罗利steam号上好几页黑蛋的节奏啊
[2026-02-22 02:08:16] 想和阿飞抹茶三披: 弹幕别搞了，到时候开合发现布罗利真的4️⃣8️⃣又要反转了 😓😓
[2026-02-22 02:08:16] LvvsiN: 你屏蔽词都快赶上新华词典了为什么不干脆开一百级发言？
[2026-02-22 02:08:17] Sereinily: 你们别带嘉豪布罗利steam号上好几页黑蛋的节奏啊
[2026-02-22 02:08:17] 海绵宝宝小白儿: 恨
[2026-02-22 02:08:17] 诺零零零零零: 送完一元粉丝牌 然后被房管封....NB
[2026-02-22 02:08:17] 好哥们韩信: @所有人兄弟们，最进弹幕可能会有很多人直球骂主播，如果碰到正常批的请不要封禁。如果碰到那种玩数字梗，谐音梗直接攻击我家人，或者水友家人的，麻
[2026-02-22 02:08:17] 爱马修更爱玩宝宝: 送完一元粉丝牌 然后被房管封....NB
