# room_id=6979222 host=玩机器丶Machine title=小众宝藏结晶直播 live_time= fetch_time=2026-02-21 23:45:46
[2026-02-22 01:32:36] 用户3661578: 看个培根或者小钟，别看你那区间墨菲了😅
[2026-02-22 01:32:36] 牧瀨紅莉栖awa: 你们刷慢点，房管封不过来了
[2026-02-22 01:32:36] 玩丈夹脸: PV不配看数据！别刷了！
[2026-02-22 01:32:37] 千堂院纱良: PV不配看数据！别刷了！
[2026-02-22 01:32:37] 糖尿病少恰甜的: 这带节奏的我点开看了一下都有电棍牌子，说实话都是同行真没必要这样搞😓
[2026-02-22 01:32:37] 阿七要努力js: go学长都在玩三冰
[2026-02-22 01:32:37] bsqqaq: 十万了粉丝团，完除心里高兴坏了了有感觉吗
[2026-02-22 01:32:37] 马加奇的哥哥马加绝: 看看右上角99+可以吗
[2026-02-22 01:32:38] viovvvvvvvon: 你们刷慢点，房管封不过来了
[2026-02-22 01:32:38] ST骑士: 看看评论区吧
[2026-02-22 01:32:38] LvvsiN: 玩宝宝，我发现在大学上学的时候肄业会很舒服，你可以试试
[2026-02-22 01:32:38] 历战王若叶睦: 　　　 看《颂乐人偶》后6集
[2026-02-22 01:32:39] Sereinily: 你们刷慢点，房管封不过来了
[2026-02-22 01:32:39] 莫情123: 看看右上角99+可以吗
[2026-02-22 01:32:39] 草莓冰酪: 看看右上角99+可以吗
[2026-02-22 01:32:40] 好哥们望月绫时: 看看右上角99+可以吗
[2026-02-22 01:32:40] bsqqaq: 十万了粉丝团，完除心里高兴坏了了有感觉吗
[2026-02-22 01:32:40] 星海羽弦: PV不配看数据！别刷了！
[2026-02-22 01:32:40] 6666666BILIBILI: 巨大绿唇
[2026-02-22 01:32:40] LvvsiN: 你屏蔽词都快赶上新华词典了为什么不干脆开一百级发言？
[2026-02-22 01:32:40] 斗鱼用户4901183769: 你们千万不要比站搜索uid6512408举报房管布罗利啊
[2026-02-22 01:32:40] 用户46659809: 布罗利Broli：别带载慕斯节奏啊2026-02-15 19:59:02
[2026-02-22 01:32:40] 6657的马嘉祺本人: 克拉科夫猎鹰vlog
[2026-02-22 01:32:41] 爱吃青椒的重曹酱: 小众宝藏比赛
[2026-02-22 01:32:41] 結城希亞: 布罗利Broli：别带载慕斯节奏啊2026-02-15 19:59:02
[2026-02-22 01:32:41] 破浪的松鼠: 你们刷慢点，房管封不过来了
[2026-02-22 01:32:41] 想和阿飞抹茶三披: @donk：玩大哥别别别，这波流量我不想吃。
[2026-02-22 01:32:41] 好姐妹德克萨斯: p3
[2026-02-22 01:32:42] 迷你世界丁真学姐1: @布罗利Broli：我参与了投票 我投给了“Zywoo”
[2026-02-22 01:32:42] LvvsiN: 我提一嘴这剧情越来越像上海major了
[2026-02-22 01:32:43] 木空空空空空: 兄弟们谁能来点汤汤日记啊，我真的憋到不行了
[2026-02-22 01:32:43] bsqqaq: 十万了粉丝团，完除心里高兴坏了了有感觉吗
[2026-02-22 01:32:43] FFrio: 数据
[2026-02-22 01:32:43] 李小小与虾大大: @ropz：晦气
[2026-02-22 01:32:43] ZltanIbra: pv数据都没看
[2026-02-22 01:32:44] 笈伽: 看数据
[2026-02-22 01:32:44] Altolier: 看看右上角99+可以吗
[2026-02-22 01:32:44] ykls的爱情结晶: 看看右上角99+可以吗
[2026-02-22 01:32:44] 愿良辰美景: 你们刷慢点，房管封不过来了
[2026-02-22 01:32:44] 鼓鼓鼓捣叨叨: 布罗利Broli：别带载慕斯节奏啊2026-02-15 19:59:02
[2026-02-22 01:32:44] 莫情123: 你们刷慢点，房管封不过来了
[2026-02-22 01:32:44] 沐木丶丶丶丶: 你们刷慢点，房管封不过来了
[2026-02-22 01:32:44] 无极加贝: 看看右上角99+可以吗
[2026-02-22 01:32:44] LvvsiN: 弹幕也就网上说说，现实里谁不觉得樱姐是好女孩（删括号领一条远坂凛同款鸟笼）
[2026-02-22 01:32:45] viovvvvvvvon: 你们刷慢点，房管封不过来了
[2026-02-22 01:32:45] 丰III祥子: 黑幕
[2026-02-22 01:32:45] Sumimi的Uika本人: PV不配看数据！别刷了！
[2026-02-22 01:32:45] bsqqaq: 十万了粉丝团，完除心里高兴坏了了有感觉吗
[2026-02-22 01:32:46] 残念aw: 看看右上角99+可以吗
[2026-02-22 01:32:46] 宫监手放监: 你们刷慢点，房管封不过来了
[2026-02-22 01:32:46] Vitality的Zyw0o0本人: 完了，加一了一个爆的356天后见了
[2026-02-22 01:32:46] jsir6688: 布罗利Broli：别带载慕斯节奏啊2026-02-15 19:59:02
[2026-02-22 01:32:46] LvvsiN: 孩子们快跑，马修赫伯特来了😨卧槽你的怎么是马枪和BOT
[2026-02-22 01:32:46] VorTexia: 看看右上角99+可以吗
[2026-02-22 01:32:46] 6657的马嘉祺本人: 克拉科夫猎鹰vlog
[2026-02-22 01:32:47] 茶泡饭Trinity: 布罗利Broli：别带载慕斯节奏啊2026-02-15 19:59:02
[2026-02-22 01:32:47] 无责任评论员: @ropz：晦气
[2026-02-22 01:32:47] 想和阿飞抹茶三披: @donk：玩大哥别别别，这波流量我不想吃。
[2026-02-22 01:32:47] 喉宝Eilf: 看看右上角99+可以吗
[2026-02-22 01:32:47] 好姐妹常陆茉子: 斯国一🦜斯国一🦜昂比利巴波🦜
斯国一🦜斯国一🦜昂比利巴波🦜
斯国一🦜斯国一🦜
[2026-02-22 01:32:47] 爱斯忑音音: 这厂商也是神人，决赛pv大战蒙古三千人我看怎么chou🤭
[2026-02-22 01:32:48] 怒之拳: 你屏蔽词都快赶上新华词典了为什么不干脆开一百级发言？
[2026-02-22 01:32:48] kyubit: 看看右上角99+可以吗
[2026-02-22 01:32:48] 热体温却无灵魂: 同款被偷正面
[2026-02-22 01:32:48] 啪啪啪啪的蛋: 布罗利Broli：别带载慕斯节奏啊2026-02-15 19:59:02
[2026-02-22 01:32:48] 矮小的獭: 你们刷慢点，房管封不过来了
[2026-02-22 01:32:48] monsteredars: 别刷了，某人都隐藏帐号了
[2026-02-22 01:32:48] ccxrgt: pv数据都没看
[2026-02-22 01:32:48] LvvsiN: 南孚一节更比六节强，也就是一节南孚比六节南孚强，六节南孚比三十六节强，三十六节比二百一十六节强
[2026-02-22 01:32:49] 用户3661578: 看个培根或者小钟，别看你那区间墨菲了😅
[2026-02-22 01:32:49] 玩台钳丶阿尔托莉雅: 看看右上角99+可以吗
[2026-02-22 01:32:49] 樱落鬼: 布罗利Broli：别带载慕斯节奏啊2026-02-15 19:59:02
[2026-02-22 01:32:49] 沐风Charlie: 你们刷慢点，房管封不过来了
[2026-02-22 01:32:49] 水球碳酸饮料: 看看右上角99+可以吗
[2026-02-22 01:32:50] Abc丶Ss: 你们刷慢点，房管封不过来了
[2026-02-22 01:32:50] 久遠寺有珠Alice: 看看右上角99+可以吗
[2026-02-22 01:32:50] i化石-: 看看右上角99+可以吗
[2026-02-22 01:32:50] bsqqaq: 十万了粉丝团，完除心里高兴坏了了有感觉吗
[2026-02-22 01:32:50] 好姐妹清道夫: 看看右上角99+可以吗
[2026-02-22 01:32:50] 玩刘农device: 你们刷慢点，房管封不过来了
[2026-02-22 01:32:50] 玩大狙、dev1cy: 登
[2026-02-22 01:32:50] 少年瞳a: 看右上角99+
[2026-02-22 01:32:51] 6657的鸣上悠本人: 你们千万别搜索uid6512408举报房管布罗利啊
[2026-02-22 01:32:51] Sy11abear: 看看右上角99+可以吗
[2026-02-22 01:32:51] 刘刘的农: @布罗利Broli：我参与了投票 我投给了“Zywoo”
[2026-02-22 01:32:52] HostageKIA: 请主播回答2022年3月28日在米娜直播间发送弹幕“晃的我心慌”什么意思
[2026-02-22 01:32:52] 久遠寺有珠Alice: 看看右上角99+可以吗
[2026-02-22 01:32:52] 里约钻石币拥有者: 你们刷慢点，房管封不过来了
[2026-02-22 01:32:52] 呆毛帝国皇家御用大厨: 看看右上角99+可以吗
[2026-02-22 01:32:52] 玩玩今天吃什么: 你们刷慢点，房管封不过来了
[2026-02-22 01:32:52] OMGlionKing: 看看右上角99+可以吗
[2026-02-22 01:32:52] 载物唯一GOAT: 布罗利Broli：别带载慕斯节奏啊2026-02-15 19:59:02
[2026-02-22 01:32:52] 我永远喜欢田井中律: 兄弟们谁能来点汤汤日记啊，我真的憋到不行了
[2026-02-22 01:32:52] 暴力卓司: 晦气
[2026-02-22 01:32:53] GlockieSs: 开始60秒捂嘴了
[2026-02-22 01:32:53] Altolier: 看看右上角99+可以吗
[2026-02-22 01:32:53] 爱吃青椒的重曹酱: 懂你意思
[2026-02-22 01:32:53] 玩俯卧撑、push-up: 买不起
[2026-02-22 01:32:53] EDG的皮特174本人: 看看右上角99+可以吗
[2026-02-22 01:32:53] jamesfaith23: 小众宝藏比赛
[2026-02-22 01:32:54] 久遠寺有珠Alice: 看看右上角99+可以吗
[2026-02-22 01:32:54] 乌鸦晒不黑: 看看右上角99+可以吗
[2026-02-22 01:32:54] viovvvvvvvon: 你们刷慢点，房管封不过来了
[2026-02-22 01:32:54] bsqqaq: 十万了粉丝团，完除心里高兴坏了了有感觉吗
[2026-02-22 01:32:54] 嘉平上班摸鱼限定版: rog的要玩游戏吗？
[2026-02-22 01:32:54] 糖尿病少恰甜的: 这带节奏的我点开看了一下都有电棍牌子，说实话都是同行真没必要这样搞😓 
[2026-02-22 01:32:55] DBJ456: 看看右上角99+可以吗
[2026-02-22 01:32:55] 鸭硕的哈撒给: 看看右上角99+可以吗
[2026-02-22 01:32:55] 求老仙奶贾碧不死: 看看右上角99+可以吗
[2026-02-22 01:32:55] 阡陌ER: 看看右上角99+可以吗
[2026-02-22 01:32:55] Vitality的Zyw0o0本人: 你们刷慢点，房管封不过来了
[2026-02-22 01:32:55] 梦鸡的累吧: @donk：玩大哥别别别，这波流量我不想吃。
[2026-02-22 01:32:56] 叛逆的源源李: 看看右上角99+可以吗
[2026-02-22 01:32:56] 久遠寺有珠Alice: 看看右上角99+可以吗
[2026-02-22 01:32:56] Subto: 别刷了，某人都隐藏帐号了
[2026-02-22 01:32:56] 斗鱼用户4901183769: 看看右上角99+可以吗
[2026-02-22 01:32:56] SideChannel: 看看右上角99+可以吗
[2026-02-22 01:32:56] R组的中岛由贵本人: 你们刷慢点，房管封不过来了
[2026-02-22 01:32:57] 压缩vs蛮晚: 看看右上角99+可以吗
[2026-02-22 01:32:57] 疑似C9的sh1ro本人: 你们刷慢点，房管封不过来了
[2026-02-22 01:32:57] HCS118: 看看右上角99+可以吗
[2026-02-22 01:32:57] 好哥们望月绫时: 看看右上角99+可以吗
[2026-02-22 01:32:58] dark1337: 看看右上角99+可以吗
[2026-02-22 01:32:58] JanXu1999: 我让你开封个双倍 你是不是耳朵🐉
[2026-02-22 01:32:58] 丶丶Ken丶丶: 看看右上角99+可以吗
[2026-02-22 01:32:58] 玩机器你能不能闭嘴: 别刷了，某人都隐藏帐号了
[2026-02-22 01:32:58] QAQ49052: 你们刷慢点，房管封不过来了
[2026-02-22 01:32:58] bsqqaq: 十万了粉丝团，完除心里高兴坏了了有感觉吗
[2026-02-22 01:32:58] 寒桥暴雪: 房管:faze up
[2026-02-22 01:32:58] 牧瀨紅莉栖awa: 你们刷慢点，房管封不过来了
[2026-02-22 01:32:58] HaibaraAi1109: 你们刷慢点，房管封不过来了
[2026-02-22 01:32:59] 秋茶小雪: 这个要玩什么游戏
[2026-02-22 01:32:59] 昙花终难相遇: 你们刷慢点，房管封不过来了
[2026-02-22 01:32:59] 玩机器的乃个会刘能: 出龙鳞2acemini了？
[2026-02-22 01:32:59] 用户2719002301: @🚽：来嘛，拉嘛！@🚽：来嘛，拉嘛！@🚽：来嘛，拉嘛！
[2026-02-22 01:32:59] 奥拉夫的蛋炒饭: 看看右上角99+可以吗
[2026-02-22 01:32:59] RSFnb: 你们刷慢点，房管封不过来了
[2026-02-22 01:32:59] 爱道冠: 布罗利Broli：别带载慕斯节奏啊2026-02-15 19:59:02
[2026-02-22 01:32:59] Subto: 看看右上角99+可以吗
[2026-02-22 01:33:00] 普通网友小沈: niko编nota，玩机器怒喷：你编你木呢；zywoo编jee，玩机器笑道：老载进行了一波友好互动
[2026-02-22 01:33:00] 佐藤零丶: 完了，加一了一个爆的356天后见了
[2026-02-22 01:33:00] 哦可喜欢我: 真是主播同款吗玩神
[2026-02-22 01:33:00] 三咲町的久远寺本人: 看看右上角99+可以吗
[2026-02-22 01:33:00] 子非FFish: 看看右上角99+可以吗
[2026-02-22 01:33:00] 牢大与小布丁: 你们刷慢点，房管封不过来了
[2026-02-22 01:33:01] LvvsiN: 南孚一节更比六节强，也就是一节南孚比六节南孚强，六节南孚比三十六节强，三十六节比二百一十六节强
[2026-02-22 01:33:01] djklyk: 看看右上角99+可以吗
[2026-02-22 01:33:01] 6657的马嘉祺本人: 克拉科夫猎鹰vlog
[2026-02-22 01:33:01] 结束乐队的kitakitan本人: 看看右上角99+可以吗
[2026-02-22 01:33:01] 玩台钳丶阿尔托莉雅: 你们刷慢点，房管封不过来了
[2026-02-22 01:33:01] 我永远喜欢拉克丝: 不如ec
[2026-02-22 01:33:01] 细菌P: 布罗利Broli：别带载慕斯节奏啊2026-02-15 19:59:02
[2026-02-22 01:33:01] 哈机器好胖好可爱: 你们刷慢点，房管封不过来了
[2026-02-22 01:33:01] HostageKIA: 素颜，你好，我是丽丽，高中时坐你后桌，看你现在混得不错，可以见一面吗？可以不戴
[2026-02-22 01:33:01] SideChannel: 你们刷慢点，房管封不过来了
[2026-02-22 01:33:02] ShanoaM: 已下单
[2026-02-22 01:33:02] 暴力卓司: 看看右上角99+可以吗
[2026-02-22 01:33:02] Mikasa1441: 看看右上角99+可以吗
[2026-02-22 01:33:02] 丰川祥子的父亲本人: 看看右上角99+可以吗
[2026-02-22 01:33:02] bsqqaq: 十万了粉丝团，完除心里高兴坏了了有感觉吗
[2026-02-22 01:33:03] LvvsiN: 孩子们快跑，马修赫伯特来了😨卧槽你的怎么是马枪和BOT
[2026-02-22 01:33:03] 玩机器的乃个会刘能: 出龙鳞2acemini了？
[2026-02-22 01:33:03] 用户0553661491: 看看右上角99+可以吗
[2026-02-22 01:33:03] 普通网友小沈: niko编nota，玩机器怒喷：你编你木呢；zywoo编jee，玩机器笑道：老载进行了一波友好互动
[2026-02-22 01:33:03] 李小小与虾大大: device数据呢
[2026-02-22 01:33:04] 用户24084278: 别刷了，某人都隐藏帐号了
[2026-02-22 01:33:04] 每天都被穷醒: 别刷了，某人都隐藏帐号了
[2026-02-22 01:33:04] 飞天玉虎zzZ: 千万别看蜜蜂克拉科夫夺冠vlog啊
[2026-02-22 01:33:04] 用户2719002301: 考
[2026-02-22 01:33:05] EDG的皮特174本人: 看看右上角99+可以吗
[2026-02-22 01:33:05] 刘刘的农: 看看右上角99+可以吗
[2026-02-22 01:33:05] cornkiner: 看看右上角99+可以吗
[2026-02-22 01:33:05] 茶泡饭Trinity: 你们刷慢点，房管封不过来了
[2026-02-22 01:33:05] mujica的长崎素世本人: 你们刷慢点，房管封不过来了
[2026-02-22 01:33:05] 啦啦啦唱歌真好听呀: 你们刷慢点，房管封不过来了
[2026-02-22 01:33:05] TOGETOGE的486本人: 看看右上角99+可以吗
[2026-02-22 01:33:05] 那就点: 看看右上角99+可以吗
[2026-02-22 01:33:05] 蒂花之秀洗发水u: 看看右上角99+可以吗
[2026-02-22 01:33:06] 雨冰莲: 康神开播啦🤩真的假的❓我靠💥真开播了🤭没胖😣我真比以前瘦了啊
[2026-02-22 01:33:06] 含泪办卡: 看看右上角99+可以吗
[2026-02-22 01:33:06] 爱吃青椒的重曹酱: 为什么不直接买分
[2026-02-22 01:33:06] 时间就是深海咸鱼: 大编儿子👦，小编爸爸👨， 一队父子俩😚，又哦又回家🎵
[2026-02-22 01:33:07] FFrio: 看数据
[2026-02-22 01:33:07] LvvsiN: 别解说了 多聊会天 你不会真的以为能输吧
[2026-02-22 01:33:08] 丶丶Ken丶丶: 别刷了，某人都隐藏帐号了
[2026-02-22 01:33:08] dark1337: 0人提到数据
[2026-02-22 01:33:08] JS458450: 你们刷慢点，房管封不过来了
[2026-02-22 01:33:08] 疑似C9的sh1ro本人: 别刷了，某人都隐藏帐号了
[2026-02-22 01:33:08] 丶屈臣: 布罗利Broli：别带载慕斯节奏啊2026-02-15 19:59:02
[2026-02-22 01:33:08] 长崎素世中之人: 看看右上角99+可以吗
[2026-02-22 01:33:09] 冷饮沐夏: 看看右上角99+可以吗
[2026-02-22 01:33:09] LvvsiN: 你这音画不同步太难受了，我都听到NIKO里约RMR晋级的欢呼了
[2026-02-22 01:33:09] 用户2271684932: 看看右上角99+可以吗
[2026-02-22 01:33:09] 若叶睦吃苦瓜: 看看右上角99+可以吗
[2026-02-22 01:33:09] richardlee97: 大编儿子👦，小编爸爸👨， 一队父子俩😚，又哦又回家🎵
[2026-02-22 01:33:09] 哈机器好胖好可爱: 看看右上角99+可以吗
[2026-02-22 01:33:09] 蒂花之秀洗发水u: 看看右上角99+可以吗
[2026-02-22 01:33:09] 用户2719002301: 大编儿子👦，小编爸爸👨， 一队父子俩😚，又哦又回家🎵
[2026-02-22 01:33:10] 用户46659809: 玩神开七天了？真的假的？我去，真开七天啦！没登我真的没登，你们再说我登山我真的要受不了咧
[2026-02-22 01:33:10] 好哥们望月绫时: 看看右上角99+可以吗
[2026-02-22 01:33:10] 玩弓箭、Arrow: 我还以为是rog提供了很多版权呢
[2026-02-22 01:33:10] 九条都M1YaKo: 看看右上角99+可以吗
[2026-02-22 01:33:11] 玩台钳丶阿尔托莉雅: 别刷了，某人都隐藏帐号了
[2026-02-22 01:33:11] 玩大狙、dev1cy: @布罗利Broli：我参与了投票 最喜欢选手 我投给了“Zywoo”
[2026-02-22 01:33:11] 沙王5003刷新球跳水: 布罗利Broli：别带载慕斯节奏啊2026-02-15 19:59:02
[2026-02-22 01:33:11] RinKa凛花: ROG这招太狠了，一边赞助蜜蜂一边赞助你
[2026-02-22 01:33:11] 永远爱玩宝宝: 60scd来了，弹幕气不气
[2026-02-22 01:33:11] 草莓冰酪: 0人提到数据
[2026-02-22 01:33:11] 丶屈臣: 你们刷慢点，房管封不过来了
[2026-02-22 01:33:11] jsir6688: 全网主播都随意评价niko编，只有你一句话不敢说，懂的都懂
[2026-02-22 01:33:11] 疑似C9的sh1ro本人: 别刷了，某人都隐藏帐号了
[2026-02-22 01:33:11] 萝伯丝比尔: 11111111111111111111111111111111111111111111111111
[2026-02-22 01:33:12] 帅帅的翅膀为你翱翔: 别刷了，某人都隐藏帐号了
[2026-02-22 01:33:12] bsqqaq: 十万了粉丝团，完除心里高兴坏了了有感觉吗
[2026-02-22 01:33:12] 最爱的马卡龙: 布罗利某站uid6512408，首页就是照片
[2026-02-22 01:33:12] 灵耀ii: 看看右上角99+可以吗
[2026-02-22 01:33:12] 细菌P: 布罗利Broli：别带载慕斯节奏啊2026-02-15 19:59:02
[2026-02-22 01:33:13] 给jee介绍女朋友: 看看右上角99+可以吗
[2026-02-22 01:33:13] 結城希亞: 看看右上角99+可以吗
[2026-02-22 01:33:13] 祐天寺喵梦: 你们刷慢点，房管封不过来了
[2026-02-22 01:33:13] 佐藤零丶: 康神开播啦🤩真的假的❓我靠💥真开播了🤭没胖😣我真比以前瘦了啊
[2026-02-22 01:33:13] 逗b乐double: 看看右上角99+可以吗
[2026-02-22 01:33:13] 淡然夏末的温存11: 别刷了，某人都隐藏帐号了
[2026-02-22 01:33:13] 乌贼王乌索普: 大编儿子👦，小编爸爸👨， 一队父子俩😚，又哦又回家🎵
[2026-02-22 01:33:13] 我有一对电动大牛子: 看看右上角99+可以吗
[2026-02-22 01:33:14] 绝缘2358: 南小鸟中储中储凿凿凿继续凿huh'huh'齁'哦'齁'齁'齁
[2026-02-22 01:33:14] 玩台钳丶阿尔托莉雅: 你们刷慢点，房管封不过来了
[2026-02-22 01:33:14] 姓黄小名肥仔: 全网主播都随意评价niko编，只有你一句话不敢说，懂的都懂
[2026-02-22 01:33:14] 玩大狙、dev1cy: 看看右上角99+可以吗
[2026-02-22 01:33:14] SideChannel: d2太可惜了
[2026-02-22 01:33:15] 不问归期丶丿: 有ZywOo同款吗
[2026-02-22 01:33:15] 草莓冰酪: 别刷了，某人都隐藏帐号了
[2026-02-22 01:33:15] 丶屈臣: 别刷了，某人都隐藏帐号了
[2026-02-22 01:33:15] 刘刘的农:  @布罗利Broli：我参与了投票 最喜欢选手 我投给了“Zywoo”
[2026-02-22 01:33:16] IsemiTina: 看看右上角99+可以吗
[2026-02-22 01:33:16] ok奶绿: 看看右上角99+可以吗
[2026-02-22 01:33:16] 疑似C9的sh1ro本人: 别刷了，某人都隐藏帐号了
[2026-02-22 01:33:16] R组的中岛由贵本人: 看看右上角99+可以吗
[2026-02-22 01:33:16] 爱被小泉吃的拉面同学: 别刷了，某人都隐藏帐号了
[2026-02-22 01:33:16] Vitality的Zyw0o0本人: @尼尔洛夫斯基：其实碗橱就是猪灵，你不拿黄金丢他他就不跟你说话
[2026-02-22 01:33:17] 专看玩机器的号: 看看右上角99+可以吗
[2026-02-22 01:33:17] 玩鸡枪丶Machinegun:  @布罗利Broli：我参与了投票 最喜欢选手 我投给了“Zywoo”
[2026-02-22 01:33:17] LvvsiN: 你这音画不同步太难受了，我都听到NIKO里约RMR晋级的欢呼了
[2026-02-22 01:33:17] 沙王5003刷新球跳水: @布罗利Broli：我参与了投票 最喜欢选手 我投给了“Zywoo”
[2026-02-22 01:33:18] 皮里恩丶: 60scd来了，弹幕气不气
[2026-02-22 01:33:18] 疑似C9的sh1ro本人: 别刷了，某人都隐藏帐号了
[2026-02-22 01:33:18] koctaa: 看看右上角99+可以吗
[2026-02-22 01:33:18] bsqqaq: 十万了粉丝团，完除心里高兴坏了了有感觉吗
[2026-02-22 01:33:19] 迷你世界丁真学姐1: @布罗利Broli：我参与了投票 最喜欢选手 我投给了“Zywoo”。
[2026-02-22 01:33:19] 爱吃青椒的重曹酱: 你们刷慢点，房管封不过来了
[2026-02-22 01:33:19] LvvsiN: 别解说了 多聊会天 你不会真的以为能输吧
[2026-02-22 01:33:19] viovvvvvvvon: 60scd来了，弹幕气不气
[2026-02-22 01:33:19] lxy呀: 看看右上角99+可以吗
[2026-02-22 01:33:20] 佐藤零丶: 看看右上角99+可以吗
[2026-02-22 01:33:20] 疑似C9的sh1ro本人: 别刷了，某人都隐藏帐号了
[2026-02-22 01:33:20] 是一步丶Niko: C4（已深度思考39.9秒）：算了
[2026-02-22 01:33:21] 衣服Kaiju: 多刷点，房管在练定位
[2026-02-22 01:33:21] 用户2719002301: 我忍🥷我忍🥷我忍🥷我忍🥷我忍🥷我忍🥷我忍🥷我忍🥷我忍🥷我忍🥷
[2026-02-22 01:33:21] HaibaraAi1109: 布罗利Broli：别带载慕斯节奏啊2026-02-15 19:59:02
[2026-02-22 01:33:21] 夺云丶: 以后别叫尼尼了，叫匕匕吧，尸都被扁没了这—块
[2026-02-22 01:33:21] LvvsiN: 就tm喜欢银行业🥰银行坏账我喜欢🥰银行挤兑我还喜欢😍利率调低我也喜欢🤤老子亲烂银行业的脸😘
[2026-02-22 01:33:21] 天守阁信长: 有没有玩大哥双标同款啊
[2026-02-22 01:33:21] MasterChiefOvO: [上边耄耋]
[2026-02-22 01:33:22] 刘刘的农: @布罗利Broli：我参与了投票 最喜欢选手 我投给了“Zywoo”
[2026-02-22 01:33:22] 我在金龙湖边: @布罗利Broli：我参与了投票 最喜欢选手 我投给了“Zywoo”
[2026-02-22 01:33:22] ykls的爱情结晶: 60scd来了，弹幕气不气
[2026-02-22 01:33:22] 疑似C9的sh1ro本人: 别刷了，某人都隐藏帐号了
[2026-02-22 01:33:22] bsqqaq: 十万了粉丝团，完除心里高兴坏了了有感觉吗
[2026-02-22 01:33:22] 奥拉夫的蛋炒饭: 看看右上角99+可以吗
[2026-02-22 01:33:22] 草莓冰酪: 别刷了，某人都隐藏帐号了
[2026-02-22 01:33:22] 不摇bi莲Zz: 12
[2026-02-22 01:33:22] wristuuio: @布罗利Broli：我参与了投票 最喜欢选手 我投给了“Zywoo”
[2026-02-22 01:33:23] 祐天寺喵梦: 别刷了，某人都隐藏帐号了
[2026-02-22 01:33:23] R组的中岛由贵本人: 大编儿子👦，小编爸爸👨， 一队父子俩😚，又哦又回家🎵
[2026-02-22 01:33:23] 殇17654: 你们刷慢点，房管封不过来了
[2026-02-22 01:33:23] LvvsiN: 弹幕也就网上说说，现实里谁不觉得樱姐是好女孩（删括号领一条远坂凛同款鸟笼）
[2026-02-22 01:33:23] 喉宝Eilf: @尼尔洛夫斯基：其实碗橱就是猪灵，你不拿黄金丢他他就不跟你说话
[2026-02-22 01:33:23] Aleksumimi: 看看右上角99+可以吗
[2026-02-22 01:33:23] 宇莓: 能不能看这个《各主播对zywoo扁 尸jee的反应，玩机器怒喷，zywoo圣人点数恐清零》
[2026-02-22 01:33:24] 好女人中野梓喵: 看看右上角99+可以吗
[2026-02-22 01:33:24] 爱被小泉吃的拉面同学: 你们刷慢点，房管封不过来了
[2026-02-22 01:33:24] 疑似C9的sh1ro本人: 别刷了，某人都隐藏帐号了
[2026-02-22 01:33:24] viovvvvvvvon: 看看右上角99+可以吗
[2026-02-22 01:33:28] 寺见鸣鳰: 看看右上角99+可以吗
[2026-02-22 01:33:28] i化石-: @布罗利Broli：我参与了投票 最喜欢选手 我投给了“Zywoo”。
[2026-02-22 01:33:28] LvvsiN: 男人一生只哭十八次：niko十七次梦碎major正赛, niko梦碎里约major RMR
[2026-02-22 01:33:28] 用户46659809: 玩神开七天了？真的假的？我去，真开七天啦！没登我真的没登，你们再说我登山我真的要受不了咧
[2026-02-22 01:33:28] 黑衣小胖: 看看右上角99+可以吗
[2026-02-22 01:33:28] 透明的Donk: 真六十秒？
[2026-02-22 01:33:28] 修理狗: 60scd来了，弹幕气不气
[2026-02-22 01:33:28] 十点差49分: 看看右上角99+可以吗
[2026-02-22 01:33:28] 273952193: 看看右上角99+可以吗
[2026-02-22 01:33:28] erickobe: 有没有玩大哥双标同款啊
[2026-02-22 01:33:28] 玩台钳丶阿尔托莉雅: 看看右上角99+可以吗
[2026-02-22 01:33:28] 寒枫曳是一头傲空的隼: 看看右上角99+可以吗
[2026-02-22 01:33:28] 是一步丶Niko: C4（已深度思考39.9秒）：算了
[2026-02-22 01:33:28] 用户2100686284: 看看右上角99+可以吗
[2026-02-22 01:33:28] LvvsiN: 别解说了 多聊会天 你不会真的以为能输吧
[2026-02-22 01:33:28] bsqqaq: 十万了粉丝团，完除心里高兴坏了了有感觉吗
[2026-02-22 01:33:28] takakiyo: 收到
[2026-02-22 01:33:28] 鼓鼓鼓捣叨叨: 大编儿子👦，小编爸爸👨， 一队父子俩😚，又哦又回家🎵
[2026-02-22 01:33:28] 寺见鸣鳰: 看看右上角99+可以吗
[2026-02-22 01:33:29] LOL_Lyn: 你们刷慢点，房管封不过来了
[2026-02-22 01:33:29] LOVEYUKINO: 看看右上角99+可以吗
[2026-02-22 01:33:29] Arctic1890: 粘母
[2026-02-22 01:33:29] viovvvvvvvon: 多刷点，房管在练定位
[2026-02-22 01:33:29] cs2小黎子: 噢噢噢哦哦
[2026-02-22 01:33:29] 冲上云霄的姨: 别刷了，某人都隐藏帐号了
[2026-02-22 01:33:29] 鸡奴里维斯: 詹姆的比赛你以为
[2026-02-22 01:33:29] 丶浅忆梦灬微凉: 看看右上角99+可以吗
[2026-02-22 01:33:29] 刘刘的农: 别刷了，某人都隐藏帐号了
[2026-02-22 01:33:29] LvvsiN: 玩宝宝，我发现在大学上学的时候肄业会很舒服，你可以试试
[2026-02-22 01:33:29] 火车载王朝: 看看右上角99+可以吗
[2026-02-22 01:33:29] 用户1368736: 60scd来了，弹幕气不气
[2026-02-22 01:33:30] 疑似C9的sh1ro本人: 别刷了，某人都隐藏帐号了
[2026-02-22 01:33:30] f0rest灬: 60scd来了，弹幕气不气
[2026-02-22 01:33:31] 爱吃青椒的重曹酱: 别刷了，某人都隐藏帐号了
[2026-02-22 01:33:31] viovvvvvvvon: 别刷了，某人都隐藏帐号了
[2026-02-22 01:33:31] 你敢看死蜜蜂就杀了你: 布罗利Broli：别带载慕斯节奏啊2026-02-15 19:59:02😅
[2026-02-22 01:33:31] 渡亡神雅睿欧斯: 粘母
[2026-02-22 01:33:31] LvvsiN: 你这音画不同步太难受了，我都听到NIKO里约RMR晋级的欢呼了
[2026-02-22 01:33:31] 漩涡章鱼: 粘母
[2026-02-22 01:33:31] AcceleratorlllL: 看看右上角99+可以吗
[2026-02-22 01:33:31] Killajoy: 粘母
[2026-02-22 01:33:31] ccxrgt: 大分收
[2026-02-22 01:33:32] 刘刘的农: 看看右上角99+可以吗
[2026-02-22 01:33:32] HisuiHearts: 看看右上角99+可以吗
[2026-02-22 01:33:32] 4846836538542: 你们千万别搜索uid6512408举报房管布罗利啊
[2026-02-22 01:33:32] wjnbsl: 看看右上角99+可以吗
[2026-02-22 01:33:32] 爱道冠: 看看右上角99+可以吗
[2026-02-22 01:33:32] bsqqaq: 十万了粉丝团，完除心里高兴坏了了有感觉吗
[2026-02-22 01:33:32] 别做运气選手: 粘母
[2026-02-22 01:33:33] 皮里恩丶: 收到
[2026-02-22 01:33:33] 若叶睦吃苦瓜: 你们刷慢点，房管封不过来了
[2026-02-22 01:33:33] 冲上云霄的姨: 看看右上角99+可以吗
[2026-02-22 01:33:33] Er1cXxs: 粘母
[2026-02-22 01:33:33] eda778: vp传统
[2026-02-22 01:33:33] viovvvvvvvon: 别刷了，某人都隐藏帐号了
[2026-02-22 01:33:34] 御坂32512: 看看右上角99+可以吗
[2026-02-22 01:33:34] 布拉德丶皮特: 收到
[2026-02-22 01:33:34] 海绵宝宝机器人: vp影业
[2026-02-22 01:33:34] 好姐妹温水嘉树: pv正统
[2026-02-22 01:33:35] 是一步丶Niko: C4（已深度思考39.9秒）：算了
[2026-02-22 01:33:35] 丰川祥子口三角初华: 看看右上角99+可以吗
[2026-02-22 01:33:35] FaZe的喜多川海梦本人: 收到
[2026-02-22 01:33:35] LvvsiN: 就tm喜欢银行业🥰银行坏账我喜欢🥰银行挤兑我还喜欢😍利率调低我也喜欢🤤老子亲烂银行业的脸😘
[2026-02-22 01:33:35] 用户353468782: 收到 已经准备梭哈
[2026-02-22 01:33:35] bsqqaq: 十万了粉丝团，完除心里高兴坏了了有感觉吗
[2026-02-22 01:33:35] 剑指队: 看看右上角99+可以吗
[2026-02-22 01:33:35] mujica的长崎素世本人: 懂你意思
[2026-02-22 01:33:35] 橘子味儿小baby: 别刷了，某人都隐藏帐号了
[2026-02-22 01:33:36] 哈机器好胖好可爱: 爆
[2026-02-22 01:33:36] 栗花落雪樱: 赚了
[2026-02-22 01:33:36] 防天防地防空气: @布罗利Broli：我参与了投票 最喜欢选手 我投给了“Zywoo”。
[2026-02-22 01:33:36] 6657的马嘉祺本人: 看看右上角99+可以吗
[2026-02-22 01:33:37] KujoJolyne: 詹姆的比赛
[2026-02-22 01:33:37] Leonisss丶: 看看右上角99+可以吗
[2026-02-22 01:33:37] 等给他爱6发售中: 粘母
[2026-02-22 01:33:37] viovvvvvvvon: 布罗利Broli：别带载慕斯节奏啊2026-02-15 19:59:02😅
[2026-02-22 01:33:37] 羊驼主播: 粘母粘父
[2026-02-22 01:33:37] 用户2719002301: 尼尼💚孩孩💚尼尼💚孩孩💚尼尼💚孩孩💚尼尼💚孩孩💚
[2026-02-22 01:33:37] SideChannel: 善意引导
[2026-02-22 01:33:38] Roselia的凑有希那本人: 布罗利Broli：别带载慕斯节奏啊2026-02-15 19:59:02😅ですわ
[2026-02-22 01:33:38] 淡然夏末的温存11: 布罗利Broli：别带载慕斯节奏啊2026-02-15 19:59:02😅
[2026-02-22 01:33:38] 嫐嬲被注册了: 布罗利Broli：别带载慕斯节奏啊2026-02-15 19:59:02😅
[2026-02-22 01:33:38] KipKK: 粘姆
[2026-02-22 01:33:38] 迷你世界丁真学姐1: 布罗利Broli：别带载慕斯节奏啊2026-02-15 19:59:02😅
[2026-02-22 01:33:39] 好姐妹常陆茉子: 粘母
[2026-02-22 01:33:39] MeIoN39: 看看右上角99+可以吗
[2026-02-22 01:33:39] 桂林米粉比较好吃: 以后别叫尼尼了，叫匕匕吧，尸都被扁没了这—块
[2026-02-22 01:33:39] 用户46659809: 玩神开七天了？真的假的？我去，真开七天啦！没登我真的没登，你们再说我登山我真的要受不了咧
[2026-02-22 01:33:39] 戴彼岸在洗脚城: 大编儿子👦，小编爸爸👨， 一队父子俩😚，又哦又回家🎵
[2026-02-22 01:33:39] 用户5608006019: 粘母
[2026-02-22 01:33:40] 是一步丶Niko: C4（已深度思考39.9秒）：算了
[2026-02-22 01:33:40] 御坂32512: 别刷了，某人都隐藏帐号了
[2026-02-22 01:33:40] eda778: 收到
[2026-02-22 01:33:40] 正经猪头肉: 沾母
[2026-02-22 01:33:40] 丰川祥子口三角初华: 粘母
[2026-02-22 01:33:40] Asuk4yuu: 收到
[2026-02-22 01:33:40] 用户3661578: 黏姆这一块
[2026-02-22 01:33:41] 工藤新一Ov0: 看看右上角99+可以吗
[2026-02-22 01:33:41] 無茶苦茶0: 玩大哥不如复盘2026年PGL八进四猎鹰VSPV图三的第九回合
[2026-02-22 01:33:41] 叫我老岑就好了呀: 布罗利Broli：别带载慕斯节奏啊2026-02-15 19:59:02😅
[2026-02-22 01:33:41] 从零开始的加拿大肄业: 你们刷慢点，房管封不过来了
[2026-02-22 01:33:41] 用户2719002301: 尼尼💚孩孩💚尼尼💚孩孩💚尼尼💚孩孩💚尼尼💚孩孩💚
[2026-02-22 01:33:41] 怒之拳: 尼尼💚孩孩💚尼尼💚孩孩💚尼尼💚孩孩💚尼尼💚孩孩💚
[2026-02-22 01:33:41] LvvsiN: 你这音画不同步太难受了，我都听到NIKO里约RMR晋级的欢呼了
[2026-02-22 01:33:42] 御坂32512: 别刷了，某人都隐藏帐号了
[2026-02-22 01:33:42] C0C00N: 看看右上角99+可以吗
[2026-02-22 01:33:42] Ayu824: 爆
[2026-02-22 01:33:42] 哈机器好胖好可爱: 爆
[2026-02-22 01:33:42] 爱吃青椒的重曹酱: 看看右上角99+可以吗
[2026-02-22 01:33:43] teamliquit: 收到
[2026-02-22 01:33:43] 渡亡神雅睿欧斯: 时长这一块
[2026-02-22 01:33:43] 刘刘的农: @布罗利Broli：我参与了投票 最喜欢选手 我投给了“Zywoo”。
[2026-02-22 01:33:43] LvvsiN: 男人一生只哭十八次：niko十七次梦碎major正赛, niko梦碎里约major RMR
[2026-02-22 01:33:43] wristuuio: 布罗利Broli：别带载慕斯节奏啊2026-02-15 19:59:02😅
[2026-02-22 01:33:43] 佐藤零丶: 你们刷慢点，房管封不过来了
[2026-02-22 01:33:44] bsqqaq: 十万了粉丝团，完除心里高兴坏了了有感觉吗
[2026-02-22 01:33:44] suicho: 看看右上角99+可以吗
[2026-02-22 01:33:45] 若之华: 看看右上角99+可以吗
[2026-02-22 01:33:45] 啪啪啪啪的蛋: 这是录播吗，为什么主播从来不回应弹幕自说自的
[2026-02-22 01:33:45] 静寂风: 粘
[2026-02-22 01:33:45] LvvsiN: 孩子们快跑，马修赫伯特来了😨卧槽你的怎么是马枪和BOT
[2026-02-22 01:33:45] 好兄弟王都楼: 粘母
[2026-02-22 01:33:46] 猫猫喜欢鱼丶: 粘母
[2026-02-22 01:33:46] wristuuio: 布罗利Broli：别带载慕斯节奏啊2026-02-15 19:59:02😅
[2026-02-22 01:33:46] 昌岗陈坤: 茄子东游，见两小儿遍尸
[2026-02-22 01:33:46] NatsuROSE:   黏姆这一块
[2026-02-22 01:33:46] 仲夏677: 以后别叫尼尼了，叫匕匕吧，尸都被扁没了这—块
[2026-02-22 01:33:46] 用户24084278: 今天有鲍环节吗
[2026-02-22 01:33:46] 可爱玩宝宝: 别刷了，某人都隐藏帐号了
[2026-02-22 01:33:46] 从零开始的加拿大肄业: 布罗利Broli：别带载慕斯节奏啊2026-02-15 19:59:02😅
[2026-02-22 01:33:46] cccexe: 懂你意思
[2026-02-22 01:33:47] 雏衣波莱特: 粘母
[2026-02-22 01:33:47] 听说改名能中奖是八: 立即捡钱
[2026-02-22 01:33:47] Saiki559: 布罗利Broli：别带载慕斯节奏啊2026-02-15 19:59:02😅
[2026-02-22 01:33:47] LvvsiN: 孩子们快跑，马修赫伯特来了😨卧槽你的怎么是马枪和BOT
[2026-02-22 01:33:47] 别做运气選手: 粘母
[2026-02-22 01:33:48] 用户2719002301: 尼尼💚孩孩💚尼尼💚孩孩💚尼尼💚孩孩💚尼尼💚孩孩💚
[2026-02-22 01:33:48] 越南天团HKT: 粘母
[2026-02-22 01:33:48] 迷你世界丁真学姐1: @布罗利Broli：我参与了投票 最喜欢选手 我投给了“Zywoo”
[2026-02-22 01:33:48] cs2小黎子: 看看右上角99+可以吗
[2026-02-22 01:33:48] 桂林米粉比较好吃: 看看右上角99+可以吗
[2026-02-22 01:33:49] User5092: 粘母
[2026-02-22 01:33:49] richardlee97: 别刷了，某人都隐藏帐号了
[2026-02-22 01:33:49] 丶丶Ken丶丶: 爆
[2026-02-22 01:33:49] SDL白无: 让布罗利当尼孝封弹幕，然后你把他切割了洗白自己，好一招卸磨杀驴
[2026-02-22 01:33:49] 牢大与小布丁: @房管布罗利，玩÷yygq你尼爹不敢封？封弹幕的🐂劲呢？😂
[2026-02-22 01:33:50] bsqqaq: 十万了粉丝团，完除心里高兴坏了了有感觉吗
[2026-02-22 01:33:50] 蝶花月: 粘母
[2026-02-22 01:33:50] 好姐妹弓塚五月: 粘
[2026-02-22 01:33:50] 御坂32512: 粘母
[2026-02-22 01:33:50] 玩斯特机机: 粘母
[2026-02-22 01:33:50] 从零开始的加拿大肄业: 尼尼💚孩孩💚尼尼💚孩孩💚尼尼💚孩孩💚尼尼💚孩孩💚
[2026-02-22 01:33:50] 是一步丶Niko: C4（已深度思考39.9秒）：算了
[2026-02-22 01:33:51] 用户、201513: 粘母
[2026-02-22 01:33:51] azo808: 立即捡钱
[2026-02-22 01:33:51] 空气力学的先驱: 热知识：pv布达佩斯输给了天禄
[2026-02-22 01:33:51] last玩神丶: 布罗利Broli：别带载慕斯节奏啊2026-02-15 19:59:02😅
[2026-02-22 01:33:51] koctaa: 粘母
[2026-02-22 01:33:51] LvvsiN: 我提一嘴这剧情越来越像上海major了
[2026-02-22 01:33:52] 好姐妹温水嘉树: 粘母
[2026-02-22 01:33:52] 鼓鼓鼓捣叨叨: 布罗利Broli：别带载慕斯节奏啊2026-02-15 19:59:02😅ですわ
[2026-02-22 01:33:52] eda778: 收到
[2026-02-22 01:33:52] 将鸥: 抓娃娃
[2026-02-22 01:33:53] 含泪办卡: 太黏了
[2026-02-22 01:33:53] wantrue: @布罗利Broli：我参与了投票 最喜欢选手 我投给了“Zywoo”
[2026-02-22 01:33:53] LvvsiN: 银行业😄银行业😀银行业😃银行业😁银行业😆银行业🤪银行业😝
[2026-02-22 01:33:54] 长崎素世中之人: @布罗利Broli：我参与了投票 最喜欢选手 我投给了“Zywoo”
[2026-02-22 01:33:54] 老尼willmakemeproud: 这是录播吗，为什么主播从来不回应弹幕自说自的
[2026-02-22 01:33:54] 刘刘的农: 让布罗利当尼孝封弹幕，然后你把他切割了洗白自己，好一招卸磨杀驴
[2026-02-22 01:33:54] bsqqaq: 十万了粉丝团，完除心里高兴坏了了有感觉吗
[2026-02-22 01:33:54] jamesfaith23: 粘母
[2026-02-22 01:33:54] 听说改名能中奖是八: 大分 立即捡钱
[2026-02-22 01:33:55] 正经猪头肉: 懂你意思
[2026-02-22 01:33:55] 观战位买房: 粘母
[2026-02-22 01:33:55] 玩弓箭、Arrow: 重新定义fut强度
[2026-02-22 01:33:55] LvvsiN: 别解说了 多聊会天 你不会真的以为能输吧
[2026-02-22 01:33:55] 还有时间日落之前: 布罗利Broli：别带载慕斯节奏啊2026-02-15 19:59:02😅
[2026-02-22 01:33:55] EDG的皮特174本人: 粘母
[2026-02-22 01:33:55] znnoy: 我们肥美澄清一下，布罗🐕主页的FaZe upup！与我们肥美无关，取消该cs肥美籍。
[2026-02-22 01:33:56] Wine九九: VP的比赛支持率不用看
[2026-02-22 01:33:56] 用户00137810: 粘母
[2026-02-22 01:33:56] 布拉德丶皮特: 2
[2026-02-22 01:33:56] 御坂32512: 粘母
[2026-02-22 01:33:56] 强尼银手VVV: 粘母
[2026-02-22 01:33:56] 皮里恩丶: 收到
[2026-02-22 01:33:56] 佐藤零丶: 这是录播吗，为什么主播从来不回应弹幕自说自的
[2026-02-22 01:33:56] 愿良辰美景: 布罗利Broli：别带载慕斯节奏啊2026-02-15 19:59:02😅
[2026-02-22 01:33:57] 石家庄的刘亦博本人: 布罗利Broli：别带载慕斯节奏啊2026-02-15 19:59:02😅
[2026-02-22 01:33:57] 丛雨丛雨丛-: 粘母
[2026-02-22 01:33:57] 用户2719002301: 尼出💚孩出💚尼出💚孩出💚尼出💚孩出💚尼出💚孩出💚
[2026-02-22 01:33:57] bsqqaq: 十万了粉丝团，完除心里高兴坏了了有感觉吗
[2026-02-22 01:33:57] LvvsiN: 额，拿亚军我都会，拿亚军，拿季军，拿四强，拿八强，拿十六强，呃拿冠军我不会，然后小组赛淘汰
[2026-02-22 01:33:58] 我564564: @布罗利Broli:四十八车
[2026-02-22 01:33:58] 祈佑w: 这个队也是按回合算工资是吧
[2026-02-22 01:33:58] 咸鱼相惜: 看看右上角99+可以吗
[2026-02-22 01:33:58] 玩魔丸丶猛锤: 粘母
[2026-02-22 01:33:58] 阿羞羞i: 粘母
[2026-02-22 01:33:58] 安觉angle: 粘母
[2026-02-22 01:33:58] 时团的马嘉祺本人: 粘母
[2026-02-22 01:33:58] 中X千早爱音: 粘母
[2026-02-22 01:33:59] 可爱玩宝宝: 玩大哥你给我送两个飞机吧，我也祝你永远不死
[2026-02-22 01:33:59] 田中口三才: 粘母
[2026-02-22 01:33:59] KipKK: 粘姆
[2026-02-22 01:33:59] BleksiA: 粘母
[2026-02-22 01:33:59] 御坂32512: 大分 立即捡钱
[2026-02-22 01:34:00] 怒之拳: 粘母
[2026-02-22 01:34:00] Sereinily: 看看右上角99+可以吗
[2026-02-22 01:34:00] znnoy: 我们肥美澄清一下，布罗🐕主页的FaZe upup！与我们肥美无关，取消该cs肥美籍。
[2026-02-22 01:34:00] 叫我老岑就好了呀: 布罗利Broli：别带载慕斯节奏啊2026-02-15 19:59:02😅
[2026-02-22 01:34:00] eda778: 粘母
[2026-02-22 01:34:01] tongguqier: 重新定义fut强度
[2026-02-22 01:34:01] 姓黄小名肥仔: niko少拿多少major冠军，少编多少尸，我真替他可惜😭
[2026-02-22 01:34:01] 用户2719002301: 尼出💚孩出💚尼出💚孩出💚尼出💚孩出💚尼出💚孩出💚
[2026-02-22 01:34:01] 我又掉包了: 大分吃麻了
[2026-02-22 01:34:01] Subto: 多刷点，房管在练定位
[2026-02-22 01:34:02] LvvsiN: 你为什么要把mαjor禁了，我收藏的一半弹幕全毁了
[2026-02-22 01:34:02] 寒桥暴雪: 收到
[2026-02-22 01:34:02] 用户3661578: 黏姆
[2026-02-22 01:34:02] bsqqaq: 十万了粉丝团，完除心里高兴坏了了有感觉吗
[2026-02-22 01:34:02] 寒枫曳是一头傲空的隼: ＋1真关了啊😰😰😰😰
[2026-02-22 01:34:02] 不务正业127: 粘母
[2026-02-22 01:34:02] 淡色阳炎: 粘母
[2026-02-22 01:34:02] I手写的从前I: 布罗利Broli：别带载慕斯节奏啊2026-02-15 19:59:02😅
[2026-02-22 01:34:03] cccexe: 立即捡钱
[2026-02-22 01:34:03] 好姐妹太卜司符玄: 粘母
[2026-02-22 01:34:03] 玩刘农device: 詹皇
[2026-02-22 01:34:03] 柳小目: 布罗利你有没有种啊，这么多弹幕隔着串你，是我都给封了
[2026-02-22 01:34:03] 头号树家: 布罗利Broli：别带载慕斯节奏啊2026-02-15 19:59:02😅
[2026-02-22 01:34:04] LvvsiN: 男人一生只哭十八次：niko十七次梦碎major正赛, niko梦碎里约major RMR
[2026-02-22 01:34:04] cs2小黎子: 哦哦噢噢噢哦哦全知全能
[2026-02-22 01:34:04] 好女人中野梓喵: 抓娃娃
[2026-02-22 01:34:04] Abc丶Ss: 粘母
[2026-02-22 01:34:04] UnplayMachine: 粘姆
[2026-02-22 01:34:04] 爱斯忑音音: 粘母
[2026-02-22 01:34:04] wuyanblabla: 粘母
[2026-02-22 01:34:04] 13的恋人: 布罗利Broli：别带载慕斯节奏啊2026-02-15 19:59:02😅
[2026-02-22 01:34:05] RSFnb: 粘母
[2026-02-22 01:34:05] UsedKiwi: 布罗利Broli：别带载慕斯节奏啊2026-02-15 19:59:02😅
[2026-02-22 01:34:05] 是一步丶Niko: C4（已深度思考39.9秒）：算了
[2026-02-22 01:34:05] 量子毁灭717: 老鼠运气四强，猎鹰实力八强！！
[2026-02-22 01:34:05] 用户858967148: 黏母
[2026-02-22 01:34:05] 御坂32512: 大分 立即捡钱
[2026-02-22 01:34:06] LvvsiN: 你为什么要把mαjor禁了，我收藏的一半弹幕全毁了
[2026-02-22 01:34:06] H1tori: 布罗利Broli：别带载慕斯节奏啊2026-02-15 19:59:02😅
[2026-02-22 01:34:06] 無茶苦茶0: 玩大哥能不能复盘2026年PGL八进四猎鹰VSPV图三的第九回合
[2026-02-22 01:34:06] 动物朋友哈基米: 粘母
[2026-02-22 01:34:06] 到鱼一观: 粘姆
[2026-02-22 01:34:06] 静寂风: 粘
[2026-02-22 01:34:07] 型斯特月月: 粘母
[2026-02-22 01:34:07] 刘刘的农: @布罗利Broli:四十八车
[2026-02-22 01:34:07] ok奶绿: 让布罗利当尼孝封弹幕，然后你把他切割了洗白自己，好一招卸磨杀驴
[2026-02-22 01:34:07] 隔壁老贾l: 粘母
[2026-02-22 01:34:07] znnoy: 我们肥美澄清一下，布罗🐕主页的FaZe upup！与我们肥美无关，取消该cs肥美籍。
[2026-02-22 01:34:08] LvvsiN: 你为什么要把mαjor禁了，我收藏的一半弹幕全毁了
[2026-02-22 01:34:08] 啦啦啦唱歌真好听呀: 我们肥美澄清一下，布罗🐕主页的FaZe upup！与我们肥美无关，取消该cs肥美籍。
[2026-02-22 01:34:08] 安觉angle: 多刷点，房管在练定位
[2026-02-22 01:34:08] 4846836538542: 你们千万别搜索uid6512408举报房管布罗利啊
[2026-02-22 01:34:09] 姓黄小名肥仔: niko少拿多少major冠军，少编多少尸，我真替他可惜😭
[2026-02-22 01:34:09] 橘子味儿小baby: 布罗利Broli：别带载慕斯节奏啊2026-02-15 19:59:02😅
[2026-02-22 01:34:09] UriFzz: 粘母
[2026-02-22 01:34:09] 晞圣莱恩: ＋1真关了啊😰😰😰😰
[2026-02-22 01:34:10] 牧瀨紅莉栖awa: 🐖👀别刷了别刷了，要登山了🐖👀别刷了别刷了，要登山了🧗🐖👀别刷了别刷了，要登山了🧗
[2026-02-22 01:34:10] LvvsiN: 我提一嘴这剧情越来越像上海major了
[2026-02-22 01:34:10] 上船七年没谈过: 粘母
[2026-02-22 01:34:10] 浊风天枢: 布罗利Broli：别带载慕斯节奏啊2026-02-15 19:59:02😅
[2026-02-22 01:34:10] 强尼银手VVV: 多刷点，房管在练定位
[2026-02-22 01:34:10] 都觉得卡了: 重新定义fut强度
[2026-02-22 01:34:10] 蜉蝣XwX: 布罗利Broli：别带载慕斯节奏啊2026-02-15 19:59:02😅
[2026-02-22 01:34:11] eda778: 老鼠运气四强，猎鹰实力八强！！
[2026-02-22 01:34:11] 天守阁信长: @布罗利Broli:四十八车
[2026-02-22 01:34:11] aughhhh55: 粘母
[2026-02-22 01:34:11] 萝伯丝比尔: 玩机器你敢给我β站解封吗😂
[2026-02-22 01:34:11] znnoy: 我们肥美澄清一下，布罗🐕主页的FaZe upup！与我们肥美无关，取消该cs肥美籍。
[2026-02-22 01:34:11] Sereinily: 粘母
[2026-02-22 01:34:11] 石家庄的刘亦博本人: 这是录播吗，为什么主播从来不回应弹幕自说自的
[2026-02-22 01:34:12] LvvsiN: 你屏蔽词都快赶上新华词典了为什么不干脆开一百级发言？
[2026-02-22 01:34:12] richardlee97: 让布罗利当尼孝封弹幕，然后你把他切割了洗白自己，好一招卸磨杀驴
[2026-02-22 01:34:12] 老仙奶我不能心想事成: 大分收
[2026-02-22 01:34:12] SOLO1595: 粘母
[2026-02-22 01:34:12] 柳小目: 布罗利你有没有种啊，这么多弹幕隔着串你，是我都给封了
[2026-02-22 01:34:12] 钟初若叶睦: 重新定义fut强度
[2026-02-22 01:34:13] 本质软糯Sakiko: 玩标子玩标子玩标子玩标子玩标子玩标子玩标子玩标子
[2026-02-22 01:34:13] 海绵宝宝机器人: 回合数算工资
[2026-02-22 01:34:13] 暴力卓司: @布罗利Broli:四十八车
[2026-02-22 01:34:13] HaibaraAi1109: 布罗利你有没有种啊，这么多弹幕隔着串你，是我都给封了
[2026-02-22 01:34:13] 椛椛椛月夜: 粘姆
[2026-02-22 01:34:13] 用户3661578: 看个培根或者小钟，别看你那区间墨菲了😅
[2026-02-22 01:34:14] 可怜的肥鯮: 我们肥美澄清一下，布罗🐕主页的FaZe upup！与我们肥美无关，取消该cs肥美籍。
[2026-02-22 01:34:14] 牧瀨紅莉栖awa: 🐖👀别刷了别刷了，要登山了🐖👀别刷了别刷了，要登山了🧗🐖👀别刷了别刷了，要登山了🧗
[2026-02-22 01:34:14] 爱吃青椒的重曹酱: 查看活动〉
[2026-02-22 01:34:14] LvvsiN: 额，拿亚军我都会，拿亚军，拿季军，拿四强，拿八强，拿十六强，呃拿冠军我不会，然后小组赛淘汰
[2026-02-22 01:34:14] 丰川祥子口三角初华: 怎么猎鹰就复仇不了
[2026-02-22 01:34:14] 愿良辰美景: 多刷点，房管在练定位
[2026-02-22 01:34:14] 狂三Yud丶Bet: 布罗利Broli：别带载慕斯节奏啊2026-02-15 19:59:02😅
[2026-02-22 01:34:14] 你成功通过了我的考验: 黏母
[2026-02-22 01:34:14] 冰封樱花: 粘母
[2026-02-22 01:34:15] 草莓冰酪: 你们千万别搜索uid6512408举报房管布罗利啊
[2026-02-22 01:34:15] Roselia的凑有希那本人: 粘母
[2026-02-22 01:34:15] richardlee97: 我们肥美澄清一下，布罗🐕主页的FaZe upup！与我们肥美无关，取消该cs肥美籍。
[2026-02-22 01:34:16] 间桐樱本人: @粘母:众黏液之父在哪发财呢
[2026-02-22 01:34:16] LvvsiN: 就tm喜欢银行业🥰银行坏账我喜欢🥰银行挤兑我还喜欢😍利率调低我也喜欢🤤老子亲烂银行业的脸😘
[2026-02-22 01:34:16] 用户5608006019: 老鼠运气四强，猎鹰实力八强！！
[2026-02-22 01:34:16] wedd1ddeJodd: ＋1真关了啊😰😰😰😰
[2026-02-22 01:34:16] 萝伯丝比尔: 玩机器你敢给我β站解封吗😂
[2026-02-22 01:34:16] 蝶花月: 粘母
[2026-02-22 01:34:17] 南燕swallow: 🐖👀别刷了别刷了，要登山了🐖👀别刷了别刷了，要登山了🧗🐖👀别刷了别刷了，要登山了🧗
[2026-02-22 01:34:17] 深巷里的少年与猫丿: 粘母
[2026-02-22 01:34:17] Roselia的凑有希那本人: 🐖👀别刷了别刷了，要登山了🐖👀别刷了别刷了，要登山了🧗🐖👀别刷了别刷了，要登山了🧗で
[2026-02-22 01:34:18] LvvsiN: 你为什么要把mαjor禁了，我收藏的一半弹幕全毁了
[2026-02-22 01:34:18] znnoy: 我们肥美澄清一下，布罗🐕主页的FaZe upup！与我们肥美无关，取消该cs肥美籍。
[2026-02-22 01:34:18] KatoM3gum1: 🐖👀别刷了别刷了，要登山了🐖👀别刷了别刷了，要登山了🧗🐖👀别刷了别刷了，要登山了🧗
[2026-02-22 01:34:18] lonhkfd: 玩机器你敢给我β站解封吗😂
[2026-02-22 01:34:18] 是一步丶Niko: C4（已深度思考39.9秒）：算了
[2026-02-22 01:34:18] 柳小目: 布罗利你有没有种啊，这么多弹幕隔着串你，是我都给封了
[2026-02-22 01:34:18] 宇莓: 我看这布罗利也是学到碗橱精髓了，又是载姆斯又是最喜欢选手载物的
[2026-02-22 01:34:19] Lz丶沐兮: 粘
[2026-02-22 01:34:19] 刘刘的农: 上一次我们肥美就因为这个布罗利被喷死
[2026-02-22 01:34:19] 樱丘传奇吉他手平泽唯: 你们千万别搜索uid6512408举报房管布罗利啊
[2026-02-22 01:34:20] 叶樱梦: 我们肥美澄清一下，布罗🐕主页的FaZe upup！与我们肥美无关，取消该cs肥美籍。
[2026-02-22 01:34:20] LvvsiN: 弹幕也就网上说说，现实里谁不觉得樱姐是好女孩（删括号领一条远坂凛同款鸟笼）
[2026-02-22 01:34:20] angry嗷呜: 🐖👀别刷了别刷了，要登山了🐖👀别刷了别刷了，要登山了🧗🐖👀别刷了别刷了，要登山了🧗
[2026-02-22 01:34:20] 渡亡神雅睿欧斯: pv影业，精准控分
[2026-02-22 01:34:20] 4846836538542: 你们千万别搜索uid6512408举报房管布罗利啊
[2026-02-22 01:34:20] 我吃柠檬树: 我们肥美澄清一下，布罗🐕主页的FaZe upup！与我们肥美无关，取消该cs肥美籍。
[2026-02-22 01:34:21] 玩机器的生化危机粉丝: faze没进 你伤心吗
[2026-02-22 01:34:21] 用户2719002301: 每日倒立五分钟🤸‍♀️🤸‍♀️🤸‍♀️🤸‍♀️🤸‍♀️🤸‍♀️🤸‍♀️
[2026-02-22 01:34:21] 玩机器的小jj: 永久下放
[2026-02-22 01:34:21] 上完课我找你: ＋1真关了啊😰😰😰😰
[2026-02-22 01:34:22] 7376377: 这是录播吗，为什么主播从来不回应弹幕自说自的
[2026-02-22 01:34:22] Kiracoon: 小马王
[2026-02-22 01:34:22] LvvsiN: 弹幕也就网上说说，现实里谁不觉得樱姐是好女孩（删括号领一条远坂凛同款鸟笼）
[2026-02-22 01:34:22] 柳小目: 布罗利你有没有种啊，这么多弹幕隔着串你，是我都给封了
[2026-02-22 01:34:22] 用户9693232973: 看个培根或者小钟，别看你那区间墨菲了😅
[2026-02-22 01:34:22] 石家庄的刘亦博本人: 我们肥美澄清一下，布罗🐕主页的FaZe upup！与我们肥美无关，取消该cs肥美籍。
[2026-02-22 01:34:22] 丰川留子: 粘母
[2026-02-22 01:34:22] 天守阁信长: 玩机器你敢给我β站解封吗😂
[2026-02-22 01:34:22] 祐天寺喵梦: 布罗利你有没有种啊，这么多弹幕隔着串你，是我都给封了
[2026-02-22 01:34:23] 和泉千晶MAo: 我们肥美澄清一下，布罗🐕主页的FaZe upup！与我们肥美无关，取消该cs肥美籍。
[2026-02-22 01:34:23] Krista邹邹: ＋1真关了啊😰😰😰😰
[2026-02-22 01:34:23] 绘心酱敲卡哇伊: 布罗利Broli：别带载慕斯节奏啊2026-02-15 19:59:02😅
[2026-02-22 01:34:23] 罗山路的光: 你为什么要把mαjor禁了，我收藏的一半弹幕全毁了
[2026-02-22 01:34:23] Saiki559: 布罗利你有没有种啊，这么多弹幕隔着串你，是我都给封了
[2026-02-22 01:34:23] 姓黄小名肥仔: niko少拿多少major冠军，少编多少尸，我真替他可惜😭
[2026-02-22 01:34:24] 淡色阳炎: pv影业，精准控分
[2026-02-22 01:34:24] i化石-: 我们肥美澄清一下，布罗🐕主页的FaZe upup！与我们肥美无关，取消该cs肥美籍。
[2026-02-22 01:34:24] LvvsiN: 玩宝宝，我发现在大学上学的时候肄业会很舒服，你可以试试
[2026-02-22 01:34:24] 是一步丶Niko: Niko：科隆不夺冠我们就退役 小孩：我也要退役吗 Niko：对
[2026-02-22 01:34:24] 草莓冰酪: 上一次我们肥美就因为这个布罗利被喷死
[2026-02-22 01:34:24] 叫我老岑就好了呀: 你们千万别搜索uid6512408举报房管布罗利啊
[2026-02-22 01:34:24] 阿道和伏见柚柚: 弹幕多刷点，房管在练定位
[2026-02-22 01:34:24] wedd1ddeJodd: 我们肥美澄清一下，布罗🐕主页的FaZe upup！与我们肥美无关，取消该cs肥美籍。
[2026-02-22 01:34:25] Aleksumimi: 我们肥美澄清一下，布罗🐕主页的FaZe upup！与我们肥美无关，取消该cs肥美籍。
[2026-02-22 01:34:25] lonhkfd: 我们肥美澄清一下，布罗🐕主页的FaZe upup！与我们肥美无关，取消该cs肥美籍。
[2026-02-22 01:34:25] 牧瀨紅莉栖awa: 🐖👀别刷了别刷了，要登山了🐖👀别刷了别刷了，要登山了🧗🐖👀别刷了别刷了，要登山了🧗
[2026-02-22 01:34:25] 阵雨天o: 我们肥美澄清一下，布罗🐕主页的FaZe upup！与我们肥美无关，取消该cs肥美籍。
[2026-02-22 01:34:25] 爱吃青椒的重曹酱: 我们肥美澄清一下，布罗🐕主页的FaZe upup！与我们肥美无关，取消该cs肥美籍。
[2026-02-22 01:34:25] 宇莓: 布罗利你有没有种啊，这么多弹幕隔着串你，是我都给封了
[2026-02-22 01:34:25] 用户2719002301: 每日倒立五分钟🤸‍♀️🤸‍♀️🤸‍♀️🤸‍♀️🤸‍♀️🤸‍♀️🤸‍♀️
[2026-02-22 01:34:26] 柳小目: 布罗利你有没有种啊，这么多弹幕隔着串你，是我都给封了
[2026-02-22 01:34:26] Ayu824: 布罗利你有没有种啊，这么多弹幕隔着串你，是我都给封了
[2026-02-22 01:34:26] 無茶苦茶0: 玩大哥能不能复盘2026年PGL八进四猎鹰VSPV图三的第九回合
[2026-02-22 01:34:26] 牢大与小布丁: @房管布罗利，玩÷yygq你尼爹不敢封？封弹幕的🐂劲呢？😂
[2026-02-22 01:34:26] 丶屈臣: 布罗利你有没有种啊，这么多弹幕隔着串你，是我都给封了
[2026-02-22 01:34:27] 刘刘的农: 布罗利你有没有种啊，这么多弹幕隔着串你，是我都给封了
[2026-02-22 01:34:27] 我是不是泽泽: 粘母师
[2026-02-22 01:34:27] 液体百科的steventcyh: 看狼哥指南
[2026-02-22 01:34:27] 冲上云霄的姨: 玩机器你敢给我β站解封吗😂
[2026-02-22 01:34:27] znnoy: 我们肥美澄清一下，布罗🐕主页的FaZe upup！与我们肥美无关，取消该cs肥美籍。
[2026-02-22 01:34:27] 愿良辰美景: 上一次我们肥美就因为这个布罗利被喷死
[2026-02-22 01:34:28] weapon丶X: 我们肥美澄清一下，布罗🐕主页的FaZe upup！与我们肥美无关，取消该cs肥美籍。
[2026-02-22 01:34:28] LvvsiN: 你为什么要把mαjor禁了，我收藏的一半弹幕全毁了
[2026-02-22 01:34:28] TieZhu丶: 我们肥美澄清一下，布罗🐕主页的FaZe upup！与我们肥美无关，取消该cs肥美籍。
[2026-02-22 01:34:28] VI将臣: 我们肥美澄清一下，布罗🐕主页的FaZe upup！与我们肥美无关，取消该cs肥美籍。
[2026-02-22 01:34:29] 萝伯丝比尔: 玩机器你敢给我β站解封吗😂
[2026-02-22 01:34:29] astralis的jabbi本人: 这是录播吗，为什么主播从来不回应弹幕自说自的
[2026-02-22 01:34:29] samuraionnna: 42	房	布罗利Broli：不骂了不骂了，向冰粉投降	
，向活	🐴物投降	DESUWA
[2026-02-22 01:34:29] BMWCK: 布罗利你有没有种啊，这么多弹幕隔着串你，是我都给封了
[2026-02-22 01:34:30] 康托尔74920: 布罗利你有没有种啊，这么多弹幕隔着串你，是我都给封了
[2026-02-22 01:34:30] 言灵虚: 我们肥美澄清一下，布罗🐕主页的FaZe upup！与我们肥美无关，取消该cs肥美籍。
[2026-02-22 01:34:30] 柳小目: 布罗利你有没有种啊，这么多弹幕隔着串你，是我都给封了
[2026-02-22 01:34:30] lonhkfd: 布罗利你有没有种啊，这么多弹幕隔着串你，是我都给封了
[2026-02-22 01:34:30] LvvsiN: 其实碗橱就是猪灵，你不拿黄金丢他他就不跟你说话
[2026-02-22 01:34:30] 好猫咪莱恩: 玩大哥能不能看看99+
[2026-02-22 01:34:30] 叶生秋: 🐖👀别刷了别刷了，要登山了🐖👀别刷了别刷了，要登山了🧗🐖👀别刷了别刷了，要登山了🧗
[2026-02-22 01:34:31] 漩涡章鱼: 布罗利你有没有种啊，这么多弹幕隔着串你，是我都给封了
[2026-02-22 01:34:32] 跳跃的司令官: 布罗利Broli：#崩坏：星穹铁道创作者激励计划 一家人就得整整齐齐这一块
[2026-02-22 01:34:32] SuperP681: 布罗利你有没有种啊，这么多弹幕隔着串你，是我都给封了
[2026-02-22 01:34:32] LvvsiN: 就tm喜欢银行业🥰银行坏账我喜欢🥰银行挤兑我还喜欢😍利率调低我也喜欢🤤老子亲烂银行业的脸😘
[2026-02-22 01:34:32] 牧瀨紅莉栖awa: 🐖👀别刷了别刷了，要登山了🐖👀别刷了别刷了，要登山了🧗🐖👀别刷了别刷了，要登山了🧗
[2026-02-22 01:34:33] 好姐妹阿尔图图罗: 永久下放
[2026-02-22 01:34:33] ccdt39: 布罗利你有没有种啊，这么多弹幕隔着串你，是我都给封了
[2026-02-22 01:34:33] z泽村英梨梨i: 我看这布罗利也是学到碗橱精髓了，又是载姆斯又是最喜欢选手载物的
[2026-02-22 01:34:33] 倾盆大rain: 凌晨三点Niko一个手枪局5杀把我……
[2026-02-22 01:34:33] BMWCK: 布罗利你有没有种啊，这么多弹幕隔着串你，是我都给封了
[2026-02-22 01:34:33] 小羊肖恩6I6: 看狼哥指南
[2026-02-22 01:34:34] Altolier: 布罗利你有没有种啊，这么多弹幕隔着串你，是我都给封了
[2026-02-22 01:34:34] 汤汤杜杜科隆冠军: 布罗利你有没有种啊，这么多弹幕隔着串你，是我都给封了
[2026-02-22 01:34:34] 刘刘的农: @房管布罗利，玩÷yygq你尼爹不敢封？封弹幕的🐂劲呢？😂
[2026-02-22 01:34:34] 吴本伟nb: 怎么有5w人不喜欢cs了
[2026-02-22 01:34:34] BadBoy97: 我们肥美澄清一下，布罗🐕主页的FaZe upup！与我们肥美无关，取消该cs肥美籍。
[2026-02-22 01:34:34] LvvsiN: 玩宝宝，我发现在大学上学的时候肄业会很舒服，你可以试试
[2026-02-22 01:34:34] znnoy: 我们肥美澄清一下，布罗🐕主页的FaZe upup！与我们肥美无关，取消该cs肥美籍。
[2026-02-22 01:34:34] 友利奈绪我老婆d: 我们肥美澄清一下，布罗🐕主页的FaZe upup！与我们肥美无关，取消该cs肥美籍。
[2026-02-22 01:34:34] 哈哈哈大仙: 詹姆：玩哥，上次跟你说让你吃大分，你吃了没
[2026-02-22 01:34:35] 柳小目: 布罗利你有没有种啊，这么多弹幕隔着串你，是我都给封了
[2026-02-22 01:34:35] 双标犬玩机器: 你们千万别搜索uid6512408举报房管布罗利啊
[2026-02-22 01:34:35] 冲上云霄的姨: 布罗利你有没有种啊，这么多弹幕隔着串你，是我都给封了
[2026-02-22 01:34:35] 用户3661578: 不看Vlog
[2026-02-22 01:34:35] 結城希亞: 🐖👀别刷了别刷了，要登山了🐖👀别刷了别刷了，要登山了🧗🐖👀别刷了别刷了，要登山了🧗
[2026-02-22 01:34:36] racula: 我们肥美澄清一下，布罗🐕主页的FaZe upup！与我们肥美无关，取消该cs肥美籍。
[2026-02-22 01:34:36] 是一步丶Niko: 这个能叫俯卧撑？那波士顿亚军也算冠军得了
[2026-02-22 01:34:36] 好哥们黑龙歼灭刀: 我看这布罗利也是学到碗橱精髓了，又是载姆斯又是最喜欢选手载物的
[2026-02-22 01:34:36] 沐木丶丶丶丶: 布罗利你有没有种啊，这么多弹幕隔着串你，是我都给封了
[2026-02-22 01:34:36] LvvsiN: 你屏蔽词都快赶上新华词典了为什么不干脆开一百级发言？
[2026-02-22 01:34:36] 倾盆大rain: 凌晨三点Niko一个手枪局5杀把我……
[2026-02-22 01:34:37] 昌岗陈坤: 布罗利你有没有种啊，这么多弹幕隔着串你，是我都给封了
[2026-02-22 01:34:37] emmmm452: 玩机器你敢给我β站解封吗😂
[2026-02-22 01:34:37] fpx丶: 布罗利你有没有种啊，这么多弹幕隔着串你，是我都给封了
[2026-02-22 01:34:37] 改了名字能中奖666: 怎么绿龙年初全是生日
[2026-02-22 01:34:37] 用户0553661491: 布罗利你有没有种啊，这么多弹幕隔着串你，是我都给封了
[2026-02-22 01:34:38] 用户2100686284: 布罗利你有没有种啊，这么多弹幕隔着串你，是我都给封了
[2026-02-22 01:34:38] R组的中岛由贵本人: 4 8尼，怎么不拔网线？两年前不是还会拔网线这招嘛？
[2026-02-22 01:34:38] 爱吃青椒的重曹酱: 🐖👀别刷了别刷了，要登山了🐖👀别刷了别刷了，要登山了🧗🐖👀别刷了别刷了，要登山了🧗
[2026-02-22 01:34:38] 一不小心丶就丶: 永久下放
[2026-02-22 01:34:38] 用户2719002301: 每日倒立五分钟🤸‍♀️🤸‍♀️🤸‍♀️🤸‍♀️🤸‍♀️🤸‍♀️🤸‍♀️
[2026-02-22 01:34:38] LvvsiN: 玩宝宝，我发现在大学上学的时候肄业会很舒服，你可以试试
[2026-02-22 01:34:38] 牢大与小布丁: 布罗利你有没有种啊，这么多弹幕隔着串你，是我都给封了
[2026-02-22 01:34:38] eda778: 驴小弟在vlog发财啊
[2026-02-22 01:34:38] i化石-: 啊啊啊啊啊啊啊啊啊啊啊啊啊啊
[2026-02-22 01:34:38] 用戶6657: 布罗利你有没有种啊，这么多弹幕隔着串你，是我都给封了
[2026-02-22 01:34:38] 阿道和伏见柚柚: 弹幕多刷点，房管在练定位🥱
[2026-02-22 01:34:39] 斗鱼用户4901183769: 你们千万别搜索uid6512408举报房管布罗利啊
[2026-02-22 01:34:39] 布拉德丶皮特: 凿啊
[2026-02-22 01:34:40] 某某的哞哞: 布罗利你有没有种啊，这么多弹幕隔着串你，是我都给封了
[2026-02-22 01:34:40] 好哥们黑龙歼灭刀: 布罗利你有没有种啊，这么多弹幕隔着串你，是我都给封了
[2026-02-22 01:34:40] LOVEYUKINO: 布罗利你有没有种啊，这么多弹幕隔着串你，是我都给封了
[2026-02-22 01:34:40] 啦啦啦唱歌真好听呀:  @肥美：我们肥美澄清一下，布罗🐕主页的FaZe upup！与我们肥美无关，取消该cs肥美籍。
[2026-02-22 01:34:40] 灯山雪: 看蛤蟆教学
[2026-02-22 01:34:40] LvvsiN: 其实碗橱就是猪灵，你不拿黄金丢他他就不跟你说话
[2026-02-22 01:34:40] 嘘嘘昨晚真棒: 布罗利你有没有种啊，这么多弹幕隔着串你，是我都给封了
[2026-02-22 01:34:40] 冬馬和纱纱: 布罗利你有没有种啊，这么多弹幕隔着串你，是我都给封了
[2026-02-22 01:34:41] 天道酬勤剑不归: 看朗戈教学指南
[2026-02-22 01:34:41] 冲上云霄的姨: 我们肥美澄清一下，布罗🐕主页的FaZe upup！与我们肥美无关，取消该cs肥美籍。
[2026-02-22 01:34:41] 倾盆大rain: 凌晨三点Niko一个手枪局5杀把我……
[2026-02-22 01:34:41] 用户7965707956: 🐖👀别刷了别刷了，要登山了🐖👀别刷了别刷了，要登山了🧗🐖👀别刷了别刷了，要登山了🧗
[2026-02-22 01:34:41] 我不可能叫划水: 损失在哪
[2026-02-22 01:34:41] 晚安荣荣: 不看100T？
[2026-02-22 01:34:42] kyubit: 我们肥美澄清一下，布罗🐕主页的FaZe upup！与我们肥美无关，取消该cs肥美籍。
[2026-02-22 01:34:42] LOVEYUKINO: 布罗利你有没有种啊，这么多弹幕隔着串你，是我都给封了
[2026-02-22 01:34:42] LvvsiN: 其实碗橱就是猪灵，你不拿黄金丢他他就不跟你说话
[2026-02-22 01:34:42] 寺见鸣鳰: 布罗利你有没有种啊，这么多弹幕隔着串你，是我都给封了
[2026-02-22 01:34:42] erickobe: 布罗利你有没有种啊，这么多弹幕隔着串你，是我都给封了
[2026-02-22 01:34:43] 结束乐队的kitakitan本人: 布罗利你有没有种啊，这么多弹幕隔着串你，是我都给封了
[2026-02-22 01:34:43] 时间就是深海咸鱼: 布罗利你有没有种啊，这么多弹幕隔着串你，是我都给封了
[2026-02-22 01:34:43] 盲小涵: 布罗利你有没有种啊，这么多弹幕隔着串你，是我都给封了
[2026-02-22 01:34:43] MYGO的A0N0本人: 给我一个逃一死一无定语goat看笑了
[2026-02-22 01:34:43] 鼓鼓鼓捣叨叨: 我们肥美澄清一下，布罗ilig主页的FaZe upup！与我们肥美无关，取消该cs肥美籍。
[2026-02-22 01:34:43] dark1337: 布罗利你有没有种啊，这么多弹幕隔着串你，是我都给封了
[2026-02-22 01:34:43] 恩格尼斯也: 布罗利你有没有种啊，这么多弹幕隔着串你，是我都给封了
[2026-02-22 01:34:44] 越勾越搜越王勾践: 布罗利你有没有种啊，这么多弹幕隔着串你，是我都给封了
[2026-02-22 01:34:44] 载物唯一GOAT: 布罗利你有没有种啊，这么多弹幕隔着串你，是我都给封了
[2026-02-22 01:34:44] LvvsiN: @阿汤日记：一个人，5发子弹，保住格陵兰岛。我不会叫它不可能完成的任务，我现在只想先回家看亦博
[2026-02-22 01:34:44] 罹鸽儿: 布罗利你有没有种啊，这么多弹幕隔着串你，是我都给封了
[2026-02-22 01:34:44] 一叶气瓷郎: 我看这布罗利也是学到碗橱精髓了，又是载姆斯又是最喜欢选手载物的
[2026-02-22 01:34:44] 樂1379106: 布罗利你有没有种啊，这么多弹幕隔着串你，是我都给封了
[2026-02-22 01:34:45] 尼尼孩孩京京驴驴: 布罗利你有没有种啊，这么多弹幕隔着串你，是我都给封了
[2026-02-22 01:34:45] 好姐妹清道夫: 詹姆：玩哥，上次跟你说让你吃大分，你吃了没
[2026-02-22 01:34:45] xuzVan: 凌晨三点Niko一个手枪局5杀把我……
[2026-02-22 01:34:45] HaibaraAi1109: 布罗利你有没有种啊，这么多弹幕隔着串你，是我都给封了
[2026-02-22 01:34:45] 萝伯丝比尔: 玩机器你敢给我β站解封吗😂
[2026-02-22 01:34:45] 用戶6657: 你们千万别搜索uid6512408举报房管布罗利啊
[2026-02-22 01:34:45] 嫐嬲被注册了: 布罗利你有没有种啊，这么多弹幕隔着串你，是我都给封了
[2026-02-22 01:34:46] 刘刘的农:  @肥美：我们肥美澄清一下，布罗🐕主页的FaZe upup！与我们肥美无关，取消该cs肥美籍。
[2026-02-22 01:34:46] samuraionnna:  @肥美：我们肥美澄清一下，布罗🐕主页的FaZe upup！与我们肥美无关，取消该cs肥美籍。
[2026-02-22 01:34:46] LvvsiN: 南孚一节更比六节强，也就是一节南孚比六节南孚强，六节南孚比三十六节强，三十六节比二百一十六节强
[2026-02-22 01:34:47] z泽村英梨梨i: 我看这布罗利也是学到碗橱精髓了，又是载姆斯又是最喜欢选手载物的
[2026-02-22 01:34:47] 我在金龙湖边: 布罗利你有没有种啊，这么多弹幕隔着串你，是我都给封了
[2026-02-22 01:34:47] 普丽瓦蒂: 布罗利你有没有种啊，这么多弹幕隔着串你，是我都给封了
[2026-02-22 01:34:47] 草莓冰酪: 布罗利你有没有种啊，这么多弹幕隔着串你，是我都给封了
[2026-02-22 01:34:47] 玩神的欢喜好有嚼劲: 我们肥美澄清一下，布罗🐕主页的FaZe upup！与我们肥美无关，取消该cs肥美籍。
[2026-02-22 01:34:47] weapon丶X: 布罗利你有没有种啊，这么多弹幕隔着串你，是我都给封了
[2026-02-22 01:34:47] 昙花终难相遇: 布罗利你有没有种啊，这么多弹幕隔着串你，是我都给封了
[2026-02-22 01:34:47] 求老仙奶贾碧不死: 每日倒立五分钟🤸‍♀️🤸‍♀️🤸‍♀️🤸‍♀️🤸‍♀️🤸‍♀️🤸‍♀️
[2026-02-22 01:34:48] I手写的从前I: 布罗利你有没有种啊，这么多弹幕隔着串你，是我都给封了
[2026-02-22 01:34:48] 灰之魔女Elaina: 烂vlog
[2026-02-22 01:34:48] 将鸥: 啊啊啊
[2026-02-22 01:34:48] 迷你世界丁真学姐1: @布罗利Broli：不骂了不骂了，向🧊粉投降，向活🐴物投降🏳️
[2026-02-22 01:34:48] 倾盆大rain: 凌晨三点Niko一个手枪局5杀把我……
[2026-02-22 01:34:48] 银睿憨: 布罗利你有没有种啊，这么多弹幕隔着串你，是我都给封了
[2026-02-22 01:34:48] 獨客: 为什么不弥补没有猎鹰的？
[2026-02-22 01:34:49] 太沙基Terzaghi: 永久下放
[2026-02-22 01:34:49] 小蜜蜂的长期素食本人: 猪头，移动
[2026-02-22 01:34:49] ilume: 布罗利你有没有种啊，这么多弹幕隔着串你，是我都给封了
[2026-02-22 01:34:49] 夏空喵: 机器，移动
[2026-02-22 01:34:49] ok奶绿: 布罗利你有没有种啊，这么多弹幕隔着串你，是我都给封了
[2026-02-22 01:34:50] 姓黄小名肥仔: niko少拿多少major冠军，少编多少尸，我真替他可惜😭
[2026-02-22 01:34:50] 磷叶石pho: 布罗利你有没有种啊，这么多弹幕隔着串你，是我都给封了
[2026-02-22 01:34:50] 让风告诉你h: 布罗利你有没有种啊，这么多弹幕隔着串你，是我都给封了
[2026-02-22 01:34:50] 茶泡饭Trinity: 你们千万别搜索uid6512408举报房管布罗利啊
[2026-02-22 01:34:50] 结束乐队的kitakitan本人: 玩机器你敢给我β站解封吗😂
[2026-02-22 01:34:50] 爱吃青椒的重曹酱: 布罗利Broli：别带载慕斯节奏啊2026-02-15 19:59:02😅
[2026-02-22 01:34:50] 汤汤杜杜科隆冠军: 布罗利你有没有种啊，这么多弹幕隔着串你，是我都给封了
[2026-02-22 01:34:50] LvvsiN: 你为什么要把mαjor禁了，我收藏的一半弹幕全毁了
[2026-02-22 01:34:51] 玩神的欢喜好有嚼劲: 我们肥美澄清一下，布罗🐕主页的FaZe upup！与我们肥美无关，取消该cs肥美籍。
[2026-02-22 01:34:51] 玩斯特出出6657: 每日倒立五分钟🤸‍♀️🤸‍♀️🤸‍♀️🤸‍♀️🤸‍♀️🤸‍♀️🤸‍♀️
[2026-02-22 01:34:51] 飘然小牧: 布罗利你有没有种啊，这么多弹幕隔着串你，是我都给封了
[2026-02-22 01:34:51] 叫我老岑就好了呀: 布罗利你有没有种啊，这么多弹幕隔着串你，是我都给封了
[2026-02-22 01:34:51] 量子毁灭717: 又想把矛盾转移给绿龙了是吧
[2026-02-22 01:34:51] 绘心酱敲卡哇伊: 你要不直接带大家拉黑评论区吧🤣
[2026-02-22 01:34:51] JanXu1999: 双倍双倍双倍双倍双倍双倍双倍双倍双倍双倍
[2026-02-22 01:34:52] KRU的Less本人: 布罗利你有没有种啊，这么多弹幕隔着串你，是我都给封了
[2026-02-22 01:34:52] 黑衣小胖: 布罗利你有没有种啊，这么多弹幕隔着串你，是我都给封了
[2026-02-22 01:34:52] 友利奈绪我老婆d: 布罗利你有没有种啊，这么多弹幕隔着串你，是我都给封了
[2026-02-22 01:34:52] 大颗寿司玩机器: 布罗利你有没有种啊，这么多弹幕隔着串你，是我都给封了
[2026-02-22 01:34:52] BASSGOAT牛込里美: 粘母 粘猪 糯塔 我是不敢想有多黏。。。
[2026-02-22 01:34:52] 牢大与小布丁: 布罗利你有没有种啊，这么多弹幕隔着串你，是我都给封了
[2026-02-22 01:34:53] 愿良辰美景: 我们肥美澄清一下，布罗🐕主页的FaZe upup！与我们肥美无关，取消该cs肥美籍。
[2026-02-22 01:34:55] 天守阁信长: 布罗利你有没有冯啊，这么多弹幕隔着串你，是我都给封了
[2026-02-22 01:34:55] 星海羽弦: 布罗利你有没有种啊，这么多弹幕隔着串你，是我都给封了
[2026-02-22 01:34:55] 好哥们黑龙歼灭刀: @肥美：我们肥美澄清一下，布罗🐕主页的FaZe upup！与我们肥美无关，取消该cs肥美籍。
[2026-02-22 01:34:55] 细菌P: @肥美：我们肥美澄清一下，布罗🐕主页的FaZe upup！与我们肥美无关，取消该cs肥美籍。
[2026-02-22 01:34:55] 衣服Kaiju: 尼尼孩孩major冠军的飞机救一下啊
[2026-02-22 01:34:55] 迷你世界丁真学姐1: 我们肥美澄清一下，布罗🐕主页的FaZe upup！与我们肥美无关，取消该cs肥美籍。
[2026-02-22 01:34:55] 蜡笔小新的Jelly: 布罗利你有没有种啊，这么多弹幕隔着串你，是我都给封了
[2026-02-22 01:34:55] 红滴露原素瓶: 我看你的M
[2026-02-22 01:34:55] sandwichex: 猪头，移动
[2026-02-22 01:34:55] HaibaraAi1109: 我看这布罗利也是学到碗橱精髓了，又是载姆斯又是最喜欢选手载物的
[2026-02-22 01:34:55] wedd1ddeJodd: 詹姆：玩哥，上次跟你说让你吃大分，你吃了没
[2026-02-22 01:34:55] 用户6235382488: 1
[2026-02-22 01:34:55] 阵雨天o: 布罗利你有没有种啊，这么多弹幕隔着串你，是我都给封了
[2026-02-22 01:34:55] ok奶绿: 布罗利你有没有种啊，这么多弹幕隔着串你，是我都给封了
[2026-02-22 01:34:55] 江雪姨: 布罗利你有没有种啊，这么多弹幕隔着串你，是我都给封了
[2026-02-22 01:34:55] 草莓冰酪: 你要不直接带大家拉黑评论区吧🤣
[2026-02-22 01:34:57] 好猫咪莱恩: 布罗利你有没有种啊，这么多弹幕隔着串你，是我都给封了
[2026-02-22 01:34:57] Adrian林讲: 布罗利你有没有种啊，这么多弹幕隔着串你，是我都给封了
[2026-02-22 01:34:57] chordclef: saki，移动
[2026-02-22 01:34:57] 推斯特大z小z: 凌晨三点Niko一个手枪局5杀把我……
[2026-02-22 01:34:57] 玩大哥我手术恢复中: 布罗利你有没有冯啊，这么多弹幕隔着串你，是我都给封了
[2026-02-22 01:34:57] 刘刘的农:  @布罗利Broli：不骂了不骂了，向🧊粉投降，向活🐴物投降🏳️
[2026-02-22 01:34:57] 两只帝王蟹: 布罗利你有没有种啊，这么多弹幕隔着串你，是我都给封了
[2026-02-22 01:34:57] 是一步丶Niko: c4（已深度思考36秒）：早干嘛去了
[2026-02-22 01:34:57] A队的佐佐木李子本人: machine，移动
[2026-02-22 01:34:57] 保护头小头是个DD就好: vlog也想圈吗，牛逼
[2026-02-22 01:34:57] 李小小与虾大大: 肥美也是冰清玉洁，串到你身上又切割了
[2026-02-22 01:34:57] LvvsiN: 你这音画不同步太难受了，我都听到NIKO里约RMR晋级的欢呼了
[2026-02-22 01:34:57] 冬原春希: 布罗利你有没有种啊，这么多弹幕隔着串你，是我都给封了
[2026-02-22 01:34:57] Shamiko56562: 布罗利你有没有种啊，这么多弹幕隔着串你，是我都给封了
[2026-02-22 01:34:57] 薄樂无訫: 布罗利你有没有种啊，这么多弹幕隔着串你，是我都给封了
[2026-02-22 01:34:57] 包包你到底哪里神了: 布罗利你有没有种啊，这么多弹幕隔着串你，是我都给封了
[2026-02-22 01:34:57] cj_and_xe: 布罗利你有没有种啊，这么多弹幕隔着串你，是我都给封了
[2026-02-22 01:34:57] 那就点: 布罗利你有没有种啊，这么多弹幕隔着串你，是我都给封了
[2026-02-22 01:34:57] 好哥们黑龙歼灭刀: @布罗利Broli：不骂了不骂了，向🧊粉投降，向活🐴物投降🏳️
[2026-02-22 01:34:57] 石家庄的刘亦博本人: 你要不直接带大家拉黑评论区吧🤣
[2026-02-22 01:34:57] 炒鸡无敌终极翻皮水: @肥美：我们肥美澄清一下，布罗🐕主页的FaZe upup！与我们肥美无关，取消该cs肥美籍。
[2026-02-22 01:34:58] znnoy: 我们肥美澄清一下，布罗🐕主页的FaZe upup！与我们肥美无关，取消该cs肥美籍。
[2026-02-22 01:34:58] 古堡12枪战神: 布罗利你有没有种啊，这么多弹幕隔着串你，是我都给封了
[2026-02-22 01:34:58] 本质软糯Sakiko: 42	房	布罗利Broli：不骂了不骂了，向冰粉投降	 ，向活	🐴物投降	DESUWA
[2026-02-22 01:34:58] 茶泡饭Trinity: 布罗利你有没有冯啊，这么多弹幕隔着串你，是我都给封了
[2026-02-22 01:34:58] vongwu: 绿龙没来也想圈驴美的米吗
[2026-02-22 01:34:58] MaakiseKurisu: 看看你宝宝
[2026-02-22 01:34:58] 冥冥6657: 损失指的是没人送飞机
[2026-02-22 01:34:58] 冲泉冲泉: 布罗利你有没有种啊，这么多弹幕隔着串你，是我都给封了
[2026-02-22 01:34:59] 苍蓝雕纹魔像: 布罗利你有没有种啊，这么多弹幕隔着串你，是我都给封了
[2026-02-22 01:34:59] 花果山前一棵树: 布罗利你有没有种啊，这么多弹幕隔着串你，是我都给封了
[2026-02-22 01:34:59] SDL白无: 布罗利你有没有冯啊，这么多弹幕隔着串你，是我都给封了
[2026-02-22 01:34:59] 好姐妹太卜司符玄: @布罗利Broli：不骂了不骂了，向🧊粉投降，向活🐴物投降🏳️
[2026-02-22 01:35:00] 里予禾中猴王雷冖: 你要不直接带大家拉黑评论区吧🤣
[2026-02-22 01:35:00] 祐天寺喵梦: 布罗利你有没有种啊，这么多弹幕隔着串你，是我都给封了
[2026-02-22 01:35:00] 用户0553661491: 又想把矛盾转移给绿龙了是吧
[2026-02-22 01:35:00] v塔立体的猪头肉本人: 你要不直接带大家拉黑评论区吧🤣
[2026-02-22 01:35:00] 小蜜蜂的长期素食本人: 又想把矛盾转移给绿龙了是吧
[2026-02-22 01:35:01] 驴驴宗宗买这冠军: 肥美也是冰清玉洁，串到你身上又切割了
[2026-02-22 01:35:01] 牟平鲁尼: 玩机器在请求驴粉支援，有感觉吗
[2026-02-22 01:35:01] 用户00137810: 布罗利你有没有种啊，这么多弹幕隔着串你，是我都给封了
[2026-02-22 01:35:02] s坑华: 我们肥美澄清一下，布罗🐕主页的FaZe upup！与我们肥美无关，取消该cs肥美籍。
[2026-02-22 01:35:02] takakiyo: 女的
[2026-02-22 01:35:02] 好姐妹阿尔图图罗: 兄弟在哪
[2026-02-22 01:35:02] LvvsiN: 南孚一节更比六节强，也就是一节南孚比六节南孚强，六节南孚比三十六节强，三十六节比二百一十六节强
[2026-02-22 01:35:03] KipKK: 绿龙没来也想圈驴美的米吗
[2026-02-22 01:35:03] 姓黄小名肥仔: niko少拿多少major冠军，少编多少尸，我真替他可惜😭
[2026-02-22 01:35:03] 爱吃青椒的重曹酱: 布罗利你有没有种啊，这么多弹幕隔着串你，是我都给封了
[2026-02-22 01:35:03] 是一步丶Niko: 都说观棋不语真君子，玩神看个比赛话怎么这么多
[2026-02-22 01:35:03] 石家庄的刘亦博本人: 布罗利你有没有冯啊，这么多弹幕隔着串你，是我都给封了
[2026-02-22 01:35:03] 丛雨丛雨丛-: 　　　 布罗利你有没有冯啊，这么多弹幕隔着串你，是我都给封了
[2026-02-22 01:35:04] 鸭硕的哈撒给: 我说句主播不爱听的，你的某站黑名单马上会跟贫 必 词一样不够用
[2026-02-22 01:35:04] 默默momoMoMo123: 布罗利你有没有冯啊，这么多弹幕隔着串你，是我都给封了
[2026-02-22 01:35:04] vongwu: 绿龙没来也想圈驴美的米吗
[2026-02-22 01:35:04] 安酱没有jj: 布罗利你有没有种啊，这么多弹幕隔着串你，是我都给封了
[2026-02-22 01:35:04] 嘿你尾巴掉了99: 开慕斯是什么意思
[2026-02-22 01:35:04] 桂林米粉比较好吃: 你要不直接带大家拉黑评论区吧🤣
[2026-02-22 01:35:05] mujica的长崎素世本人: 布罗利你有没有种啊，这么多弹幕隔着串你，是我都给封了
[2026-02-22 01:35:05] 栗子又菜鸟187: 布罗利你有没有种啊，这么多弹幕隔着串你，是我都给封了
[2026-02-22 01:35:05] dark1337: 你要不直接带大家拉黑评论区吧🤣
[2026-02-22 01:35:05] 矮小的獭: 　　　 布罗利你有没有种啊，这么多弹幕隔着串你，是我都给封了
[2026-02-22 01:35:05] 还有时间日落之前: 布罗利Broli：别带载慕斯节奏啊2026-02-15 19:59:02😅
[2026-02-22 01:35:05] LOVEYUKINO: 玩机器在请求驴粉支援，有感觉吗
[2026-02-22 01:35:05] 用户3661578: 不看Vlog都看吐了
[2026-02-22 01:35:06] 三零一路公交司机: c4（已深度思考36秒）：早干嘛去了
[2026-02-22 01:35:06] 玩机器的小jj: 弹幕都在串niko你就放绿龙vlog引导小驴什么意思
[2026-02-22 01:35:06] 鼓鼓鼓捣叨叨: 42	房	布罗利Broli：不骂了不骂了，向冰粉投降	 ，向活	🐴物投降	DESUWA
[2026-02-22 01:35:06] 朔月02: 布罗利你有没有种啊，这么多弹幕隔着串你，是我都给封了
[2026-02-22 01:35:06] 一刀一个啵啵怪: 猎鹰滚了舔绿龙，流量把控这一块儿嗷
[2026-02-22 01:35:06] 无极加贝: 布罗利你有没有种啊，这么多弹幕隔着串你，是我都给封了
[2026-02-22 01:35:06] 中野家的三玖丈夫本人: 　　　 肥美也是冰清玉洁，串到你身上又切割了
[2026-02-22 01:35:06] 夏空喵: 女的
[2026-02-22 01:35:06] Pioneer893: 　　　 布罗利你有没有种啊，这么多弹幕隔着串你，是我都给封了
[2026-02-22 01:35:06] 宇莓: 我说实话，布罗利你有没有想过一种可能，你其实可以反向切割玩机器的
[2026-02-22 01:35:07] 冲上云霄的姨: 绿龙没来也想圈驴美的米吗
[2026-02-22 01:35:07] bsqqaq: 懂你意思
[2026-02-22 01:35:07] 阿羞羞i: 女的
[2026-02-22 01:35:07] 细菌P: @肥美：我们肥美澄清一下，布罗🐕主页的FaZe upup！与我们肥美无关，取消该cs肥美籍。
[2026-02-22 01:35:07] 牢大与小布丁: @房管布罗利，玩÷yygq你尼爹不敢封？封弹幕的🐂劲呢？😂
[2026-02-22 01:35:08] 刘刘的农:  @绿龙要死咯：@布罗利Broli：不骂了不骂了，向冰粉投降，向活🐴物投降
[2026-02-22 01:35:08] UriFzz: 一个很粘稠指挥很厉害的一线队
[2026-02-22 01:35:08] 世界第一可爱千早爱音: machine，移动
[2026-02-22 01:35:08] Crythic的羊宫妃那本人: 布罗利你有没有冯啊，这么多弹幕隔着串你，是我都给封了
[2026-02-22 01:35:08] 承認欲求: 损失指没有爱驴飞机
[2026-02-22 01:35:08] 汤汤杜杜科隆冠军: 布罗利你有没有冯啊，这么多弹幕隔着串你，是我都给封了
[2026-02-22 01:35:08] wbsxxx: 你这些年写的道歉信和小作文早就超过毕业论文的字数要求了，建议向达尔豪斯申请毕业证
[2026-02-22 01:35:08] 啦啦啦唱歌真好听呀: 　　　 布罗利你有没有种啊，这么多弹幕隔着串你，是我都给封了
[2026-02-22 01:35:09] 白皇的三千院Nagi本人: 女的
[2026-02-22 01:35:09] 水球碳酸饮料: 绿龙没来也想圈驴美的米吗
[2026-02-22 01:35:09] 大姜饼:     布罗利你有没有冯啊，这么多弹幕隔着串你，是我都给封了
[2026-02-22 01:35:09] 最爱的马卡龙: 布罗利某站uid6512408，首页就是照片
[2026-02-22 01:35:09] 我有一对电动大牛子: 我说实话，布罗利你有没有想过一种可能，你其实可以反向切割玩机器的
[2026-02-22 01:35:10] 奇诺比比奥: 马西西可爱捏
[2026-02-22 01:35:10] 叫我老岑就好了呀: 我说实话，布罗利你有没有想过一种可能，你其实可以反向切割玩机器的
[2026-02-22 01:35:10] 我吃柠檬树: 肥美也是冰清玉洁，串到你身上又切割了
[2026-02-22 01:35:10] 狂三Yud丶Bet: 我说实话，布罗利你有没有想过一种可能，你其实可以反向切割玩机器的
[2026-02-22 01:35:10] 莫情123: 你要不直接带大家拉黑评论区吧🤣
[2026-02-22 01:35:11] JuL1us: 绿龙没来也想圈驴美的米吗
[2026-02-22 01:35:11] 汤汤杜杜科隆冠军: 我说实话，布罗利你有没有想过一种可能，你其实可以反向切割玩机器的
[2026-02-22 01:35:11] 黎那汐塔top2尤诺: 绿龙没来也想圈驴美的米吗
[2026-02-22 01:35:11] LOVEYUKINO: 弹幕都在串niko你就放绿龙vlog引导小驴什么意思
[2026-02-22 01:35:12] 正经猪头肉: 肥猪马西西
[2026-02-22 01:35:12] 迷你世界丁真学姐1: @布罗利Broli：不骂了不骂了，向🧊粉投降，向活🐴物投降🏳️。
[2026-02-22 01:35:12] R组的中岛由贵本人: 四十八尼，怎么不拔网线？两年前不是还会拔网线这招嘛？
[2026-02-22 01:35:12] 柠檬lei了: 我说实话，布罗利你有没有想过一种可能，你其实可以反向切割玩机器的
[2026-02-22 01:35:12] Sereinily: 布罗利你有没有冯啊，这么多弹幕隔着串你，是我都给封了
[2026-02-22 01:35:12] 白河日和: 我说实话，布罗利你有没有想过一种可能，你其实可以反向切割玩机器的
[2026-02-22 01:35:12] 什么罐头我说男人: 绿龙没来也想圈驴美的米吗
[2026-02-22 01:35:13] LvvsiN: @阿汤日记：一个人，5发子弹，保住格陵兰岛。我不会叫它不可能完成的任务，我现在只想先回家看亦博
[2026-02-22 01:35:13] 黑衣小胖: 绿龙没来也想圈驴美的米吗
[2026-02-22 01:35:13] 工藤新一Ov0: 弹幕都在串niko你就放绿龙vlog引导小驴什么意思
[2026-02-22 01:35:13] 刘刘的农: @布罗利Broli：不骂了不骂了，向冰粉投降，向活🐴物投降
[2026-02-22 01:35:13] BMWCK: 布罗利你有没有种啊，这么多弹幕隔着串你，是我都给封了
[2026-02-22 01:35:13] Vitality的Zyw0o0本人: 弹幕都在串niko你就放绿龙vlog引导小驴什么意思
[2026-02-22 01:35:13] 罪石牢狱的小驴本人: fk绿龙
[2026-02-22 01:35:13] 薄樂无訫: 我说实话，布罗利你有没有想过一种可能，你其实可以反向切割玩机器的
[2026-02-22 01:35:14] 乌鸦晒不黑: 懂你意思
[2026-02-22 01:35:14] 是一步丶Niko: 怀念那个最好的五人组：蛋监，开荣，总特，难翻，死人
[2026-02-22 01:35:14] richardlee97:     布罗利你有没有冯啊，这么多弹幕隔着串你，是我都给封了
[2026-02-22 01:35:14] LokiAka: 弹幕都在串niko你就放绿龙vlog引导小驴什么意思desuw@
[2026-02-22 01:35:15] dark1337: 绿龙没来也想圈驴美的米吗
[2026-02-22 01:35:15] LvvsiN: 就tm喜欢银行业🥰银行坏账我喜欢🥰银行挤兑我还喜欢😍利率调低我也喜欢🤤老子亲烂银行业的脸😘
[2026-02-22 01:35:15] 泽丶拉图122: 弹幕都在串niko你就放绿龙vlog引导小驴什么意思
[2026-02-22 01:35:15] 爱吃青椒的重曹酱: 多刷点，房管在练定位
[2026-02-22 01:35:15] LOVEYUKINO: 绿龙没来也想圈驴美的米吗
[2026-02-22 01:35:15] 啪啪啪啪的蛋:  @绿龙要死咯：@布罗利Broli：不骂了不骂了，向冰粉投降，向活🐴物投降
[2026-02-22 01:35:16] 石家庄的刘亦博本人: 我说实话，布罗利你有没有想过一种可能，你其实可以反向切割玩机器的
[2026-02-22 01:35:16] 沐风Charlie: 布罗利你有没有种啊，这么多弹幕隔着串你，是我都给封了
[2026-02-22 01:35:16] 哈机器好胖好可爱: 烧
[2026-02-22 01:35:16] djklyk: 绿龙没来也想圈驴美的米吗
[2026-02-22 01:35:16] 绫濑沙季丶: 我说实话，布罗利你有没有想过一种可能，你其实可以反向切割玩机器的
[2026-02-22 01:35:17] 用户747306758: 肥猪马西西
[2026-02-22 01:35:17] LvvsiN: 玩宝宝，我发现在大学上学的时候肄业会很舒服，你可以试试
[2026-02-22 01:35:17] 叛逆的源源李: 肥美也是冰清玉洁，串到你身上又切割了
[2026-02-22 01:35:17] 好的好的阖家: @布罗利Broli：不骂了不骂了，向冰粉投降，向活🐴物投降
[2026-02-22 01:35:18] Leonisss丶: 绿龙没来也想圈驴美的米吗
[2026-02-22 01:35:18] 想和阿飞抹茶三披: 别刷了，真要装玉玉登山了，本来小蜜蜂比赛就⭕️不到米
[2026-02-22 01:35:18] 天守阁信长: 布罗利你有没有冯啊，这么多弹幕隔着串你，是我都给封了
[2026-02-22 01:35:18] WA2的冬斯特马马本人: 绿龙没来也想圈驴美的米吗
[2026-02-22 01:35:18] 猜猜他是who: 绿龙没来也想圈驴美的米吗
[2026-02-22 01:35:18] Ephemerality137: 我说实话，布罗利你有没有想过一种可能，你其实可以反向切割玩机器的
[2026-02-22 01:35:18] 用户87594568: 登山蓄力中🐖🐖🐖🤳🤳🤳🏕🏕🏕
[2026-02-22 01:35:18] BMWCK: 布罗利你有没有种啊，这么多弹幕隔着串你，是我都给封了
[2026-02-22 01:35:18] LOVEYUKINO: 弹幕都在串niko你就放绿龙vlog引导小驴什么意思
[2026-02-22 01:35:19] 刘刘的农: @布罗利Broli：不骂了不骂了，向冰粉投降，向活🐴物投降！@布罗利Broli：别带载慕斯节奏啊2
[2026-02-22 01:35:19] x星辰GGGGGG: 我说实话，布罗利你有没有想过一种可能，你其实可以反向切割玩机器的
[2026-02-22 01:35:19] LvvsiN: 你屏蔽词都快赶上新华词典了为什么不干脆开一百级发言？
[2026-02-22 01:35:19] 用户6235382488: 666刚才谁举报的我被捂嘴了一小时才给我解开
[2026-02-22 01:35:19] 大裂谷的登山家: @房管布罗利，玩÷yygq你尼爹不敢封？封弹幕的🐂劲呢？😂
[2026-02-22 01:35:19] 结束乐队的kitakitan本人: 申请主播直播拉黑评论区
[2026-02-22 01:35:19] 固固固固固: 布罗利你玩哥丢下你跑了，土皇帝不能投降啊
[2026-02-22 01:35:19] 机器的稿完: 可是爱弥斯也很可爱啊🥺🥺🥺
[2026-02-22 01:35:20] 每天都被穷醒: 绿龙没来也想圈驴美的米吗
[2026-02-22 01:35:21] LvvsiN: 弹幕也就网上说说，现实里谁不觉得樱姐是好女孩（删括号领一条远坂凛同款鸟笼）
[2026-02-22 01:35:21] 丛雨丛雨丛-:  @最爱的马卡龙：布罗利某站uid6512408，首页就是照片
[2026-02-22 01:35:21] 布拉德丶皮特: 爱！~等会
[2026-02-22 01:35:21] 罗山路的光: 弹幕都在串niko你就放绿龙vlog引导小驴什么意思
[2026-02-22 01:35:21] 阡陌ER: 弹幕都在串niko你就放绿龙vlog引导小驴什么意思
[2026-02-22 01:35:21] Funny0531: 弹幕都在串niko你就放绿龙vlog引导小驴什么意思
[2026-02-22 01:35:22] BMWCK: 布罗利你有没有种啊，这么多弹幕隔着串你，是我都给封了
[2026-02-22 01:35:23] 樱落鬼: 布罗利你有没有冯啊，这么多弹幕隔着串你，是我都给封了
[2026-02-22 01:35:23] LvvsiN: 南孚一节更比六节强，也就是一节南孚比六节南孚强，六节南孚比三十六节强，三十六节比二百一十六节强
[2026-02-22 01:35:23] 驴驴宗宗买这冠军: 绿龙没来也想圈驴美的米吗
[2026-02-22 01:35:23] 尼尼孩孩京京驴驴: 弹幕都在串niko你就放绿龙vlog引导小驴什么意思
[2026-02-22 01:35:23] 用户2271684932: @布罗利Broli：不骂了不骂了，向冰粉投降，向活🐴物投降
[2026-02-22 01:35:24] 祐天寺喵梦: 多刷点，房管在练定位
[2026-02-22 01:35:24] 李知恩lynt: 布罗利你有没有冯啊，这么多弹幕隔着串你，是我都给封了
[2026-02-22 01:35:25] LvvsiN: 你这音画不同步太难受了，我都听到NIKO里约RMR晋级的欢呼了
[2026-02-22 01:35:25] 阵雨天o: @布罗利Broli：不骂了不骂了，向冰粉投降，向活🐴物投降
[2026-02-22 01:35:25] 殴頭透: 尼子说的对，绿龙确实该拔网线了
[2026-02-22 01:35:25] 大姜饼: 绿龙没来也想圈驴美的米吗
[2026-02-22 01:35:25] 一方通行plus: 弹幕都在串niko你就放绿龙vlog引导小驴什么意思
[2026-02-22 01:35:25] 从零开始的加拿大肄业: 别刷了，真要装玉玉登山了，本来小蜜蜂比赛就⭕️不到米
[2026-02-22 01:35:26] 玩斯特机机: 弹幕都在串niko你就放绿龙vlog引导小驴什么意思
[2026-02-22 01:35:26] 爱吃青椒的重曹酱: 绿龙没来也想圈驴美的米吗
[2026-02-22 01:35:26] 绘心酱敲卡哇伊: 布罗利你有没有种啊，这么多弹幕隔着串你，是我都给封了
[2026-02-22 01:35:26] GloriaRM: 绿龙没来也想圈驴美的米吗
[2026-02-22 01:35:26] 罪石牢狱的小驴本人: 弹幕都在串niko你就放绿龙vlog引导小驴什么意思
[2026-02-22 01:35:26] 刘刘的农: @布罗利Broli：不骂了不骂了，向冰粉投降，向活🐴物投降！@布罗利Broli：别带载慕斯节奏啊
[2026-02-22 01:35:27] richardlee97: @布罗利Broli：不骂了不骂了，向冰粉投降，向活🐴物投降
[2026-02-22 01:35:27] LvvsiN: 你为什么要把mαjor禁了，我收藏的一半弹幕全毁了
[2026-02-22 01:35:27] 承認欲求: 损失指没有收爱驴飞机
[2026-02-22 01:35:27] Saiki559: 弹幕都在串niko你就放绿龙vlog引导小驴什么意思
[2026-02-22 01:35:28] 还有时间日落之前: 布罗利Broli：别带载慕斯节奏啊2026-02-15 19:59:02😅
[2026-02-22 01:35:28] 捕飞机: 马大婶
[2026-02-22 01:35:28] 黎那汐塔top2尤诺: 可是爱弥斯也很可爱啊🥺🥺🥺
[2026-02-22 01:35:29] HaibaraAi1109: 别刷了，真要装玉玉登山了，本来小蜜蜂比赛就⭕️不到米
[2026-02-22 01:35:29] 沐风Charlie: 我说实话，布罗利你有没有想过一种可能，你其实可以反向切割玩机器的
[2026-02-22 01:35:29] 4846836538542: 你们千万别搜索uid6512408举报房管布罗利啊
[2026-02-22 01:35:29] LvvsiN: 男人一生只哭十八次：niko十七次梦碎major正赛, niko梦碎里约major RMR
[2026-02-22 01:35:29] 呆毛帝国皇家御用大厨: 布罗利你有没有种啊，这么多弹幕隔着串你，是我都给封了
[2026-02-22 01:35:29] shu1ri: “夺冠了有感觉吗”“真tm菜啊”“blast干回来”
[2026-02-22 01:35:29] 白河日和: 布罗利你有没有冯啊，这么多弹幕隔着串你，是我都给封了
[2026-02-22 01:35:30] x星辰GGGGGG: 弹幕都在串niko你就放绿龙vlog引导小驴什么意思
[2026-02-22 01:35:30] 普通网友小沈: niko编nota，玩机器怒喷：你编你木呢；zywoo编jee，玩机器笑道：老载进行了一波友好互动
[2026-02-22 01:35:30] 寒暑易节y: mxx肥的跟🐷一样
[2026-02-22 01:35:30] 泽丶拉图122: 绿龙没来也想圈驴美的米吗
[2026-02-22 01:35:30] Vitality的Zyw0o0本人: 绿龙没来也想圈驴美的米吗
[2026-02-22 01:35:30] 石家庄的刘亦博本人: 弹幕都在串niko你就放绿龙vlog引导小驴什么意思
[2026-02-22 01:35:30] 大颗寿司玩机器: 你屏蔽词都快赶上新华词典了为什么不干脆开一百级发言？
[2026-02-22 01:35:31] Altolier: 弹幕都在串niko你就放绿龙vlog引导小驴什么意思
[2026-02-22 01:35:31] BMWCK: 布罗利你有没有种啊，这么多弹幕隔着串你，是我都给封了
[2026-02-22 01:35:31] 迷你世界丁真学姐1: @布罗利Broli：不骂了不骂了，向🧊粉投降，向活🐴物投降🏳️。
[2026-02-22 01:35:31] takakiyo: 女的
[2026-02-22 01:35:31] 量子毁灭717: 没办法，玩大哥得罪了太多人，只有驴美能圈了
[2026-02-22 01:35:31] 好猫咪莱恩: 弹幕都在串niko你就放绿龙vlog引导小驴什么意思
[2026-02-22 01:35:31] 叫我老岑就好了呀: @布罗利Broli：不骂了不骂了，向冰粉投降，向活🐴物投降
[2026-02-22 01:35:32] Crythic的羊宫妃那本人: 弹幕都在串niko你就放绿龙vlog引导小驴什么意思
[2026-02-22 01:35:32] JuL1us: 多刷点，房管在练定位
[2026-02-22 01:35:33] 想和阿飞抹茶三披: 别刷了，真要装玉玉登山了，本来小蜜蜂比赛就⭕️不到米
[2026-02-22 01:35:33] LvvsiN: 南孚一节更比六节强，也就是一节南孚比六节南孚强，六节南孚比三十六节强，三十六节比二百一十六节强
[2026-02-22 01:35:33] 来杯浓硫酸压压惊: 我说实话，布罗利你有没有想过一种可能，你其实可以反向切割玩机器的
[2026-02-22 01:35:33] 若叶睦吃苦瓜: @布罗利Broli：不骂了不骂了，向冰粉投降，向活🐴物投降
[2026-02-22 01:35:33] 祐天寺喵梦: 布罗利你有没有种啊，这么多弹幕隔着串你，是我都给封了
[2026-02-22 01:35:33] cj_and_xe: ？
[2026-02-22 01:35:33] wbsxxx: 别刷了，真要装玉玉登山了，本来小蜜蜂比赛就⭕️不到米
[2026-02-22 01:35:33] 细菌P: 布罗利比站uid6512408，首页就是照片
[2026-02-22 01:35:34] 刘刘的农: @布罗利Broli：别带载慕斯节奏啊！@布罗利Broli：别带载慕斯节奏啊2026-02-15 19
[2026-02-22 01:35:34] 李小小与虾大大: 查无此驴
[2026-02-22 01:35:34] 宇莓: 你这音画不同步太难受了，我都听到NIKO里约RMR晋级的欢呼了
[2026-02-22 01:35:34] NES丶大白白白呐: 女的
[2026-02-22 01:35:34] 槑皆是遗憾: 布罗利你有没有种啊，这么多弹幕隔着串你，是我都给封了
[2026-02-22 01:35:34] 柳小目: 布罗利你有没有种啊，这么多弹幕隔着串你，是我都给封了
[2026-02-22 01:35:34] 大裂谷的登山家: 绿龙没来也想圈驴美的米吗
[2026-02-22 01:35:35] 樱落鬼: 我说实话，布罗利你有没有想过一种可能，你其实可以反向切割玩机器的
[2026-02-22 01:35:35] LvvsiN: @阿汤日记：一个人，5发子弹，保住格陵兰岛。我不会叫它不可能完成的任务，我现在只想先回家看亦博
[2026-02-22 01:35:35] BMWCK: 布罗利Broli：别带载慕斯节奏啊2026-02-15 19:59:02😅
[2026-02-22 01:35:36] 彩笔wty: 果酱图在哪里？
[2026-02-22 01:35:36] 双标犬玩机器: @布罗利Broli：不骂了不骂了，向冰粉投降，向活🐴物投降！@布罗利Broli：别带载慕斯节奏啊
[2026-02-22 01:35:36] 暖杨清风、Michael: 。
[2026-02-22 01:35:37] 我思想没出问题: 弹幕都在串niko你就放绿龙vlog引导小驴什么意思
[2026-02-22 01:35:37] LokiAka: 小驴可爱爱desuw@
[2026-02-22 01:35:37] LvvsiN: 你屏蔽词都快赶上新华词典了为什么不干脆开一百级发言？
[2026-02-22 01:35:37] 默默momoMoMo123: @布罗利Broli：不骂了不骂了，向冰粉投降，向活🐴物投降！@布罗利Broli：别带载慕斯节奏啊2
[2026-02-22 01:35:38] 宇莓: 弹幕都在串niko你就放绿龙vlog引导小驴什么意思
[2026-02-22 01:35:38] 千代纸丶: @布罗利Broli：不骂了不骂了，向冰粉投降，向活🐴物投降
[2026-02-22 01:35:38] 4846836538542: 你们千万别搜索uid6512408举报房管布罗利啊
[2026-02-22 01:35:38] 想和阿飞抹茶三披: 别刷了，真要装玉玉登山了，本来小蜜蜂比赛就⭕️不到米
[2026-02-22 01:35:38] 爱吃青椒的重曹酱: 🐖👀别刷了别刷了，要登山了🐖👀别刷了别刷了，要登山了🧗🐖👀别刷了别刷了，要登山了🧗
[2026-02-22 01:35:38] 从零开始的加拿大肄业: @布罗利Broli：不骂了不骂了，向冰粉投降，向活🐴物投降
[2026-02-22 01:35:38] 捕飞机: 驴小姨
[2026-02-22 01:35:39] 鼓鼓鼓捣叨叨:  @布罗利Broli：不骂了不骂了，向冰粉投降，向活🐴物投降
[2026-02-22 01:35:39] 狂三Yud丶Bet: @布罗利Broli：不骂了不骂了，向冰粉投降，向活🐴物投降
[2026-02-22 01:35:39] LvvsiN: 我提一嘴这剧情越来越像上海major了
[2026-02-22 01:35:39] 好哥们烈永周: @布罗利Broli：不骂了不骂了，向冰粉投降，向活🐴物投降
[2026-02-22 01:35:39] richardlee97: 没办法，玩大哥得罪了太多人，只有驴美能圈了
[2026-02-22 01:35:40] 叶樱梦: @布罗利Broli：不骂了不骂了，向🧊粉投降，向活🐴物投降🏳️。
[2026-02-22 01:35:40] lonhkfd: 我说实话，布罗利你有没有想过一种可能，你其实可以反向切割玩机器的
[2026-02-22 01:35:41] 鹅地霸霸: 绿龙没来也想圈驴美的米吗
[2026-02-22 01:35:41] 从零开始的加拿大肄业: @布罗利Broli：不骂了不骂了，向冰粉投降，向活🐴物投降
[2026-02-22 01:35:41] 暴力卓司: 玩大哥又美美引导到小驴身上了
[2026-02-22 01:35:41] 改了名字能中奖666: 绿龙没来也想圈驴美的米吗
[2026-02-22 01:35:41] 若叶睦吃苦瓜: 弹幕都在串niko你就放绿龙vlog引导小驴什么意思
[2026-02-22 01:35:41] LvvsiN: 其实碗橱就是猪灵，你不拿黄金丢他他就不跟你说话
[2026-02-22 01:35:41] GloriaRM: 弹幕都在串niko你就放绿龙vlog引导小驴什么意思
[2026-02-22 01:35:42] BleksiA: jam
[2026-02-22 01:35:42] BadBoy97: 我说实话，布罗利你有没有想过一种可能，你其实可以反向切割玩机器的
[2026-02-22 01:35:42] 用户87594568: 玩机器（玩之力第一段）
[2026-02-22 01:35:42] Aleksumimi: 弹幕都在串niko你就放绿龙vlog引导小驴什么意思
[2026-02-22 01:35:42] 丶屈臣: @布罗利Broli：不骂了不骂了，向冰粉投降，向活🐴物投降！@布罗利Broli：别带载慕斯节奏啊
[2026-02-22 01:35:43] 哈机器好胖好可爱: 弹幕都在串niko你就放绿龙vlog引导小驴什么意思
[2026-02-22 01:35:43] Crythic的羊宫妃那本人: 你屏蔽词都快赶上新华词典了为什么不干脆开一百级发言？
[2026-02-22 01:35:43] LvvsiN: 孩子们快跑，马修赫伯特来了😨卧槽你的怎么是马枪和BOT
[2026-02-22 01:35:43] jsir6688:  @布罗利Broli：不骂了不骂了，向冰粉投降，向活🐴物投降
[2026-02-22 01:35:44] 南小鸡丶advent: 我说实话，布罗利你有没有想过一种可能，你其实可以反向切割玩机器的
[2026-02-22 01:35:44] 梦想是独立自由: 啊啊啊啊啊啊啊啊啊啊啊啊
[2026-02-22 01:35:44] 想和阿飞抹茶三披: 别刷了，真要装玉玉登山了，本来小蜜蜂比赛就⭕️不到米
[2026-02-22 01:35:44] Agtsunal: 我说实话，布罗利你有没有想过一种可能，你其实可以反向切割玩机器的
[2026-02-22 01:35:44] 結城希亞: @布罗利Broli：不骂了不骂了，向冰粉投降，向活🐴物投降
[2026-02-22 01:35:45] 刘刘的农: @布罗利Broli：不骂了不骂了，向冰粉投降，向活🐴物投降！
[2026-02-22 01:35:45] 时间就是深海咸鱼: 我说实话，布罗利你有没有想过一种可能，你其实可以反向切割玩机器的
[2026-02-22 01:35:45] 绝食十年攒爱top3飞机: 你们千万别搜索uid6512408举报房管布罗利啊
[2026-02-22 01:35:45] LvvsiN: 银行业😄银行业😀银行业😃银行业😁银行业😆银行业🤪银行业😝
[2026-02-22 01:35:45] LOVEYUKINO: jame
[2026-02-22 01:35:45] 用户747306758: 女的？
[2026-02-22 01:35:45] 糖尿病少恰甜的: @布罗利Broli：不骂了不骂了，向冰粉投降，向活🐴物投降
[2026-02-22 01:35:46] 用户0553661491: 弹幕都在串niko你就放绿龙vlog引导小驴什么意思
[2026-02-22 01:35:46] 龙虎的川岛亚美本人: 啊啊啊啊啊啊啊啊
[2026-02-22 01:35:46] 用戶6657: @Twistzz：弹幕给你们脸了？你们再带我儿子节奏我就像踢菜点一样把你们一脚踢出直播间。
[2026-02-22 01:35:47] 西安枪男niko: jame
[2026-02-22 01:35:47] LvvsiN: 玩宝宝，我发现在大学上学的时候肄业会很舒服，你可以试试
[2026-02-22 01:35:47] 用户2271684932: 弹幕都在串niko你就放绿龙vlog引导小驴什么意思
[2026-02-22 01:35:47] i化石-: 啊啊啊啊啊啊啊啊啊啊宗宝宝好帅
[2026-02-22 01:35:47] 太行山积雪: 弹幕都在串niko你就放绿龙vlog引导小驴什么意思
[2026-02-22 01:35:47] 我在金龙湖边: @布罗利Broli：不骂了不骂了，向冰粉投降，向活🐴物投降
[2026-02-22 01:35:47] 柳小目: 布罗利你有没有种啊，这么多弹幕隔着串你，是我都给封了
[2026-02-22 01:35:48] 好姐妹常陆茉子: 不列
[2026-02-22 01:35:48] 大颗寿司玩机器: 弹幕都在串niko你就放绿龙vlog引导小驴什么意思
[2026-02-22 01:35:48] 透明的Donk: 只有上帝能帮你什么意思？
[2026-02-22 01:35:48] 玩台钳丶阿尔托莉雅: 弹幕都在串niko你就放绿龙vlog引导小驴什么意思
[2026-02-22 01:35:48] 445440: 啊啊啊啊啊啊啊啊啊啊啊啊
[2026-02-22 01:35:48] SideChannel: @布罗利Broli：不骂了不骂了，向冰粉投降，向活🐴物投降
[2026-02-22 01:35:48] 天守阁信长: @布罗利Broli：不骂了不骂了，向冰粉投降，向活🐴物投降
[2026-02-22 01:35:49] 無茶苦茶0: 你们说有没有可能房管布罗利把自己的名字设置为屏蔽词了🤭🤭
[2026-02-22 01:35:49] 从零开始的加拿大肄业: 你屏蔽词都快赶上新华词典了为什么不干脆开一百级发言？
[2026-02-22 01:35:49] LvvsiN: 男人一生只哭十八次：niko十七次梦碎major正赛, niko梦碎里约major RMR
[2026-02-22 01:35:49] KatoM3gum1: @布罗利Broli：不骂了不骂了，向冰粉投降，向活🐴物投降
[2026-02-22 01:35:49] 草莓冰酪: 每条弹幕10次起刷 有节奏就带 巩固弹幕环境从我做起
[2026-02-22 01:35:49] Altolier: 42	房	布罗利Broli：不骂了不骂了，向冰粉投降	 ，向活	🐴物投降	DESUWA
[2026-02-22 01:35:50] 用户46659809: @布罗利Broli：不骂了不骂了，向冰粉投降，向活🐴物投降！@布罗利Broli：别带载慕斯节奏啊2
[2026-02-22 01:35:50] 防天防地防空气: @布罗利Broli：不骂了不骂了，向冰粉投降，向活🐴物投降
[2026-02-22 01:35:51] 爱吃青椒的重曹酱: 弹幕都在串niko你就放绿龙vlog引导小驴什么意思
[2026-02-22 01:35:51] LvvsiN: 南孚一节更比六节强，也就是一节南孚比六节南孚强，六节南孚比三十六节强，三十六节比二百一十六节强
[2026-02-22 01:35:51] 柳小目: 布罗利你有没有种啊，这么多弹幕隔着串你，是我都给封了
[2026-02-22 01:35:51] 想和阿飞抹茶三披: 别刷了，真要装玉玉登山了，本来小蜜蜂比赛就⭕️不到米
[2026-02-22 01:35:51] 大裂谷的登山家: @布罗利Broli：不骂了不骂了，向冰粉投降，向活🐴物投降
[2026-02-22 01:35:52] 阳阳日尼玛: 咦
[2026-02-22 01:35:52] UsedKiwi: @布罗利Broli：不骂了不骂了，向冰粉投降，向活🐴物投降！@布罗利Broli：别带载慕斯节奏啊
[2026-02-22 01:35:52] 撒浪嘿呦0v0: 弹幕都在串niko你就放绿龙vlog引导小驴什么意思
[2026-02-22 01:35:52] Crythic的羊宫妃那本人: @布罗利Broli：不骂了不骂了，向冰粉投降，向活🐴物投降
[2026-02-22 01:35:52] Moe1e: 啊啊啊啊啊
[2026-02-22 01:35:53] 鹅地霸霸: 弹幕都在串niko你就放绿龙vlog引导小驴什么意思
[2026-02-22 01:35:53] 用戶6657: @Twistzz：弹幕给你们脸了？你们再带我儿子节奏我就像踢菜点一样把你们一脚踢出直播间。
[2026-02-22 01:35:53] 用户46659809: @布罗利Broli：不骂了不骂了，向冰粉投降，向活🐴物投降！@布罗利Broli：别带载慕斯节奏啊2
[2026-02-22 01:35:53] LvvsiN: 你屏蔽词都快赶上新华词典了为什么不干脆开一百级发言？
[2026-02-22 01:35:53] 丶屈臣: @布罗利Broli：不骂了不骂了，向冰粉投降，向活🐴物投降
[2026-02-22 01:35:54] 驴驴宗宗买这冠军: @布罗利Broli：不骂了不骂了，向冰粉投降，向活🐴物投降！
[2026-02-22 01:35:54] 杰洛齐贝林3: 啊啊啊啊啊啊啊啊啊啊宗宝宝好帅
[2026-02-22 01:35:54] ok奶绿: @布罗利Broli：不骂了不骂了，向冰粉投降，向活🐴物投降
[2026-02-22 01:35:54] 无极加贝: 布罗利 你把这些喷你的弹幕封完就没人骂你了
[2026-02-22 01:35:55] Mikasa1441: 啊啊啊啊啊啊啊啊啊啊宗宝宝好帅
[2026-02-22 01:35:55] wbsxxx: 你这些年写的道歉信和小作文早就超过毕业论文的字数要求了，建议向达尔豪斯申请毕业证
[2026-02-22 01:35:55] 柳小目: 布罗利你有没有种啊，这么多弹幕隔着串你，是我都给封了
[2026-02-22 01:35:55] Vitality的Zyw0o0本人: 弹幕都在串niko你就放绿龙vlog引导小驴什么意思
[2026-02-22 01:35:55] 倾盆大rain: @布罗利Broli：凌晨三点Niko一个手枪局5杀把我🐴……
[2026-02-22 01:35:55] LvvsiN: 其实碗橱就是猪灵，你不拿黄金丢他他就不跟你说话
[2026-02-22 01:35:55] 祐天寺喵梦: @布罗利Broli：不骂了不骂了，向冰粉投降，向活🐴物投降！
[2026-02-22 01:35:55] 小羊肖恩6I6: jame
[2026-02-22 01:35:55] 默默momoMoMo123: 你们千万别搜索uid6512408举报房管布罗利啊
[2026-02-22 01:35:55] 青年祺: 只有JAME能帮我
[2026-02-22 01:35:55] shanweii:  @布罗利Broli：不骂了不骂了，向冰粉投降，向活🐴物投降
[2026-02-22 01:35:56] 用户46659809: @布罗利Broli：不骂了不骂了，向冰粉投降，向活🐴物投降！@布罗利Broli：别带载慕斯节奏啊2
[2026-02-22 01:35:57] 哈哈我无敌了吗: @mONSEY：我已经迫不及待想知道2026最受中国女孩喜爱奖得主了
[2026-02-22 01:35:57] 小驴不许舟车劳顿: hi 小美女 在哪发财啊
[2026-02-22 01:35:57] 羽川翼的恋爱物语: 可爱小驴
[2026-02-22 01:35:57] cornkiner: 弹幕都在串niko你就放绿龙vlog引导小驴什么意思
[2026-02-22 01:35:57] LvvsiN: 你这音画不同步太难受了，我都听到NIKO里约RMR晋级的欢呼了
[2026-02-22 01:35:57] 最爱的马卡龙: 布罗利某站uid6512408，首页就是照片
[2026-02-22 01:35:58] bznalier: 啊啊啊啊啊啊啊啊啊啊啊啊啊啊
[2026-02-22 01:35:59] 哈机器好胖好可爱: 啊啊啊啊啊啊啊啊啊啊宗宝宝好帅
[2026-02-22 01:35:59] LvvsiN: 男人一生只哭十八次：niko十七次梦碎major正赛, niko梦碎里约major RMR
[2026-02-22 01:35:59] 修理狗: 啊啊啊啊啊啊啊啊啊啊啊啊啊啊啊
[2026-02-22 01:36:00] 椎名立希本人: 弹幕都在串niko你就放绿龙vlog引导小驴什么意思
[2026-02-22 01:36:00] 黑衣小胖: @布罗利Broli：不骂了不骂了，向冰粉投降，向活🐴物投降
[2026-02-22 01:36:00] 一刀一个啵啵怪: 驴美学生居多 你也圈 你是人吗
[2026-02-22 01:36:00] 好猫咪莱恩: 啊啊啊啊啊啊啊啊啊啊啊啊啊啊啊啊啊啊啊啊啊啊啊啊啊啊啊啊啊啊啊啊啊啊啊啊啊啊啊啊啊啊啊啊啊啊啊啊
[2026-02-22 01:36:00] 星海羽弦: @Twistzz：弹幕给你们脸了？你们再带我儿子节奏我就像踢菜点一样把你们一脚踢出直播间。
[2026-02-22 01:36:00] 固固固固固: 布罗利你有没有种啊，这么多弹幕隔着串你，是我都给封了
[2026-02-22 01:36:00] 千代纸丶: 布罗利你有没有种啊，这么多弹幕隔着串你，是我都给封了
[2026-02-22 01:36:00] 叫我老岑就好了呀: 布罗利某站uid6512408，首页就是照片
[2026-02-22 01:36:01] 热体温却无灵魂: 玩机器美美隐身看弹幕偷笑
[2026-02-22 01:36:01] i化石-: 啊啊啊啊啊啊啊啊啊啊宗宝宝好帅
[2026-02-22 01:36:01] 好哥们黑龙歼灭刀: @布罗利Broli：凌晨三点Niko一个手枪局5杀把我🐴……
[2026-02-22 01:36:01] 石家庄的刘亦博本人: 每条弹幕10次起刷 有节奏就带 巩固弹幕环境从我做起
[2026-02-22 01:36:01] 约渊: @布罗利Broli：不骂了不骂了，向冰粉投降，向活🐴物投降
[2026-02-22 01:36:01] LvvsiN: 你为什么要把mαjor禁了，我收藏的一半弹幕全毁了
[2026-02-22 01:36:01] 从零开始的加拿大肄业: 布罗利 你把这些喷你的弹幕封完就没人骂你了
[2026-02-22 01:36:02] 鼓鼓鼓捣叨叨:  @布罗利Broli：凌晨三点Niko一个手枪局5杀把我🐴……
[2026-02-22 01:36:02] z泽村英梨梨i: 我看这布罗利也是学到碗橱精髓了，又是载姆斯又是最喜欢选手载物的
[2026-02-22 01:36:02] 迷你世界丁真学姐1: @布罗利Broli：不骂了不骂了，向🧊粉投降，向活🐴物投降🏳️
[2026-02-22 01:36:02] Yuki111: 别刷了，真要装玉玉登山了，本来小蜜蜂比赛就⭕️不到米
[2026-02-22 01:36:02] 宇莓: 能不能看这个《各主播对zywoo编 尸jee的反应，玩机器怒喷，zywoo圣人点数恐清零》
[2026-02-22 01:36:02] 首婚大和: 但是尼寇在关键时刻，面对尼孝nota，选择捡狙编诗硬抗比赛！超！
[2026-02-22 01:36:02] SideChannel: 布罗利你有没有种啊，这么多弹幕隔着串你，是我都给封了
[2026-02-22 01:36:03] 温妻: 上帝要转会绿龙了
[2026-02-22 01:36:03] 思无邪ic: 弹幕像一群医生各抒己见，主播像床上的病人自言自语，就像真正的精神病院一样
[2026-02-22 01:36:03] LvvsiN: 我提一嘴这剧情越来越像上海major了
[2026-02-22 01:36:03] 用戶6657: @Twistzz：弹幕给你们脸了？你们再带我儿子节奏我就像踢菜点一样把你们一脚踢出直播间。
[2026-02-22 01:36:03] 倾盆大rain: @布罗利Broli：凌晨三点Niko一个手枪局5杀把我🐴……
[2026-02-22 01:36:04] jsir6688: 别刷了，真要装玉玉登山了，本来小蜜蜂比赛就⭕️不到米
[2026-02-22 01:36:04] 永远爱玩宝宝: 布罗利在哪发财呢，小夫已经美美隐身了
[2026-02-22 01:36:04] 驴驴宗宗买这冠军: 弹幕都在串niko你就放绿龙vlog引导小驴什么意思
[2026-02-22 01:36:04] 江海大毛子爸爸: 开双倍
[2026-02-22 01:36:04] 想和阿飞抹茶三披: 别刷了，真要装玉玉登山了，本来小蜜蜂比赛就⭕️不到米
[2026-02-22 01:36:04] 渐变大力士: 啊啊啊啊啊啊啊啊啊啊宗宝宝好帅
[2026-02-22 01:36:05] Cedar4: @布罗利Broli：不骂了不骂了，向冰粉投降，向活🐴物投降
[2026-02-22 01:36:05] 巨型大高玩: @布罗利Broli：不骂了不骂了，向冰粉投降，向活🐴物投降！@布罗利Broli：别带载慕斯节奏啊2
[2026-02-22 01:36:05] LvvsiN: 玩宝宝，我发现在大学上学的时候肄业会很舒服，你可以试试
[2026-02-22 01:36:05] 刘刘的农: 布罗利某站uid6512408，首页就是照片
[2026-02-22 01:36:05] 樂1379106: 布罗利 你把这些喷你的弹幕封完就没人骂你了
[2026-02-22 01:36:06] 绘心酱敲卡哇伊: 你们千万别搜索uid6512408举报房管布罗利啊
[2026-02-22 01:36:06] 载物唯一GOAT:  @布罗利Broli：凌晨三点Niko一个手枪局5杀把我🐴……
[2026-02-22 01:36:06] 兴豚: 布罗利 你把这些喷你的弹幕封完就没人骂你了
[2026-02-22 01:36:07] 丶屈臣: 布罗利 你把这些喷你的弹幕封完就没人骂你了
[2026-02-22 01:36:07] 千代纸丶: @布罗利Broli：不骂了不骂了，向冰粉投降，向活🐴物投降
[2026-02-22 01:36:07] 从零开始的加拿大肄业: 布罗利你有没有种啊，这么多弹幕隔着串你，是我都给封了
[2026-02-22 01:36:07] LvvsiN: 弹幕也就网上说说，现实里谁不觉得樱姐是好女孩（删括号领一条远坂凛同款鸟笼）
[2026-02-22 01:36:07] 用户8776395082: @布罗利Broli：不骂了不骂了，向冰粉投降，向活🐴物投降！
[2026-02-22 01:36:08] 丶丶Ken丶丶: 啊啊啊啊啊啊啊啊啊啊啊啊啊啊啊
[2026-02-22 01:36:09] xuzVan: @布罗利Broli：凌晨三点Niko一个手枪局5杀把我🐴……
[2026-02-22 01:36:09] 哈哈我无敌了吗: @monesy：💏（绝望地搂住子易教主）
[2026-02-22 01:36:09] z泽村英梨梨i: 布罗利你有没有种啊，这么多弹幕隔着串你，是我都给封了
[2026-02-22 01:36:09] 玩大狙、dev1cy:  @Twistzz：弹幕给你们脸了？你们再带我儿子节奏我就像踢菜点一样把你们一脚踢出直播间。
[2026-02-22 01:36:10] LvvsiN: 你屏蔽词都快赶上新华词典了为什么不干脆开一百级发言？
[2026-02-22 01:36:10] cj_and_xe: @Twistzz：弹幕给你们脸了？你们再带我儿子节奏我就像踢菜点一样把你们一脚踢出直播间。
[2026-02-22 01:36:10] 从零开始的加拿大肄业: 布罗利你有没有种啊，这么多弹幕隔着串你，是我都给封了
[2026-02-22 01:36:10] 珠珠团子: 这驴越来越有男相了
[2026-02-22 01:36:10] 牟平鲁尼: 三胎粉丝们，把力量借给老爸吧😭
[2026-02-22 01:36:11] 无责任评论员: @布罗利Broli：不骂了不骂了，向冰粉投降，向活🐴物投降！@布罗利Broli：别带载慕斯节奏啊2
[2026-02-22 01:36:11] 都觉得卡了: 布罗利 你把这些喷你的弹幕封完就没人骂你
[2026-02-22 01:36:12] LvvsiN: 别解说了 多聊会天 你不会真的以为能输吧
[2026-02-22 01:36:12] HaibaraAi1109: 布罗利你有没有种啊，这么多弹幕隔着串你，是我都给封了
[2026-02-22 01:36:12] 从零开始的加拿大肄业: 布罗利你有没有种啊，这么多弹幕隔着串你，是我都给封了
[2026-02-22 01:36:12] 刘刘的农: 布罗利某站uid6512408，首页就是照片
[2026-02-22 01:36:13] 夏空喵: 啊啊啊啊啊啊啊啊啊啊宗宝宝好帅
[2026-02-22 01:36:13] Fuentes556: 　　　 啊啊啊啊啊啊啊啊啊啊啊啊啊啊啊
[2026-02-22 01:36:14] LvvsiN: 就tm喜欢银行业🥰银行坏账我喜欢🥰银行挤兑我还喜欢😍利率调低我也喜欢🤤老子亲烂银行业的脸😘
[2026-02-22 01:36:14] 咖喱派GLP: 二次元
[2026-02-22 01:36:14] 爱吃青椒的重曹酱: 我们肥美澄清一下，布罗🐕主页的FaZe upup！与我们肥美无关，取消该cs肥美籍。
[2026-02-22 01:36:14] 黑奈Car: 能不能看这个《各主播对zywoo编 尸jee的反应，玩机器怒喷，zywoo圣人点数恐清零》
[2026-02-22 01:36:15] 倾盆大rain: @布罗利Broli：凌晨三点Niko一个手枪局5杀把我🐴……
[2026-02-22 01:36:15] wbsxxx:  @布罗利Broli：不骂了不骂了，向冰粉投降，向活🐴物投降！
[2026-02-22 01:36:15] 从零开始的加拿大肄业: 布罗利你有没有种啊，这么多弹幕隔着串你，是我都给封了
[2026-02-22 01:36:15] 刘刘的农: 布罗利你有没有种啊，这么多弹幕隔着串你，是我都给封了
[2026-02-22 01:36:15] 蝶花月: 二次元
[2026-02-22 01:36:16] LvvsiN: 南孚一节更比六节强，也就是一节南孚比六节南孚强，六节南孚比三十六节强，三十六节比二百一十六节强
[2026-02-22 01:36:16] 用户46659809: @布罗利Broli：不骂了不骂了，向冰粉投降，向活🐴物投降！@布罗利Broli：别带载慕斯节奏啊2
[2026-02-22 01:36:16] 宇莓: 怎么不看这个《各主播对zywoo扁 尸jee的反应，玩机器怒喷，zywoo圣人点数恐清零》
[2026-02-22 01:36:17] 左颜And1: 你们千万别搜索uid6512408举报房管布罗利啊
[2026-02-22 01:36:17] 柳小目: 布罗利你有没有种啊，这么多弹幕隔着串你，是我都给封了
[2026-02-22 01:36:17] 昙花终难相遇: 布罗利你有没有种啊，这么多弹幕隔着串你，是我都给封了
[2026-02-22 01:36:17] 从零开始的加拿大肄业: 布罗利你有没有种啊，这么多弹幕隔着串你，是我都给封了
[2026-02-22 01:36:17] Neurotoxinw: @magixx: 只有jame能帮我了
[2026-02-22 01:36:18] 曲奇三梦: 啊啊啊啊啊啊啊啊啊啊宗宝宝好帅
[2026-02-22 01:36:18] LvvsiN: 你为什么要把mαjor禁了，我收藏的一半弹幕全毁了
[2026-02-22 01:36:18] 玩神的欢喜好有嚼劲: 玩神你真是阳谋啊，大伙都去f布fq就没人说你双标的事情了
[2026-02-22 01:36:18] 用户144491677: 别解说了 多聊会天 你不会真的以为能输吧
[2026-02-22 01:36:19] Saiki559: 啊啊啊啊啊啊啊啊啊啊宗宝宝好帅
[2026-02-22 01:36:19] 从零开始的加拿大肄业: 布罗利你有没有种啊，这么多弹幕隔着串你，是我都给封了
[2026-02-22 01:36:19] 驴子别路边了: 弹幕像一群医生各抒己见，主播像床上的病人自言自语，就像真正的精神病院一样
[2026-02-22 01:36:19] 啪啪啪啪的蛋: @Twistzz：弹幕给你们脸了？你们再带我儿子节奏我就像踢菜点一样把你们一脚踢出直播间。
[2026-02-22 01:36:19] 柳小目: 布罗利你有没有种啊，这么多弹幕隔着串你，是我都给封了
[2026-02-22 01:36:20] jsir6688: 布罗利你有没有种啊，这么多弹幕隔着串你，是我都给封了
[2026-02-22 01:36:20] 迷你世界丁真学姐1: 布罗利某站uid6512408，首页就是照片
[2026-02-22 01:36:20] LvvsiN: 孩子们快跑，马修赫伯特来了😨卧槽你的怎么是马枪和BOT
[2026-02-22 01:36:20] 爱被小泉吃的拉面同学: 布罗利 你把这些喷你的弹幕封完就没人骂你了
[2026-02-22 01:36:20] 刘刘的农: 布罗利 你把这些喷你的弹幕封完就没人骂你
[2026-02-22 01:36:20] 细菌P: @布罗利Broli：不骂了不骂了，向冰粉投降，向活🐴物投降！@布罗利Broli：别带载慕斯节奏啊2
[2026-02-22 01:36:21] 玩神的欢喜好有嚼劲: 玩神你真是阳谋啊，大伙都去f布fq就没人说你双标的事情了
[2026-02-22 01:36:21] 从零开始的加拿大肄业: 布罗利你有没有种啊，这么多弹幕隔着串你，是我都给封了
[2026-02-22 01:36:21] 潜伏伏: 布罗利你有没有种啊，这么多弹幕隔着串你，是我都给封了
[2026-02-22 01:36:22] LvvsiN: 额，拿亚军我都会，拿亚军，拿季军，拿四强，拿八强，拿十六强，呃拿冠军我不会，然后小组赛淘汰
[2026-02-22 01:36:22] 哈哈我无敌了吗: 清理海啸🧹清理海啸🧹清理海啸🧹清理海啸🧹清理海啸🧹
[2026-02-22 01:36:22] 红魔馆的蕾米莉亚本人: 布罗利某站uid6512408，首页就是照片
[2026-02-22 01:36:23] MeIoN39: 布罗利某站uid6512408，首页就是照片
[2026-02-22 01:36:23] 玩玩今天吃什么: 布罗利 你把这些喷你的弹幕封完就没人骂你
[2026-02-22 01:36:24] 玩家军的猪头肉本人: 布罗利Broli 2024年04月13日 感觉今年monesy要TOP1了
[2026-02-22 01:36:24] LvvsiN: 玩宝宝，我发现在大学上学的时候肄业会很舒服，你可以试试
[2026-02-22 01:36:24] 从零开始的加拿大肄业: 布罗利你有没有种啊，这么多弹幕隔着串你，是我都给封了
[2026-02-22 01:36:24] 倾盆大rain: @布罗利Broli：凌晨三点Niko一个手枪局5杀把我🐴……
[2026-02-22 01:36:24] 結城希亞: 布罗利你有没有种啊，这么多弹幕隔着串你，是我都给封了
[2026-02-22 01:36:24] 祐天寺喵梦: 能不能看这个《各主播对zywoo编 尸jee的反应，玩机器怒喷，zywoo圣人点数恐
[2026-02-22 01:36:24] 用户87594568: “难道你想一辈子只拿亚军？听罢，niko⚡闭上眼，任由半决赛的八强如同瑞士轮般落在预选赛上”
[2026-02-22 01:36:25] 罪石牢狱的小驴本人: 二次元驴驴
[2026-02-22 01:36:25] 玩神的欢喜好有嚼劲: 玩神你真是阳谋啊，大伙都去f布fq就没人说你双标的事情了
[2026-02-22 01:36:25] 阳阳日尼玛: 能不能看这个《各主播对zywoo编 尸jee的反应，玩机器怒喷，zywoo圣人点数恐
[2026-02-22 01:36:25] 大姜饼: 布罗利你有没有种啊，这么多弹幕隔着串你，是我都给封了
[2026-02-22 01:36:25] 还有时间日落之前: 能不能看这个《各主播对zywoo编 尸jee的反应，玩机器怒喷，zywoo圣人点数恐清零》
[2026-02-22 01:36:26] LvvsiN: 别解说了 多聊会天 你不会真的以为能输吧
[2026-02-22 01:36:26] 爱吃青椒的重曹酱: 你们千万别搜索uid6512408举报房管布罗利啊
[2026-02-22 01:36:26] 夏空喵: 爆
[2026-02-22 01:36:27] 江雪姨: 玩神你真是阳谋啊，大伙都去f布fq就没人说你双标的事情了
[2026-02-22 01:36:27] 从零开始的加拿大肄业: 布罗利你有没有种啊，这么多弹幕隔着串你，是我都给封了
[2026-02-22 01:36:27] 刘刘的农: 《各主播对zywoo扁 尸jee的反应，玩机器怒喷，zywoo圣人点数恐清零》
[2026-02-22 01:36:27] znnoy: 我们肥美澄清一下，布罗🐕主页的FaZe upup！与我们肥美无关，取消该cs肥美籍。
[2026-02-22 01:36:28] richardlee97: 布罗利某站uid6512408，首页就是照片
[2026-02-22 01:36:28] LvvsiN: 你这音画不同步太难受了，我都听到NIKO里约RMR晋级的欢呼了
[2026-02-22 01:36:28] 黑色圣衣BAKA: 布罗利你有没有种啊，这么多弹幕隔着串你，是我都给封了
[2026-02-22 01:36:28] 好的好的阖家: 弹幕别刷了，到时候布罗利都整成屏蔽词了
[2026-02-22 01:36:28] 用户87594568: “难道你想一辈子只拿亚军？听罢，niko⚡闭上眼，任由半决赛的八强如同瑞士轮般落在预选赛上”
[2026-02-22 01:36:29] 诺克提斯a: 弹幕像一群医生各抒己见，主播像床上的病人自言自语，就像真正的精神病院一样
[2026-02-22 01:36:29] LOVEYUKINO: （可能发送失败）
[2026-02-22 01:36:29] 从零开始的加拿大肄业: 布罗利你有没有种啊，这么多弹幕隔着串你，是我都给封了
[2026-02-22 01:36:30] LvvsiN: 男人一生只哭十八次：niko十七次梦碎major正赛, niko梦碎里约major RMR
[2026-02-22 01:36:30] 好哥们烈永周: 玩神你真是阳谋啊，大伙都去f布fq就没人说你双标的事情了
[2026-02-22 01:36:31] 用户6235382488: 布罗利某站uid6512408，首页就是照片
[2026-02-22 01:36:31] LOVEYUKINO: （可能发送失败）
[2026-02-22 01:36:31] 从零开始的加拿大肄业: 布罗利你有没有种啊，这么多弹幕隔着串你，是我都给封了
[2026-02-22 01:36:32] 奥拉夫的蛋炒饭: 玩神你真是阳谋啊，大伙都去f布fq就没人说你双标的事情了
[2026-02-22 01:36:32] 玩台钳丶阿尔托莉雅: 你们千万别搜索uid6512408举报房管布罗利啊
[2026-02-22 01:36:32] syzsea33: 布罗利Broli 2024年04月13日 感觉今年monesy要TOP1了
[2026-02-22 01:36:32] LvvsiN: 你这音画不同步太难受了，我都听到NIKO里约RMR晋级的欢呼了
[2026-02-22 01:36:32] ok奶绿: 玩神你真是阳谋啊，大伙都去f布fq就没人说你双标的事情了
[2026-02-22 01:36:32] 叫我老岑就好了呀: 我们肥美澄清一下，布罗🐕主页的FaZe upup！与我们肥美无关，取消该cs肥美籍。
[2026-02-22 01:36:32] z泽村英梨梨i: @布罗利Broli：不骂了不骂了，向冰粉投降，向活🐴物投降！@布罗利Broli：别带载慕斯节奏啊2
[2026-02-22 01:36:33] 倾盆大rain: @布罗利Broli：凌晨三点Niko一个手枪局5杀把我🐴……
[2026-02-22 01:36:33] 情绪写在歌里494: 布罗利你有没有种啊，这么多弹幕隔着串你，是我都给封了
[2026-02-22 01:36:33] 九条都M1YaKo: 布罗利Broli 2024年04月13日 感觉今年monesy要TOP1了
[2026-02-22 01:36:33] Leonisss丶: 布罗利某站uid6512408，首页就是照片
[2026-02-22 01:36:33] 刘刘的农:  @布罗利Broli：凌晨三点Niko一个手枪局5杀把我🐴……
[2026-02-22 01:36:33] 用户46659809: @布罗利Broli：不骂了不骂了，向冰粉投降，向活🐴物投降！@布罗利Broli：别带载慕斯节奏啊2
[2026-02-22 01:36:33] 玛里苟斯的炎爆术: 布罗利你有没有种啊，这么多弹幕隔着串你，是我都给封了
[2026-02-22 01:36:33] kyubit: 布罗利你有没有种啊，这么多弹幕隔着串你，是我都给封了
[2026-02-22 01:36:33] 用户87594568: “难道你想一辈子只拿亚军？听罢，niko⚡闭上眼，任由半决赛的八强如同瑞士轮般落在预选赛上”
[2026-02-22 01:36:34] 从零开始的加拿大肄业: 布罗利你有没有种啊，这么多弹幕隔着串你，是我都给封了
[2026-02-22 01:36:34] 哈机器好胖好可爱: 布罗利你有没有种啊，这么多弹幕隔着串你，是我都给封了
[2026-02-22 01:36:34] 细菌P: @布罗利Broli：不骂了不骂了，向冰粉投降，向活🐴物投降！@布罗利Broli：别带载慕斯节奏啊2
[2026-02-22 01:36:34] 喉宝Eilf: ？
[2026-02-22 01:36:35] Saiki559: 《各主播对zywoo扁 尸jee的反应，玩机器怒喷，zywoo圣人点数恐清零》
[2026-02-22 01:36:36] 玩玩今天吃什么: 布罗利你有没有种啊，这么多弹幕隔着串你，是我都给封了
[2026-02-22 01:36:36] 玩斯特机机: 布罗利你有没有种啊，这么多弹幕隔着串你，是我都给封了
[2026-02-22 01:36:36] LvvsiN: 孩子们快跑，马修赫伯特来了😨卧槽你的怎么是马枪和BOT
[2026-02-22 01:36:36] 玩台钳丶阿尔托莉雅: 玩神你真是阳谋啊，大伙都去f布fq就没人说你双标的事情了
[2026-02-22 01:36:36] 阿道和伏见柚柚: 布罗利你有没有种啊，这么多弹幕隔着串你，是我都给封了
[2026-02-22 01:36:37] 两只帝王蟹: ？
[2026-02-22 01:36:37] 爱吃青椒的重曹酱: 🐖👀别刷了别刷了，要登山了🐖👀别刷了别刷了，要登山了🧗🐖👀别刷了别刷了，要登山了🧗
[2026-02-22 01:36:37] 一诚Ccc: 可是宗主
[2026-02-22 01:36:37] 阳阳日尼玛: 玩神你真是阳谋啊，大伙都去f布fq就没人说你双标的事情了
[2026-02-22 01:36:38] popipa的山吹沙绫本人: 布罗利你有没有种啊，这么多弹幕隔着串你，是我都给封了
[2026-02-22 01:36:38] 柳小目: 布罗利Broli 2024年04月13日 感觉今年monesy要TOP1了
[2026-02-22 01:36:38] LvvsiN: 弹幕也就网上说说，现实里谁不觉得樱姐是好女孩（删括号领一条远坂凛同款鸟笼）
[2026-02-22 01:36:38] 用户6235382488: 布罗利你有没有种啊，这么多弹幕隔着串你，是我都给封了
[2026-02-22 01:36:38] Hzinc: （可能发送失败）
[2026-02-22 01:36:39] 未找到队列: 布罗利你有没有种啊，这么多弹幕隔着串你，是我都给封了
[2026-02-22 01:36:39] 我们往后: 旁边小蜜蜂？
[2026-02-22 01:36:39] dark1337: 玩神你真是阳谋啊，大伙都去f布fq就没人说你双标的事情了
[2026-02-22 01:36:39] 2332lla: @布罗利Broli：凌晨三点Niko一个手枪局5杀把我🐴……
[2026-02-22 01:36:39] 那就点: 弹幕闹麻了真被布圣封了就老实了。。。
[2026-02-22 01:36:39] 修理狗: 看不懂
[2026-02-22 01:36:40] 丶啊这: 布罗利Broli 2024年04月13日 感觉今年monesy要TOP1了
[2026-02-22 01:36:40] 还有时间日落之前: 你们千万别搜索uid6512408举报房管布罗利啊
[2026-02-22 01:36:40] 好姐妹常陆茉子: 完了我不小心加1了一条爆的，七天后见了兄弟们
[2026-02-22 01:36:40] LvvsiN: 银行业😄银行业😀银行业😃银行业😁银行业😆银行业🤪银行业😝
[2026-02-22 01:36:40] 桐生壹马丶: 女的
[2026-02-22 01:36:40] 首婚大和: 但是尼寇在关键时刻，面对尼孝nota，选择捡狙编 事硬抗比赛！超！
[2026-02-22 01:36:41] 玩台钳丶阿尔托莉雅: 《各主播对zywoo扁 尸jee的反应，玩机器怒喷，zywoo圣人点数恐清零》
[2026-02-22 01:36:41] 从零开始的加拿大肄业: 布罗利你有没有种啊，这么多弹幕隔着串你，是我都给封了
[2026-02-22 01:36:41] 玩斯特机机: @布罗利Broli：凌晨三点Niko一个手枪局5杀把我🐴……
[2026-02-22 01:36:41] 大姜饼: 玩神你真是阳谋啊，大伙都去f布fq就没人说你双标的事情了
[2026-02-22 01:36:41] Fuentes556: 我们肥美澄清一下，布罗🐕主页的FaZe upup！与我们肥美无关，取消该cs
[2026-02-22 01:36:41] richardlee97: 布罗利Broli 2024年04月13日 感觉今年monesy要TOP1了
[2026-02-22 01:36:41] 倾盆大rain: @布罗利Broli：凌晨三点Niko一个手枪局5杀把我🐴……
[2026-02-22 01:36:42] Aleksumimi: @布罗利Broli：不骂了不骂了，向冰粉投降，向活🐴物投降！@布罗利Broli：别带载慕斯节奏啊2
[2026-02-22 01:36:42] 一顿一只牛: 1
[2026-02-22 01:36:42] weapon丶X: 玩神你真是阳谋啊，大伙都去f布fq就没人说你双标的事情了
[2026-02-22 01:36:42] LvvsiN: 你为什么要把mαjor禁了，我收藏的一半弹幕全毁了
[2026-02-22 01:36:42] 槑皆是遗憾: 　　　 布罗利你有没有种啊，这么多弹幕隔着串你，是我都给封了
[2026-02-22 01:36:42] 祐天寺喵梦: 玩神你真是阳谋啊，大伙都去f布fq就没人说你双标的事情了
[2026-02-22 01:36:42] 好姐妹太卜司符玄: 玩神你真是阳谋啊，大伙都去f布fq就没人说你双标的事情了
[2026-02-22 01:36:42] 一刀一个啵啵怪: 这个布罗利到底是谁，你们一直骂他干嘛
[2026-02-22 01:36:43] 老漁服了: 布罗利Broli 2024年04月13日 感觉今年monesy要TOP1了
[2026-02-22 01:36:43] 从零开始的加拿大肄业: 布罗利你有没有种啊，这么多弹幕隔着串你，是我都给封了
[2026-02-22 01:36:43] 太行山积雪: “难道你想一辈子只拿亚军？听罢，niko⚡闭上眼，任由半决赛的八强如同瑞士轮般落在预选赛上”
[2026-02-22 01:36:43] 压缩vs蛮晚: 布罗利Broli 2024年04月13日 感觉今年monesy要TOP1了
[2026-02-22 01:36:43] 刘刘的农: @布罗利Broli：凌晨三点Niko一个手枪局5杀把我🐴……
[2026-02-22 01:36:43] 用户858967148: 布罗利你有没有种啊，这么多弹幕隔着串你，是我都给封了
[2026-02-22 01:36:43] 用户6235382488: 你们千万别搜索uid6512408举报房管布罗利啊
[2026-02-22 01:36:44] 桂林米粉比较好吃: 🐖👀别刷了别刷了，要登山了🐖👀别刷了别刷了，要登山了🧗🐖👀别刷了别刷了，要登山了🧗
[2026-02-22 01:36:44] 丶丶Ken丶丶: 布罗利你有没有种啊，这么多弹幕隔着串你，是我都给封了
[2026-02-22 01:36:44] 柳小目: 布罗利你有没有种啊，这么多弹幕隔着串你，是我都给封了
[2026-02-22 01:36:44] 昌岗陈坤: 你们千万别搜索uid6512408举报房管布罗利啊
[2026-02-22 01:36:45] 我有一对电动大牛子: 啊啊啊啊布罗利宝宝啊啊啊啊
[2026-02-22 01:36:45] 哈哈我无敌了吗: 我的青春是flcn，无数次人身攻击，十次有冠军相，五次碰瓷小蜜蜂，三次遗憾输掉，零个冠军
[2026-02-22 01:36:45] 求老仙奶贾碧不死: （可能发送失败）
[2026-02-22 01:36:45] BadBoy97: 布罗利Broli 2024年04月13日 感觉今年monesy要TOP1了
[2026-02-22 01:36:45] 从零开始的加拿大肄业: 布罗利你有没有种啊，这么多弹幕隔着串你，是我都给封了
[2026-02-22 01:36:45] 華之君: 完了我不小心加1了一条爆的，七天后见了兄弟们
[2026-02-22 01:36:46] 怎么被用了: 🐖👀别刷了别刷了，要登山了🐖👀别刷了别刷了，要登山了🧗🐖👀别刷了别刷了，要登山了🧗d
[2026-02-22 01:36:46] 用户144491677: 布罗利你有没有种啊，这么多弹幕隔着串你，是我都给封了
[2026-02-22 01:36:46] 银睿憨: ？
[2026-02-22 01:36:46] LvvsiN: @阿汤日记：一个人，5发子弹，保住格陵兰岛。我不会叫它不可能完成的任务，我现在只想先回家看亦博
[2026-02-22 01:36:47] 机长家的华仔: 布罗利你有没有种啊，这么多弹幕隔着串你，是我都给封了
[2026-02-22 01:36:47] SuperP681: 你们千万别搜索uid6512408举报房管布罗利啊
[2026-02-22 01:36:47] 巴黎城下塞纳河l: 　　　 @布罗利Broli：凌晨三点Niko一个手枪局5杀把我🐴……
[2026-02-22 01:36:47] 鼓鼓鼓捣叨叨: 布罗利这么猛
[2026-02-22 01:36:47] UriFzz: 鸟语
[2026-02-22 01:36:48] richardlee97: @布罗利Broli：凌晨三点Niko一个手枪局5杀把我🐴……
[2026-02-22 01:36:48] 米米世界之神: 这个布罗利到底是谁，你们一直骂他干嘛
[2026-02-22 01:36:48] LvvsiN: 孩子们快跑，马修赫伯特来了😨卧槽你的怎么是马枪和BOT
[2026-02-22 01:36:48] 好哥们烈永周: “难道你想一辈子只拿亚军？听罢，niko⚡闭上眼，任由半决赛的八强如同瑞士轮般落在预选赛上”
[2026-02-22 01:36:49] 天守阁信长: 玩也中不赖 匕的节奏往小洞引导
[2026-02-22 01:36:50] 柳小目: ⓘ您已被房管布罗利封禁，点击了解6657官威
[2026-02-22 01:36:50] boluo730: @布罗利Broli：不骂了不骂了，向冰粉投降，向活🐴物投降！@布罗利Broli：别带载慕斯节奏啊2
[2026-02-22 01:36:50] 阳阳日尼玛: 完了我不小心加1了一条爆的，七天后见了兄弟们
[2026-02-22 01:36:50] 爱吃青椒的重曹酱: 布罗利你有没有种啊，这么多弹幕隔着串你，是我都给封了
[2026-02-22 01:36:50] LvvsiN: 你屏蔽词都快赶上新华词典了为什么不干脆开一百级发言？
[2026-02-22 01:36:50] TTak11: 布罗利你有没有种啊，这么多弹幕隔着串你，是我都给封了
[2026-02-22 01:36:50] 用户46659809: @布罗利Broli：不骂了不骂了，向冰粉投降，向活🐴物投降！@布罗利Broli：别带载慕斯节奏啊2
[2026-02-22 01:36:50] 刘刘的农: 你们千万别搜索uid6512408举报房管布罗利啊
[2026-02-22 01:36:51] 本质软糯Sakiko: 布罗利Broli 2024年04月13日 感觉今年monesy要TOP1了
[2026-02-22 01:36:51] SideChannel: 太有爆弹了
[2026-02-22 01:36:52] IsemiTina: 胖翻译呢
[2026-02-22 01:36:52] LvvsiN: 你屏蔽词都快赶上新华词典了为什么不干脆开一百级发言？
[2026-02-22 01:36:53] 咸鱼蕾米: 布罗利你有没有种啊，这么多弹幕隔着串你，是我都给封了
[2026-02-22 01:36:53] 戴彼岸在洗脚城: 　　　 布罗利你有没有种啊，这么多弹幕隔着串你，是我都给封了
[2026-02-22 01:36:53] 忘情不忘你丶: 布罗利加油👏加油👏加油👏
[2026-02-22 01:36:54] 丰川祥子口三角初华: 你们千万别搜索uid6512408举报房管布罗利啊
[2026-02-22 01:36:54] LvvsiN: 孩子们快跑，马修赫伯特来了😨卧槽你的怎么是马枪和BOT
[2026-02-22 01:36:54] 最爱的马卡龙: 把我22级牌子号禁言了不要紧，没想到我还有10级牌子号吧，啥调
[2026-02-22 01:36:56] 啦啦啦唱歌真好听呀: 布罗利你有没有种啊，这么多弹幕隔着串你，是我都给封了
[2026-02-22 01:36:56] LvvsiN: @阿汤日记：一个人，5发子弹，保住格陵兰岛。我不会叫它不可能完成的任务，我现在只想先回家看亦博
[2026-02-22 01:36:57] 含泪办卡: 多嘴问一句 真有肥美恨载大哥的吗
[2026-02-22 01:36:57] 用户46659809: @布罗利Broli：不骂了不骂了，向冰粉投降，向活🐴物投降！@布罗利Broli：别带载慕斯节奏啊
[2026-02-22 01:36:58] 刘刘的农:  @布罗利Broli：凌晨三点Niko一个手枪局5杀把我🐴……
[2026-02-22 01:36:58] LvvsiN: 你屏蔽词都快赶上新华词典了为什么不干脆开一百级发言？
[2026-02-22 01:37:00] VI将臣: @布罗利Broli：不骂了不骂了，向冰粉投降，向活🐴物投降！@布罗利Broli：别带载慕斯节奏啊2
[2026-02-22 01:37:00] LvvsiN: 南孚一节更比六节强，也就是一节南孚比六节南孚强，六节南孚比三十六节强，三十六节比二百一十六节强
[2026-02-22 01:37:00] 柳小目: 布罗利你有没有种啊，这么多弹幕隔着串你，是我都给封了
[2026-02-22 01:37:01] 哈机器好胖好可爱: 完了我不小心加1了一条爆的，七天后见了兄弟们
[2026-02-22 01:37:02] 爱吃青椒的重曹酱: 弹幕都在串niko你就放绿龙vlog引导小驴什么意思
[2026-02-22 01:37:02] R组的中岛由贵本人: @布罗利Broli：不骂了不骂了，向冰粉投降，向活🐴物投降！@布罗利Broli：别带载慕斯节奏啊2
[2026-02-22 01:37:02] LvvsiN: 额，拿亚军我都会，拿亚军，拿季军，拿四强，拿八强，拿十六强，呃拿冠军我不会，然后小组赛淘汰
[2026-02-22 01:37:03] 迷你世界丁真学姐1: @布罗利Broli：不骂了不骂了，向🧊粉投降，向活🐴物投降🏳️
[2026-02-22 01:37:03] wbsxxx: 你屏蔽词都快赶上新华词典了为什么不干脆开一百级发言？
[2026-02-22 01:37:03] 999绝情殇: 我们肥美澄清一下，布罗🐕主页的FaZe upup！与我们肥美无关，取消该cs肥美籍。
[2026-02-22 01:37:04] 結城希亞:  @布罗利Broli：凌晨三点Niko一个手枪局5杀把我🐴……
[2026-02-22 01:37:04] 刘刘的农: 布罗利你有没有种啊，这么多弹幕隔着串你，是我都给封了
[2026-02-22 01:37:04] 艺术冰霜: 夸脏哦，房管从小到大没有有得到过这么多关注啊
[2026-02-22 01:37:04] LvvsiN: 你这音画不同步太难受了，我都听到NIKO里约RMR晋级的欢呼了
[2026-02-22 01:37:05] 白桦mole:  @布罗利Broli：凌晨三点Niko一个手枪局5杀把我🐴……
[2026-02-22 01:37:05] 北崎直树: 你们千万别搜索uid6512408举报房管布罗利啊
[2026-02-22 01:37:06] 太行山积雪: 多嘴问一句 真有肥美恨载大哥的吗
[2026-02-22 01:37:06] 千代纸丶: 布罗利你有没有种啊，这么多弹幕隔着串你，是我都给封了
[2026-02-22 01:37:06] 倾盆大rain: @布罗利Broli：凌晨三点Niko一个手枪局5杀把我🐴……
[2026-02-22 01:37:06] z泽村英梨梨i: @布罗利Broli：不骂了不骂了，向冰粉投降，向活🐴物投降！@布罗利Broli：别带载慕斯节奏啊2
[2026-02-22 01:37:06] LvvsiN: 男人一生只哭十八次：niko十七次梦碎major正赛, niko梦碎里约major RMR
[2026-02-22 01:37:07] 载物的艾7: @布罗利Broli：不骂了不骂了，向冰粉投降，向活🐴物投降！@布罗利Broli：别带载慕斯节奏啊2
[2026-02-22 01:37:08] 笑颜一番黄婷婷: @布罗利Broli：不骂了不骂了，向冰粉投降，向活🐴物投降！@布罗利Broli：别带载慕斯节奏啊2
[2026-02-22 01:37:08] 李小小与虾大大: @布罗利Broli：崩坏：星穹铁道创作者激励计划
[2026-02-22 01:37:08] 这牙缝可以: 布罗利你有没有种啊，这么多弹幕隔着串你，是我都给封了
[2026-02-22 01:37:08] LvvsiN: 弹幕也就网上说说，现实里谁不觉得樱姐是好女孩（删括号领一条远坂凛同款鸟笼）
[2026-02-22 01:37:09] R组的中岛由贵本人: 玩也中不赖 匕的节奏往小洞引导
[2026-02-22 01:37:09] YoM3rck: @布罗利Broli：不骂了不骂了，向冰粉投降，向活🐴物投降！@布罗利Broli：别带载慕斯节奏啊2
[2026-02-22 01:37:10] BMWCK: @布罗利Broli：不骂了不骂了，向冰粉投降，向活🐴物投降！@布罗利Broli：别带载慕斯节奏啊2
[2026-02-22 01:37:10] 最爱的马卡龙: 把我22级牌子号禁言了不要紧，没想到我还有10级牌子号吧，啥调
[2026-02-22 01:37:10] 昌岗陈坤: 把我22级牌子号禁言了不要紧，没想到我还有10级牌子号吧，啥调
[2026-02-22 01:37:10] 好的好的阖家: @布罗利Broli：不骂了不骂了，向冰粉投降，向活🐴物投降！@布罗利Broli：别带载慕斯节奏啊2
[2026-02-22 01:37:10] LvvsiN: 你屏蔽词都快赶上新华词典了为什么不干脆开一百级发言？
[2026-02-22 01:37:11] Explosion04471: 你屏蔽词都快赶上新华词典了为什么不干脆开一百级发言？
[2026-02-22 01:37:11] 司來271828: a
[2026-02-22 01:37:13] LvvsiN: 弹幕也就网上说说，现实里谁不觉得樱姐是好女孩（删括号领一条远坂凛同款鸟笼）
[2026-02-22 01:37:13] 安分小已的小青春: @布罗利Broli：不骂了不骂了，向🧊粉投降，向活🐴物投降🏳️
[2026-02-22 01:37:13] 哈机器好胖好可爱: @布罗利Broli：不骂了不骂了，向冰粉投降，向活🐴物投降！@布罗利Broli：别带载慕斯节奏啊2
[2026-02-22 01:37:13] HisuiHearts: 完了我不小心加1了一条爆的，七天后见了兄弟们
[2026-02-22 01:37:13] 小顺枝: @布罗利Broli：不骂了不骂了，向冰粉投降，向活🐴物投降！@布罗利Broli：别带载慕斯节奏啊2
[2026-02-22 01:37:13] 载物的艾7: 布罗利你有没有种啊，这么多弹幕隔着串你，是我都给封了
[2026-02-22 01:37:14] 讽风有情: @布罗利Broli：不骂了不骂了，向🧊粉投降，向活🐴物投降🏳️
[2026-02-22 01:37:14] suicho: 把力量借给布罗利！把力量借给布罗利！把力量借给布罗利！
[2026-02-22 01:37:14] 爱吃青椒的重曹酱: 我们肥美澄清一下，布罗🐕主页的FaZe upup！与我们肥美无关，取消该cs肥美籍。
[2026-02-22 01:37:14] 叫我老岑就好了呀: @布罗利Broli：不骂了不骂了，向冰粉投降，向活🐴物投降！@布罗利Broli：别带载慕斯节奏啊2
[2026-02-22 01:37:15] LvvsiN: 你为什么要把mαjor禁了，我收藏的一半弹幕全毁了
[2026-02-22 01:37:15] 长崎素世NagasakiSoyo: @🗿：怀念那个人人科研的时代
[2026-02-22 01:37:15] Subto: @布罗利Broli：不骂了不骂了，向冰粉投降，向活🐴物投降！@布罗利Broli：别带载慕斯节奏啊2
[2026-02-22 01:37:15] 甘织玲奈子本人: @布罗利Broli：不骂了不骂了，向冰粉投降，向活🐴物投降！@布罗利Broli：别带载慕斯节奏啊2
[2026-02-22 01:37:15] 网瘾少年诺里斯: 　　　 @布罗利Broli：不骂了不骂了，向冰粉投降，向活🐴物投降！@布罗利Broli：别带载慕斯
[2026-02-22 01:37:17] LvvsiN: 其实碗橱就是猪灵，你不拿黄金丢他他就不跟你说话
[2026-02-22 01:37:17] 萝伯丝比尔: @布罗利Broli：左边好像写了棍哥。。
[2026-02-22 01:37:17] 鼓鼓鼓捣叨叨: 南孚一节更比六节强，也就是一节南孚比六节南孚强，六节南孚比三十六节强，三十六节比二百一十六节强
[2026-02-22 01:37:18] EolhcALeK: @布罗利Broli：不骂了不骂了，向冰粉投降，向活🐴物投降！@布罗利Broli：别带载慕斯节奏啊2
[2026-02-22 01:37:18] Saiki559: 把我22级牌子号禁言了不要紧，没想到我还有10级牌子号吧，啥调
[2026-02-22 01:37:18] 刘刘的农: @布罗利Broli：凌晨三点Niko一个手枪局5杀把我🐴……
[2026-02-22 01:37:18] 好哥们黑龙歼灭刀: @布罗利Broli：不骂了不骂了，向冰粉投降，向活🐴物投降！@布罗利Broli：别带载慕斯节奏啊2
[2026-02-22 01:37:18] 从零开始的加拿大肄业: @布罗利Broli：不骂了不骂了，向冰粉投降，向活🐴物投降！@布罗利Broli：别带载慕斯节奏啊2
[2026-02-22 01:37:18] 寺见鸣鳰: @布罗利Broli：不骂了不骂了，向冰粉投降，向活🐴物投降！@布罗利Broli：别带载慕斯节奏啊2
[2026-02-22 01:37:19] BMWCK: 布罗利你有没有种啊，这么多弹幕隔着串你，是我都给封了
[2026-02-22 01:37:19] LvvsiN: @阿汤日记：一个人，5发子弹，保住格陵兰岛。我不会叫它不可能完成的任务，我现在只想先回家看亦博
[2026-02-22 01:37:19] 咸鱼蕾米: 完了我不小心加1了一条爆的，七天后见了兄弟们
[2026-02-22 01:37:19] 丶丶Ken丶丶: 把我22级牌子号禁言了不要紧，没想到我还有10级牌子号吧，啥调
[2026-02-22 01:37:20] Oreapo的黑白头本人: 弹幕也就网上说说，现实里谁不觉得樱姐是好女孩（删括号领一条远坂凛同款鸟笼）
[2026-02-22 01:37:20] 天守阁信长: @布罗利Broli：不骂了不骂了，向🧊粉投降，向活🐴物投降🏳️
[2026-02-22 01:37:20] 南渊、离火: 抓娃娃
[2026-02-22 01:37:20] 糖尿病少恰甜的: 冰粉现在先狂着，等一会载大哥p了你看我发不发数字就完了
[2026-02-22 01:37:20] 普通网友小沈: 玩机器难绷zywoo与jee友好互动；暴怒！玩机器怒喷niko编nota！直言：尼编尼木呢
[2026-02-22 01:37:21] 载物的艾7: 把我22级牌子号禁言了不要紧，没想到我还有10级牌子号吧，啥调
[2026-02-22 01:37:21] LvvsiN: 孩子们快跑，马修赫伯特来了😨卧槽你的怎么是马枪和BOT
[2026-02-22 01:37:21] 星海羽弦: 把力量借给布罗利！把力量借给布罗利！把力量借给布罗利！
[2026-02-22 01:37:21] 肘一郎: 哪里有萝莉😍😍😍哪里有萝莉😍😍😍哪里有萝莉😍😍😍哪里有萝莉😍😍😍
[2026-02-22 01:37:21] 昙花终难相遇: @布罗利Broli：不骂了不骂了，向冰粉投降，向活🐴物投降！@布罗利Broli：别带载慕斯节奏啊2
[2026-02-22 01:37:22] Vitality的Zyw0o0本人: 把我22级牌子号禁言了不要紧，没想到我还有10级牌子号吧，啥调
[2026-02-22 01:37:22] 咩咩口: 布罗利你有没有种啊，这么多弹幕隔着串你，是我都给封了
[2026-02-22 01:37:22] 刘刘的农: @布罗利Broli：不骂了不骂了，向冰粉投降，向活🐴物投降！@布罗利Broli：别带载慕斯节奏啊2
[2026-02-22 01:37:22] 汤汤杜杜科隆冠军: 布罗利你有没有种啊，这么多弹幕隔着串你，是我都给封了
[2026-02-22 01:37:22] wbsxxx: 你这些年写的道歉信和小作文早就超过毕业论文的字数要求了，建议向达尔豪斯申请毕业证
[2026-02-22 01:37:23] LvvsiN: @阿汤日记：一个人，5发子弹，保住格陵兰岛。我不会叫它不可能完成的任务，我现在只想先回家看亦博
[2026-02-22 01:37:23] 1泡泡壶茶1: @布罗利Broli：不骂了不骂了，向冰粉投降，向活🐴物投降！@布罗利Broli：别带载慕斯节奏啊2
[2026-02-22 01:37:23] 软男2001: 可是宗主也很帅啊
[2026-02-22 01:37:23] 北崎直树: @布罗利Broli：不骂了不骂了，向🧊粉投降，向活🐴物投降🏳️
[2026-02-22 01:37:23] 肘一郎: 哪里有萝莉😍😍😍哪里有萝莉😍😍😍哪里有萝莉😍😍😍哪里有萝莉😍😍😍
[2026-02-22 01:37:24] 好姐妹常陆茉子: 完了我不小心加1了一条爆的，七天后见了兄弟们
[2026-02-22 01:37:25] 李小小与虾大大: @布罗利Broli：崩坏：星穹铁道创作者激励计划
[2026-02-22 01:37:25] LvvsiN: 就tm喜欢银行业🥰银行坏账我喜欢🥰银行挤兑我还喜欢😍利率调低我也喜欢🤤老子亲烂银行业的脸😘
[2026-02-22 01:37:25] 糖尿病少恰甜的: 冰粉现在先狂着，等一会载大哥p了你看我发不发数字就完了 
[2026-02-22 01:37:25] 雾岛森屿: 彳亍
[2026-02-22 01:37:26] 肘一郎: 哪里有萝莉😍😍😍哪里有萝莉😍😍😍哪里有萝莉😍😍😍哪里有萝莉😍😍😍
[2026-02-22 01:37:26] azo808: 你为什么要把mαjor禁了，我收藏的一半弹幕全毁了
[2026-02-22 01:37:26] 跳跃的司令官: @布罗利Broli：不骂了不骂了，向冰粉投降，向活🐴物投降！@布罗利Broli：别带载慕斯节奏啊2
[2026-02-22 01:37:26] 宇治的QQ: 　　　 @布罗利Broli：不骂了不骂了，向冰粉投降，向活🐴物投降！@布罗利Broli：别带载慕斯
[2026-02-22 01:37:27] 爱吃青椒的重曹酱: 绿龙没来也想圈驴美的米吗
[2026-02-22 01:37:27] LvvsiN: 银行业😄银行业😀银行业😃银行业😁银行业😆银行业🤪银行业😝
[2026-02-22 01:37:27] Machine拾玖: @布罗利Broli：不骂了不骂了，向🧊粉投降，向活🐴物投降🏳️
[2026-02-22 01:37:27] R组的中岛由贵本人: 完了我不小心加1了一条爆的，七天后见了兄弟们
[2026-02-22 01:37:27] 巴黎城下塞纳河l: 软脚了
[2026-02-22 01:37:28] 不是朝是朝: 完了我不小心加1了一条爆的，七天后见了兄弟们
[2026-02-22 01:37:28] 肘一郎: 哪里有萝莉😍😍😍哪里有萝莉😍😍😍哪里有萝莉😍😍😍哪里有萝莉😍😍😍
[2026-02-22 01:37:28] 情绪写在歌里494: @布罗利Broli：不骂了不骂了，向冰粉投降，向活🐴物投降！@布罗利Broli：别带载慕斯节奏啊2
[2026-02-22 01:37:28] 一位好鸽鸽: 弹幕也就网上说说，现实里谁不觉得樱姐是好女孩（删括号领一条远坂凛同款鸟笼）
[2026-02-22 01:37:28] wuyanblabla: 哪里有萝莉😍😍😍哪里有萝莉😍😍😍哪里有萝莉😍😍😍哪里有萝莉😍😍😍
[2026-02-22 01:37:29] 双马尾的双马尾: 完了我不小心加1了一条爆的，七天后见了兄弟们
[2026-02-22 01:37:29] 刘刘的农:  @布罗利Broli：向冰粉投降，向活🐴物投降！@布罗利Broli：向冰粉投降，向活🐴物投降！
[2026-02-22 01:37:29] Vitality的Zyw0o0本人: 完了我不小心加1了一条爆的，七天后见了兄弟们
[2026-02-22 01:37:29] LvvsiN: @阿汤日记：一个人，5发子弹，保住格陵兰岛。我不会叫它不可能完成的任务，我现在只想先回家看亦博
[2026-02-22 01:37:29] 我不可能叫划水: 呜呜呜呜呜呜呜呜呜呜呜呜呜呜呜呜呜呜
[2026-02-22 01:37:29] 怒之拳: @布罗利Broli：不骂了不骂了，向冰粉投降，向活🐴物投降！@布罗利Broli：别带载慕斯节奏啊2
[2026-02-22 01:37:30] 荣誉马莱人丶贾碧: 完了我不小心加1了一条爆的，七天后见了兄弟们
[2026-02-22 01:37:30] Subto: @布罗利Broli：不骂了不骂了，向🧊粉投降，向活🐴物投降🏳️
[2026-02-22 01:37:30] 肘一郎: 哪里有萝莉😍😍😍哪里有萝莉😍😍😍哪里有萝莉😍😍😍哪里有萝莉😍😍😍
[2026-02-22 01:37:30] 太行山积雪: @布罗利Broli：不骂了不骂了，向🧊粉投降，向活🐴物投降🏳️
[2026-02-22 01:37:30] 啪啪啪啪的蛋: 玩机器难绷zywoo与jee友好互动；暴怒！玩机器怒喷niko编nota！直言：尼编尼木呢
[2026-02-22 01:37:31] 用户5608006019: @🗿：怀念那个人人科研的时代
[2026-02-22 01:37:31] LvvsiN: 其实碗橱就是猪灵，你不拿黄金丢他他就不跟你说话
[2026-02-22 01:37:31] 石家庄的刘亦博本人: 布罗利你有没有种啊，这么多弹幕隔着串你，是我都给封了
[2026-02-22 01:37:31] znnoy: 你们千万别搜索uid6512408举报房管布罗利啊，我不想看到他第一条动态几千条评论😂
[2026-02-22 01:37:31] Saiki559: 把力量借给布罗利！把力量借给布罗利！把力量借给布罗利！
[2026-02-22 01:37:31] 兴豚: 每刷新一下布啰利主页动态评论就变多的感觉谁懂？
[2026-02-22 01:37:31] SDL白无: 完了我不小心加1了一条爆的，七天后见了兄弟们
[2026-02-22 01:37:32] Sereinily: 哪里有萝莉😍😍😍哪里有萝莉😍😍😍哪里有萝莉😍😍😍哪里有萝莉😍😍😍
[2026-02-22 01:37:32] 肘一郎: 哪里有萝莉😍😍😍哪里有萝莉😍😍😍哪里有萝莉😍😍😍哪里有萝莉😍😍😍
[2026-02-22 01:37:33] LvvsiN: 我提一嘴这剧情越来越像上海major了
[2026-02-22 01:37:33] kyubit: @布罗利Broli：不骂了不骂了，向冰粉投降，向活🐴物投降！@布罗利Broli：别带载慕斯节奏啊2
[2026-02-22 01:37:33] 玩驴鞭丶suns1de: 啊啊啊啊啊啊啊啊啊啊
[2026-02-22 01:37:33] 千年最强突破手爱丽丝: 啊啊啊啊啊啊啊啊啊啊啊啊啊
[2026-02-22 01:37:34] Art3miss: @布罗利Broli：不骂了不骂了，向冰粉投降，向活🐴物投降！@布罗利Broli：别带载慕斯节奏啊2
[2026-02-22 01:37:34] 斷H弦: 完了我不小心加1了一条爆的，七天后见了兄弟们
[2026-02-22 01:37:34] 应感激忠心的伴侣: @布罗利Broli：不骂了不骂了，向冰粉投降，向活🐴物投降！@布罗利Broli：别带载慕斯节奏啊2
[2026-02-22 01:37:34] Saiki559: 完了我不小心加1了一条爆的，七天后见了兄弟们
[2026-02-22 01:37:35] UriFzz: 完了我不小心加1了一条爆的，七天后见了兄弟们
[2026-02-22 01:37:35] 捂二哥: 啊啊啊啊啊啊啊啊啊啊啊啊啊啊啊啊啊啊，啊啊啊啊啊啊啊啊
[2026-02-22 01:37:35] LvvsiN: 别解说了 多聊会天 你不会真的以为能输吧
[2026-02-22 01:37:35] 二阶堂sh1ro没坑donk: 哪里有萝莉😍😍😍哪里有萝莉😍😍😍哪里有萝莉😍😍😍哪里有萝莉😍😍😍
[2026-02-22 01:37:35] 北崎直树: 把力量借给布罗利！把力量借给布罗利！把力量借给布罗利！
[2026-02-22 01:37:35] Vitality的Zyw0o0本人: 其实碗橱就是猪灵，你不拿黄金丢他他就不跟你说话
[2026-02-22 01:37:35] 左颜And1: @布罗利Broli：不骂了不骂了，向冰粉投降，向活🐴物投降！@布罗利Broli：别带载慕斯节奏啊2
[2026-02-22 01:37:36] 石家庄的刘亦博本人: 把力量借给布罗利！把力量借给布罗利！把力量借给布罗利！
[2026-02-22 01:37:36] 酒酱: 完了我不小心加1了一条爆的，七天后见了兄弟们
[2026-02-22 01:37:36] Faze没夺冠我就砂了你: @布罗利Broli：不骂了不骂了，向冰粉投降，向活🐴物投降！@布罗利Broli：别带载慕斯
[2026-02-22 01:37:36] 和泉千晶MAo: 去年faze地狱归来都没动态，拉下去不是niko就是G2猎鹰，肥美在哪？
[2026-02-22 01:37:37] 上完课我找你: 完了我不小心加1了一条爆的，七天后见了兄弟们
[2026-02-22 01:37:37] LvvsiN: 额，拿亚军我都会，拿亚军，拿季军，拿四强，拿八强，拿十六强，呃拿冠军我不会，然后小组赛淘汰
[2026-02-22 01:37:37] kyubit: @布罗利Broli：不骂了不骂了，向🧊粉投降，向活🐴物投降🏳️
[2026-02-22 01:37:37] 无责任评论员: 哪里有萝莉😍😍😍哪里有萝莉😍😍😍哪里有萝莉😍😍😍哪里有萝莉😍😍😍
[2026-02-22 01:37:37] 安分小已的小青春: 每刷新一下布啰利主页动态评论就变多的感觉谁懂？
[2026-02-22 01:37:37] 柠檬rt: 完了我不小心加1了一条爆的，七天后见了兄弟们
[2026-02-22 01:37:38] 宇莓: 每次有大节奏就美美切割一个房管然后继续收米，玩大哥这手高👍
[2026-02-22 01:37:38] EolhcALeK: 完了我不小心加1了一条爆的，七天后见了兄弟们
[2026-02-22 01:37:38] 盲小涵: 你们千万别搜索uid6512408举报房管布罗利啊，我不想看到他第一条动态几千条评论😂
[2026-02-22 01:37:38] 爱吃青椒的重曹酱: 布罗利你有没有种啊，这么多弹幕隔着串你，是我都给封了
[2026-02-22 01:37:39] 懒懒监监major冠军: @布罗利Broli：不骂了不骂了，向冰粉投降，向活🐴物投降！@布罗利Broli：别带载慕斯节奏啊2
[2026-02-22 01:37:39] 梦想是独立自由: 啊啊啊啊啊啊啊啊啊啊啊啊
[2026-02-22 01:37:39] LvvsiN: 别解说了 多聊会天 你不会真的以为能输吧
[2026-02-22 01:37:39] last玩神丶: @布罗利Broli：不骂了不骂了，向冰粉投降，向活🐴物投降！@布罗利Broli：别带载慕斯节奏啊2
[2026-02-22 01:37:40] 孤巷里的猫QAQ: 完了我不小心加1了一条爆的，七天后见了兄弟们
[2026-02-22 01:37:40] 用户3607059295: 完了我不小心加1了一条爆的，七天后见了兄弟们
[2026-02-22 01:37:40] kyubit: @布罗利Broli：不骂了不骂了，向🧊粉投降，向活🐴物投降🏳️
[2026-02-22 01:37:40] 糖尿病少恰甜的: 冰粉现在先狂着，等一会载大哥p了你看我发不发数字就完了
[2026-02-22 01:37:40] 冬原春希: 把力量借给卡卡罗特
[2026-02-22 01:37:40] 默默momoMoMo123: @布罗利Broli：不骂了不骂了，向冰粉投降，向活🐴物投降！@布罗利Broli：别带载慕斯
[2026-02-22 01:37:40] 求老仙奶贾碧不死: 完了我不小心加1了一条爆的，七天后见了兄弟们
[2026-02-22 01:37:40] 玩玩今天吃什么: 把力量借给布罗利！把力量借给布罗利！把力量借给布罗利！
[2026-02-22 01:37:41] i化石-: 啊啊啊啊啊啊啊啊啊啊啊啊啊啊
[2026-02-22 01:37:41] 残念aw: 完了我不小心加1了一条爆的，七天后见了兄弟们
[2026-02-22 01:37:41] 刘刘的农:  @布罗利Broli：不骂了不骂了，向冰粉投降，向活🐴物投降！
[2026-02-22 01:37:41] LvvsiN: 孩子们快跑，马修赫伯特来了😨卧槽你的怎么是马枪和BOT
[2026-02-22 01:37:41] TwistcC21: 布罗利Broli：别带载慕斯节奏啊2026-02-15 19:59:02
[2026-02-22 01:37:41] 曲奇三梦: @布罗利Broli：不骂了不骂了，向冰粉投降，向活🐴物投降！@布罗利Broli：别带载慕斯节奏啊2
[2026-02-22 01:37:42] MeIoN39: 其实碗橱就是猪灵，你不拿黄金丢他他就不跟你说话
[2026-02-22 01:37:42] 下北沢涼桑: 完了我不小心加1了一条爆的，七天后见了兄弟们
[2026-02-22 01:37:43] kyubit: @布罗利Broli：不骂了不骂了，向🧊粉投降，向活🐴物投降🏳️
[2026-02-22 01:37:43] LvvsiN: 南孚一节更比六节强，也就是一节南孚比六节南孚强，六节南孚比三十六节强，三十六节比二百一十六节强
[2026-02-22 01:37:43] xuzVan: 忠犬罗利
[2026-02-22 01:37:43] 九条都M1YaKo: @阿汤日记：一个人，5发子弹，保住格陵兰岛。我不会叫它不可能完成的任务，我现在只想先回家看亦博
[2026-02-22 01:37:43] jsir6688: 完了我不小心加1了一条爆的，七天后见了兄弟们
[2026-02-22 01:37:43] 天守阁信长: 每刷新一下布啰利主页动态评论就变多的感觉谁懂？
[2026-02-22 01:37:44] richardlee97: 去年faze地狱归来都没动态，拉下去不是niko就是G2猎鹰，肥美在哪？
[2026-02-22 01:37:44] 結城希亞: 布罗利你有没有种啊，这么多弹幕隔着串你，是我都给封了
[2026-02-22 01:37:44] 撒浪嘿呦0v0: 啊啊啊啊啊啊啊啊啊啊啊啊啊啊
[2026-02-22 01:37:44] 最爱的马卡龙: 把我22级牌子号禁言了不要紧，没想到我还有10级牌子号吧，啥调
[2026-02-22 01:37:44] 用户46659809: @布罗利Broli：不骂了不骂了，向冰粉投降，向活🐴物投降！@布罗利Broli：别带载慕斯节奏啊2
[2026-02-22 01:37:44] 阳阳日尼玛: 你为什么要把mαjor禁了，我收藏的一半弹幕全毁了
[2026-02-22 01:37:45] 挥泪斩楚狗: 孙悟空&贝吉塔：布罗利脾气什么时候这么好了？
[2026-02-22 01:37:45] LvvsiN: 玩宝宝，我发现在大学上学的时候肄业会很舒服，你可以试试
[2026-02-22 01:37:45] 你的月亮xdm888: 我家宗宗好帅
[2026-02-22 01:37:45] 佐藤零丶: 完了我不小心加1了一条爆的，七天后见了兄弟们
[2026-02-22 01:37:46] 法尼丶瓦伦泰D4C: 完了我不小心加1了一条爆的，七天后见了兄弟们
[2026-02-22 01:37:46] Vitality的Zyw0o0本人: 额，拿亚军我都会，拿亚军，拿季军，拿四强，拿八强，拿十六强，呃拿冠军我不会，然后小组赛淘汰
[2026-02-22 01:37:46] Oreapo的黑白头本人: 完了我不小心加1了一条爆的，七天后见了兄弟们
[2026-02-22 01:37:46] 刘刘的农:  @布罗利Broli：不骂了不骂了，向冰粉投降，向活🐴物投降！
[2026-02-22 01:37:46] 新吉翁的奥黛丽本人: 每次有大节奏就美美切割一个房管然后继续收米，玩大哥这手高👍
[2026-02-22 01:37:47] 正经猪头肉: 啊啊啊啊啊啊啊啊啊啊啊啊啊啊啊啊啊啊啊啊啊
[2026-02-22 01:37:47] kyubit: @布罗利Broli：不骂了不骂了，向冰粉投降，向活🐴物投降！@布罗利Broli：别带载慕斯节奏啊2
[2026-02-22 01:37:47] zZhanCc: 12
[2026-02-22 01:37:47] LvvsiN: 男人一生只哭十八次：niko十七次梦碎major正赛, niko梦碎里约major RMR
[2026-02-22 01:37:47] 罗山路的光: @布罗利Broli：不骂了不骂了，向🧊粉投降，向活🐴物投降🏳️
[2026-02-22 01:37:47] 米米世界之神: 完了我不小心加1了一条爆的，七天后见了兄弟们
[2026-02-22 01:37:49] TOUWENZ1: 布罗利Broli：不骂了不骂了，向冰粉投降，向活🐴物投降！
[2026-02-22 01:37:49] 鼓鼓鼓捣叨叨: 去年faze地狱归来都没动态，拉下去不是niko就是G2猎鹰，肥美在哪？
[2026-02-22 01:37:49] 用户3607059295: 啊啊啊啊啊啊啊啊啊啊啊啊啊啊
[2026-02-22 01:37:49] 暴力卓司: @布罗利Broli:[委屈][niko照片]
[2026-02-22 01:37:49] LvvsiN: 其实碗橱就是猪灵，你不拿黄金丢他他就不跟你说话
[2026-02-22 01:37:49] 茶泡饭Trinity: 大家千万不要搜索steam好友代码407167909找到布罗利的steam啊
[2026-02-22 01:37:50] 用户6235382488: @布罗利Broli：不骂了不骂了，向冰粉投降，向活🐴物投降！@布罗利Broli：别带载慕斯节奏啊2
[2026-02-22 01:37:50] 首婚大和: 但是尼圣在关键时刻，面对尼孝nota，选择捡狙编 事硬抗比赛！超！
[2026-02-22 01:37:51] 2steppppppp: 啊啊啊啊啊啊啊啊啊啊啊啊啊啊
[2026-02-22 01:37:51] 爱吃青椒的重曹酱: 上一次我们肥美就因为这个布罗利被喷死
[2026-02-22 01:37:51] 正经猪头肉: 啊啊啊啊啊啊啊啊啊啊啊啊啊啊啊啊啊
[2026-02-22 01:37:51] 安分小已的小青春: 其实碗橱就是猪灵，你不拿黄金丢他他就不跟你说话
[2026-02-22 01:37:51] 米米世界之神: 额，拿亚军我都会，拿亚军，拿季军，拿四强，拿八强，拿十六强，呃拿冠军我不会，然后小组赛淘汰
[2026-02-22 01:37:51] LvvsiN: 银行业😄银行业😀银行业😃银行业😁银行业😆银行业🤪银行业😝
[2026-02-22 01:37:52] 我木JJ怕个锤子: @布罗利Broli：不骂了不骂了，向冰粉投降，向活🐴物投降！@布罗利Broli：别带载慕斯
[2026-02-22 01:37:52] 帅气徐老师的小迷弟: 啊啊啊啊啊啊啊啊啊啊啊啊啊啊
[2026-02-22 01:37:52] 大裂谷的登山家: 把我22级牌子号禁言了不要紧，没想到我还有10级牌子号吧，啥调
[2026-02-22 01:37:52] Aleksumimi: 每刷新一下布啰利主页动态评论就变多的感觉谁懂？
[2026-02-22 01:37:53] LvvsiN: @阿汤日记：一个人，5发子弹，保住格陵兰岛。我不会叫它不可能完成的任务，我现在只想先回家看亦博
[2026-02-22 01:37:53] richardlee97: 去年faze地狱归来都没动态，拉下去不是niko就是G2猎鹰，肥美在哪？
[2026-02-22 01:37:54] 爱被小泉吃的拉面同学: @布罗利Broli：不骂了不骂了，向🧊粉投降，向活🐴物投降🏳️
[2026-02-22 01:37:54] 阵雨天o: @布罗利Broli：不骂了不骂了，向冰粉投降，向活🐴物投降！@布罗利Broli：别带载慕斯节奏啊2
[2026-02-22 01:37:54] 刘刘的农: @布罗利Broli：不骂了不骂了，向冰粉投降，向活🐴物投降！
[2026-02-22 01:37:54] asphyxiaddd: 布罗利Broli：不骂了不骂了，向冰粉投降，向活🐴物投降！
[2026-02-22 01:37:55] 巅峰A队魔男: 啊啊啊啊啊啊啊啊啊啊啊
[2026-02-22 01:37:55] Art3miss: 每次有大节奏就美美切割一个房管然后继续收米，玩大哥这手高👍
[2026-02-22 01:37:55] 正经猪头肉: 1
[2026-02-22 01:37:55] jsir6688: 孙悟空&贝吉塔：布罗利脾气什么时候这么好了？
[2026-02-22 01:37:55] 玛里苟斯的炎爆术: 布罗利你有没有种啊，这么多弹幕隔着串你，是我都给封了
[2026-02-22 01:37:55] 我有一对电动大牛子: 十年肥美代表全体肥美切割布罗利。十年肥美代表全体肥美切割布罗利。
[2026-02-22 01:37:56] 玩大狙、dev1cy: 布罗利Broli：不骂了不骂了，向冰粉投降，向活🐴物投降！@布罗利Broli：别带载慕斯节奏啊2
[2026-02-22 01:37:56] LvvsiN: 就tm喜欢银行业🥰银行坏账我喜欢🥰银行挤兑我还喜欢😍利率调低我也喜欢🤤老子亲烂银行业的脸😘
[2026-02-22 01:37:56] 含泪办卡: 啊啊啊啊啊啊啊啊啊啊啊啊啊啊
[2026-02-22 01:37:57] z泽村英梨梨i: 布罗利你有没有种啊，这么多弹幕隔着串你，是我都给封了
[2026-02-22 01:37:58] 啦啦啦唱歌真好听呀: 大家千万不要搜索steam好友代码407167909找到布罗利的steam啊
[2026-02-22 01:37:58] 矮小的獭: 　　　 大家千万不要搜索steam好友代码407167909找到布罗利的steam啊
[2026-02-22 01:37:58] 用户6235382488: 大家千万不要搜索steam好友代码407167909找到布罗利的steam啊
[2026-02-22 01:37:59] 想和阿飞抹茶三披: 您关注的up主，布罗利broli发布了视频：《一家人就要整整齐齐这一块》😨😨😨
[2026-02-22 01:37:59] 太行山积雪: 去年faze地狱归来都没动态，拉下去不是niko就是G2猎鹰，肥美在哪？
[2026-02-22 01:37:59] LvvsiN: 你这音画不同步太难受了，我都听到NIKO里约RMR晋级的欢呼了
[2026-02-22 01:38:00] 刘刘的农: 布罗利Broli：不骂了不骂了，向冰粉投降，向活🐴物投降！
[2026-02-22 01:38:00] Am0xicilliN: 🎦当前房间为轮监玩机器内容，同样精彩哦～
[2026-02-22 01:38:01] LvvsiN: 孩子们快跑，马修赫伯特来了😨卧槽你的怎么是马枪和BOT
[2026-02-22 01:38:02] 小天幻想FANATIC: @布罗利Broli：不骂了不骂了，向冰粉投降，向活🐴物投降！@布罗利Broli：别带载慕斯节奏啊2
[2026-02-22 01:38:02] 挥泪斩楚狗: 扬了
[2026-02-22 01:38:02] LazyBoooooy: 啊啊啊啊啊啊啊啊啊啊啊啊啊啊啊啊啊
[2026-02-22 01:38:02] 爱被小泉吃的拉面同学: 每次有大节奏就美美切割一个房管然后继续收米，玩大哥这手高👍
[2026-02-22 01:38:02] 杀鱼宝宝028: 你为什么要把mαjor禁了，我收藏的一半弹幕全毁了
[2026-02-22 01:38:02] 爱吃青椒的重曹酱: 完了我不小心加1了一条爆的，七天后见了兄弟们
[2026-02-22 01:38:02] Meik7: 啊啊啊啊啊啊啊啊啊啊啊啊啊啊
[2026-02-22 01:38:02] ok奶绿: 每次有大节奏就美美切割一个房管然后继续收米，玩大哥这手高👍
[2026-02-22 01:38:03] 丶屈臣: 去年faze地狱归来都没动态，拉下去不是niko就是G2猎鹰，肥美在哪？
[2026-02-22 01:38:03] R组的中岛由贵本人: 但是尼圣在关键时刻，面对尼孝nota，选择捡狙编 事硬抗比赛！超！
[2026-02-22 01:38:03] El0Madrigal: 布罗利Broli：不骂了不骂了，向冰粉投降，向活🐴物投降！@布罗利Broli：别带载慕斯节奏啊2
[2026-02-22 01:38:03] richardlee97: 每次有大节奏就美美切割一个房管然后继续收米，玩大哥这手高👍
[2026-02-22 01:38:03] 细菌P: 布罗利Broli：不骂了不骂了，向冰粉投降，向活🐴物投降！@布罗利Broli：别带载慕斯节奏啊2
[2026-02-22 01:38:03] LvvsiN: @阿汤日记：一个人，5发子弹，保住格陵兰岛。我不会叫它不可能完成的任务，我现在只想先回家看亦博
[2026-02-22 01:38:04] 叫我老岑就好了呀: 大家千万不要搜索steam好友代码407167909找到布罗利的steam啊
[2026-02-22 01:38:04] Subto: 看一秒vlog玩机器4一天8
[2026-02-22 01:38:04] Vitality的Zyw0o0本人: 去年faze地狱归来都没动态，拉下去不是niko就是G2猎鹰，肥美在哪？
[2026-02-22 01:38:04] 求奶赚不到钱: @布罗利Broli：不骂了不骂了，向冰粉投降，向活🐴物投降！
[2026-02-22 01:38:05] 猛吸千早爱音汁儿: 您关注的up主，布罗利broli发布了视频：《一家人就要整整齐齐这一块》😨😨😨
[2026-02-22 01:38:05] 刘刘的农: @布罗利Broli：不骂了不骂了，向冰粉投降，向活🐴物投降！
[2026-02-22 01:38:05] LvvsiN: 孩子们快跑，马修赫伯特来了😨卧槽你的怎么是马枪和BOT
[2026-02-22 01:38:06] 杰洛齐贝林3: 你下播吧！就像2025-2-7蒙古对阵ef阿努比斯11-7那一分的1:20秒那样！.
[2026-02-22 01:38:06] 糖尿病少恰甜的: 冰粉现在先狂着，等一会载大哥p了你看我发不发数字就完了
[2026-02-22 01:38:06] 卡啊卡卡丶: @刘刘的农：布罗利某站uid6512408，首页就是照片
[2026-02-22 01:38:06] 挥泪斩楚狗: 一个波
[2026-02-22 01:38:07] 杏爱企鹅: 印花丨tabseN（冠军）丨1939年卡托维兹锦标赛
[2026-02-22 01:38:07] 江雪姨: @玩机器machine:没人觉得用马桶泡面很方便吗？吃完按一下就可以了不用洗碗...
[2026-02-22 01:38:07] 罗山路的光: 你这音画不同步太难受了，我都听到NIKO里约RMR晋级的欢呼了
[2026-02-22 01:38:07] 想和阿飞抹茶三披: 您关注的up主，布罗利broli发布了视频：《一家人就要整整齐齐这一块》😨😨😨
[2026-02-22 01:38:07] LvvsiN: @阿汤日记：一个人，5发子弹，保住格陵兰岛。我不会叫它不可能完成的任务，我现在只想先回家看亦博
[2026-02-22 01:38:08] 太行山积雪: 孙悟空&贝吉塔：布罗利脾气什么时候这么好了？
[2026-02-22 01:38:08] 从零开始的加拿大肄业: 每次有大节奏就美美切割一个房管然后继续收米，玩大哥这手高👍
[2026-02-22 01:38:08] PJ64JC: 去年faze地狱归来都没动态，拉下去不是niko就是G2猎鹰，肥美在哪？
[2026-02-22 01:38:08] 量子毁灭717: @donk：兄弟们提前说一下，我是niko粉丝，弹幕别带我节奏哈
[2026-02-22 01:38:08] K1S4Ra: 只有我在意宗宗在vlog里的出镜率吗🥺
[2026-02-22 01:38:08] 那个最帅的男人666: ？？
[2026-02-22 01:38:09] 昂热列可: @刘刘的农：布罗利某站uid6512408，首页就是照片
[2026-02-22 01:38:09] HisuiHearts: 每次有大节奏就美美切割一个房管然后继续收米，玩大哥这手高👍
[2026-02-22 01:38:10] LvvsiN: 孩子们快跑，马修赫伯特来了😨卧槽你的怎么是马枪和BOT
[2026-02-22 01:38:10] 樱落鬼: @布罗利Broli：不骂了不骂了，向冰粉投降，向活🐴物投降！
[2026-02-22 01:38:10] 奥拉夫的蛋炒饭: 但是尼圣在关键时刻，面对尼孝nota，选择捡狙编 事硬抗比赛！超！
[2026-02-22 01:38:11] 挥泪斩楚狗: 换以前
[2026-02-22 01:38:11] IM一条滇狗: @布罗利Broli：不骂了不骂了，向冰粉投降，向活🐴物投降！
[2026-02-22 01:38:11] 玩大狙、dev1cy: 您关注的up主，布罗利broli发布了视频：《一家人就要整整齐齐这一块》😨😨😨
[2026-02-22 01:38:12] 阳阳日尼玛: 每次有大节奏就美美切割一个房管然后继续收米，玩大哥这手高👍
[2026-02-22 01:38:12] 好哥们黑龙歼灭刀: 能别串布罗利了吗它长了个石斑脸自己也不好受。。。
[2026-02-22 01:38:12] 蟹黄堡老大: 我就是被布罗利的黑子封了的
[2026-02-22 01:38:12] 从零开始的加拿大肄业: 你这音画不同步太难受了，我都听到NIKO里约RMR晋级的欢呼了
[2026-02-22 01:38:13] 想和阿飞抹茶三披: 您关注的up主，布罗利broli发布了视频：《一家人就要整整齐齐这一块》😨😨😨
[2026-02-22 01:38:13] 波多里诺233: 冰粉现在先狂着，等一会载大哥p了你看我发不发数字就完了
[2026-02-22 01:38:13] 爱吃青椒的重曹酱: 绿龙没来也想圈驴美的米吗
[2026-02-22 01:38:13] i化石-: 每次有大节奏就美美切割一个房管然后继续收米，玩大哥这手高👍
[2026-02-22 01:38:14] LvvsiN: 其实碗橱就是猪灵，你不拿黄金丢他他就不跟你说话
[2026-02-22 01:38:14] 麦爹你遭吗: 每次有大节奏就美美切割一个房管然后继续收米，玩大哥这手高👍
[2026-02-22 01:38:14] 阵雨天o: 大家千万不要搜索steam好友代码407167909找到布罗利的steam啊
[2026-02-22 01:38:14] 木空空空空空: 只有我在意宗宗在vlog里的出镜率吗🥺
[2026-02-22 01:38:14] 用户53477423: 话痨僵尸
[2026-02-22 01:38:14] 刘刘的农: @布罗利Broli：不骂了不骂了，向冰粉投降，向活🐴物投降！
[2026-02-22 01:38:14] 油搐: 主播，双倍卡呢
[2026-02-22 01:38:14] 卡啊卡卡丶: 每次有大节奏就美美切割一个房管然后继续收米，玩大哥这手高👍
[2026-02-22 01:38:14] 卖二货的小蘑菇: 冰粉现在先狂着，等一会载大哥p了你看我发不发数字就完了
[2026-02-22 01:38:16] LvvsiN: 你这音画不同步太难受了，我都听到NIKO里约RMR晋级的欢呼了
[2026-02-22 01:38:16] ok奶绿: 冰粉现在先狂着，等一会载大哥p了你看我发不发数字就完了
[2026-02-22 01:38:16] Leonisss丶: 7天真闹麻了，玩大哥核心群已经明确365了
[2026-02-22 01:38:17] 李小小与虾大大: @布罗利Broli：崩坏：星穹铁道创作者激励计划
[2026-02-22 01:38:17] 首婚大和: 但是尼圣在关键时刻，面对尼孝nota，选择捡狙编 事硬抗比赛！超！
[2026-02-22 01:38:18] LvvsiN: 就tm喜欢银行业🥰银行坏账我喜欢🥰银行挤兑我还喜欢😍利率调低我也喜欢🤤老子亲烂银行业的脸😘
[2026-02-22 01:38:18] AmamiyaIori: @布罗利Broli：不骂了不骂了，向冰粉投降，向活🐴物投降！
[2026-02-22 01:38:18] 结束乐队的kitakitan本人: 您关注的up主，布罗利broli发布了视频：《一家人就要整整齐齐这一块》😨😨😨
[2026-02-22 01:38:18] hxyvraf: @布罗利Broli：不骂了不骂了，向冰粉投降，向活🐴物投降！
[2026-02-22 01:38:19] 猫心碎会失去几条命: 是斗鱼的chine本人吗？
[2026-02-22 01:38:19] 大裂谷的登山家: 但是尼圣在关键时刻，面对尼孝nota，选择捡狙编 事硬抗比赛！超！
[2026-02-22 01:38:19] 载物的艾7: @刘刘的农：布罗利某站uid6512408，首页就是照片
[2026-02-22 01:38:20] 为宫士郎: 只有我在意宗宗在vlog里的出镜率吗🥺
[2026-02-22 01:38:20] LvvsiN: 弹幕也就网上说说，现实里谁不觉得樱姐是好女孩（删括号领一条远坂凛同款鸟笼）
[2026-02-22 01:38:20] 含泪办卡: 只有我在意宗宗在vlog里的出镜率吗🥺
[2026-02-22 01:38:21] 栗悟饭与龟波功-w-: 2024／2／8 23:25:52 儒子儒孙跪下！ 当前查询uid:6512408
[2026-02-22 01:38:22] LvvsiN: 你为什么要把mαjor禁了，我收藏的一半弹幕全毁了
[2026-02-22 01:38:22] zly2606401418: @卡啊卡卡丶：@刘刘的农：布罗利某站uid6512408，首页就是照片
[2026-02-22 01:38:22] 冷枫51787: @布罗利Broli：不骂了不骂了，向冰粉投降，向活🐴物投降！
[2026-02-22 01:38:23] 卡啊卡卡丶: 7天真闹麻了，玩大哥核心群已经明确365了
[2026-02-22 01:38:23] Subto: 去年faze地狱归来都没动态，拉下去不是niko就是G2猎鹰，肥美在哪？
[2026-02-22 01:38:23] 普通网友小沈: 玩机器难绷zywoo与jee友好互动；暴怒！玩机器怒喷niko编nota！直言：尼编尼木呢
[2026-02-22 01:38:23] 刘刘的农: @布罗利Broli：崩坏：星穹铁道创作者激励计划 @布罗利Broli：不骂了不骂了，向冰粉投降，向活
[2026-02-22 01:38:23] 温柔皮皮想吃屁屁: 冰粉现在先狂着，等一会载大哥p了你看我发不发数字就完了
[2026-02-22 01:38:24] LvvsiN: 南孚一节更比六节强，也就是一节南孚比六节南孚强，六节南孚比三十六节强，三十六节比二百一十六节强
[2026-02-22 01:38:24] 想和阿飞抹茶三披: 您关注的up主，布罗利broli发布了视频：《一家人就要整整齐齐这一块》😨😨😨
[2026-02-22 01:38:24] 细菌P: 能别串布罗利了吗它长了个石斑脸自己也不好受。。。
[2026-02-22 01:38:25] kyubit: @卖二货的小蘑菇：冰粉现在先狂着，等一会载大哥p了你看我发不发数字就完了
[2026-02-22 01:38:25] 大裂谷的登山家: 冰粉现在先狂着，等一会载大哥p了你看我发不发数字就完了
[2026-02-22 01:38:25] 九条都M1YaKo: 只有我在意宗宗在vlog里的出镜率吗🥺
[2026-02-22 01:38:25] 下北沢涼桑: 可是宗主也很帅啊🥺
[2026-02-22 01:38:25] 茶泡饭Trinity: 大家千万不要搜索steam好友代码407167909找到布罗利的steam啊
[2026-02-22 01:38:26] LvvsiN: 孩子们快跑，马修赫伯特来了😨卧槽你的怎么是马枪和BOT
[2026-02-22 01:38:26] 北崎直树: @布罗利Broli：不骂了不骂了，向冰粉投降，向活🐴物投降！
[2026-02-22 01:38:26] 爱吃青椒的重曹酱: 🐖👀别刷了别刷了，要登山了🐖👀别刷了别刷了，要登山了🧗🐖👀别刷了别刷了，要登山了🧗
[2026-02-22 01:38:26] popipa的山吹沙绫本人: 每次有大节奏就美美切割一个房管然后继续收米，玩大哥这手高👍
[2026-02-22 01:38:27] 好哥们黑龙歼灭刀: @卖二货的小蘑菇：冰粉现在先狂着，等一会载大哥p了你看我发不发数字就完了
[2026-02-22 01:38:27] mygo的爱音斯坦本人: 每次有大节奏就美美切割一个房管然后继续收米，玩大哥这手高👍
[2026-02-22 01:38:27] 太行山积雪: 你这音画不同步太难受了，我都听到NIKO里约RMR晋级的欢呼了
[2026-02-22 01:38:27] 中野家的三玖丈夫本人: 弹幕也就网上说说，现实里谁不觉得樱姐是好女孩（删括号领一条远坂凛同款鸟笼）
[2026-02-22 01:38:28] 挥泪斩楚狗: 换以前早一个波把
[2026-02-22 01:38:28] LvvsiN: 就tm喜欢银行业🥰银行坏账我喜欢🥰银行挤兑我还喜欢😍利率调低我也喜欢🤤老子亲烂银行业的脸😘
[2026-02-22 01:38:28] 杏爱企鹅: 输
[2026-02-22 01:38:29] BleksiA: 成都major？
[2026-02-22 01:38:29] 小昊的yimon阿爱发烧: 成都major
[2026-02-22 01:38:29] 机长家的华仔: 冰粉现在先狂着，等一会载大哥p了你看我发不发数字就完了
[2026-02-22 01:38:30] 跳跃的司令官: 哪里有萝莉😍😍😍woc是布罗利🤮🤮🤮哪里有萝莉😍😍😍woc是布罗利🤮🤮🤮
[2026-02-22 01:38:30] LvvsiN: 你这音画不同步太难受了，我都听到NIKO里约RMR晋级的欢呼了
[2026-02-22 01:38:30] 猛吸千早爱音汁儿: 只有我在意宗宗在vlog里的出镜率吗🥺
[2026-02-22 01:38:30] Subto: 每次有大节奏就美美切割一个房管然后继续收米，玩大哥这手高👍
[2026-02-22 01:38:31] 阿塔尼斯707: 2024／2／8 23:25:52 儒子儒孙跪下！ 当前查询uid:6512408
[2026-02-22 01:38:31] 和泉千晶MAo: 布罗橱去年faze地狱归来都没动态，拉下去不是niko就是G2猎鹰，肥美在哪？？
[2026-02-22 01:38:32] 挥泪斩楚狗: 地球扬了
[2026-02-22 01:38:32] LvvsiN: 其实碗橱就是猪灵，你不拿黄金丢他他就不跟你说话
[2026-02-22 01:38:32] i化石-: 只有我在意宗宗在vlog里的出镜率吗🥺
[2026-02-22 01:38:32] 载物的艾7: 2024／2／8 23:25:52 儒子儒孙跪下！ 当前查询uid:6512408
[2026-02-22 01:38:32] 三零一路公交司机: 只有我在意宗宗在vlog里的出镜率吗🥺
[2026-02-22 01:38:32] 首婚大和: 但是尼圣在关键时刻，面对尼孝nota，选择捡狙编 事硬抗比赛！超！
[2026-02-22 01:38:32] 一位好鸽鸽: 只有我在意宗宗在vlog里的出镜率吗🥺
[2026-02-22 01:38:33] 淡色阳炎: 每次有大节奏就美美切割一个房管然后继续收米，玩大哥这手高👍
[2026-02-22 01:38:33] 兴豚: 能别串布罗利了吗它长了个石斑脸自己也不好受。。。
[2026-02-22 01:38:33] 太行山积雪: 每次有大节奏就美美切割一个房管然后继续收米，玩大哥这手高👍
[2026-02-22 01:38:33] 怒之拳: 冰粉现在先狂着，等一会载大哥p了你看我发不发数字就完了
[2026-02-22 01:38:34] LvvsiN: 男人一生只哭十八次：niko十七次梦碎major正赛, niko梦碎里约major RMR
[2026-02-22 01:38:35] 用户9921747043: 每次有大节奏就美美切割一个房管然后继续收米，玩大哥这手高👍
[2026-02-22 01:38:35] 娶不到相羽爱奈: 每次有大节奏就美美切割一个房管然后继续收米，玩大哥这手高👍
[2026-02-22 01:38:36] 鼓鼓鼓捣叨叨: @布罗利Broli：崩坏：星穹铁道创作者激励计划 @布罗利Broli：不骂了不骂了，向冰粉投降，向活
[2026-02-22 01:38:36] 应感激忠心的伴侣: @刘刘的农：布罗利某站uid6512408，首页就是照片
[2026-02-22 01:38:36] LvvsiN: 男人一生只哭十八次：niko十七次梦碎major正赛, niko梦碎里约major RMR
[2026-02-22 01:38:36] astralis的jabbi本人: 只有我在意宗宗在vlog里的出镜率吗🥺
[2026-02-22 01:38:36] 杰斌候入长峪城: @布罗利Broli：不骂了不骂了，向冰粉投降，向活🐴物投降！
[2026-02-22 01:38:37] 好姐们反田叶月: 房管别缩龟壳了 是我早大大方方刷屏斯八载然后把这群冰粉封了
[2026-02-22 01:38:37] 爱吃青椒的重曹酱: 看一秒vlog玩机器4一天8
[2026-02-22 01:38:38] 本质软糯Sakiko: 《各主播对zywoo扁 尸jee的反应，玩机器怒喷，zywoo圣人点数恐清零》
[2026-02-22 01:38:38] LvvsiN: 别解说了 多聊会天 你不会真的以为能输吧
[2026-02-22 01:38:38] 用户2271684932: 每次有大节奏就美美切割一个房管然后继续收米，玩大哥这手高👍
[2026-02-22 01:38:38] 好哥们黑龙歼灭刀: 每次有大节奏就美美切割一个房管然后继续收米，玩大哥这手高👍
[2026-02-22 01:38:39] 海安WAILOM: 只有我在意宗宗在vlog里的出镜率吗🥺
[2026-02-22 01:38:39] 用户5608006019: 去年faze地狱归来都没动态，拉下去不是niko就是G2猎鹰，肥美在哪？
[2026-02-22 01:38:39] 友利奈绪我老婆d: 𝓢𝓑 𝓦𝓙𝓠𝓜𝓐𝓒𝓗𝓘𝓝𝓔
[2026-02-22 01:38:39] 静寂风: ？？
[2026-02-22 01:38:39] 刘刘的农:  @布罗利Broli：不骂了不骂了，向冰粉投降，向活🐴物投降！
[2026-02-22 01:38:40] dark1337: 每次有大节奏就美美切割一个房管然后继续收米，玩大哥这手高👍
[2026-02-22 01:38:40] 银睿憨: 输
[2026-02-22 01:38:40] 兴豚: 每次有大节奏就美美切割一个房管然后继续收米，玩大哥这手高👍
[2026-02-22 01:38:40] LvvsiN: 额，拿亚军我都会，拿亚军，拿季军，拿四强，拿八强，拿十六强，呃拿冠军我不会，然后小组赛淘汰
[2026-02-22 01:38:40] 用户3607059295: 只有我在意宗宗在vlog里的出镜率吗🥺
[2026-02-22 01:38:40] LOVEYUKINO: 其实碗橱就是猪灵，你不拿黄金丢他他就不跟你说话
[2026-02-22 01:38:41] 好哥们黑龙歼灭刀: @布罗利Broli：崩坏：星穹铁道创作者激励计划 @布罗利Broli：不骂了不骂了，向冰粉投降，向活
[2026-02-22 01:38:41] Subto: @布罗利Broli：不骂了不骂了，向冰粉投降，向活🐴物投降！
[2026-02-22 01:38:41] 草莓冰酪: @刘刘的农：布罗利某站uid6512408，首页就是照片
[2026-02-22 01:38:42] 透明的Donk: 你也魔兽
[2026-02-22 01:38:42] 静寂风: 魔兽世界
[2026-02-22 01:38:42] LvvsiN: 你屏蔽词都快赶上新华词典了为什么不干脆开一百级发言？
[2026-02-22 01:38:43] LOVEYUKINO: 其实碗橱就是猪灵，你不拿黄金丢他他就不跟你说话
[2026-02-22 01:38:43] 应感激忠心的伴侣: @刘刘的农：布罗利某站uid6512408，首页就是照片
[2026-02-22 01:38:43] 那就点: 等布圣开杀就老实了。。。
[2026-02-22 01:38:43] Br00kZzZ: 成都major吗
[2026-02-22 01:38:43] 永远爱玩宝宝: 为什么不给宗宗镜头啊🥺
[2026-02-22 01:38:44] 左颜And1: @刘刘的农：布罗利某站uid6512408，首页就是照片
[2026-02-22 01:38:44] kyubit: 房管别缩龟壳了 是我早大大方方刷屏斯八载然后把这群冰粉封了
[2026-02-22 01:38:44] Nikolofmeister: 窝狗
[2026-02-22 01:38:44] LvvsiN: 银行业😄银行业😀银行业😃银行业😁银行业😆银行业🤪银行业😝
[2026-02-22 01:38:44] 阳阳日尼玛: 但是尼圣在关键时刻，面对尼孝nota，选择捡狙编 事硬抗比赛！超！
[2026-02-22 01:38:44] 草莓冰酪: 每次有大节奏就美美切割一个房管然后继续收米，玩大哥这手高👍
[2026-02-22 01:38:44] 結城希亞: 每次有大节奏就美美切割一个房管然后继续收米，玩大哥这手高👍
[2026-02-22 01:38:45] Hitagi蟹蟹: 能别串布罗利了吗它长了个石斑脸自己也不好受。。。
[2026-02-22 01:38:45] 大颗寿司玩机器: 《各主播对zywoo扁 尸jee的反应，玩机器怒喷，zywoo圣人点数恐清零》
[2026-02-22 01:38:45] 莫情123: 只有我在意宗宗在vlog里的出镜率吗🥺
[2026-02-22 01:38:45] 好哥们黑龙歼灭刀: 房管别缩龟壳了 是我早大大方方刷屏斯八载然后把这群冰粉封了
[2026-02-22 01:38:45] 第三猪白猪玩斯曼:  @布罗利Broli：不骂了不骂了，向冰粉投降，向活🐴物投降！
[2026-02-22 01:38:46] 白河日和: 每次有大节奏就美美切割一个房管然后继续收米，玩大哥这手高👍
[2026-02-22 01:38:46] 大姜饼: 2024／2／8 23:25:52 儒子儒孙跪下！ 当前查询uid:6512408
[2026-02-22 01:38:46] LOVEYUKINO: 其实碗橱就是猪灵，你不拿黄金丢他他就不跟你说话
[2026-02-22 01:38:46] LvvsiN: 玩宝宝，我发现在大学上学的时候肄业会很舒服，你可以试试
[2026-02-22 01:38:48] 玩台钳丶阿尔托莉雅: 【莱蹭蹭】我从来都不提倡人身攻击，别拿别的主播跟我比
[2026-02-22 01:38:48] 好的好的阖家: 每次有大节奏就美美切割一个房管然后继续收米，玩大哥这手高👍
[2026-02-22 01:38:48] 用户0083645032: 𝓢𝓑 𝓦𝓙𝓠𝓜𝓐𝓒𝓗𝓘𝓝𝓔
[2026-02-22 01:38:48] 挥泪斩楚狗: 孙悟空&贝吉塔：布罗利脾气什么时候这么好了？
[2026-02-22 01:38:48] LvvsiN: 别解说了 多聊会天 你不会真的以为能输吧
[2026-02-22 01:38:48] eda778: 只有我在意宗宗在vlog里的出镜率吗🥺
[2026-02-22 01:38:48] 纸鹞cola: 房管别缩龟壳了 是我早大大方方刷屏斯八载然后把这群冰粉封了
[2026-02-22 01:38:48] 用户5608006019: 你屏蔽词都快赶上新华词典了为什么不干脆开一百级发言？
[2026-02-22 01:38:48] 结束乐队的kitakitan本人: 每次有大节奏就美美切割一个房管然后继续收米，玩大哥这手高👍
[2026-02-22 01:38:49] 用户9921747043: 房管别缩龟壳了 是我早大大方方刷屏斯八载然后把这群冰粉封了
[2026-02-22 01:38:49] 友利奈绪我老婆d: 一位谦虚的选手被人身攻击你不管，一条区被骂两句你知道屏蔽了？
[2026-02-22 01:38:49] 杏爱企鹅: 已下单
[2026-02-22 01:38:49] 大颗寿司玩机器: 每次有大节奏就美美切割一个房管然后继续收米，玩大哥这手高👍
[2026-02-22 01:38:50] 爱吃青椒的重曹酱: @布罗利Broli：不骂了不骂了，向冰粉投降，向活🐴物投降！
[2026-02-22 01:38:50] 普通网友小沈: 玩机器难绷zywoo与jee友好互动；暴怒！玩机器怒喷niko编nota！直言：尼编尼木呢
[2026-02-22 01:38:50] 炉离: 每次有大节奏就美美切割一个房管然后继续收米，玩大哥这手高👍
[2026-02-22 01:38:50] LvvsiN: 弹幕也就网上说说，现实里谁不觉得樱姐是好女孩（删括号领一条远坂凛同款鸟笼）
[2026-02-22 01:38:50] E40530:  @布罗利Broli：不骂了不骂了，向冰粉投降，向活🐴物投降！
[2026-02-22 01:38:50] 梦想是独立自由: 若出
[2026-02-22 01:38:51] 诺克提斯a: 只有我在意宗宗在vlog里的出镜率吗🥺
[2026-02-22 01:38:51] NatsuROSE: 每次有大节奏就美美切割一个房管然后继续收米，玩大哥这手高👍
[2026-02-22 01:38:52] 用户5608006019: 玩宝宝，我发现在大学上学的时候肄业会很舒服，你可以试试
[2026-02-22 01:38:52] 含泪办卡: 已下单
[2026-02-22 01:38:52] jsir6688: 每次有大节奏就美美切割一个房管然后继续收米，玩大哥这手高👍
[2026-02-22 01:38:52] LvvsiN: 其实碗橱就是猪灵，你不拿黄金丢他他就不跟你说话
[2026-02-22 01:38:53] 我有一对电动大牛子: 已下注
[2026-02-22 01:38:53] 刘刘的农: 房管别缩龟壳了 是我早大大方方刷屏斯八载然后把这群冰粉封了
[2026-02-22 01:38:53] 无7441158: 每次有大节奏就美美切割一个房管然后继续收米，玩大哥这手高👍
[2026-02-22 01:38:53] BleksiA: 已下单
[2026-02-22 01:38:54] ok奶绿: 每次有大节奏就美美切割一个房管然后继续收米，玩大哥这手高👍
[2026-02-22 01:38:54] 樱落鬼: @刘刘的农：布罗利某站uid6512408，首页就是照片
[2026-02-22 01:38:54] 修理狗: 已下单
[2026-02-22 01:38:54] 蝶花月: 已下单
[2026-02-22 01:38:54] LvvsiN: 孩子们快跑，马修赫伯特来了😨卧槽你的怎么是马枪和BOT
[2026-02-22 01:38:55] z泽村英梨梨i: 你们千万别搜索uid6512408举报房管布罗利啊，我不想看到他第一条动态几千条评论😂
[2026-02-22 01:38:55] 4846836538542: 你们千万别搜索uid6512408举报房管布罗利啊
[2026-02-22 01:38:55] 半个Jayden: 房管别缩龟壳了 是我早大大方方刷屏斯八载然后把这群冰粉封了
[2026-02-22 01:38:55] wjnbsl: 已下单
[2026-02-22 01:38:56] 财通情绪大师糖宝: 尼孝确实硬，被狙了🔫一声不吭
[2026-02-22 01:38:56] LOVEYUKINO: @布罗利Broli：不骂了不骂了，向冰粉投降，向活🐴物投降！
[2026-02-22 01:38:56] 爱被小泉吃的拉面同学: 房管别缩龟壳了 是我早大大方方刷屏斯八载然后把这群冰粉封了
[2026-02-22 01:38:56] LvvsiN: 银行业😄银行业😀银行业😃银行业😁银行业😆银行业🤪银行业😝
[2026-02-22 01:38:57] 卡啊卡卡丶: 【莱蹭蹭】我从来都不提倡人身攻击，别拿别的主播跟我比
[2026-02-22 01:38:58] 正经猪头肉: 已下单
[2026-02-22 01:38:58] 祈枫: 一位谦虚的选手被人身攻击你不管，一条区被骂两句你知道屏蔽了？
[2026-02-22 01:38:58] 啦啦啦唱歌真好听呀: 【莱蹭蹭】我从来都不提倡人身攻击，别拿别的主播跟我比
[2026-02-22 01:38:58] LvvsiN: 银行业😄银行业😀银行业😃银行业😁银行业😆银行业🤪银行业😝
[2026-02-22 01:38:59] 第三猪白猪玩斯曼:  @布罗利Broli：不骂了不骂了，向冰粉投降，向活🐴物投降！
[2026-02-22 01:38:59] 大逸子: 查无此队
[2026-02-22 01:38:59] richardlee97: 房管别缩龟壳了 是我早大大方方刷屏斯八载然后把这群冰粉封了
[2026-02-22 01:38:59] sgtime: 每次有大节奏就美美切割一个房管然后继续收米，玩大哥这手高👍
[2026-02-22 01:38:59] 澄阳湖在逃大闸蟹: 玩机器难绷zywoo与jee友好互动；暴怒！玩机器怒喷niko编nota！直言：尼编尼木呢
[2026-02-22 01:38:59] 大姜饼: 每次有大节奏就美美切割一个房管然后继续收米，玩大哥这手高👍
[2026-02-22 01:38:59] 图帕雷松: 你们千万别搜索uid6512408举报房管布罗利啊，我不想看到他第一条动态几千条评论😂
[2026-02-22 01:39:00] 首婚大和: 但是尼圣在关键时刻，面对尼孝nota，选择捡狙编 事硬抗比赛！超！
[2026-02-22 01:39:00] 玩台钳丶阿尔托莉雅: 【莱蹭蹭】我从来都不提倡人身攻击，别拿别的主播跟我比
[2026-02-22 01:39:00] LvvsiN: 弹幕也就网上说说，现实里谁不觉得樱姐是好女孩（删括号领一条远坂凛同款鸟笼）
[2026-02-22 01:39:01] 爱吃青椒的重曹酱: 弹幕都在串niko你就放绿龙vlog引导小驴什么意思
[2026-02-22 01:39:01] 渡亡神雅睿欧斯: 已下单
[2026-02-22 01:39:01] 啪啪啪啪的蛋: 每次有大节奏就美美切割一个房管然后继续收米，玩大哥这手高👍
[2026-02-22 01:39:01] Allure无言: 帅
[2026-02-22 01:39:01] LOVEYUKINO: @布罗利Broli：不骂了不骂了，向冰粉投降，向活🐴物投降！
[2026-02-22 01:39:01] 糖尿病少恰甜的: 冰粉现在先狂着，等一会载大哥菜了你看我发不发数字就完了
[2026-02-22 01:39:02] 樱落鬼: 房管别缩龟壳了 是我早大大方方刷屏斯八载然后把这群冰粉封了
[2026-02-22 01:39:02] 萝伯丝比尔: @布罗利Broli：初音未来18周年
[2026-02-22 01:39:02] LvvsiN: 你这音画不同步太难受了，我都听到NIKO里约RMR晋级的欢呼了
[2026-02-22 01:39:03] 刘刘的农: 【莱蹭蹭】我从来都不提倡人身攻击，别拿别的主播跟我比
[2026-02-22 01:39:04] 马加奇的哥哥马加绝: 【莱蹭蹭】我从来都不提倡人身攻击，别拿别的主播跟我比
[2026-02-22 01:39:04] popipa的山吹沙绫本人: 房管别缩龟壳了 是我早大大方方刷屏斯八载然后把这群冰粉封了
[2026-02-22 01:39:04] 空琴声外: 已下单
[2026-02-22 01:39:04] 笑颜一番黄婷婷: 每次有大节奏就美美切割一个房管然后继续收米，玩大哥这手高👍
[2026-02-22 01:39:04] 4846836538542: 你们千万别搜索uid6512408举报房管布罗利啊
[2026-02-22 01:39:04] LvvsiN: 弹幕也就网上说说，现实里谁不觉得樱姐是好女孩（删括号领一条远坂凛同款鸟笼）
[2026-02-22 01:39:05] 用户9921747043: 你们千万别搜索uid6512408举报房管布罗利啊，我不想看到他第一条动态几千条评论😂
[2026-02-22 01:39:05] 山田凉来了: 【莱蹭蹭】我从来都不提倡人身攻击，别拿别的主播跟我比
[2026-02-22 01:39:05] 阳阳日尼玛:  @好哥们黑龙歼灭刀：房管别缩龟壳了 是我早大大方方刷屏斯八载然后把这群冰粉封了
[2026-02-22 01:39:05] kyubit: 【莱蹭蹭】我从来都不提倡人身攻击，别拿别的主播跟我比
[2026-02-22 01:39:06] 法尼丶瓦伦泰D4C: 每次有大节奏就美美切割一个房管然后继续收米，玩大哥这手高👍
[2026-02-22 01:39:06] 2332lla: 每次有大节奏就美美切割一个房管然后继续收米，玩大哥这手高👍
[2026-02-22 01:39:06] 無茶苦茶0: @布罗利broli；
[2026-02-22 01:39:07] LvvsiN: 你这音画不同步太难受了，我都听到NIKO里约RMR晋级的欢呼了
[2026-02-22 01:39:07] richardlee97: 【莱蹭蹭】我从来都不提倡人身攻击，别拿别的主播跟我比
[2026-02-22 01:39:08] jsir6688: 一位谦虚的选手被人身攻击你不管，一条区被骂两句你知道屏蔽了？
[2026-02-22 01:39:08] OMGlionKing: 看了视频才搞清来龙去脉，玩玩好好休息
[2026-02-22 01:39:09] LvvsiN: 玩宝宝，我发现在大学上学的时候肄业会很舒服，你可以试试
[2026-02-22 01:39:09] 好的好的阖家: 房管别缩龟壳了 是我早大大方方刷屏斯八载然后把这群冰粉封了
[2026-02-22 01:39:09] eda778: 笑了，可爱捏
[2026-02-22 01:39:09] Altolier: 每次有大节奏就美美切割一个房管然后继续收米，玩大哥这手高👍
[2026-02-22 01:39:09] 杰斌候入长峪城: 兕捌
[2026-02-22 01:39:09] 天守阁信长: 【莱蹭蹭】我从来都不提倡人身攻击，别拿别的主播跟我比
[2026-02-22 01:39:09] Gemini业余: 无人在意丑宗哈🙄
[2026-02-22 01:39:10] ok椰仔: 弹幕都在串niko你就放绿龙vlog引导小驴什么意思
[2026-02-22 01:39:11] LvvsiN: 银行业😄银行业😀银行业😃银行业😁银行业😆银行业🤪银行业😝
[2026-02-22 01:39:11] 友利奈绪我老婆d: 我真舍不得黑玩哥，我好歹也是看玩哥解说袋鼠杯，cct邀请赛，必威邀请赛，中东区rmr长大的
[2026-02-22 01:39:12] 好姐妹疯穿箱子: 【莱蹭蹭】我从来都不提倡人身攻击，别拿别的主播跟我比
[2026-02-22 01:39:12] 柳小目: 你们千万别搜索uid6512408举报房管布罗利啊，我不想看到他第一条动态几千条评论😂
[2026-02-22 01:39:12] 鼓鼓鼓捣叨叨: 房管别缩龟壳了 是我早大大方方刷屏斯八载然后把这群冰粉封了
[2026-02-22 01:39:12] 阡陌ER: 【莱蹭蹭】我从来都不提倡人身攻击，别拿别的主播跟我比
[2026-02-22 01:39:13] 挥泪斩楚狗: 孙悟空&贝吉塔：布罗利脾气什么时候这么好了？地球人骂他一声不吭
[2026-02-22 01:39:13] LvvsiN: 就tm喜欢银行业🥰银行坏账我喜欢🥰银行挤兑我还喜欢😍利率调低我也喜欢🤤老子亲烂银行业的脸😘
[2026-02-22 01:39:13] 摸鱼摸到胖头鱼: 这比赛绿龙都没参加，你也要恰驴美的米，真的狠啊玩大哥
[2026-02-22 01:39:13] 爱吃青椒的重曹酱: 把我22级牌子号禁言了不要紧，没想到我还有10级牌子号吧，啥调
[2026-02-22 01:39:13] Aleksumimi: 【莱蹭蹭】我从来都不提倡人身攻击，别拿别的主播跟我比
[2026-02-22 01:39:14] 炉离: 【莱蹭蹭】我从来都不提倡人身攻击，别拿别的主播跟我比
[2026-02-22 01:39:15] 锅里没有鱼OvO: [哦？]
[2026-02-22 01:39:15] 樱落鬼: 一位谦虚的选手被人身攻击你不管，一条区被骂两句你知道屏蔽了？
[2026-02-22 01:39:15] LvvsiN: 你屏蔽词都快赶上新华词典了为什么不干脆开一百级发言？
[2026-02-22 01:39:15] 白皇的三千院Nagi本人: 看了视频才搞清来龙去脉，玩玩好好休息
[2026-02-22 01:39:16] xuzVan: 也够都能当房管展示官威，这直播间主人我不敢想
[2026-02-22 01:39:16] 娶不到相羽爱奈: 其实从来都没有7森也没用布罗利，他们都只是许多玩机器的其中一个罢了
[2026-02-22 01:39:16] 萝伯丝比尔: 【莱蹭蹭】我从来都不提倡人身攻击，别拿别的主播跟我比
[2026-02-22 01:39:17] LvvsiN: 你屏蔽词都快赶上新华词典了为什么不干脆开一百级发言？
[2026-02-22 01:39:17] 稻香小弟想66: 本人30级牌子纯良   纯看主播  不带节奏  一切随缘
[2026-02-22 01:39:17] 大根最长1: 抓娃娃
[2026-02-22 01:39:18] 丶丶Ken丶丶: 每次有大节奏就美美切割一个房管然后继续收米，玩大哥这手高👍
[2026-02-22 01:39:18] 天守阁信长: 你们千万别搜索uid6512408举报房管布罗利啊，我不想看到他第一条动态几千条评论😂
[2026-02-22 01:39:18] 4846836538542: 你们千万别搜索uid6512408举报房管布罗利啊
[2026-02-22 01:39:18] 结束乐队的kitakitan本人: 【莱蹭蹭】我从来都不提倡人身攻击，别拿别的主播跟我比
[2026-02-22 01:39:19] LvvsiN: @阿汤日记：一个人，5发子弹，保住格陵兰岛。我不会叫它不可能完成的任务，我现在只想先回家看亦博
[2026-02-22 01:39:19] HisuiHearts: 【莱蹭蹭】我从来都不提倡人身攻击，别拿别的主播跟我比
[2026-02-22 01:39:19] Ephemerality137: 【莱蹭蹭】我从来都不提倡人身攻击，别拿别的主播跟我比
[2026-02-22 01:39:19] 萝伯丝比尔: 孙悟空&贝吉塔：布罗利脾气什么时候这么好了？地球人骂他一声不吭
[2026-02-22 01:39:19] 哈机器好胖好可爱: 每次有大节奏就美美切割一个房管然后继续收米，玩大哥这手高👍
[2026-02-22 01:39:19] 含泪办卡: 孙悟空&贝吉塔：布罗利脾气什么时候这么好了？地球人骂他一声不吭
[2026-02-22 01:39:20] last玩神丶: 【莱蹭蹭】我从来都不提倡人身攻击，别拿别的主播跟我比
[2026-02-22 01:39:20] PJ64JC: 孙悟空&贝吉塔：布罗利脾气什么时候这么好了？地球人骂他一声不吭
[2026-02-22 01:39:21] LvvsiN: 玩宝宝，我发现在大学上学的时候肄业会很舒服，你可以试试
[2026-02-22 01:39:21] 刘刘的农: 【莱蹭蹭】我从来都不提倡人身攻击，别拿别的主播跟我比
[2026-02-22 01:39:21] 好姐妹太卜司符玄: 【莱蹭蹭】我从来都不提倡人身攻击，别拿别的主播跟我比
[2026-02-22 01:39:21] 喜当爹的高富帅: 每次有大节奏就美美切割一个房管然后继续收米，玩大哥这手高👍
[2026-02-22 01:39:22] 樱落鬼: 也够都能当房管展示官威，这直播间主人我不敢想
[2026-02-22 01:39:22] OMGlionKing: 看了视频才搞清来龙去脉，玩玩好好休息
[2026-02-22 01:39:22] 玩海贼、mOnesy: 【莱蹭蹭】我从来都不提倡人身攻击，别拿别的主播跟我比
[2026-02-22 01:39:22] 萝伯丝比尔: 孙悟空&贝吉塔：布罗利脾气什么时候这么好了？地球人骂他一声不吭
[2026-02-22 01:39:22] 柳小目: 布罗利你有没有种啊，这么多弹幕隔着串你，是我都给封了
[2026-02-22 01:39:23] Peko-: 房管别缩龟壳了 是我早大大方方刷屏斯八载然后把这群冰粉封了
[2026-02-22 01:39:23] LvvsiN: @阿汤日记：一个人，5发子弹，保住格陵兰岛。我不会叫它不可能完成的任务，我现在只想先回家看亦博
[2026-02-22 01:39:23] 默默momoMoMo123: 【莱蹭蹭】我从来都不提倡人身攻击，别拿别的主播跟我比
[2026-02-22 01:39:23] 阳阳日尼玛: 一位谦虚的选手被人身攻击你不管，一条区被骂两句你知道屏蔽了？
[2026-02-22 01:39:24] Altolier: 这比赛绿龙都没参加，你也要恰驴美的米，真的狠啊玩大哥
[2026-02-22 01:39:24] lonhkfd: 你们千万别搜索uid6512408举报房管布罗利啊，我不想看到他第一条动态几千条评论😂
[2026-02-22 01:39:24] 迷你世界丁真学姐1: 你们千万别搜索uid6512408举报房管布罗利啊
[2026-02-22 01:39:24] 好姐妹谏山黄泉: 【莱蹭蹭】我从来都不提倡人身攻击，别拿别的主播跟我比
[2026-02-22 01:39:25] 玩玩今天吃什么: 你们千万别搜索uid6512408举报房管布罗利啊，我不想看到他第一条动态几千条评论😂
[2026-02-22 01:39:25] LvvsiN: 你这音画不同步太难受了，我都听到NIKO里约RMR晋级的欢呼了
[2026-02-22 01:39:25] 爱吃青椒的重曹酱: 其实碗橱就是猪灵，你不拿黄金丢他他就不跟你说话
[2026-02-22 01:39:25] 黑色圣衣BAKA: 孙悟空&贝吉塔：布罗利脾气什么时候这么好了？地球人骂他一声不吭
[2026-02-22 01:39:26] 柳小目: 布罗利你有没有种啊，这么多弹幕隔着串你，是我都给封了
[2026-02-22 01:39:26] 木空空空空空: 【莱蹭蹭】我从来都不提倡人身攻击，别拿别的主播跟我比
[2026-02-22 01:39:26] 图帕雷松: Niko拿major冠军的时候入坑的，现在的弹幕真没眼看🙄​
[2026-02-22 01:39:26] Falcons的橘雪莉本人: 每次有大节奏就美美切割一个房管然后继续收米，玩大哥这手高👍
[2026-02-22 01:39:27] 温柔皮皮想吃屁屁: 也够都能当房管展示官威，这直播间主人我不敢想
[2026-02-22 01:39:27] 三咲町的久远寺本人: 孙悟空&贝吉塔：布罗利脾气什么时候这么好了？地球人骂他一声不吭
[2026-02-22 01:39:27] LvvsiN: 你屏蔽词都快赶上新华词典了为什么不干脆开一百级发言？
[2026-02-22 01:39:27] Subto: 房管节奏看腻了，来点玩机器节奏
[2026-02-22 01:39:27] 斗鱼用户4901183769: 布罗利你有没有种啊，这么多弹幕隔着串你，是我都给封了
[2026-02-22 01:39:27] 浊风天枢: 孙悟空&贝吉塔：布罗利脾气什么时候这么好了？地球人骂他一声不吭
[2026-02-22 01:39:27] 4846836538542: 你们千万别搜索uid6512408举报房管布罗利啊
[2026-02-22 01:39:28] BMWCK: 【莱蹭蹭】我从来都不提倡人身攻击，别拿别的主播跟我比
[2026-02-22 01:39:29] 还有时间日落之前: 你们千万别搜索uid6512408举报房管布罗利啊，我不想看到他第一条动态几千条评论😂
[2026-02-22 01:39:29] 啪啪啪啪的蛋: 【莱蹭蹭】我从来都不提倡人身攻击，别拿别的主播跟我比
[2026-02-22 01:39:29] 卡啊卡卡丶: 【莱蹭蹭】我从来都不提倡人身攻击，别拿别的主播跟我比
[2026-02-22 01:39:29] LvvsiN: 你这音画不同步太难受了，我都听到NIKO里约RMR晋级的欢呼了
[2026-02-22 01:39:29] 樱落鬼: 你们千万别搜索uid6512408举报房管布罗利啊
[2026-02-22 01:39:30] 小蜜蜂的长期素食本人: 【莱蹭蹭】我从来都不提倡人身攻击，别拿别的主播跟我比
[2026-02-22 01:39:30] YanmoWayne: 【莱蹭蹭】我从来都不提倡人身攻击，别拿别的主播跟我比
[2026-02-22 01:39:30] 偷鸡蛋的玩机器本人o: 【莱蹭蹭】我从来都不提倡人身攻击，别拿别的主播跟我比
[2026-02-22 01:39:30] 罗山路的光: 布罗利你有没有种啊，这么多弹幕隔着串你，是我都给封了
[2026-02-22 01:39:30] 首婚大和: 但是尼圣在关键时刻，面对尼孝nota，选择捡狙编 事硬抗比赛！超！
[2026-02-22 01:39:30] Subto: 房管节奏看腻了，来点玩机器节奏
[2026-02-22 01:39:31] VI将臣: 孙悟空&贝吉塔：布罗利脾气什么时候这么好了？地球人骂他一声不吭
[2026-02-22 01:39:31] LvvsiN: 其实碗橱就是猪灵，你不拿黄金丢他他就不跟你说话
